Datetime (UTC),Country,Zone Name,Zone Id,Carbon Intensity gCO₂eq/kWh (direct),Carbon Intensity gCO₂eq/kWh (LCA),Low Carbon Percentage,Renewable Percentage,Data Source,Data Estimated,Data Estimation Method
2021-01-01 00:00:00,Italy,North Italy,IT-NO,303.29,389.74,35.12,30.82,entsoe.eu,false,
2021-01-01 01:00:00,Italy,North Italy,IT-NO,303.45,387.76,36.15,33.12,entsoe.eu,false,
2021-01-01 02:00:00,Italy,North Italy,IT-NO,295.04,377.86,37.89,33.65,entsoe.eu,false,
2021-01-01 03:00:00,Italy,North Italy,IT-NO,295.56,380.36,37.14,32.05,entsoe.eu,false,
2021-01-01 04:00:00,Italy,North Italy,IT-NO,308.06,394.66,34.5,31.71,entsoe.eu,false,
2021-01-01 05:00:00,Italy,North Italy,IT-NO,302.32,385.52,36.08,31.67,entsoe.eu,false,
2021-01-01 06:00:00,Italy,North Italy,IT-NO,279.98,355.15,41.78,31.49,entsoe.eu,false,
2021-01-01 07:00:00,Italy,North Italy,IT-NO,267.33,340.14,44.83,37.66,entsoe.eu,false,
2021-01-01 08:00:00,Italy,North Italy,IT-NO,272.62,347.8,42.66,37.55,entsoe.eu,false,
2021-01-01 09:00:00,Italy,North Italy,IT-NO,280.13,357.98,40.23,35.54,entsoe.eu,false,
2021-01-01 10:00:00,Italy,North Italy,IT-NO,294.88,377.48,36.48,33.4,entsoe.eu,false,
2021-01-01 11:00:00,Italy,North Italy,IT-NO,287.16,368.77,39.13,37.25,entsoe.eu,false,
2021-01-01 12:00:00,Italy,North Italy,IT-NO,285.02,363.79,40.12,37.31,entsoe.eu,false,
2021-01-01 13:00:00,Italy,North Italy,IT-NO,283.08,362.57,39.58,34.53,entsoe.eu,false,
2021-01-01 14:00:00,Italy,North Italy,IT-NO,289.65,371.62,36.94,30.5,entsoe.eu,false,
2021-01-01 15:00:00,Italy,North Italy,IT-NO,274.74,354.27,40.69,32.08,entsoe.eu,false,
2021-01-01 16:00:00,Italy,North Italy,IT-NO,246.37,317.48,47.29,37.62,entsoe.eu,false,
2021-01-01 17:00:00,Italy,North Italy,IT-NO,233.64,300.36,51.45,40.72,entsoe.eu,false,
2021-01-01 18:00:00,Italy,North Italy,IT-NO,240.24,306.89,50.5,39.8,entsoe.eu,false,
2021-01-01 19:00:00,Italy,North Italy,IT-NO,243.37,309.95,50.32,36.62,entsoe.eu,false,
2021-01-01 20:00:00,Italy,North Italy,IT-NO,267.1,336.65,45.56,33.39,entsoe.eu,false,
2021-01-01 21:00:00,Italy,North Italy,IT-NO,285.47,365.34,39.52,33.02,entsoe.eu,false,
2021-01-01 22:00:00,Italy,North Italy,IT-NO,292.68,371.72,39.03,35.44,entsoe.eu,false,
2021-01-01 23:00:00,Italy,North Italy,IT-NO,315.01,399.29,34.64,33.14,entsoe.eu,false,
2021-01-02 00:00:00,Italy,North Italy,IT-NO,309.16,389.56,37.27,35.47,entsoe.eu,false,
2021-01-02 01:00:00,Italy,North Italy,IT-NO,310.88,393.84,36.44,34.86,entsoe.eu,false,
2021-01-02 02:00:00,Italy,North Italy,IT-NO,312.47,392.4,35.93,34.26,entsoe.eu,false,
2021-01-02 03:00:00,Italy,North Italy,IT-NO,307.71,388.49,36.74,35.0,entsoe.eu,false,
2021-01-02 04:00:00,Italy,North Italy,IT-NO,313.31,394.42,35.31,33.53,entsoe.eu,false,
2021-01-02 05:00:00,Italy,North Italy,IT-NO,299.05,373.33,38.26,31.86,entsoe.eu,false,
2021-01-02 06:00:00,Italy,North Italy,IT-NO,273.42,346.04,44.67,34.0,entsoe.eu,false,
2021-01-02 07:00:00,Italy,North Italy,IT-NO,264.03,330.55,46.52,35.58,entsoe.eu,false,
2021-01-02 08:00:00,Italy,North Italy,IT-NO,257.06,323.02,48.31,37.43,entsoe.eu,false,
2021-01-02 09:00:00,Italy,North Italy,IT-NO,250.32,316.66,49.28,39.13,entsoe.eu,false,
2021-01-02 10:00:00,Italy,North Italy,IT-NO,256.99,326.43,47.32,38.26,entsoe.eu,false,
2021-01-02 11:00:00,Italy,North Italy,IT-NO,264.17,335.29,45.16,38.61,entsoe.eu,false,
2021-01-02 12:00:00,Italy,North Italy,IT-NO,264.14,336.91,44.88,36.43,entsoe.eu,false,
2021-01-02 13:00:00,Italy,North Italy,IT-NO,258.92,329.25,46.22,35.94,entsoe.eu,false,
2021-01-02 14:00:00,Italy,North Italy,IT-NO,259.98,329.88,45.66,32.84,entsoe.eu,false,
2021-01-02 15:00:00,Italy,North Italy,IT-NO,251.7,319.73,48.79,36.51,entsoe.eu,false,
2021-01-02 16:00:00,Italy,North Italy,IT-NO,280.77,344.77,51.2,46.63,entsoe.eu,false,
2021-01-02 17:00:00,Italy,North Italy,IT-NO,266.07,325.52,53.72,48.15,entsoe.eu,false,
2021-01-02 18:00:00,Italy,North Italy,IT-NO,248.79,310.4,54.85,45.33,entsoe.eu,false,
2021-01-02 19:00:00,Italy,North Italy,IT-NO,252.59,318.41,50.64,37.78,entsoe.eu,false,
2021-01-02 20:00:00,Italy,North Italy,IT-NO,281.61,354.21,43.01,32.88,entsoe.eu,false,
2021-01-02 21:00:00,Italy,North Italy,IT-NO,302.8,381.28,36.96,30.73,entsoe.eu,false,
2021-01-02 22:00:00,Italy,North Italy,IT-NO,312.26,388.03,34.72,31.86,entsoe.eu,false,
2021-01-02 23:00:00,Italy,North Italy,IT-NO,312.92,387.63,34.04,30.85,entsoe.eu,false,
2021-01-03 00:00:00,Italy,North Italy,IT-NO,298.35,377.24,37.87,35.59,entsoe.eu,false,
2021-01-03 01:00:00,Italy,North Italy,IT-NO,291.62,371.41,40.05,37.65,entsoe.eu,false,
2021-01-03 02:00:00,Italy,North Italy,IT-NO,304.61,383.93,37.27,35.16,entsoe.eu,false,
2021-01-03 03:00:00,Italy,North Italy,IT-NO,313.22,390.28,35.43,33.45,entsoe.eu,false,
2021-01-03 04:00:00,Italy,North Italy,IT-NO,316.6,392.28,34.86,32.76,entsoe.eu,false,
2021-01-03 05:00:00,Italy,North Italy,IT-NO,307.01,383.51,37.19,33.47,entsoe.eu,false,
2021-01-03 06:00:00,Italy,North Italy,IT-NO,283.1,350.38,42.92,34.32,entsoe.eu,false,
2021-01-03 07:00:00,Italy,North Italy,IT-NO,266.27,333.23,47.17,37.13,entsoe.eu,false,
2021-01-03 08:00:00,Italy,North Italy,IT-NO,264.73,334.1,45.95,37.41,entsoe.eu,false,
2021-01-03 09:00:00,Italy,North Italy,IT-NO,257.65,331.27,45.67,40.32,entsoe.eu,false,
2021-01-03 10:00:00,Italy,North Italy,IT-NO,262.42,338.51,43.9,40.68,entsoe.eu,false,
2021-01-03 11:00:00,Italy,North Italy,IT-NO,269.37,347.86,42.18,40.29,entsoe.eu,false,
2021-01-03 12:00:00,Italy,North Italy,IT-NO,277.78,355.69,40.91,38.53,entsoe.eu,false,
2021-01-03 13:00:00,Italy,North Italy,IT-NO,265.48,337.16,44.76,38.19,entsoe.eu,false,
2021-01-03 14:00:00,Italy,North Italy,IT-NO,280.87,356.24,41.4,33.47,entsoe.eu,false,
2021-01-03 15:00:00,Italy,North Italy,IT-NO,268.82,344.04,44.13,35.38,entsoe.eu,false,
2021-01-03 16:00:00,Italy,North Italy,IT-NO,261.63,330.88,46.78,35.33,entsoe.eu,false,
2021-01-03 17:00:00,Italy,North Italy,IT-NO,255.63,320.4,50.03,40.1,entsoe.eu,false,
2021-01-03 18:00:00,Italy,North Italy,IT-NO,275.7,341.06,50.32,43.88,entsoe.eu,false,
2021-01-03 19:00:00,Italy,North Italy,IT-NO,271.38,340.71,48.35,41.55,entsoe.eu,false,
2021-01-03 20:00:00,Italy,North Italy,IT-NO,266.12,336.82,45.54,36.45,entsoe.eu,false,
2021-01-03 21:00:00,Italy,North Italy,IT-NO,294.79,372.69,38.66,33.81,entsoe.eu,false,
2021-01-03 22:00:00,Italy,North Italy,IT-NO,309.36,390.69,34.32,32.7,entsoe.eu,false,
2021-01-03 23:00:00,Italy,North Italy,IT-NO,315.04,399.66,32.56,30.64,entsoe.eu,false,
2021-01-04 00:00:00,Italy,North Italy,IT-NO,325.23,404.99,31.06,28.97,entsoe.eu,false,
2021-01-04 01:00:00,Italy,North Italy,IT-NO,332.38,412.42,30.46,28.23,entsoe.eu,false,
2021-01-04 02:00:00,Italy,North Italy,IT-NO,322.33,398.54,33.62,29.51,entsoe.eu,false,
2021-01-04 03:00:00,Italy,North Italy,IT-NO,325.07,402.49,33.22,29.89,entsoe.eu,false,
2021-01-04 04:00:00,Italy,North Italy,IT-NO,319.32,398.21,34.07,29.54,entsoe.eu,false,
2021-01-04 05:00:00,Italy,North Italy,IT-NO,295.49,368.88,39.54,31.38,entsoe.eu,false,
2021-01-04 06:00:00,Italy,North Italy,IT-NO,309.29,386.33,38.77,34.17,entsoe.eu,false,
2021-01-04 07:00:00,Italy,North Italy,IT-NO,278.76,352.71,42.67,37.32,entsoe.eu,false,
2021-01-04 08:00:00,Italy,North Italy,IT-NO,284.18,356.32,44.88,42.56,entsoe.eu,false,
2021-01-04 09:00:00,Italy,North Italy,IT-NO,293.14,368.67,41.81,39.88,entsoe.eu,false,
2021-01-04 10:00:00,Italy,North Italy,IT-NO,297.24,376.29,39.08,37.49,entsoe.eu,false,
2021-01-04 11:00:00,Italy,North Italy,IT-NO,296.27,374.62,38.95,37.3,entsoe.eu,false,
2021-01-04 12:00:00,Italy,North Italy,IT-NO,299.04,377.0,38.02,36.49,entsoe.eu,false,
2021-01-04 13:00:00,Italy,North Italy,IT-NO,294.93,372.86,37.67,33.83,entsoe.eu,false,
2021-01-04 14:00:00,Italy,North Italy,IT-NO,295.79,373.29,38.07,34.17,entsoe.eu,false,
2021-01-04 15:00:00,Italy,North Italy,IT-NO,292.97,367.9,40.27,35.02,entsoe.eu,false,
2021-01-04 16:00:00,Italy,North Italy,IT-NO,285.04,360.78,41.67,36.68,entsoe.eu,false,
2021-01-04 17:00:00,Italy,North Italy,IT-NO,286.96,360.89,42.09,38.72,entsoe.eu,false,
2021-01-04 18:00:00,Italy,North Italy,IT-NO,287.98,363.84,40.52,36.75,entsoe.eu,false,
2021-01-04 19:00:00,Italy,North Italy,IT-NO,297.8,377.17,37.74,34.95,entsoe.eu,false,
2021-01-04 20:00:00,Italy,North Italy,IT-NO,309.53,389.8,34.28,30.07,entsoe.eu,false,
2021-01-04 21:00:00,Italy,North Italy,IT-NO,321.85,403.66,31.29,28.01,entsoe.eu,false,
2021-01-04 22:00:00,Italy,North Italy,IT-NO,329.9,415.1,29.38,26.8,entsoe.eu,false,
2021-01-04 23:00:00,Italy,North Italy,IT-NO,344.08,431.42,26.36,24.83,entsoe.eu,false,
2021-01-05 00:00:00,Italy,North Italy,IT-NO,341.97,429.51,27.59,25.88,entsoe.eu,false,
2021-01-05 01:00:00,Italy,North Italy,IT-NO,338.81,427.45,28.77,27.02,entsoe.eu,false,
2021-01-05 02:00:00,Italy,North Italy,IT-NO,339.68,425.14,28.84,26.93,entsoe.eu,false,
2021-01-05 03:00:00,Italy,North Italy,IT-NO,345.04,430.34,27.19,25.52,entsoe.eu,false,
2021-01-05 04:00:00,Italy,North Italy,IT-NO,339.49,423.12,28.85,25.72,entsoe.eu,false,
2021-01-05 05:00:00,Italy,North Italy,IT-NO,336.2,424.62,28.67,25.64,entsoe.eu,false,
2021-01-05 06:00:00,Italy,North Italy,IT-NO,325.1,410.72,31.46,28.99,entsoe.eu,false,
2021-01-05 07:00:00,Italy,North Italy,IT-NO,304.38,385.28,35.87,33.19,entsoe.eu,false,
2021-01-05 08:00:00,Italy,North Italy,IT-NO,298.49,378.73,38.11,35.84,entsoe.eu,false,
2021-01-05 09:00:00,Italy,North Italy,IT-NO,298.62,378.6,37.78,35.78,entsoe.eu,false,
2021-01-05 10:00:00,Italy,North Italy,IT-NO,295.35,375.11,37.88,35.65,entsoe.eu,false,
2021-01-05 11:00:00,Italy,North Italy,IT-NO,300.33,380.56,37.69,36.29,entsoe.eu,false,
2021-01-05 12:00:00,Italy,North Italy,IT-NO,306.67,389.56,35.13,33.86,entsoe.eu,false,
2021-01-05 13:00:00,Italy,North Italy,IT-NO,301.95,384.98,34.59,31.96,entsoe.eu,false,
2021-01-05 14:00:00,Italy,North Italy,IT-NO,302.56,385.74,35.69,33.24,entsoe.eu,false,
2021-01-05 15:00:00,Italy,North Italy,IT-NO,299.22,381.42,35.84,33.01,entsoe.eu,false,
2021-01-05 16:00:00,Italy,North Italy,IT-NO,292.41,370.93,38.92,36.64,entsoe.eu,false,
2021-01-05 17:00:00,Italy,North Italy,IT-NO,291.46,370.34,38.59,36.09,entsoe.eu,false,
2021-01-05 18:00:00,Italy,North Italy,IT-NO,296.7,376.29,37.41,34.66,entsoe.eu,false,
2021-01-05 19:00:00,Italy,North Italy,IT-NO,308.9,391.85,34.45,32.83,entsoe.eu,false,
2021-01-05 20:00:00,Italy,North Italy,IT-NO,319.51,402.82,32.53,30.21,entsoe.eu,false,
2021-01-05 21:00:00,Italy,North Italy,IT-NO,331.19,417.31,29.01,26.91,entsoe.eu,false,
2021-01-05 22:00:00,Italy,North Italy,IT-NO,327.59,414.51,29.58,28.08,entsoe.eu,false,
2021-01-05 23:00:00,Italy,North Italy,IT-NO,331.23,418.78,28.92,27.69,entsoe.eu,false,
2021-01-06 00:00:00,Italy,North Italy,IT-NO,330.94,418.76,28.9,27.73,entsoe.eu,false,
2021-01-06 01:00:00,Italy,North Italy,IT-NO,334.12,421.86,28.48,27.3,entsoe.eu,false,
2021-01-06 02:00:00,Italy,North Italy,IT-NO,335.33,424.54,28.48,27.32,entsoe.eu,false,
2021-01-06 03:00:00,Italy,North Italy,IT-NO,344.95,435.43,26.23,25.03,entsoe.eu,false,
2021-01-06 04:00:00,Italy,North Italy,IT-NO,348.4,440.02,25.54,24.5,entsoe.eu,false,
2021-01-06 05:00:00,Italy,North Italy,IT-NO,343.67,434.92,25.69,24.75,entsoe.eu,false,
2021-01-06 06:00:00,Italy,North Italy,IT-NO,335.57,426.27,27.37,26.56,entsoe.eu,false,
2021-01-06 07:00:00,Italy,North Italy,IT-NO,328.99,417.56,29.12,28.2,entsoe.eu,false,
2021-01-06 08:00:00,Italy,North Italy,IT-NO,319.45,408.54,30.95,30.31,entsoe.eu,false,
2021-01-06 09:00:00,Italy,North Italy,IT-NO,313.27,402.66,31.46,31.08,entsoe.eu,false,
2021-01-06 10:00:00,Italy,North Italy,IT-NO,313.37,402.27,31.99,31.68,entsoe.eu,false,
2021-01-06 11:00:00,Italy,North Italy,IT-NO,312.87,396.99,34.3,33.68,entsoe.eu,false,
2021-01-06 12:00:00,Italy,North Italy,IT-NO,310.84,394.5,35.11,34.5,entsoe.eu,false,
2021-01-06 13:00:00,Italy,North Italy,IT-NO,313.02,400.76,31.34,30.69,entsoe.eu,false,
2021-01-06 14:00:00,Italy,North Italy,IT-NO,323.85,413.0,29.21,28.39,entsoe.eu,false,
2021-01-06 15:00:00,Italy,North Italy,IT-NO,315.77,402.42,32.71,32.24,entsoe.eu,false,
2021-01-06 16:00:00,Italy,North Italy,IT-NO,303.71,385.02,36.05,34.81,entsoe.eu,false,
2021-01-06 17:00:00,Italy,North Italy,IT-NO,301.86,383.02,36.13,34.84,entsoe.eu,false,
2021-01-06 18:00:00,Italy,North Italy,IT-NO,300.78,381.71,36.38,34.68,entsoe.eu,false,
2021-01-06 19:00:00,Italy,North Italy,IT-NO,314.4,399.39,32.8,31.31,entsoe.eu,false,
2021-01-06 20:00:00,Italy,North Italy,IT-NO,328.27,414.9,30.11,28.72,entsoe.eu,false,
2021-01-06 21:00:00,Italy,North Italy,IT-NO,342.12,429.67,27.03,25.61,entsoe.eu,false,
2021-01-06 22:00:00,Italy,North Italy,IT-NO,343.23,435.36,26.01,24.58,entsoe.eu,false,
2021-01-06 23:00:00,Italy,North Italy,IT-NO,340.94,430.05,27.51,25.94,entsoe.eu,false,
2021-01-07 00:00:00,Italy,North Italy,IT-NO,334.7,421.86,29.62,27.17,entsoe.eu,false,
2021-01-07 01:00:00,Italy,North Italy,IT-NO,335.65,423.46,30.04,27.0,entsoe.eu,false,
2021-01-07 02:00:00,Italy,North Italy,IT-NO,340.25,428.13,29.29,26.31,entsoe.eu,false,
2021-01-07 03:00:00,Italy,North Italy,IT-NO,331.96,418.62,32.09,27.78,entsoe.eu,false,
2021-01-07 04:00:00,Italy,North Italy,IT-NO,327.13,415.15,32.34,27.65,entsoe.eu,false,
2021-01-07 05:00:00,Italy,North Italy,IT-NO,330.4,419.95,30.1,25.96,entsoe.eu,false,
2021-01-07 06:00:00,Italy,North Italy,IT-NO,324.63,410.78,31.78,28.44,entsoe.eu,false,
2021-01-07 07:00:00,Italy,North Italy,IT-NO,302.45,382.18,37.14,34.12,entsoe.eu,false,
2021-01-07 08:00:00,Italy,North Italy,IT-NO,297.51,374.87,39.25,36.7,entsoe.eu,false,
2021-01-07 09:00:00,Italy,North Italy,IT-NO,291.03,370.63,38.73,36.22,entsoe.eu,false,
2021-01-07 10:00:00,Italy,North Italy,IT-NO,292.32,372.0,38.55,36.27,entsoe.eu,false,
2021-01-07 11:00:00,Italy,North Italy,IT-NO,297.9,381.81,35.36,33.32,entsoe.eu,false,
2021-01-07 12:00:00,Italy,North Italy,IT-NO,304.8,390.27,33.96,32.03,entsoe.eu,false,
2021-01-07 13:00:00,Italy,North Italy,IT-NO,301.03,384.17,35.18,32.38,entsoe.eu,false,
2021-01-07 14:00:00,Italy,North Italy,IT-NO,304.69,388.19,34.89,31.84,entsoe.eu,false,
2021-01-07 15:00:00,Italy,North Italy,IT-NO,307.5,390.63,35.44,33.09,entsoe.eu,false,
2021-01-07 16:00:00,Italy,North Italy,IT-NO,314.61,395.85,36.4,35.02,entsoe.eu,false,
2021-01-07 17:00:00,Italy,North Italy,IT-NO,316.49,399.81,34.04,32.5,entsoe.eu,false,
2021-01-07 18:00:00,Italy,North Italy,IT-NO,311.71,395.53,33.69,31.31,entsoe.eu,false,
2021-01-07 19:00:00,Italy,North Italy,IT-NO,309.33,392.01,34.62,31.41,entsoe.eu,false,
2021-01-07 20:00:00,Italy,North Italy,IT-NO,321.85,407.33,32.24,28.85,entsoe.eu,false,
2021-01-07 21:00:00,Italy,North Italy,IT-NO,330.79,420.02,29.8,26.56,entsoe.eu,false,
2021-01-07 22:00:00,Italy,North Italy,IT-NO,341.25,429.88,27.87,24.51,entsoe.eu,false,
2021-01-07 23:00:00,Italy,North Italy,IT-NO,336.79,425.05,28.84,24.67,entsoe.eu,false,
2021-01-08 00:00:00,Italy,North Italy,IT-NO,336.61,423.72,28.84,24.4,entsoe.eu,false,
2021-01-08 01:00:00,Italy,North Italy,IT-NO,342.49,431.13,27.83,22.92,entsoe.eu,false,
2021-01-08 02:00:00,Italy,North Italy,IT-NO,346.08,434.86,27.61,21.88,entsoe.eu,false,
2021-01-08 03:00:00,Italy,North Italy,IT-NO,339.08,427.13,29.43,23.21,entsoe.eu,false,
2021-01-08 04:00:00,Italy,North Italy,IT-NO,333.15,422.56,29.87,24.28,entsoe.eu,false,
2021-01-08 05:00:00,Italy,North Italy,IT-NO,323.46,411.39,31.34,27.15,entsoe.eu,false,
2021-01-08 06:00:00,Italy,North Italy,IT-NO,320.58,405.26,32.59,29.57,entsoe.eu,false,
2021-01-08 07:00:00,Italy,North Italy,IT-NO,321.14,402.88,34.91,32.5,entsoe.eu,false,
2021-01-08 08:00:00,Italy,North Italy,IT-NO,313.35,395.08,35.58,33.45,entsoe.eu,false,
2021-01-08 09:00:00,Italy,North Italy,IT-NO,312.56,393.13,36.69,34.79,entsoe.eu,false,
2021-01-08 10:00:00,Italy,North Italy,IT-NO,305.83,388.18,35.33,33.23,entsoe.eu,false,
2021-01-08 11:00:00,Italy,North Italy,IT-NO,307.08,393.25,33.65,32.92,entsoe.eu,false,
2021-01-08 12:00:00,Italy,North Italy,IT-NO,299.25,384.7,35.15,33.93,entsoe.eu,false,
2021-01-08 13:00:00,Italy,North Italy,IT-NO,307.1,395.37,32.79,31.81,entsoe.eu,false,
2021-01-08 14:00:00,Italy,North Italy,IT-NO,310.47,396.69,33.17,30.79,entsoe.eu,false,
2021-01-08 15:00:00,Italy,North Italy,IT-NO,308.1,393.79,33.94,31.13,entsoe.eu,false,
2021-01-08 16:00:00,Italy,North Italy,IT-NO,308.19,393.29,34.01,31.46,entsoe.eu,false,
2021-01-08 17:00:00,Italy,North Italy,IT-NO,315.22,400.26,33.19,31.02,entsoe.eu,false,
2021-01-08 18:00:00,Italy,North Italy,IT-NO,316.96,403.64,32.01,29.65,entsoe.eu,false,
2021-01-08 19:00:00,Italy,North Italy,IT-NO,319.26,405.57,32.12,29.35,entsoe.eu,false,
2021-01-08 20:00:00,Italy,North Italy,IT-NO,326.62,413.52,31.43,28.3,entsoe.eu,false,
2021-01-08 21:00:00,Italy,North Italy,IT-NO,332.96,422.83,29.18,26.32,entsoe.eu,false,
2021-01-08 22:00:00,Italy,North Italy,IT-NO,332.15,420.79,29.69,26.74,entsoe.eu,false,
2021-01-08 23:00:00,Italy,North Italy,IT-NO,324.73,408.26,32.47,27.92,entsoe.eu,false,
2021-01-09 00:00:00,Italy,North Italy,IT-NO,324.49,408.11,33.24,28.21,entsoe.eu,false,
2021-01-09 01:00:00,Italy,North Italy,IT-NO,319.16,401.07,35.7,29.48,entsoe.eu,false,
2021-01-09 02:00:00,Italy,North Italy,IT-NO,323.49,402.74,36.48,28.65,entsoe.eu,false,
2021-01-09 03:00:00,Italy,North Italy,IT-NO,324.94,406.63,35.57,28.13,entsoe.eu,false,
2021-01-09 04:00:00,Italy,North Italy,IT-NO,331.19,411.85,34.12,26.71,entsoe.eu,false,
2021-01-09 05:00:00,Italy,North Italy,IT-NO,336.52,421.21,32.27,24.58,entsoe.eu,false,
2021-01-09 06:00:00,Italy,North Italy,IT-NO,325.19,407.29,35.19,25.47,entsoe.eu,false,
2021-01-09 07:00:00,Italy,North Italy,IT-NO,324.99,411.21,32.98,27.6,entsoe.eu,false,
2021-01-09 08:00:00,Italy,North Italy,IT-NO,297.82,379.64,37.49,33.81,entsoe.eu,false,
2021-01-09 09:00:00,Italy,North Italy,IT-NO,294.07,375.12,37.71,34.7,entsoe.eu,false,
2021-01-09 10:00:00,Italy,North Italy,IT-NO,291.41,372.06,37.8,34.27,entsoe.eu,false,
2021-01-09 11:00:00,Italy,North Italy,IT-NO,302.6,385.09,35.85,33.67,entsoe.eu,false,
2021-01-09 12:00:00,Italy,North Italy,IT-NO,318.03,403.12,32.69,30.35,entsoe.eu,false,
2021-01-09 13:00:00,Italy,North Italy,IT-NO,326.04,411.24,31.36,27.21,entsoe.eu,false,
2021-01-09 14:00:00,Italy,North Italy,IT-NO,330.31,418.2,29.76,25.67,entsoe.eu,false,
2021-01-09 15:00:00,Italy,North Italy,IT-NO,308.94,392.5,34.29,28.75,entsoe.eu,false,
2021-01-09 16:00:00,Italy,North Italy,IT-NO,284.47,361.57,40.17,33.36,entsoe.eu,false,
2021-01-09 17:00:00,Italy,North Italy,IT-NO,290.54,367.21,40.34,36.61,entsoe.eu,false,
2021-01-09 18:00:00,Italy,North Italy,IT-NO,282.54,358.33,41.51,35.46,entsoe.eu,false,
2021-01-09 19:00:00,Italy,North Italy,IT-NO,305.8,387.13,36.58,31.38,entsoe.eu,false,
2021-01-09 20:00:00,Italy,North Italy,IT-NO,309.64,387.02,38.23,28.13,entsoe.eu,false,
2021-01-09 21:00:00,Italy,North Italy,IT-NO,315.84,395.53,36.47,26.78,entsoe.eu,false,
2021-01-09 22:00:00,Italy,North Italy,IT-NO,324.94,408.99,33.48,26.47,entsoe.eu,false,
2021-01-09 23:00:00,Italy,North Italy,IT-NO,338.85,428.78,29.31,24.98,entsoe.eu,false,
2021-01-10 00:00:00,Italy,North Italy,IT-NO,342.91,431.45,28.4,25.45,entsoe.eu,false,
2021-01-10 01:00:00,Italy,North Italy,IT-NO,338.94,426.65,29.49,26.55,entsoe.eu,false,
2021-01-10 02:00:00,Italy,North Italy,IT-NO,334.71,418.85,31.48,26.61,entsoe.eu,false,
2021-01-10 03:00:00,Italy,North Italy,IT-NO,333.39,418.65,31.48,26.07,entsoe.eu,false,
2021-01-10 04:00:00,Italy,North Italy,IT-NO,336.22,423.74,30.78,26.26,entsoe.eu,false,
2021-01-10 05:00:00,Italy,North Italy,IT-NO,341.08,429.22,29.5,24.67,entsoe.eu,false,
2021-01-10 06:00:00,Italy,North Italy,IT-NO,342.03,433.05,28.95,24.38,entsoe.eu,false,
2021-01-10 07:00:00,Italy,North Italy,IT-NO,328.45,414.32,32.63,26.77,entsoe.eu,false,
2021-01-10 08:00:00,Italy,North Italy,IT-NO,320.76,407.48,33.17,27.96,entsoe.eu,false,
2021-01-10 09:00:00,Italy,North Italy,IT-NO,321.56,410.03,31.38,27.65,entsoe.eu,false,
2021-01-10 10:00:00,Italy,North Italy,IT-NO,318.97,407.01,31.62,27.75,entsoe.eu,false,
2021-01-10 11:00:00,Italy,North Italy,IT-NO,318.51,402.68,33.67,30.17,entsoe.eu,false,
2021-01-10 12:00:00,Italy,North Italy,IT-NO,323.2,406.66,33.42,30.22,entsoe.eu,false,
2021-01-10 13:00:00,Italy,North Italy,IT-NO,323.58,408.68,32.4,26.98,entsoe.eu,false,
2021-01-10 14:00:00,Italy,North Italy,IT-NO,335.16,424.23,29.68,23.2,entsoe.eu,false,
2021-01-10 15:00:00,Italy,North Italy,IT-NO,346.86,441.63,24.99,22.72,entsoe.eu,false,
2021-01-10 16:00:00,Italy,North Italy,IT-NO,313.5,397.71,34.13,28.67,entsoe.eu,false,
2021-01-10 17:00:00,Italy,North Italy,IT-NO,315.05,400.12,34.04,30.92,entsoe.eu,false,
2021-01-10 18:00:00,Italy,North Italy,IT-NO,321.02,407.52,32.53,30.28,entsoe.eu,false,
2021-01-10 19:00:00,Italy,North Italy,IT-NO,331.17,419.03,30.02,27.06,entsoe.eu,false,
2021-01-10 20:00:00,Italy,North Italy,IT-NO,345.61,437.89,26.58,24.33,entsoe.eu,false,
2021-01-10 21:00:00,Italy,North Italy,IT-NO,350.16,443.05,24.82,23.42,entsoe.eu,false,
2021-01-10 22:00:00,Italy,North Italy,IT-NO,345.79,439.13,25.3,24.36,entsoe.eu,false,
2021-01-10 23:00:00,Italy,North Italy,IT-NO,347.87,441.16,25.25,23.96,entsoe.eu,false,
2021-01-11 00:00:00,Italy,North Italy,IT-NO,341.17,433.56,27.15,25.87,entsoe.eu,false,
2021-01-11 01:00:00,Italy,North Italy,IT-NO,345.74,437.76,26.39,25.18,entsoe.eu,false,
2021-01-11 02:00:00,Italy,North Italy,IT-NO,348.02,438.18,26.57,25.17,entsoe.eu,false,
2021-01-11 03:00:00,Italy,North Italy,IT-NO,353.86,446.02,25.0,23.66,entsoe.eu,false,
2021-01-11 04:00:00,Italy,North Italy,IT-NO,362.69,460.29,21.23,20.32,entsoe.eu,false,
2021-01-11 05:00:00,Italy,North Italy,IT-NO,353.43,448.01,23.85,21.0,entsoe.eu,false,
2021-01-11 06:00:00,Italy,North Italy,IT-NO,338.82,428.47,28.23,25.95,entsoe.eu,false,
2021-01-11 07:00:00,Italy,North Italy,IT-NO,320.92,405.53,33.29,30.44,entsoe.eu,false,
2021-01-11 08:00:00,Italy,North Italy,IT-NO,309.47,391.34,36.0,33.03,entsoe.eu,false,
2021-01-11 09:00:00,Italy,North Italy,IT-NO,301.92,383.59,36.71,33.55,entsoe.eu,false,
2021-01-11 10:00:00,Italy,North Italy,IT-NO,305.26,388.03,35.48,32.92,entsoe.eu,false,
2021-01-11 11:00:00,Italy,North Italy,IT-NO,312.81,399.73,32.67,31.02,entsoe.eu,false,
2021-01-11 12:00:00,Italy,North Italy,IT-NO,315.19,403.32,32.13,29.96,entsoe.eu,false,
2021-01-11 13:00:00,Italy,North Italy,IT-NO,306.83,390.85,34.3,28.62,entsoe.eu,false,
2021-01-11 14:00:00,Italy,North Italy,IT-NO,304.18,387.28,34.85,27.32,entsoe.eu,false,
2021-01-11 15:00:00,Italy,North Italy,IT-NO,303.12,384.18,36.73,29.58,entsoe.eu,false,
2021-01-11 16:00:00,Italy,North Italy,IT-NO,301.17,381.22,37.34,30.95,entsoe.eu,false,
2021-01-11 17:00:00,Italy,North Italy,IT-NO,314.91,396.94,35.65,32.1,entsoe.eu,false,
2021-01-11 18:00:00,Italy,North Italy,IT-NO,307.78,391.02,34.77,30.07,entsoe.eu,false,
2021-01-11 19:00:00,Italy,North Italy,IT-NO,321.48,410.04,30.37,24.87,entsoe.eu,false,
2021-01-11 20:00:00,Italy,North Italy,IT-NO,324.1,411.29,30.43,22.69,entsoe.eu,false,
2021-01-11 21:00:00,Italy,North Italy,IT-NO,333.53,423.91,27.8,21.38,entsoe.eu,false,
2021-01-11 22:00:00,Italy,North Italy,IT-NO,347.42,440.32,24.55,21.04,entsoe.eu,false,
2021-01-11 23:00:00,Italy,North Italy,IT-NO,293.56,371.04,38.39,25.16,entsoe.eu,false,
2021-01-12 00:00:00,Italy,North Italy,IT-NO,298.99,377.38,37.32,23.81,entsoe.eu,false,
2021-01-12 01:00:00,Italy,North Italy,IT-NO,306.22,386.64,35.52,22.8,entsoe.eu,false,
2021-01-12 02:00:00,Italy,North Italy,IT-NO,309.4,390.21,35.54,23.46,entsoe.eu,false,
2021-01-12 03:00:00,Italy,North Italy,IT-NO,304.13,382.41,37.2,24.47,entsoe.eu,false,
2021-01-12 04:00:00,Italy,North Italy,IT-NO,302.11,380.33,38.55,27.58,entsoe.eu,false,
2021-01-12 05:00:00,Italy,North Italy,IT-NO,303.02,384.03,37.56,26.68,entsoe.eu,false,
2021-01-12 06:00:00,Italy,North Italy,IT-NO,302.01,382.89,37.32,28.44,entsoe.eu,false,
2021-01-12 07:00:00,Italy,North Italy,IT-NO,293.54,369.44,41.44,33.59,entsoe.eu,false,
2021-01-12 08:00:00,Italy,North Italy,IT-NO,272.09,346.34,44.43,35.71,entsoe.eu,false,
2021-01-12 09:00:00,Italy,North Italy,IT-NO,269.91,344.92,44.57,37.01,entsoe.eu,false,
2021-01-12 10:00:00,Italy,North Italy,IT-NO,261.5,337.32,44.6,36.6,entsoe.eu,false,
2021-01-12 11:00:00,Italy,North Italy,IT-NO,272.89,352.3,41.66,34.65,entsoe.eu,false,
2021-01-12 12:00:00,Italy,North Italy,IT-NO,271.82,351.21,41.58,34.18,entsoe.eu,false,
2021-01-12 13:00:00,Italy,North Italy,IT-NO,271.11,348.39,42.27,31.96,entsoe.eu,false,
2021-01-12 14:00:00,Italy,North Italy,IT-NO,281.86,360.01,40.23,29.9,entsoe.eu,false,
2021-01-12 15:00:00,Italy,North Italy,IT-NO,279.48,357.04,41.1,30.91,entsoe.eu,false,
2021-01-12 16:00:00,Italy,North Italy,IT-NO,276.11,352.28,42.5,33.31,entsoe.eu,false,
2021-01-12 17:00:00,Italy,North Italy,IT-NO,280.06,358.29,41.02,33.27,entsoe.eu,false,
2021-01-12 18:00:00,Italy,North Italy,IT-NO,286.02,366.56,39.11,32.28,entsoe.eu,false,
2021-01-12 19:00:00,Italy,North Italy,IT-NO,291.03,374.16,37.2,28.72,entsoe.eu,false,
2021-01-12 20:00:00,Italy,North Italy,IT-NO,287.54,368.95,39.01,27.0,entsoe.eu,false,
2021-01-12 21:00:00,Italy,North Italy,IT-NO,290.04,371.8,38.43,27.34,entsoe.eu,false,
2021-01-12 22:00:00,Italy,North Italy,IT-NO,304.75,388.21,35.72,27.52,entsoe.eu,false,
2021-01-12 23:00:00,Italy,North Italy,IT-NO,280.26,357.01,41.83,28.12,entsoe.eu,false,
2021-01-13 00:00:00,Italy,North Italy,IT-NO,283.8,358.79,41.7,27.53,entsoe.eu,false,
2021-01-13 01:00:00,Italy,North Italy,IT-NO,282.89,357.59,42.16,29.13,entsoe.eu,false,
2021-01-13 02:00:00,Italy,North Italy,IT-NO,278.23,355.79,43.1,27.75,entsoe.eu,false,
2021-01-13 03:00:00,Italy,North Italy,IT-NO,284.51,357.97,41.53,26.95,entsoe.eu,false,
2021-01-13 04:00:00,Italy,North Italy,IT-NO,271.82,342.9,44.97,28.17,entsoe.eu,false,
2021-01-13 05:00:00,Italy,North Italy,IT-NO,277.03,351.12,42.98,29.57,entsoe.eu,false,
2021-01-13 06:00:00,Italy,North Italy,IT-NO,295.24,372.75,40.06,32.26,entsoe.eu,false,
2021-01-13 07:00:00,Italy,North Italy,IT-NO,279.26,350.07,45.35,37.23,entsoe.eu,false,
2021-01-13 08:00:00,Italy,North Italy,IT-NO,277.67,349.74,45.56,38.63,entsoe.eu,false,
2021-01-13 09:00:00,Italy,North Italy,IT-NO,259.82,331.94,46.22,38.42,entsoe.eu,false,
2021-01-13 10:00:00,Italy,North Italy,IT-NO,263.78,334.95,47.14,40.6,entsoe.eu,false,
2021-01-13 11:00:00,Italy,North Italy,IT-NO,262.8,336.53,45.42,39.53,entsoe.eu,false,
2021-01-13 12:00:00,Italy,North Italy,IT-NO,259.55,335.11,44.2,37.48,entsoe.eu,false,
2021-01-13 13:00:00,Italy,North Italy,IT-NO,260.56,333.6,44.67,35.41,entsoe.eu,false,
2021-01-13 14:00:00,Italy,North Italy,IT-NO,261.35,332.08,45.75,33.76,entsoe.eu,false,
2021-01-13 15:00:00,Italy,North Italy,IT-NO,264.79,336.7,44.99,32.92,entsoe.eu,false,
2021-01-13 16:00:00,Italy,North Italy,IT-NO,265.84,337.31,45.58,35.46,entsoe.eu,false,
2021-01-13 17:00:00,Italy,North Italy,IT-NO,268.97,340.97,45.45,36.76,entsoe.eu,false,
2021-01-13 18:00:00,Italy,North Italy,IT-NO,266.05,338.38,45.02,35.43,entsoe.eu,false,
2021-01-13 19:00:00,Italy,North Italy,IT-NO,270.17,342.7,44.23,31.94,entsoe.eu,false,
2021-01-13 20:00:00,Italy,North Italy,IT-NO,262.85,333.86,46.42,31.34,entsoe.eu,false,
2021-01-13 21:00:00,Italy,North Italy,IT-NO,263.99,334.0,46.35,29.16,entsoe.eu,false,
2021-01-13 22:00:00,Italy,North Italy,IT-NO,262.98,334.97,46.19,29.32,entsoe.eu,false,
2021-01-13 23:00:00,Italy,North Italy,IT-NO,300.37,384.59,36.22,24.61,entsoe.eu,false,
2021-01-14 00:00:00,Italy,North Italy,IT-NO,305.16,390.96,35.32,24.31,entsoe.eu,false,
2021-01-14 01:00:00,Italy,North Italy,IT-NO,307.69,393.59,34.86,24.34,entsoe.eu,false,
2021-01-14 02:00:00,Italy,North Italy,IT-NO,312.86,399.85,33.92,23.77,entsoe.eu,false,
2021-01-14 03:00:00,Italy,North Italy,IT-NO,303.59,388.38,36.37,25.51,entsoe.eu,false,
2021-01-14 04:00:00,Italy,North Italy,IT-NO,309.38,394.49,35.01,25.39,entsoe.eu,false,
2021-01-14 05:00:00,Italy,North Italy,IT-NO,306.92,394.16,33.86,25.54,entsoe.eu,false,
2021-01-14 06:00:00,Italy,North Italy,IT-NO,313.15,399.96,33.1,26.48,entsoe.eu,false,
2021-01-14 07:00:00,Italy,North Italy,IT-NO,300.27,382.42,36.66,29.62,entsoe.eu,false,
2021-01-14 08:00:00,Italy,North Italy,IT-NO,292.56,370.08,40.72,35.09,entsoe.eu,false,
2021-01-14 09:00:00,Italy,North Italy,IT-NO,286.83,365.83,40.05,34.47,entsoe.eu,false,
2021-01-14 10:00:00,Italy,North Italy,IT-NO,285.79,368.69,37.56,32.59,entsoe.eu,false,
2021-01-14 11:00:00,Italy,North Italy,IT-NO,287.14,370.88,37.49,33.07,entsoe.eu,false,
2021-01-14 12:00:00,Italy,North Italy,IT-NO,287.15,370.78,36.83,31.5,entsoe.eu,false,
2021-01-14 13:00:00,Italy,North Italy,IT-NO,297.83,383.64,34.31,28.48,entsoe.eu,false,
2021-01-14 14:00:00,Italy,North Italy,IT-NO,294.82,377.89,35.44,27.57,entsoe.eu,false,
2021-01-14 15:00:00,Italy,North Italy,IT-NO,293.67,374.09,37.5,29.01,entsoe.eu,false,
2021-01-14 16:00:00,Italy,North Italy,IT-NO,303.12,380.35,39.72,33.58,entsoe.eu,false,
2021-01-14 17:00:00,Italy,North Italy,IT-NO,303.66,382.33,37.94,31.91,entsoe.eu,false,
2021-01-14 18:00:00,Italy,North Italy,IT-NO,300.62,381.26,36.52,29.52,entsoe.eu,false,
2021-01-14 19:00:00,Italy,North Italy,IT-NO,304.26,387.38,34.97,26.95,entsoe.eu,false,
2021-01-14 20:00:00,Italy,North Italy,IT-NO,301.19,384.48,35.71,25.92,entsoe.eu,false,
2021-01-14 21:00:00,Italy,North Italy,IT-NO,312.48,399.67,32.63,23.57,entsoe.eu,false,
2021-01-14 22:00:00,Italy,North Italy,IT-NO,321.24,409.9,31.62,23.22,entsoe.eu,false,
2021-01-14 23:00:00,Italy,North Italy,IT-NO,285.53,362.26,41.67,25.12,entsoe.eu,false,
2021-01-15 00:00:00,Italy,North Italy,IT-NO,285.9,361.08,41.78,24.27,entsoe.eu,false,
2021-01-15 01:00:00,Italy,North Italy,IT-NO,296.92,374.0,40.06,24.25,entsoe.eu,false,
2021-01-15 02:00:00,Italy,North Italy,IT-NO,292.69,368.37,40.57,23.34,entsoe.eu,false,
2021-01-15 03:00:00,Italy,North Italy,IT-NO,291.53,368.82,40.2,22.18,entsoe.eu,false,
2021-01-15 04:00:00,Italy,North Italy,IT-NO,296.58,375.42,38.91,21.83,entsoe.eu,false,
2021-01-15 05:00:00,Italy,North Italy,IT-NO,306.42,389.59,35.16,22.08,entsoe.eu,false,
2021-01-15 06:00:00,Italy,North Italy,IT-NO,315.64,402.36,31.47,23.65,entsoe.eu,false,
2021-01-15 07:00:00,Italy,North Italy,IT-NO,306.89,387.31,36.92,31.75,entsoe.eu,false,
2021-01-15 08:00:00,Italy,North Italy,IT-NO,297.75,379.84,35.83,30.02,entsoe.eu,false,
2021-01-15 09:00:00,Italy,North Italy,IT-NO,312.37,395.77,34.75,29.69,entsoe.eu,false,
2021-01-15 10:00:00,Italy,North Italy,IT-NO,305.43,389.93,33.73,27.14,entsoe.eu,false,
2021-01-15 11:00:00,Italy,North Italy,IT-NO,316.59,405.14,30.53,25.19,entsoe.eu,false,
2021-01-15 12:00:00,Italy,North Italy,IT-NO,316.77,403.95,31.14,24.74,entsoe.eu,false,
2021-01-15 13:00:00,Italy,North Italy,IT-NO,306.87,391.41,33.58,25.65,entsoe.eu,false,
2021-01-15 14:00:00,Italy,North Italy,IT-NO,306.26,391.41,33.27,25.59,entsoe.eu,false,
2021-01-15 15:00:00,Italy,North Italy,IT-NO,305.23,391.03,33.35,26.77,entsoe.eu,false,
2021-01-15 16:00:00,Italy,North Italy,IT-NO,304.87,384.51,38.27,32.15,entsoe.eu,false,
2021-01-15 17:00:00,Italy,North Italy,IT-NO,318.83,400.2,36.71,33.66,entsoe.eu,false,
2021-01-15 18:00:00,Italy,North Italy,IT-NO,321.61,408.33,32.14,29.09,entsoe.eu,false,
2021-01-15 19:00:00,Italy,North Italy,IT-NO,322.92,411.78,29.63,24.75,entsoe.eu,false,
2021-01-15 20:00:00,Italy,North Italy,IT-NO,316.38,399.38,32.8,25.42,entsoe.eu,false,
2021-01-15 21:00:00,Italy,North Italy,IT-NO,323.72,409.28,31.78,24.97,entsoe.eu,false,
2021-01-15 22:00:00,Italy,North Italy,IT-NO,329.86,415.71,30.87,24.92,entsoe.eu,false,
2021-01-15 23:00:00,Italy,North Italy,IT-NO,286.55,360.78,41.64,29.39,entsoe.eu,false,
2021-01-16 00:00:00,Italy,North Italy,IT-NO,287.89,361.35,42.47,28.12,entsoe.eu,false,
2021-01-16 01:00:00,Italy,North Italy,IT-NO,290.13,361.85,42.77,28.61,entsoe.eu,false,
2021-01-16 02:00:00,Italy,North Italy,IT-NO,291.98,364.54,42.55,27.16,entsoe.eu,false,
2021-01-16 03:00:00,Italy,North Italy,IT-NO,283.56,357.77,43.69,27.83,entsoe.eu,false,
2021-01-16 04:00:00,Italy,North Italy,IT-NO,289.5,364.05,42.09,26.84,entsoe.eu,false,
2021-01-16 05:00:00,Italy,North Italy,IT-NO,298.86,375.32,40.22,25.17,entsoe.eu,false,
2021-01-16 06:00:00,Italy,North Italy,IT-NO,293.04,365.38,42.45,27.67,entsoe.eu,false,
2021-01-16 07:00:00,Italy,North Italy,IT-NO,267.83,335.08,48.24,34.62,entsoe.eu,false,
2021-01-16 08:00:00,Italy,North Italy,IT-NO,244.76,308.74,52.74,43.51,entsoe.eu,false,
2021-01-16 09:00:00,Italy,North Italy,IT-NO,236.8,299.33,55.11,49.09,entsoe.eu,false,
2021-01-16 10:00:00,Italy,North Italy,IT-NO,240.09,308.43,51.23,45.03,entsoe.eu,false,
2021-01-16 11:00:00,Italy,North Italy,IT-NO,254.84,327.18,47.6,43.45,entsoe.eu,false,
2021-01-16 12:00:00,Italy,North Italy,IT-NO,270.95,346.91,43.02,35.66,entsoe.eu,false,
2021-01-16 13:00:00,Italy,North Italy,IT-NO,276.29,350.71,43.08,32.59,entsoe.eu,false,
2021-01-16 14:00:00,Italy,North Italy,IT-NO,292.28,368.73,40.06,27.45,entsoe.eu,false,
2021-01-16 15:00:00,Italy,North Italy,IT-NO,284.16,361.22,40.89,27.73,entsoe.eu,false,
2021-01-16 16:00:00,Italy,North Italy,IT-NO,263.45,335.55,45.22,35.31,entsoe.eu,false,
2021-01-16 17:00:00,Italy,North Italy,IT-NO,267.81,340.92,44.14,35.13,entsoe.eu,false,
2021-01-16 18:00:00,Italy,North Italy,IT-NO,267.54,339.12,45.21,35.92,entsoe.eu,false,
2021-01-16 19:00:00,Italy,North Italy,IT-NO,278.88,352.78,43.06,31.94,entsoe.eu,false,
2021-01-16 20:00:00,Italy,North Italy,IT-NO,293.14,369.09,40.76,27.6,entsoe.eu,false,
2021-01-16 21:00:00,Italy,North Italy,IT-NO,310.79,391.87,35.45,24.28,entsoe.eu,false,
2021-01-16 22:00:00,Italy,North Italy,IT-NO,323.48,408.26,32.38,23.72,entsoe.eu,false,
2021-01-16 23:00:00,Italy,North Italy,IT-NO,325.44,407.13,33.63,25.67,entsoe.eu,false,
2021-01-17 00:00:00,Italy,North Italy,IT-NO,324.42,405.96,34.2,24.85,entsoe.eu,false,
2021-01-17 01:00:00,Italy,North Italy,IT-NO,325.96,408.82,33.63,23.69,entsoe.eu,false,
2021-01-17 02:00:00,Italy,North Italy,IT-NO,324.3,405.44,34.28,23.26,entsoe.eu,false,
2021-01-17 03:00:00,Italy,North Italy,IT-NO,322.75,404.16,34.51,22.51,entsoe.eu,false,
2021-01-17 04:00:00,Italy,North Italy,IT-NO,323.7,403.37,34.59,22.66,entsoe.eu,false,
2021-01-17 05:00:00,Italy,North Italy,IT-NO,319.65,398.01,35.96,23.96,entsoe.eu,false,
2021-01-17 06:00:00,Italy,North Italy,IT-NO,310.0,389.82,40.22,24.97,entsoe.eu,false,
2021-01-17 07:00:00,Italy,North Italy,IT-NO,298.83,372.3,42.48,27.72,entsoe.eu,false,
2021-01-17 08:00:00,Italy,North Italy,IT-NO,294.27,370.94,41.72,27.64,entsoe.eu,false,
2021-01-17 09:00:00,Italy,North Italy,IT-NO,286.6,363.89,41.91,29.87,entsoe.eu,false,
2021-01-17 10:00:00,Italy,North Italy,IT-NO,278.98,357.19,42.08,31.26,entsoe.eu,false,
2021-01-17 11:00:00,Italy,North Italy,IT-NO,276.9,354.42,41.96,31.89,entsoe.eu,false,
2021-01-17 12:00:00,Italy,North Italy,IT-NO,286.89,365.22,40.56,29.95,entsoe.eu,false,
2021-01-17 13:00:00,Italy,North Italy,IT-NO,285.49,363.33,41.38,28.77,entsoe.eu,false,
2021-01-17 14:00:00,Italy,North Italy,IT-NO,289.48,367.56,40.96,25.7,entsoe.eu,false,
2021-01-17 15:00:00,Italy,North Italy,IT-NO,276.01,352.18,43.37,28.23,entsoe.eu,false,
2021-01-17 16:00:00,Italy,North Italy,IT-NO,258.61,329.75,47.1,31.81,entsoe.eu,false,
2021-01-17 17:00:00,Italy,North Italy,IT-NO,265.43,337.13,46.56,34.95,entsoe.eu,false,
2021-01-17 18:00:00,Italy,North Italy,IT-NO,271.08,342.38,46.53,37.78,entsoe.eu,false,
2021-01-17 19:00:00,Italy,North Italy,IT-NO,285.49,359.87,43.96,35.55,entsoe.eu,false,
2021-01-17 20:00:00,Italy,North Italy,IT-NO,292.74,370.18,41.17,29.08,entsoe.eu,false,
2021-01-17 21:00:00,Italy,North Italy,IT-NO,313.67,396.96,35.04,24.32,entsoe.eu,false,
2021-01-17 22:00:00,Italy,North Italy,IT-NO,333.25,421.0,30.07,21.11,entsoe.eu,false,
2021-01-17 23:00:00,Italy,North Italy,IT-NO,303.11,377.39,39.19,25.31,entsoe.eu,false,
2021-01-18 00:00:00,Italy,North Italy,IT-NO,299.57,377.79,39.56,26.96,entsoe.eu,false,
2021-01-18 01:00:00,Italy,North Italy,IT-NO,311.04,392.11,37.12,26.61,entsoe.eu,false,
2021-01-18 02:00:00,Italy,North Italy,IT-NO,321.75,402.01,34.96,24.36,entsoe.eu,false,
2021-01-18 03:00:00,Italy,North Italy,IT-NO,330.75,414.7,32.5,22.14,entsoe.eu,false,
2021-01-18 04:00:00,Italy,North Italy,IT-NO,342.51,430.88,29.3,19.48,entsoe.eu,false,
2021-01-18 05:00:00,Italy,North Italy,IT-NO,311.52,396.55,34.73,25.36,entsoe.eu,false,
2021-01-18 06:00:00,Italy,North Italy,IT-NO,312.4,394.18,36.4,29.97,entsoe.eu,false,
2021-01-18 07:00:00,Italy,North Italy,IT-NO,294.93,370.93,41.05,33.5,entsoe.eu,false,
2021-01-18 08:00:00,Italy,North Italy,IT-NO,288.19,365.81,40.67,33.82,entsoe.eu,false,
2021-01-18 09:00:00,Italy,North Italy,IT-NO,286.36,365.18,40.3,34.2,entsoe.eu,false,
2021-01-18 10:00:00,Italy,North Italy,IT-NO,294.26,375.22,38.37,33.55,entsoe.eu,false,
2021-01-18 11:00:00,Italy,North Italy,IT-NO,305.35,390.37,34.99,31.77,entsoe.eu,false,
2021-01-18 12:00:00,Italy,North Italy,IT-NO,301.37,386.46,35.7,31.73,entsoe.eu,false,
2021-01-18 13:00:00,Italy,North Italy,IT-NO,308.07,393.07,35.05,29.55,entsoe.eu,false,
2021-01-18 14:00:00,Italy,North Italy,IT-NO,316.3,401.45,34.05,27.49,entsoe.eu,false,
2021-01-18 15:00:00,Italy,North Italy,IT-NO,305.37,387.96,36.21,28.91,entsoe.eu,false,
2021-01-18 16:00:00,Italy,North Italy,IT-NO,299.5,378.02,39.46,32.31,entsoe.eu,false,
2021-01-18 17:00:00,Italy,North Italy,IT-NO,292.91,369.3,41.5,34.15,entsoe.eu,false,
2021-01-18 18:00:00,Italy,North Italy,IT-NO,287.15,364.24,40.81,33.15,entsoe.eu,false,
2021-01-18 19:00:00,Italy,North Italy,IT-NO,302.5,383.38,37.4,28.88,entsoe.eu,false,
2021-01-18 20:00:00,Italy,North Italy,IT-NO,303.17,383.79,38.0,26.72,entsoe.eu,false,
2021-01-18 21:00:00,Italy,North Italy,IT-NO,307.38,390.16,36.6,25.27,entsoe.eu,false,
2021-01-18 22:00:00,Italy,North Italy,IT-NO,318.98,403.71,33.96,23.09,entsoe.eu,false,
2021-01-18 23:00:00,Italy,North Italy,IT-NO,309.28,389.85,36.95,23.0,entsoe.eu,false,
2021-01-19 00:00:00,Italy,North Italy,IT-NO,305.53,384.14,38.55,22.72,entsoe.eu,false,
2021-01-19 01:00:00,Italy,North Italy,IT-NO,312.9,390.19,37.43,22.35,entsoe.eu,false,
2021-01-19 02:00:00,Italy,North Italy,IT-NO,320.16,398.73,36.47,22.16,entsoe.eu,false,
2021-01-19 03:00:00,Italy,North Italy,IT-NO,313.66,395.58,37.34,23.29,entsoe.eu,false,
2021-01-19 04:00:00,Italy,North Italy,IT-NO,321.69,402.95,35.9,22.84,entsoe.eu,false,
2021-01-19 05:00:00,Italy,North Italy,IT-NO,319.96,404.52,34.33,24.92,entsoe.eu,false,
2021-01-19 06:00:00,Italy,North Italy,IT-NO,312.42,390.53,39.22,31.23,entsoe.eu,false,
2021-01-19 07:00:00,Italy,North Italy,IT-NO,304.2,378.23,42.49,35.69,entsoe.eu,false,
2021-01-19 08:00:00,Italy,North Italy,IT-NO,301.2,375.61,42.56,35.47,entsoe.eu,false,
2021-01-19 09:00:00,Italy,North Italy,IT-NO,298.93,377.2,39.4,32.11,entsoe.eu,false,
2021-01-19 10:00:00,Italy,North Italy,IT-NO,301.65,382.14,37.88,30.62,entsoe.eu,false,
2021-01-19 11:00:00,Italy,North Italy,IT-NO,316.09,400.09,35.29,29.16,entsoe.eu,false,
2021-01-19 12:00:00,Italy,North Italy,IT-NO,304.78,386.18,37.19,28.79,entsoe.eu,false,
2021-01-19 13:00:00,Italy,North Italy,IT-NO,310.45,392.04,36.13,27.51,entsoe.eu,false,
2021-01-19 14:00:00,Italy,North Italy,IT-NO,305.1,383.77,38.12,28.7,entsoe.eu,false,
2021-01-19 15:00:00,Italy,North Italy,IT-NO,301.79,379.5,39.11,30.19,entsoe.eu,false,
2021-01-19 16:00:00,Italy,North Italy,IT-NO,298.21,373.94,40.87,33.29,entsoe.eu,false,
2021-01-19 17:00:00,Italy,North Italy,IT-NO,299.72,376.74,39.7,32.72,entsoe.eu,false,
2021-01-19 18:00:00,Italy,North Italy,IT-NO,301.08,379.49,38.93,30.86,entsoe.eu,false,
2021-01-19 19:00:00,Italy,North Italy,IT-NO,299.84,379.58,38.52,29.19,entsoe.eu,false,
2021-01-19 20:00:00,Italy,North Italy,IT-NO,293.93,372.31,39.59,27.55,entsoe.eu,false,
2021-01-19 21:00:00,Italy,North Italy,IT-NO,289.74,368.82,40.16,26.28,entsoe.eu,false,
2021-01-19 22:00:00,Italy,North Italy,IT-NO,302.07,383.75,37.29,24.49,entsoe.eu,false,
2021-01-19 23:00:00,Italy,North Italy,IT-NO,289.27,365.69,40.49,24.87,entsoe.eu,false,
2021-01-20 00:00:00,Italy,North Italy,IT-NO,297.83,377.32,38.68,23.7,entsoe.eu,false,
2021-01-20 01:00:00,Italy,North Italy,IT-NO,298.15,374.29,39.14,24.23,entsoe.eu,false,
2021-01-20 02:00:00,Italy,North Italy,IT-NO,300.77,377.92,38.71,24.74,entsoe.eu,false,
2021-01-20 03:00:00,Italy,North Italy,IT-NO,296.48,376.22,39.3,24.92,entsoe.eu,false,
2021-01-20 04:00:00,Italy,North Italy,IT-NO,296.61,377.78,38.97,25.2,entsoe.eu,false,
2021-01-20 05:00:00,Italy,North Italy,IT-NO,303.06,386.17,36.67,25.09,entsoe.eu,false,
2021-01-20 06:00:00,Italy,North Italy,IT-NO,301.62,380.79,38.49,28.83,entsoe.eu,false,
2021-01-20 07:00:00,Italy,North Italy,IT-NO,295.32,371.56,40.98,33.15,entsoe.eu,false,
2021-01-20 08:00:00,Italy,North Italy,IT-NO,291.45,367.21,41.45,32.94,entsoe.eu,false,
2021-01-20 09:00:00,Italy,North Italy,IT-NO,292.09,369.94,39.65,30.22,entsoe.eu,false,
2021-01-20 10:00:00,Italy,North Italy,IT-NO,295.74,375.1,38.98,29.56,entsoe.eu,false,
2021-01-20 11:00:00,Italy,North Italy,IT-NO,300.44,381.91,37.88,28.2,entsoe.eu,false,
2021-01-20 12:00:00,Italy,North Italy,IT-NO,303.93,385.74,37.56,27.68,entsoe.eu,false,
2021-01-20 13:00:00,Italy,North Italy,IT-NO,303.8,385.04,37.41,26.23,entsoe.eu,false,
2021-01-20 14:00:00,Italy,North Italy,IT-NO,306.25,387.73,36.67,26.03,entsoe.eu,false,
2021-01-20 15:00:00,Italy,North Italy,IT-NO,299.89,379.83,37.79,27.07,entsoe.eu,false,
2021-01-20 16:00:00,Italy,North Italy,IT-NO,290.65,368.14,39.62,28.59,entsoe.eu,false,
2021-01-20 17:00:00,Italy,North Italy,IT-NO,297.74,375.36,39.23,30.12,entsoe.eu,false,
2021-01-20 18:00:00,Italy,North Italy,IT-NO,299.3,377.94,38.6,28.91,entsoe.eu,false,
2021-01-20 19:00:00,Italy,North Italy,IT-NO,299.91,378.15,38.49,27.41,entsoe.eu,false,
2021-01-20 20:00:00,Italy,North Italy,IT-NO,293.69,372.15,39.53,27.16,entsoe.eu,false,
2021-01-20 21:00:00,Italy,North Italy,IT-NO,294.36,374.67,39.24,26.52,entsoe.eu,false,
2021-01-20 22:00:00,Italy,North Italy,IT-NO,293.29,372.42,39.99,25.88,entsoe.eu,false,
2021-01-20 23:00:00,Italy,North Italy,IT-NO,275.5,348.26,45.06,26.64,entsoe.eu,false,
2021-01-21 00:00:00,Italy,North Italy,IT-NO,271.52,343.5,46.27,28.34,entsoe.eu,false,
2021-01-21 01:00:00,Italy,North Italy,IT-NO,272.21,345.55,45.5,28.14,entsoe.eu,false,
2021-01-21 02:00:00,Italy,North Italy,IT-NO,269.89,345.05,45.59,28.47,entsoe.eu,false,
2021-01-21 03:00:00,Italy,North Italy,IT-NO,271.75,347.51,44.79,27.82,entsoe.eu,false,
2021-01-21 04:00:00,Italy,North Italy,IT-NO,268.6,342.47,45.72,27.74,entsoe.eu,false,
2021-01-21 05:00:00,Italy,North Italy,IT-NO,269.94,343.24,44.76,28.41,entsoe.eu,false,
2021-01-21 06:00:00,Italy,North Italy,IT-NO,271.53,342.65,45.33,31.51,entsoe.eu,false,
2021-01-21 07:00:00,Italy,North Italy,IT-NO,267.41,335.39,47.68,35.73,entsoe.eu,false,
2021-01-21 08:00:00,Italy,North Italy,IT-NO,269.11,336.19,48.52,37.05,entsoe.eu,false,
2021-01-21 09:00:00,Italy,North Italy,IT-NO,273.78,342.1,46.6,35.36,entsoe.eu,false,
2021-01-21 10:00:00,Italy,North Italy,IT-NO,279.93,353.46,43.42,32.08,entsoe.eu,false,
2021-01-21 11:00:00,Italy,North Italy,IT-NO,291.66,369.43,40.41,29.51,entsoe.eu,false,
2021-01-21 12:00:00,Italy,North Italy,IT-NO,292.12,369.67,40.25,28.57,entsoe.eu,false,
2021-01-21 13:00:00,Italy,North Italy,IT-NO,292.37,369.86,40.09,27.69,entsoe.eu,false,
2021-01-21 14:00:00,Italy,North Italy,IT-NO,293.84,370.56,40.69,27.45,entsoe.eu,false,
2021-01-21 15:00:00,Italy,North Italy,IT-NO,288.13,361.69,42.34,29.32,entsoe.eu,false,
2021-01-21 16:00:00,Italy,North Italy,IT-NO,273.0,342.03,46.19,33.01,entsoe.eu,false,
2021-01-21 17:00:00,Italy,North Italy,IT-NO,275.75,345.06,45.23,33.51,entsoe.eu,false,
2021-01-21 18:00:00,Italy,North Italy,IT-NO,274.47,344.02,45.48,32.86,entsoe.eu,false,
2021-01-21 19:00:00,Italy,North Italy,IT-NO,271.19,341.93,45.29,31.13,entsoe.eu,false,
2021-01-21 20:00:00,Italy,North Italy,IT-NO,269.99,341.27,44.99,29.35,entsoe.eu,false,
2021-01-21 21:00:00,Italy,North Italy,IT-NO,273.75,347.68,43.29,26.94,entsoe.eu,false,
2021-01-21 22:00:00,Italy,North Italy,IT-NO,280.32,353.55,42.12,26.44,entsoe.eu,false,
2021-01-21 23:00:00,Italy,North Italy,IT-NO,266.48,335.05,45.83,28.18,entsoe.eu,false,
2021-01-22 00:00:00,Italy,North Italy,IT-NO,259.78,328.09,47.57,29.23,entsoe.eu,false,
2021-01-22 01:00:00,Italy,North Italy,IT-NO,257.54,323.56,48.37,30.27,entsoe.eu,false,
2021-01-22 02:00:00,Italy,North Italy,IT-NO,255.67,321.64,48.37,29.33,entsoe.eu,false,
2021-01-22 03:00:00,Italy,North Italy,IT-NO,257.32,324.45,47.65,28.37,entsoe.eu,false,
2021-01-22 04:00:00,Italy,North Italy,IT-NO,267.68,336.84,45.59,27.34,entsoe.eu,false,
2021-01-22 05:00:00,Italy,North Italy,IT-NO,279.09,350.79,43.44,27.49,entsoe.eu,false,
2021-01-22 06:00:00,Italy,North Italy,IT-NO,281.06,348.33,47.17,34.34,entsoe.eu,false,
2021-01-22 07:00:00,Italy,North Italy,IT-NO,270.41,334.49,50.87,39.32,entsoe.eu,false,
2021-01-22 08:00:00,Italy,North Italy,IT-NO,265.64,330.84,50.47,39.73,entsoe.eu,false,
2021-01-22 09:00:00,Italy,North Italy,IT-NO,271.04,336.99,49.41,38.51,entsoe.eu,false,
2021-01-22 10:00:00,Italy,North Italy,IT-NO,273.53,343.21,46.31,34.95,entsoe.eu,false,
2021-01-22 11:00:00,Italy,North Italy,IT-NO,281.11,355.06,42.76,31.05,entsoe.eu,false,
2021-01-22 12:00:00,Italy,North Italy,IT-NO,270.88,342.72,44.26,31.43,entsoe.eu,false,
2021-01-22 13:00:00,Italy,North Italy,IT-NO,275.24,347.01,45.07,32.6,entsoe.eu,false,
2021-01-22 14:00:00,Italy,North Italy,IT-NO,273.2,343.4,45.36,31.03,entsoe.eu,false,
2021-01-22 15:00:00,Italy,North Italy,IT-NO,266.41,337.29,45.29,29.64,entsoe.eu,false,
2021-01-22 16:00:00,Italy,North Italy,IT-NO,265.09,333.34,47.51,33.55,entsoe.eu,false,
2021-01-22 17:00:00,Italy,North Italy,IT-NO,256.9,322.83,50.15,37.36,entsoe.eu,false,
2021-01-22 18:00:00,Italy,North Italy,IT-NO,249.27,316.06,49.7,35.75,entsoe.eu,false,
2021-01-22 19:00:00,Italy,North Italy,IT-NO,251.49,320.75,48.51,32.88,entsoe.eu,false,
2021-01-22 20:00:00,Italy,North Italy,IT-NO,263.83,335.7,46.13,31.32,entsoe.eu,false,
2021-01-22 21:00:00,Italy,North Italy,IT-NO,270.89,346.15,43.99,30.19,entsoe.eu,false,
2021-01-22 22:00:00,Italy,North Italy,IT-NO,276.01,349.94,43.64,30.45,entsoe.eu,false,
2021-01-22 23:00:00,Italy,North Italy,IT-NO,243.53,307.46,52.3,34.65,entsoe.eu,false,
2021-01-23 00:00:00,Italy,North Italy,IT-NO,237.24,298.43,54.4,36.84,entsoe.eu,false,
2021-01-23 01:00:00,Italy,North Italy,IT-NO,242.81,304.75,53.28,35.57,entsoe.eu,false,
2021-01-23 02:00:00,Italy,North Italy,IT-NO,238.23,301.33,53.57,35.59,entsoe.eu,false,
2021-01-23 03:00:00,Italy,North Italy,IT-NO,235.68,297.38,53.53,35.01,entsoe.eu,false,
2021-01-23 04:00:00,Italy,North Italy,IT-NO,240.61,303.37,52.97,33.79,entsoe.eu,false,
2021-01-23 05:00:00,Italy,North Italy,IT-NO,252.88,317.7,50.36,31.85,entsoe.eu,false,
2021-01-23 06:00:00,Italy,North Italy,IT-NO,255.44,322.76,49.29,31.41,entsoe.eu,false,
2021-01-23 07:00:00,Italy,North Italy,IT-NO,249.34,315.53,49.75,32.49,entsoe.eu,false,
2021-01-23 08:00:00,Italy,North Italy,IT-NO,248.54,313.8,49.8,32.3,entsoe.eu,false,
2021-01-23 09:00:00,Italy,North Italy,IT-NO,245.06,310.67,49.84,33.11,entsoe.eu,false,
2021-01-23 10:00:00,Italy,North Italy,IT-NO,247.31,315.52,48.85,33.35,entsoe.eu,false,
2021-01-23 11:00:00,Italy,North Italy,IT-NO,257.02,328.56,46.0,33.31,entsoe.eu,false,
2021-01-23 12:00:00,Italy,North Italy,IT-NO,247.59,317.3,48.3,34.18,entsoe.eu,false,
2021-01-23 13:00:00,Italy,North Italy,IT-NO,222.74,286.97,54.57,38.99,entsoe.eu,false,
2021-01-23 14:00:00,Italy,North Italy,IT-NO,232.25,295.68,53.25,35.31,entsoe.eu,false,
2021-01-23 15:00:00,Italy,North Italy,IT-NO,237.81,303.04,51.57,33.96,entsoe.eu,false,
2021-01-23 16:00:00,Italy,North Italy,IT-NO,244.15,306.13,53.32,39.05,entsoe.eu,false,
2021-01-23 17:00:00,Italy,North Italy,IT-NO,245.42,306.03,53.59,41.94,entsoe.eu,false,
2021-01-23 18:00:00,Italy,North Italy,IT-NO,251.58,312.58,52.98,40.35,entsoe.eu,false,
2021-01-23 19:00:00,Italy,North Italy,IT-NO,257.02,320.92,50.19,34.81,entsoe.eu,false,
2021-01-23 20:00:00,Italy,North Italy,IT-NO,258.05,322.79,49.86,32.91,entsoe.eu,false,
2021-01-23 21:00:00,Italy,North Italy,IT-NO,269.42,337.28,46.76,32.72,entsoe.eu,false,
2021-01-23 22:00:00,Italy,North Italy,IT-NO,266.01,333.8,47.59,34.85,entsoe.eu,false,
2021-01-23 23:00:00,Italy,North Italy,IT-NO,244.52,305.44,52.52,37.24,entsoe.eu,false,
2021-01-24 00:00:00,Italy,North Italy,IT-NO,248.39,308.94,52.41,38.13,entsoe.eu,false,
2021-01-24 01:00:00,Italy,North Italy,IT-NO,264.37,330.09,47.67,37.02,entsoe.eu,false,
2021-01-24 02:00:00,Italy,North Italy,IT-NO,265.19,332.12,47.36,37.28,entsoe.eu,false,
2021-01-24 03:00:00,Italy,North Italy,IT-NO,254.05,317.82,50.34,37.89,entsoe.eu,false,
2021-01-24 04:00:00,Italy,North Italy,IT-NO,255.82,320.19,49.6,35.49,entsoe.eu,false,
2021-01-24 05:00:00,Italy,North Italy,IT-NO,246.99,309.72,51.85,35.7,entsoe.eu,false,
2021-01-24 06:00:00,Italy,North Italy,IT-NO,246.7,309.23,53.31,35.42,entsoe.eu,false,
2021-01-24 07:00:00,Italy,North Italy,IT-NO,242.48,303.79,54.08,35.42,entsoe.eu,false,
2021-01-24 08:00:00,Italy,North Italy,IT-NO,234.56,297.0,54.2,36.9,entsoe.eu,false,
2021-01-24 09:00:00,Italy,North Italy,IT-NO,224.6,286.0,55.91,39.7,entsoe.eu,false,
2021-01-24 10:00:00,Italy,North Italy,IT-NO,228.01,290.21,54.5,39.37,entsoe.eu,false,
2021-01-24 11:00:00,Italy,North Italy,IT-NO,232.41,295.24,53.54,39.84,entsoe.eu,false,
2021-01-24 12:00:00,Italy,North Italy,IT-NO,204.71,262.28,60.33,43.87,entsoe.eu,false,
2021-01-24 13:00:00,Italy,North Italy,IT-NO,200.8,258.2,61.14,44.49,entsoe.eu,false,
2021-01-24 14:00:00,Italy,North Italy,IT-NO,204.69,263.84,59.64,41.56,entsoe.eu,false,
2021-01-24 15:00:00,Italy,North Italy,IT-NO,224.35,289.89,53.81,36.71,entsoe.eu,false,
2021-01-24 16:00:00,Italy,North Italy,IT-NO,244.6,313.2,50.71,37.55,entsoe.eu,false,
2021-01-24 17:00:00,Italy,North Italy,IT-NO,258.8,323.17,52.49,43.24,entsoe.eu,false,
2021-01-24 18:00:00,Italy,North Italy,IT-NO,254.42,317.29,52.78,41.38,entsoe.eu,false,
2021-01-24 19:00:00,Italy,North Italy,IT-NO,265.08,332.02,48.28,36.47,entsoe.eu,false,
2021-01-24 20:00:00,Italy,North Italy,IT-NO,266.7,335.36,45.66,30.51,entsoe.eu,false,
2021-01-24 21:00:00,Italy,North Italy,IT-NO,277.34,351.13,42.53,31.18,entsoe.eu,false,
2021-01-24 22:00:00,Italy,North Italy,IT-NO,276.06,349.07,42.45,33.12,entsoe.eu,false,
2021-01-24 23:00:00,Italy,North Italy,IT-NO,261.85,330.28,46.36,34.98,entsoe.eu,false,
2021-01-25 00:00:00,Italy,North Italy,IT-NO,259.65,330.2,46.89,36.07,entsoe.eu,false,
2021-01-25 01:00:00,Italy,North Italy,IT-NO,270.31,339.1,45.14,35.18,entsoe.eu,false,
2021-01-25 02:00:00,Italy,North Italy,IT-NO,269.56,340.51,44.99,33.7,entsoe.eu,false,
2021-01-25 03:00:00,Italy,North Italy,IT-NO,276.22,346.66,43.32,32.05,entsoe.eu,false,
2021-01-25 04:00:00,Italy,North Italy,IT-NO,279.02,350.61,43.0,29.69,entsoe.eu,false,
2021-01-25 05:00:00,Italy,North Italy,IT-NO,274.71,350.23,44.1,31.83,entsoe.eu,false,
2021-01-25 06:00:00,Italy,North Italy,IT-NO,280.48,356.49,40.75,31.9,entsoe.eu,false,
2021-01-25 07:00:00,Italy,North Italy,IT-NO,274.6,348.35,42.57,32.81,entsoe.eu,false,
2021-01-25 08:00:00,Italy,North Italy,IT-NO,271.8,343.32,44.75,35.65,entsoe.eu,false,
2021-01-25 09:00:00,Italy,North Italy,IT-NO,271.27,342.93,44.57,35.09,entsoe.eu,false,
2021-01-25 10:00:00,Italy,North Italy,IT-NO,273.51,347.81,42.98,33.77,entsoe.eu,false,
2021-01-25 11:00:00,Italy,North Italy,IT-NO,290.24,368.34,39.6,31.68,entsoe.eu,false,
2021-01-25 12:00:00,Italy,North Italy,IT-NO,288.44,366.1,40.12,30.76,entsoe.eu,false,
2021-01-25 13:00:00,Italy,North Italy,IT-NO,283.25,360.3,41.29,30.15,entsoe.eu,false,
2021-01-25 14:00:00,Italy,North Italy,IT-NO,282.26,358.61,41.63,30.28,entsoe.eu,false,
2021-01-25 15:00:00,Italy,North Italy,IT-NO,279.16,355.87,42.02,30.02,entsoe.eu,false,
2021-01-25 16:00:00,Italy,North Italy,IT-NO,281.16,357.19,41.94,31.82,entsoe.eu,false,
2021-01-25 17:00:00,Italy,North Italy,IT-NO,286.2,362.89,41.18,32.73,entsoe.eu,false,
2021-01-25 18:00:00,Italy,North Italy,IT-NO,296.24,374.48,39.8,32.86,entsoe.eu,false,
2021-01-25 19:00:00,Italy,North Italy,IT-NO,305.43,384.08,38.88,30.32,entsoe.eu,false,
2021-01-25 20:00:00,Italy,North Italy,IT-NO,303.98,379.2,40.55,29.36,entsoe.eu,false,
2021-01-25 21:00:00,Italy,North Italy,IT-NO,318.17,397.14,37.41,25.89,entsoe.eu,false,
2021-01-25 22:00:00,Italy,North Italy,IT-NO,324.68,403.24,36.26,25.78,entsoe.eu,false,
2021-01-25 23:00:00,Italy,North Italy,IT-NO,317.2,396.8,36.22,26.48,entsoe.eu,false,
2021-01-26 00:00:00,Italy,North Italy,IT-NO,315.15,392.97,37.39,27.22,entsoe.eu,false,
2021-01-26 01:00:00,Italy,North Italy,IT-NO,321.11,398.43,36.57,27.05,entsoe.eu,false,
2021-01-26 02:00:00,Italy,North Italy,IT-NO,326.91,406.26,34.41,24.8,entsoe.eu,false,
2021-01-26 03:00:00,Italy,North Italy,IT-NO,324.69,404.67,34.9,25.04,entsoe.eu,false,
2021-01-26 04:00:00,Italy,North Italy,IT-NO,328.02,412.08,33.5,24.18,entsoe.eu,false,
2021-01-26 05:00:00,Italy,North Italy,IT-NO,312.77,393.2,36.81,26.1,entsoe.eu,false,
2021-01-26 06:00:00,Italy,North Italy,IT-NO,302.04,379.07,39.6,30.38,entsoe.eu,false,
2021-01-26 07:00:00,Italy,North Italy,IT-NO,289.04,363.03,42.37,34.09,entsoe.eu,false,
2021-01-26 08:00:00,Italy,North Italy,IT-NO,281.88,354.64,43.41,37.11,entsoe.eu,false,
2021-01-26 09:00:00,Italy,North Italy,IT-NO,271.88,342.91,45.89,39.27,entsoe.eu,false,
2021-01-26 10:00:00,Italy,North Italy,IT-NO,276.36,349.89,44.03,38.13,entsoe.eu,false,
2021-01-26 11:00:00,Italy,North Italy,IT-NO,283.52,360.79,41.81,37.64,entsoe.eu,false,
2021-01-26 12:00:00,Italy,North Italy,IT-NO,283.07,359.24,41.71,36.83,entsoe.eu,false,
2021-01-26 13:00:00,Italy,North Italy,IT-NO,284.02,359.99,41.87,34.53,entsoe.eu,false,
2021-01-26 14:00:00,Italy,North Italy,IT-NO,286.76,362.54,41.59,32.18,entsoe.eu,false,
2021-01-26 15:00:00,Italy,North Italy,IT-NO,300.11,377.38,39.26,30.17,entsoe.eu,false,
2021-01-26 16:00:00,Italy,North Italy,IT-NO,297.88,374.94,39.57,31.25,entsoe.eu,false,
2021-01-26 17:00:00,Italy,North Italy,IT-NO,292.99,368.32,41.47,34.7,entsoe.eu,false,
2021-01-26 18:00:00,Italy,North Italy,IT-NO,296.64,373.23,40.45,33.99,entsoe.eu,false,
2021-01-26 19:00:00,Italy,North Italy,IT-NO,308.32,386.27,38.68,30.08,entsoe.eu,false,
2021-01-26 20:00:00,Italy,North Italy,IT-NO,306.65,385.0,38.66,29.5,entsoe.eu,false,
2021-01-26 21:00:00,Italy,North Italy,IT-NO,314.7,397.07,36.23,26.33,entsoe.eu,false,
2021-01-26 22:00:00,Italy,North Italy,IT-NO,330.5,414.06,31.99,24.33,entsoe.eu,false,
2021-01-26 23:00:00,Italy,North Italy,IT-NO,323.01,403.36,34.64,25.15,entsoe.eu,false,
2021-01-27 00:00:00,Italy,North Italy,IT-NO,315.06,394.9,36.41,26.22,entsoe.eu,false,
2021-01-27 01:00:00,Italy,North Italy,IT-NO,324.51,407.17,34.0,23.4,entsoe.eu,false,
2021-01-27 02:00:00,Italy,North Italy,IT-NO,321.59,404.56,33.92,23.05,entsoe.eu,false,
2021-01-27 03:00:00,Italy,North Italy,IT-NO,325.11,410.12,32.64,21.76,entsoe.eu,false,
2021-01-27 04:00:00,Italy,North Italy,IT-NO,319.08,401.61,34.67,23.75,entsoe.eu,false,
2021-01-27 05:00:00,Italy,North Italy,IT-NO,311.31,392.63,35.94,25.09,entsoe.eu,false,
2021-01-27 06:00:00,Italy,North Italy,IT-NO,297.03,374.04,38.49,27.79,entsoe.eu,false,
2021-01-27 07:00:00,Italy,North Italy,IT-NO,288.25,361.9,42.21,32.05,entsoe.eu,false,
2021-01-27 08:00:00,Italy,North Italy,IT-NO,286.37,360.39,42.72,33.49,entsoe.eu,false,
2021-01-27 09:00:00,Italy,North Italy,IT-NO,289.98,365.49,40.83,32.17,entsoe.eu,false,
2021-01-27 10:00:00,Italy,North Italy,IT-NO,296.64,375.09,38.66,30.14,entsoe.eu,false,
2021-01-27 11:00:00,Italy,North Italy,IT-NO,311.81,393.69,35.89,28.57,entsoe.eu,false,
2021-01-27 12:00:00,Italy,North Italy,IT-NO,308.34,390.43,36.51,27.84,entsoe.eu,false,
2021-01-27 13:00:00,Italy,North Italy,IT-NO,307.67,388.62,36.4,26.94,entsoe.eu,false,
2021-01-27 14:00:00,Italy,North Italy,IT-NO,300.33,379.86,37.72,27.72,entsoe.eu,false,
2021-01-27 15:00:00,Italy,North Italy,IT-NO,289.11,367.05,39.65,29.0,entsoe.eu,false,
2021-01-27 16:00:00,Italy,North Italy,IT-NO,277.38,348.93,44.35,33.0,entsoe.eu,false,
2021-01-27 17:00:00,Italy,North Italy,IT-NO,275.4,346.78,45.13,35.54,entsoe.eu,false,
2021-01-27 18:00:00,Italy,North Italy,IT-NO,285.04,357.81,44.0,35.86,entsoe.eu,false,
2021-01-27 19:00:00,Italy,North Italy,IT-NO,293.99,370.55,40.7,30.68,entsoe.eu,false,
2021-01-27 20:00:00,Italy,North Italy,IT-NO,291.39,365.97,41.62,28.94,entsoe.eu,false,
2021-01-27 21:00:00,Italy,North Italy,IT-NO,302.72,379.46,38.82,26.11,entsoe.eu,false,
2021-01-27 22:00:00,Italy,North Italy,IT-NO,305.4,381.34,38.89,26.68,entsoe.eu,false,
2021-01-27 23:00:00,Italy,North Italy,IT-NO,305.82,381.31,38.88,22.44,entsoe.eu,false,
2021-01-28 00:00:00,Italy,North Italy,IT-NO,305.81,380.34,38.55,21.31,entsoe.eu,false,
2021-01-28 01:00:00,Italy,North Italy,IT-NO,302.99,378.79,38.59,20.36,entsoe.eu,false,
2021-01-28 02:00:00,Italy,North Italy,IT-NO,293.56,369.57,39.84,20.97,entsoe.eu,false,
2021-01-28 03:00:00,Italy,North Italy,IT-NO,284.47,360.6,41.29,21.43,entsoe.eu,false,
2021-01-28 04:00:00,Italy,North Italy,IT-NO,286.73,361.02,40.86,21.45,entsoe.eu,false,
2021-01-28 05:00:00,Italy,North Italy,IT-NO,286.95,362.56,40.95,24.52,entsoe.eu,false,
2021-01-28 06:00:00,Italy,North Italy,IT-NO,273.02,342.48,46.18,31.91,entsoe.eu,false,
2021-01-28 07:00:00,Italy,North Italy,IT-NO,262.4,329.01,49.08,35.92,entsoe.eu,false,
2021-01-28 08:00:00,Italy,North Italy,IT-NO,247.87,312.02,52.06,39.34,entsoe.eu,false,
2021-01-28 09:00:00,Italy,North Italy,IT-NO,248.17,313.6,50.52,37.16,entsoe.eu,false,
2021-01-28 10:00:00,Italy,North Italy,IT-NO,252.17,320.12,49.17,35.69,entsoe.eu,false,
2021-01-28 11:00:00,Italy,North Italy,IT-NO,268.57,341.31,45.28,33.24,entsoe.eu,false,
2021-01-28 12:00:00,Italy,North Italy,IT-NO,284.46,361.17,41.77,29.26,entsoe.eu,false,
2021-01-28 13:00:00,Italy,North Italy,IT-NO,281.84,356.44,42.58,29.32,entsoe.eu,false,
2021-01-28 14:00:00,Italy,North Italy,IT-NO,272.03,343.29,45.13,31.92,entsoe.eu,false,
2021-01-28 15:00:00,Italy,North Italy,IT-NO,271.98,343.28,45.12,30.13,entsoe.eu,false,
2021-01-28 16:00:00,Italy,North Italy,IT-NO,257.66,325.93,48.04,33.32,entsoe.eu,false,
2021-01-28 17:00:00,Italy,North Italy,IT-NO,258.8,327.27,47.86,34.11,entsoe.eu,false,
2021-01-28 18:00:00,Italy,North Italy,IT-NO,255.95,324.13,48.13,33.74,entsoe.eu,false,
2021-01-28 19:00:00,Italy,North Italy,IT-NO,257.74,325.79,48.4,31.58,entsoe.eu,false,
2021-01-28 20:00:00,Italy,North Italy,IT-NO,253.78,320.85,48.86,30.21,entsoe.eu,false,
2021-01-28 21:00:00,Italy,North Italy,IT-NO,269.06,341.09,44.48,27.87,entsoe.eu,false,
2021-01-28 22:00:00,Italy,North Italy,IT-NO,263.97,333.26,46.03,28.05,entsoe.eu,false,
2021-01-28 23:00:00,Italy,North Italy,IT-NO,260.72,330.28,46.75,27.48,entsoe.eu,false,
2021-01-29 00:00:00,Italy,North Italy,IT-NO,245.99,316.2,49.24,29.03,entsoe.eu,false,
2021-01-29 01:00:00,Italy,North Italy,IT-NO,239.4,310.07,50.36,29.62,entsoe.eu,false,
2021-01-29 02:00:00,Italy,North Italy,IT-NO,241.28,312.75,49.58,29.13,entsoe.eu,false,
2021-01-29 03:00:00,Italy,North Italy,IT-NO,247.17,321.32,47.59,27.82,entsoe.eu,false,
2021-01-29 04:00:00,Italy,North Italy,IT-NO,245.97,316.72,48.66,27.46,entsoe.eu,false,
2021-01-29 05:00:00,Italy,North Italy,IT-NO,242.78,310.84,49.89,29.72,entsoe.eu,false,
2021-01-29 06:00:00,Italy,North Italy,IT-NO,243.41,308.48,51.02,33.77,entsoe.eu,false,
2021-01-29 07:00:00,Italy,North Italy,IT-NO,235.24,295.54,55.23,39.89,entsoe.eu,false,
2021-01-29 08:00:00,Italy,North Italy,IT-NO,233.24,291.33,57.28,43.14,entsoe.eu,false,
2021-01-29 09:00:00,Italy,North Italy,IT-NO,229.81,289.5,56.25,41.97,entsoe.eu,false,
2021-01-29 10:00:00,Italy,North Italy,IT-NO,233.04,297.21,53.46,39.55,entsoe.eu,false,
2021-01-29 11:00:00,Italy,North Italy,IT-NO,242.95,312.14,49.38,35.96,entsoe.eu,false,
2021-01-29 12:00:00,Italy,North Italy,IT-NO,242.19,310.12,49.23,34.74,entsoe.eu,false,
2021-01-29 13:00:00,Italy,North Italy,IT-NO,243.51,311.75,48.91,34.0,entsoe.eu,false,
2021-01-29 14:00:00,Italy,North Italy,IT-NO,238.92,304.66,50.19,33.85,entsoe.eu,false,
2021-01-29 15:00:00,Italy,North Italy,IT-NO,241.55,306.07,50.84,34.33,entsoe.eu,false,
2021-01-29 16:00:00,Italy,North Italy,IT-NO,240.7,303.4,52.6,36.57,entsoe.eu,false,
2021-01-29 17:00:00,Italy,North Italy,IT-NO,244.0,307.16,52.2,37.24,entsoe.eu,false,
2021-01-29 18:00:00,Italy,North Italy,IT-NO,232.85,295.98,52.6,36.11,entsoe.eu,false,
2021-01-29 19:00:00,Italy,North Italy,IT-NO,232.0,295.16,53.0,35.08,entsoe.eu,false,
2021-01-29 20:00:00,Italy,North Italy,IT-NO,236.04,298.54,52.77,33.87,entsoe.eu,false,
2021-01-29 21:00:00,Italy,North Italy,IT-NO,247.47,311.1,50.36,30.95,entsoe.eu,false,
2021-01-29 22:00:00,Italy,North Italy,IT-NO,254.63,319.81,48.89,31.19,entsoe.eu,false,
2021-01-29 23:00:00,Italy,North Italy,IT-NO,270.85,339.78,44.13,27.03,entsoe.eu,false,
2021-01-30 00:00:00,Italy,North Italy,IT-NO,268.82,336.21,44.47,28.57,entsoe.eu,false,
2021-01-30 01:00:00,Italy,North Italy,IT-NO,268.84,336.3,44.16,27.82,entsoe.eu,false,
2021-01-30 02:00:00,Italy,North Italy,IT-NO,280.13,351.07,41.21,26.22,entsoe.eu,false,
2021-01-30 03:00:00,Italy,North Italy,IT-NO,266.43,334.26,44.25,26.46,entsoe.eu,false,
2021-01-30 04:00:00,Italy,North Italy,IT-NO,273.19,343.21,42.66,25.0,entsoe.eu,false,
2021-01-30 05:00:00,Italy,North Italy,IT-NO,248.73,315.72,48.42,27.63,entsoe.eu,false,
2021-01-30 06:00:00,Italy,North Italy,IT-NO,241.96,306.27,50.29,29.15,entsoe.eu,false,
2021-01-30 07:00:00,Italy,North Italy,IT-NO,227.43,289.34,53.67,34.35,entsoe.eu,false,
2021-01-30 08:00:00,Italy,North Italy,IT-NO,205.98,264.16,57.75,39.46,entsoe.eu,false,
2021-01-30 09:00:00,Italy,North Italy,IT-NO,211.39,271.6,56.15,40.56,entsoe.eu,false,
2021-01-30 10:00:00,Italy,North Italy,IT-NO,218.15,281.88,54.31,42.14,entsoe.eu,false,
2021-01-30 11:00:00,Italy,North Italy,IT-NO,234.98,301.72,50.64,39.76,entsoe.eu,false,
2021-01-30 12:00:00,Italy,North Italy,IT-NO,254.11,324.36,46.42,34.67,entsoe.eu,false,
2021-01-30 13:00:00,Italy,North Italy,IT-NO,257.19,327.64,45.7,30.91,entsoe.eu,false,
2021-01-30 14:00:00,Italy,North Italy,IT-NO,256.59,327.4,45.67,28.9,entsoe.eu,false,
2021-01-30 15:00:00,Italy,North Italy,IT-NO,239.43,308.02,49.29,30.83,entsoe.eu,false,
2021-01-30 16:00:00,Italy,North Italy,IT-NO,214.87,277.31,55.16,36.8,entsoe.eu,false,
2021-01-30 17:00:00,Italy,North Italy,IT-NO,199.92,256.59,59.7,42.19,entsoe.eu,false,
2021-01-30 18:00:00,Italy,North Italy,IT-NO,209.61,265.9,59.36,40.94,entsoe.eu,false,
2021-01-30 19:00:00,Italy,North Italy,IT-NO,206.41,264.31,58.32,36.84,entsoe.eu,false,
2021-01-30 20:00:00,Italy,North Italy,IT-NO,226.36,285.6,54.76,31.64,entsoe.eu,false,
2021-01-30 21:00:00,Italy,North Italy,IT-NO,247.83,310.15,50.38,28.36,entsoe.eu,false,
2021-01-30 22:00:00,Italy,North Italy,IT-NO,253.47,316.82,48.85,28.69,entsoe.eu,false,
2021-01-30 23:00:00,Italy,North Italy,IT-NO,268.06,336.71,44.75,27.47,entsoe.eu,false,
2021-01-31 00:00:00,Italy,North Italy,IT-NO,256.41,325.3,47.05,32.74,entsoe.eu,false,
2021-01-31 01:00:00,Italy,North Italy,IT-NO,256.94,326.51,46.58,31.43,entsoe.eu,false,
2021-01-31 02:00:00,Italy,North Italy,IT-NO,268.27,339.87,43.78,30.59,entsoe.eu,false,
2021-01-31 03:00:00,Italy,North Italy,IT-NO,258.23,329.48,45.87,31.82,entsoe.eu,false,
2021-01-31 04:00:00,Italy,North Italy,IT-NO,261.3,334.32,44.85,30.88,entsoe.eu,false,
2021-01-31 05:00:00,Italy,North Italy,IT-NO,259.35,329.92,46.01,31.54,entsoe.eu,false,
2021-01-31 06:00:00,Italy,North Italy,IT-NO,249.71,316.86,48.78,31.7,entsoe.eu,false,
2021-01-31 07:00:00,Italy,North Italy,IT-NO,251.73,319.71,48.2,30.55,entsoe.eu,false,
2021-01-31 08:00:00,Italy,North Italy,IT-NO,250.29,321.71,47.5,32.89,entsoe.eu,false,
2021-01-31 09:00:00,Italy,North Italy,IT-NO,243.87,313.59,48.79,35.02,entsoe.eu,false,
2021-01-31 10:00:00,Italy,North Italy,IT-NO,255.21,326.73,46.4,33.62,entsoe.eu,false,
2021-01-31 11:00:00,Italy,North Italy,IT-NO,249.85,318.54,48.3,36.58,entsoe.eu,false,
2021-01-31 12:00:00,Italy,North Italy,IT-NO,245.83,313.58,49.01,36.05,entsoe.eu,false,
2021-01-31 13:00:00,Italy,North Italy,IT-NO,239.5,306.11,50.19,36.22,entsoe.eu,false,
2021-01-31 14:00:00,Italy,North Italy,IT-NO,252.43,323.04,46.95,33.3,entsoe.eu,false,
2021-01-31 15:00:00,Italy,North Italy,IT-NO,260.09,335.53,44.09,29.28,entsoe.eu,false,
2021-01-31 16:00:00,Italy,North Italy,IT-NO,248.95,322.06,46.3,32.36,entsoe.eu,false,
2021-01-31 17:00:00,Italy,North Italy,IT-NO,257.38,327.0,48.84,39.21,entsoe.eu,false,
2021-01-31 18:00:00,Italy,North Italy,IT-NO,247.16,316.22,47.63,33.98,entsoe.eu,false,
2021-01-31 19:00:00,Italy,North Italy,IT-NO,244.04,311.28,49.17,30.59,entsoe.eu,false,
2021-01-31 20:00:00,Italy,North Italy,IT-NO,253.52,321.73,46.83,26.43,entsoe.eu,false,
2021-01-31 21:00:00,Italy,North Italy,IT-NO,263.28,333.8,44.61,26.18,entsoe.eu,false,
2021-01-31 22:00:00,Italy,North Italy,IT-NO,262.85,331.9,45.35,28.96,entsoe.eu,false,
2021-01-31 23:00:00,Italy,North Italy,IT-NO,266.7,338.95,45.08,29.6,entsoe.eu,false,
2021-02-01 00:00:00,Italy,North Italy,IT-NO,281.79,356.25,41.55,28.68,entsoe.eu,false,
2021-02-01 01:00:00,Italy,North Italy,IT-NO,292.71,370.88,38.75,27.45,entsoe.eu,false,
2021-02-01 02:00:00,Italy,North Italy,IT-NO,279.83,355.08,41.58,27.53,entsoe.eu,false,
2021-02-01 03:00:00,Italy,North Italy,IT-NO,260.44,332.01,45.89,27.95,entsoe.eu,false,
2021-02-01 04:00:00,Italy,North Italy,IT-NO,255.63,324.19,46.98,25.62,entsoe.eu,false,
2021-02-01 05:00:00,Italy,North Italy,IT-NO,264.08,335.12,44.95,26.73,entsoe.eu,false,
2021-02-01 06:00:00,Italy,North Italy,IT-NO,252.14,321.51,47.18,31.88,entsoe.eu,false,
2021-02-01 07:00:00,Italy,North Italy,IT-NO,252.14,316.45,53.19,40.68,entsoe.eu,false,
2021-02-01 08:00:00,Italy,North Italy,IT-NO,244.64,307.06,53.33,41.86,entsoe.eu,false,
2021-02-01 09:00:00,Italy,North Italy,IT-NO,236.45,300.15,52.94,40.19,entsoe.eu,false,
2021-02-01 10:00:00,Italy,North Italy,IT-NO,241.76,309.08,49.91,37.46,entsoe.eu,false,
2021-02-01 11:00:00,Italy,North Italy,IT-NO,257.58,329.5,46.0,34.75,entsoe.eu,false,
2021-02-01 12:00:00,Italy,North Italy,IT-NO,268.36,341.86,44.06,32.29,entsoe.eu,false,
2021-02-01 13:00:00,Italy,North Italy,IT-NO,273.8,345.75,44.89,32.96,entsoe.eu,false,
2021-02-01 14:00:00,Italy,North Italy,IT-NO,270.07,341.89,45.98,33.61,entsoe.eu,false,
2021-02-01 15:00:00,Italy,North Italy,IT-NO,266.75,338.0,46.14,32.37,entsoe.eu,false,
2021-02-01 16:00:00,Italy,North Italy,IT-NO,261.52,331.98,47.27,34.28,entsoe.eu,false,
2021-02-01 17:00:00,Italy,North Italy,IT-NO,256.03,323.73,48.86,36.8,entsoe.eu,false,
2021-02-01 18:00:00,Italy,North Italy,IT-NO,243.31,309.45,50.34,36.12,entsoe.eu,false,
2021-02-01 19:00:00,Italy,North Italy,IT-NO,248.87,315.85,49.53,33.23,entsoe.eu,false,
2021-02-01 20:00:00,Italy,North Italy,IT-NO,259.7,328.46,47.7,28.7,entsoe.eu,false,
2021-02-01 21:00:00,Italy,North Italy,IT-NO,268.38,338.36,46.09,26.99,entsoe.eu,false,
2021-02-01 22:00:00,Italy,North Italy,IT-NO,284.55,353.39,44.24,25.68,entsoe.eu,false,
2021-02-01 23:00:00,Italy,North Italy,IT-NO,278.17,347.83,44.35,24.49,entsoe.eu,false,
2021-02-02 00:00:00,Italy,North Italy,IT-NO,278.84,349.22,43.83,24.3,entsoe.eu,false,
2021-02-02 01:00:00,Italy,North Italy,IT-NO,285.95,357.77,42.23,23.85,entsoe.eu,false,
2021-02-02 02:00:00,Italy,North Italy,IT-NO,279.29,350.41,43.39,24.37,entsoe.eu,false,
2021-02-02 03:00:00,Italy,North Italy,IT-NO,286.49,359.17,41.59,23.66,entsoe.eu,false,
2021-02-02 04:00:00,Italy,North Italy,IT-NO,284.6,356.98,42.5,23.41,entsoe.eu,false,
2021-02-02 05:00:00,Italy,North Italy,IT-NO,283.27,356.79,42.35,24.01,entsoe.eu,false,
2021-02-02 06:00:00,Italy,North Italy,IT-NO,268.27,338.3,45.33,29.73,entsoe.eu,false,
2021-02-02 07:00:00,Italy,North Italy,IT-NO,258.35,326.15,49.11,34.91,entsoe.eu,false,
2021-02-02 08:00:00,Italy,North Italy,IT-NO,264.07,332.74,48.69,36.56,entsoe.eu,false,
2021-02-02 09:00:00,Italy,North Italy,IT-NO,251.89,321.36,49.12,35.77,entsoe.eu,false,
2021-02-02 10:00:00,Italy,North Italy,IT-NO,268.39,340.11,45.93,33.77,entsoe.eu,false,
2021-02-02 11:00:00,Italy,North Italy,IT-NO,275.42,349.27,44.23,33.25,entsoe.eu,false,
2021-02-02 12:00:00,Italy,North Italy,IT-NO,276.13,349.62,43.28,31.22,entsoe.eu,false,
2021-02-02 13:00:00,Italy,North Italy,IT-NO,287.56,362.96,41.17,28.84,entsoe.eu,false,
2021-02-02 14:00:00,Italy,North Italy,IT-NO,280.84,353.65,43.09,28.24,entsoe.eu,false,
2021-02-02 15:00:00,Italy,North Italy,IT-NO,280.89,354.4,43.04,27.79,entsoe.eu,false,
2021-02-02 16:00:00,Italy,North Italy,IT-NO,267.27,336.36,47.02,32.63,entsoe.eu,false,
2021-02-02 17:00:00,Italy,North Italy,IT-NO,262.03,329.56,48.2,33.79,entsoe.eu,false,
2021-02-02 18:00:00,Italy,North Italy,IT-NO,265.27,334.83,46.9,32.51,entsoe.eu,false,
2021-02-02 19:00:00,Italy,North Italy,IT-NO,265.49,336.98,45.93,29.8,entsoe.eu,false,
2021-02-02 20:00:00,Italy,North Italy,IT-NO,265.07,336.88,45.58,27.57,entsoe.eu,false,
2021-02-02 21:00:00,Italy,North Italy,IT-NO,262.66,333.1,46.43,26.43,entsoe.eu,false,
2021-02-02 22:00:00,Italy,North Italy,IT-NO,258.93,325.69,47.74,27.04,entsoe.eu,false,
2021-02-02 23:00:00,Italy,North Italy,IT-NO,259.03,324.1,47.34,26.61,entsoe.eu,false,
2021-02-03 00:00:00,Italy,North Italy,IT-NO,264.27,329.83,46.23,25.04,entsoe.eu,false,
2021-02-03 01:00:00,Italy,North Italy,IT-NO,272.94,339.03,45.45,26.11,entsoe.eu,false,
2021-02-03 02:00:00,Italy,North Italy,IT-NO,273.61,342.97,44.87,26.18,entsoe.eu,false,
2021-02-03 03:00:00,Italy,North Italy,IT-NO,266.75,335.95,46.45,26.91,entsoe.eu,false,
2021-02-03 04:00:00,Italy,North Italy,IT-NO,266.28,336.99,45.28,24.97,entsoe.eu,false,
2021-02-03 05:00:00,Italy,North Italy,IT-NO,265.83,336.12,45.38,28.08,entsoe.eu,false,
2021-02-03 06:00:00,Italy,North Italy,IT-NO,261.12,327.94,47.85,31.91,entsoe.eu,false,
2021-02-03 07:00:00,Italy,North Italy,IT-NO,256.39,321.32,50.11,35.17,entsoe.eu,false,
2021-02-03 08:00:00,Italy,North Italy,IT-NO,254.56,320.34,49.18,34.78,entsoe.eu,false,
2021-02-03 09:00:00,Italy,North Italy,IT-NO,254.25,320.42,48.65,34.08,entsoe.eu,false,
2021-02-03 10:00:00,Italy,North Italy,IT-NO,256.0,323.42,47.68,33.62,entsoe.eu,false,
2021-02-03 11:00:00,Italy,North Italy,IT-NO,265.01,336.06,45.65,33.07,entsoe.eu,false,
2021-02-03 12:00:00,Italy,North Italy,IT-NO,264.25,335.36,45.75,32.89,entsoe.eu,false,
2021-02-03 13:00:00,Italy,North Italy,IT-NO,272.46,344.43,44.03,30.82,entsoe.eu,false,
2021-02-03 14:00:00,Italy,North Italy,IT-NO,274.61,346.17,44.78,31.66,entsoe.eu,false,
2021-02-03 15:00:00,Italy,North Italy,IT-NO,271.22,340.89,45.88,32.15,entsoe.eu,false,
2021-02-03 16:00:00,Italy,North Italy,IT-NO,268.46,337.57,46.03,32.45,entsoe.eu,false,
2021-02-03 17:00:00,Italy,North Italy,IT-NO,262.51,329.84,47.12,33.64,entsoe.eu,false,
2021-02-03 18:00:00,Italy,North Italy,IT-NO,259.24,325.28,48.36,34.63,entsoe.eu,false,
2021-02-03 19:00:00,Italy,North Italy,IT-NO,271.53,341.61,45.8,31.1,entsoe.eu,false,
2021-02-03 20:00:00,Italy,North Italy,IT-NO,273.16,344.3,45.05,30.17,entsoe.eu,false,
2021-02-03 21:00:00,Italy,North Italy,IT-NO,277.63,348.16,45.0,29.92,entsoe.eu,false,
2021-02-03 22:00:00,Italy,North Italy,IT-NO,281.16,353.29,44.72,29.69,entsoe.eu,false,
2021-02-03 23:00:00,Italy,North Italy,IT-NO,260.24,325.54,50.75,33.57,entsoe.eu,false,
2021-02-04 00:00:00,Italy,North Italy,IT-NO,271.22,340.28,47.11,30.79,entsoe.eu,false,
2021-02-04 01:00:00,Italy,North Italy,IT-NO,266.61,334.8,48.44,31.7,entsoe.eu,false,
2021-02-04 02:00:00,Italy,North Italy,IT-NO,272.02,340.44,46.68,29.58,entsoe.eu,false,
2021-02-04 03:00:00,Italy,North Italy,IT-NO,265.81,333.43,47.5,29.25,entsoe.eu,false,
2021-02-04 04:00:00,Italy,North Italy,IT-NO,267.17,333.9,47.68,28.87,entsoe.eu,false,
2021-02-04 05:00:00,Italy,North Italy,IT-NO,269.68,339.5,46.41,30.13,entsoe.eu,false,
2021-02-04 06:00:00,Italy,North Italy,IT-NO,282.88,355.2,43.3,29.89,entsoe.eu,false,
2021-02-04 07:00:00,Italy,North Italy,IT-NO,268.56,335.75,47.09,34.71,entsoe.eu,false,
2021-02-04 08:00:00,Italy,North Italy,IT-NO,272.42,340.03,49.63,38.09,entsoe.eu,false,
2021-02-04 09:00:00,Italy,North Italy,IT-NO,275.43,343.63,45.57,33.93,entsoe.eu,false,
2021-02-04 10:00:00,Italy,North Italy,IT-NO,280.84,349.16,45.07,33.96,entsoe.eu,false,
2021-02-04 11:00:00,Italy,North Italy,IT-NO,287.04,358.78,42.78,31.42,entsoe.eu,false,
2021-02-04 12:00:00,Italy,North Italy,IT-NO,282.98,354.58,43.6,30.58,entsoe.eu,false,
2021-02-04 13:00:00,Italy,North Italy,IT-NO,282.08,354.08,43.7,30.11,entsoe.eu,false,
2021-02-04 14:00:00,Italy,North Italy,IT-NO,273.61,344.62,45.12,29.79,entsoe.eu,false,
2021-02-04 15:00:00,Italy,North Italy,IT-NO,270.16,339.03,46.45,31.15,entsoe.eu,false,
2021-02-04 16:00:00,Italy,North Italy,IT-NO,273.54,339.87,48.09,35.23,entsoe.eu,false,
2021-02-04 17:00:00,Italy,North Italy,IT-NO,272.08,337.21,48.6,37.15,entsoe.eu,false,
2021-02-04 18:00:00,Italy,North Italy,IT-NO,257.95,323.06,48.92,35.37,entsoe.eu,false,
2021-02-04 19:00:00,Italy,North Italy,IT-NO,265.98,333.94,46.87,32.25,entsoe.eu,false,
2021-02-04 20:00:00,Italy,North Italy,IT-NO,272.71,342.96,45.03,28.71,entsoe.eu,false,
2021-02-04 21:00:00,Italy,North Italy,IT-NO,279.51,350.18,44.5,25.98,entsoe.eu,false,
2021-02-04 22:00:00,Italy,North Italy,IT-NO,276.15,347.82,45.02,26.43,entsoe.eu,false,
2021-02-04 23:00:00,Italy,North Italy,IT-NO,260.28,330.29,46.68,27.72,entsoe.eu,false,
2021-02-05 00:00:00,Italy,North Italy,IT-NO,266.74,336.01,45.58,25.9,entsoe.eu,false,
2021-02-05 01:00:00,Italy,North Italy,IT-NO,271.86,343.38,44.27,25.23,entsoe.eu,false,
2021-02-05 02:00:00,Italy,North Italy,IT-NO,266.16,336.53,45.19,25.01,entsoe.eu,false,
2021-02-05 03:00:00,Italy,North Italy,IT-NO,261.59,333.87,44.95,23.94,entsoe.eu,false,
2021-02-05 04:00:00,Italy,North Italy,IT-NO,268.43,341.29,43.65,24.34,entsoe.eu,false,
2021-02-05 05:00:00,Italy,North Italy,IT-NO,260.49,332.3,45.28,28.23,entsoe.eu,false,
2021-02-05 06:00:00,Italy,North Italy,IT-NO,263.41,331.35,47.71,34.65,entsoe.eu,false,
2021-02-05 07:00:00,Italy,North Italy,IT-NO,268.45,332.7,50.21,39.01,entsoe.eu,false,
2021-02-05 08:00:00,Italy,North Italy,IT-NO,261.95,326.7,50.51,39.78,entsoe.eu,false,
2021-02-05 09:00:00,Italy,North Italy,IT-NO,258.82,324.98,49.62,38.21,entsoe.eu,false,
2021-02-05 10:00:00,Italy,North Italy,IT-NO,259.18,326.73,48.42,36.38,entsoe.eu,false,
2021-02-05 11:00:00,Italy,North Italy,IT-NO,255.72,326.91,46.11,33.3,entsoe.eu,false,
2021-02-05 12:00:00,Italy,North Italy,IT-NO,254.85,325.9,45.7,31.89,entsoe.eu,false,
2021-02-05 13:00:00,Italy,North Italy,IT-NO,264.84,337.77,43.61,30.14,entsoe.eu,false,
2021-02-05 14:00:00,Italy,North Italy,IT-NO,275.44,349.66,42.36,29.44,entsoe.eu,false,
2021-02-05 15:00:00,Italy,North Italy,IT-NO,270.5,343.26,44.4,30.91,entsoe.eu,false,
2021-02-05 16:00:00,Italy,North Italy,IT-NO,261.32,329.93,47.98,34.53,entsoe.eu,false,
2021-02-05 17:00:00,Italy,North Italy,IT-NO,253.25,319.35,49.44,36.0,entsoe.eu,false,
2021-02-05 18:00:00,Italy,North Italy,IT-NO,252.22,320.36,48.31,35.06,entsoe.eu,false,
2021-02-05 19:00:00,Italy,North Italy,IT-NO,259.65,328.36,46.6,32.15,entsoe.eu,false,
2021-02-05 20:00:00,Italy,North Italy,IT-NO,266.25,336.57,45.43,30.02,entsoe.eu,false,
2021-02-05 21:00:00,Italy,North Italy,IT-NO,259.59,327.96,46.53,27.32,entsoe.eu,false,
2021-02-05 22:00:00,Italy,North Italy,IT-NO,255.66,323.93,47.12,28.05,entsoe.eu,false,
2021-02-05 23:00:00,Italy,North Italy,IT-NO,223.08,285.13,54.08,29.96,entsoe.eu,false,
2021-02-06 00:00:00,Italy,North Italy,IT-NO,214.26,272.95,56.58,30.28,entsoe.eu,false,
2021-02-06 01:00:00,Italy,North Italy,IT-NO,220.86,281.06,54.93,28.49,entsoe.eu,false,
2021-02-06 02:00:00,Italy,North Italy,IT-NO,220.16,282.37,54.25,27.31,entsoe.eu,false,
2021-02-06 03:00:00,Italy,North Italy,IT-NO,214.77,276.12,55.21,27.53,entsoe.eu,false,
2021-02-06 04:00:00,Italy,North Italy,IT-NO,218.18,280.78,54.2,27.69,entsoe.eu,false,
2021-02-06 05:00:00,Italy,North Italy,IT-NO,220.22,284.1,53.62,29.28,entsoe.eu,false,
2021-02-06 06:00:00,Italy,North Italy,IT-NO,213.64,273.34,55.86,33.83,entsoe.eu,false,
2021-02-06 07:00:00,Italy,North Italy,IT-NO,208.87,267.2,57.23,37.17,entsoe.eu,false,
2021-02-06 08:00:00,Italy,North Italy,IT-NO,223.83,283.65,56.09,39.39,entsoe.eu,false,
2021-02-06 09:00:00,Italy,North Italy,IT-NO,213.87,275.42,55.58,38.87,entsoe.eu,false,
2021-02-06 10:00:00,Italy,North Italy,IT-NO,216.09,278.4,55.1,39.92,entsoe.eu,false,
2021-02-06 11:00:00,Italy,North Italy,IT-NO,226.9,290.13,53.28,37.36,entsoe.eu,false,
2021-02-06 12:00:00,Italy,North Italy,IT-NO,224.22,286.32,54.09,37.16,entsoe.eu,false,
2021-02-06 13:00:00,Italy,North Italy,IT-NO,218.33,278.97,55.36,36.53,entsoe.eu,false,
2021-02-06 14:00:00,Italy,North Italy,IT-NO,230.89,295.66,51.86,32.29,entsoe.eu,false,
2021-02-06 15:00:00,Italy,North Italy,IT-NO,228.97,294.31,51.63,32.81,entsoe.eu,false,
2021-02-06 16:00:00,Italy,North Italy,IT-NO,208.43,268.56,56.59,37.89,entsoe.eu,false,
2021-02-06 17:00:00,Italy,North Italy,IT-NO,200.46,255.95,59.78,41.68,entsoe.eu,false,
2021-02-06 18:00:00,Italy,North Italy,IT-NO,201.86,258.17,60.21,42.4,entsoe.eu,false,
2021-02-06 19:00:00,Italy,North Italy,IT-NO,206.1,263.37,58.01,38.41,entsoe.eu,false,
2021-02-06 20:00:00,Italy,North Italy,IT-NO,219.0,278.29,55.7,35.04,entsoe.eu,false,
2021-02-06 21:00:00,Italy,North Italy,IT-NO,222.0,282.82,55.2,33.54,entsoe.eu,false,
2021-02-06 22:00:00,Italy,North Italy,IT-NO,227.56,286.33,54.98,35.44,entsoe.eu,false,
2021-02-06 23:00:00,Italy,North Italy,IT-NO,193.95,249.92,62.56,40.27,entsoe.eu,false,
2021-02-07 00:00:00,Italy,North Italy,IT-NO,203.02,258.27,61.01,39.27,entsoe.eu,false,
2021-02-07 01:00:00,Italy,North Italy,IT-NO,208.21,262.44,60.24,39.3,entsoe.eu,false,
2021-02-07 02:00:00,Italy,North Italy,IT-NO,200.39,252.89,61.39,38.49,entsoe.eu,false,
2021-02-07 03:00:00,Italy,North Italy,IT-NO,198.62,251.82,61.46,38.37,entsoe.eu,false,
2021-02-07 04:00:00,Italy,North Italy,IT-NO,200.61,253.77,61.1,37.48,entsoe.eu,false,
2021-02-07 05:00:00,Italy,North Italy,IT-NO,206.96,261.02,59.5,36.73,entsoe.eu,false,
2021-02-07 06:00:00,Italy,North Italy,IT-NO,204.26,261.14,59.63,38.13,entsoe.eu,false,
2021-02-07 07:00:00,Italy,North Italy,IT-NO,184.49,238.97,62.91,38.46,entsoe.eu,false,
2021-02-07 08:00:00,Italy,North Italy,IT-NO,176.56,230.37,64.17,40.28,entsoe.eu,false,
2021-02-07 09:00:00,Italy,North Italy,IT-NO,183.95,239.66,62.33,40.71,entsoe.eu,false,
2021-02-07 10:00:00,Italy,North Italy,IT-NO,181.9,238.25,63.09,43.61,entsoe.eu,false,
2021-02-07 11:00:00,Italy,North Italy,IT-NO,196.42,254.12,60.11,41.89,entsoe.eu,false,
2021-02-07 12:00:00,Italy,North Italy,IT-NO,191.99,249.36,61.07,41.91,entsoe.eu,false,
2021-02-07 13:00:00,Italy,North Italy,IT-NO,180.75,236.91,63.59,43.67,entsoe.eu,false,
2021-02-07 14:00:00,Italy,North Italy,IT-NO,187.61,243.55,62.32,40.14,entsoe.eu,false,
2021-02-07 15:00:00,Italy,North Italy,IT-NO,185.5,239.91,63.03,42.03,entsoe.eu,false,
2021-02-07 16:00:00,Italy,North Italy,IT-NO,215.36,275.71,56.28,37.11,entsoe.eu,false,
2021-02-07 17:00:00,Italy,North Italy,IT-NO,221.85,281.09,56.06,42.14,entsoe.eu,false,
2021-02-07 18:00:00,Italy,North Italy,IT-NO,211.01,267.18,59.34,44.0,entsoe.eu,false,
2021-02-07 19:00:00,Italy,North Italy,IT-NO,208.78,265.3,59.06,41.07,entsoe.eu,false,
2021-02-07 20:00:00,Italy,North Italy,IT-NO,218.51,276.23,57.05,37.77,entsoe.eu,false,
2021-02-07 21:00:00,Italy,North Italy,IT-NO,227.03,287.41,55.49,38.19,entsoe.eu,false,
2021-02-07 22:00:00,Italy,North Italy,IT-NO,244.06,310.45,51.85,39.12,entsoe.eu,false,
2021-02-07 23:00:00,Italy,North Italy,IT-NO,225.15,284.52,56.53,42.93,entsoe.eu,false,
2021-02-08 00:00:00,Italy,North Italy,IT-NO,232.76,292.5,55.34,42.34,entsoe.eu,false,
2021-02-08 01:00:00,Italy,North Italy,IT-NO,235.53,298.32,54.52,42.63,entsoe.eu,false,
2021-02-08 02:00:00,Italy,North Italy,IT-NO,228.03,288.75,56.14,42.73,entsoe.eu,false,
2021-02-08 03:00:00,Italy,North Italy,IT-NO,219.89,280.34,57.23,40.62,entsoe.eu,false,
2021-02-08 04:00:00,Italy,North Italy,IT-NO,238.52,301.5,53.17,37.34,entsoe.eu,false,
2021-02-08 05:00:00,Italy,North Italy,IT-NO,243.0,307.51,52.41,39.02,entsoe.eu,false,
2021-02-08 06:00:00,Italy,North Italy,IT-NO,257.73,322.14,51.89,41.76,entsoe.eu,false,
2021-02-08 07:00:00,Italy,North Italy,IT-NO,241.48,303.87,53.87,42.16,entsoe.eu,false,
2021-02-08 08:00:00,Italy,North Italy,IT-NO,240.23,302.56,55.07,46.01,entsoe.eu,false,
2021-02-08 09:00:00,Italy,North Italy,IT-NO,222.64,283.28,57.32,47.4,entsoe.eu,false,
2021-02-08 10:00:00,Italy,North Italy,IT-NO,218.25,279.7,57.1,46.83,entsoe.eu,false,
2021-02-08 11:00:00,Italy,North Italy,IT-NO,232.01,299.59,51.7,42.19,entsoe.eu,false,
2021-02-08 12:00:00,Italy,North Italy,IT-NO,226.97,291.92,53.74,43.36,entsoe.eu,false,
2021-02-08 13:00:00,Italy,North Italy,IT-NO,238.13,304.97,51.24,40.35,entsoe.eu,false,
2021-02-08 14:00:00,Italy,North Italy,IT-NO,250.88,320.03,48.39,37.05,entsoe.eu,false,
2021-02-08 15:00:00,Italy,North Italy,IT-NO,260.19,331.48,45.98,34.62,entsoe.eu,false,
2021-02-08 16:00:00,Italy,North Italy,IT-NO,262.87,333.86,46.37,35.15,entsoe.eu,false,
2021-02-08 17:00:00,Italy,North Italy,IT-NO,278.17,348.54,46.38,38.28,entsoe.eu,false,
2021-02-08 18:00:00,Italy,North Italy,IT-NO,272.55,343.45,46.12,37.52,entsoe.eu,false,
2021-02-08 19:00:00,Italy,North Italy,IT-NO,255.58,324.01,47.88,35.46,entsoe.eu,false,
2021-02-08 20:00:00,Italy,North Italy,IT-NO,264.7,333.32,46.7,32.51,entsoe.eu,false,
2021-02-08 21:00:00,Italy,North Italy,IT-NO,270.07,341.8,44.49,31.59,entsoe.eu,false,
2021-02-08 22:00:00,Italy,North Italy,IT-NO,269.84,339.17,45.25,31.87,entsoe.eu,false,
2021-02-08 23:00:00,Italy,North Italy,IT-NO,271.22,340.9,44.46,30.99,entsoe.eu,false,
2021-02-09 00:00:00,Italy,North Italy,IT-NO,275.41,345.69,43.41,30.99,entsoe.eu,false,
2021-02-09 01:00:00,Italy,North Italy,IT-NO,269.09,337.56,45.36,32.0,entsoe.eu,false,
2021-02-09 02:00:00,Italy,North Italy,IT-NO,277.52,348.04,42.66,28.35,entsoe.eu,false,
2021-02-09 03:00:00,Italy,North Italy,IT-NO,276.23,348.57,42.59,29.09,entsoe.eu,false,
2021-02-09 04:00:00,Italy,North Italy,IT-NO,285.23,358.86,41.17,26.71,entsoe.eu,false,
2021-02-09 05:00:00,Italy,North Italy,IT-NO,283.96,358.64,41.52,31.09,entsoe.eu,false,
2021-02-09 06:00:00,Italy,North Italy,IT-NO,295.01,368.88,40.89,33.25,entsoe.eu,false,
2021-02-09 07:00:00,Italy,North Italy,IT-NO,275.79,344.95,45.64,36.32,entsoe.eu,false,
2021-02-09 08:00:00,Italy,North Italy,IT-NO,280.6,352.11,44.29,36.78,entsoe.eu,false,
2021-02-09 09:00:00,Italy,North Italy,IT-NO,274.38,349.29,42.8,35.7,entsoe.eu,false,
2021-02-09 10:00:00,Italy,North Italy,IT-NO,264.71,338.35,44.83,37.92,entsoe.eu,false,
2021-02-09 11:00:00,Italy,North Italy,IT-NO,279.76,356.3,41.87,35.99,entsoe.eu,false,
2021-02-09 12:00:00,Italy,North Italy,IT-NO,276.79,352.71,41.72,34.17,entsoe.eu,false,
2021-02-09 13:00:00,Italy,North Italy,IT-NO,277.16,352.29,41.78,32.86,entsoe.eu,false,
2021-02-09 14:00:00,Italy,North Italy,IT-NO,279.1,353.7,41.66,31.97,entsoe.eu,false,
2021-02-09 15:00:00,Italy,North Italy,IT-NO,284.1,358.37,41.67,32.33,entsoe.eu,false,
2021-02-09 16:00:00,Italy,North Italy,IT-NO,288.89,361.85,42.87,34.09,entsoe.eu,false,
2021-02-09 17:00:00,Italy,North Italy,IT-NO,289.48,361.16,43.96,36.65,entsoe.eu,false,
2021-02-09 18:00:00,Italy,North Italy,IT-NO,278.93,352.73,42.68,34.05,entsoe.eu,false,
2021-02-09 19:00:00,Italy,North Italy,IT-NO,272.22,345.27,43.13,32.07,entsoe.eu,false,
2021-02-09 20:00:00,Italy,North Italy,IT-NO,260.79,331.17,46.01,32.32,entsoe.eu,false,
2021-02-09 21:00:00,Italy,North Italy,IT-NO,274.35,347.14,42.95,31.37,entsoe.eu,false,
2021-02-09 22:00:00,Italy,North Italy,IT-NO,280.74,353.4,41.97,29.99,entsoe.eu,false,
2021-02-09 23:00:00,Italy,North Italy,IT-NO,293.86,372.22,38.64,29.51,entsoe.eu,false,
2021-02-10 00:00:00,Italy,North Italy,IT-NO,304.74,386.52,35.12,27.27,entsoe.eu,false,
2021-02-10 01:00:00,Italy,North Italy,IT-NO,303.54,383.5,35.79,28.14,entsoe.eu,false,
2021-02-10 02:00:00,Italy,North Italy,IT-NO,303.04,382.43,35.95,27.41,entsoe.eu,false,
2021-02-10 03:00:00,Italy,North Italy,IT-NO,312.02,396.22,33.09,24.76,entsoe.eu,false,
2021-02-10 04:00:00,Italy,North Italy,IT-NO,312.47,394.84,33.53,24.93,entsoe.eu,false,
2021-02-10 05:00:00,Italy,North Italy,IT-NO,295.68,375.36,37.69,27.6,entsoe.eu,false,
2021-02-10 06:00:00,Italy,North Italy,IT-NO,302.52,382.95,37.0,29.21,entsoe.eu,false,
2021-02-10 07:00:00,Italy,North Italy,IT-NO,292.38,368.76,40.37,33.54,entsoe.eu,false,
2021-02-10 08:00:00,Italy,North Italy,IT-NO,287.62,364.21,41.05,35.15,entsoe.eu,false,
2021-02-10 09:00:00,Italy,North Italy,IT-NO,287.53,364.91,40.26,33.95,entsoe.eu,false,
2021-02-10 10:00:00,Italy,North Italy,IT-NO,292.29,368.34,41.24,35.01,entsoe.eu,false,
2021-02-10 11:00:00,Italy,North Italy,IT-NO,302.53,383.32,37.85,32.43,entsoe.eu,false,
2021-02-10 12:00:00,Italy,North Italy,IT-NO,293.85,375.4,37.0,30.7,entsoe.eu,false,
2021-02-10 13:00:00,Italy,North Italy,IT-NO,293.21,373.77,37.01,29.16,entsoe.eu,false,
2021-02-10 14:00:00,Italy,North Italy,IT-NO,294.95,375.33,36.77,28.57,entsoe.eu,false,
2021-02-10 15:00:00,Italy,North Italy,IT-NO,300.09,382.9,35.82,28.23,entsoe.eu,false,
2021-02-10 16:00:00,Italy,North Italy,IT-NO,313.59,396.44,34.87,29.66,entsoe.eu,false,
2021-02-10 17:00:00,Italy,North Italy,IT-NO,312.67,392.01,37.85,34.48,entsoe.eu,false,
2021-02-10 18:00:00,Italy,North Italy,IT-NO,314.72,395.78,35.62,31.99,entsoe.eu,false,
2021-02-10 19:00:00,Italy,North Italy,IT-NO,314.71,400.02,33.26,28.55,entsoe.eu,false,
2021-02-10 20:00:00,Italy,North Italy,IT-NO,311.58,393.71,33.83,28.12,entsoe.eu,false,
2021-02-10 21:00:00,Italy,North Italy,IT-NO,313.4,395.31,33.77,27.95,entsoe.eu,false,
2021-02-10 22:00:00,Italy,North Italy,IT-NO,318.87,402.34,32.71,26.6,entsoe.eu,false,
2021-02-10 23:00:00,Italy,North Italy,IT-NO,320.94,403.82,32.27,24.7,entsoe.eu,false,
2021-02-11 00:00:00,Italy,North Italy,IT-NO,323.97,407.3,31.55,25.38,entsoe.eu,false,
2021-02-11 01:00:00,Italy,North Italy,IT-NO,331.52,416.36,29.45,23.68,entsoe.eu,false,
2021-02-11 02:00:00,Italy,North Italy,IT-NO,326.52,410.49,30.32,23.86,entsoe.eu,false,
2021-02-11 03:00:00,Italy,North Italy,IT-NO,322.15,407.09,31.28,24.46,entsoe.eu,false,
2021-02-11 04:00:00,Italy,North Italy,IT-NO,328.8,414.33,29.81,24.19,entsoe.eu,false,
2021-02-11 05:00:00,Italy,North Italy,IT-NO,326.81,411.42,31.4,28.12,entsoe.eu,false,
2021-02-11 06:00:00,Italy,North Italy,IT-NO,335.76,417.26,34.76,32.67,entsoe.eu,false,
2021-02-11 07:00:00,Italy,North Italy,IT-NO,323.65,401.73,38.07,36.83,entsoe.eu,false,
2021-02-11 08:00:00,Italy,North Italy,IT-NO,314.36,394.52,37.49,36.95,entsoe.eu,false,
2021-02-11 09:00:00,Italy,North Italy,IT-NO,301.99,381.59,38.59,37.15,entsoe.eu,false,
2021-02-11 10:00:00,Italy,North Italy,IT-NO,289.8,368.56,39.85,37.89,entsoe.eu,false,
2021-02-11 11:00:00,Italy,North Italy,IT-NO,291.35,372.81,37.54,35.64,entsoe.eu,false,
2021-02-11 12:00:00,Italy,North Italy,IT-NO,293.3,374.68,37.11,34.26,entsoe.eu,false,
2021-02-11 13:00:00,Italy,North Italy,IT-NO,299.21,382.54,35.5,31.9,entsoe.eu,false,
2021-02-11 14:00:00,Italy,North Italy,IT-NO,307.99,391.69,34.04,29.85,entsoe.eu,false,
2021-02-11 15:00:00,Italy,North Italy,IT-NO,322.95,409.34,30.8,26.53,entsoe.eu,false,
2021-02-11 16:00:00,Italy,North Italy,IT-NO,333.28,415.53,33.73,31.93,entsoe.eu,false,
2021-02-11 17:00:00,Italy,North Italy,IT-NO,332.05,410.67,35.98,35.08,entsoe.eu,false,
2021-02-11 18:00:00,Italy,North Italy,IT-NO,333.66,414.39,34.6,33.11,entsoe.eu,false,
2021-02-11 19:00:00,Italy,North Italy,IT-NO,323.56,408.12,31.79,28.51,entsoe.eu,false,
2021-02-11 20:00:00,Italy,North Italy,IT-NO,325.75,411.87,30.03,25.11,entsoe.eu,false,
2021-02-11 21:00:00,Italy,North Italy,IT-NO,316.91,399.59,33.06,26.58,entsoe.eu,false,
2021-02-11 22:00:00,Italy,North Italy,IT-NO,309.47,390.92,35.08,27.94,entsoe.eu,false,
2021-02-11 23:00:00,Italy,North Italy,IT-NO,302.83,380.3,37.34,26.08,entsoe.eu,false,
2021-02-12 00:00:00,Italy,North Italy,IT-NO,301.75,381.17,37.39,26.37,entsoe.eu,false,
2021-02-12 01:00:00,Italy,North Italy,IT-NO,297.8,376.69,38.43,27.09,entsoe.eu,false,
2021-02-12 02:00:00,Italy,North Italy,IT-NO,298.07,375.67,38.31,26.75,entsoe.eu,false,
2021-02-12 03:00:00,Italy,North Italy,IT-NO,309.53,393.35,34.5,23.31,entsoe.eu,false,
2021-02-12 04:00:00,Italy,North Italy,IT-NO,309.34,392.79,34.64,24.64,entsoe.eu,false,
2021-02-12 05:00:00,Italy,North Italy,IT-NO,294.54,372.78,38.07,27.71,entsoe.eu,false,
2021-02-12 06:00:00,Italy,North Italy,IT-NO,296.64,375.46,37.78,30.26,entsoe.eu,false,
2021-02-12 07:00:00,Italy,North Italy,IT-NO,279.91,352.75,43.6,35.06,entsoe.eu,false,
2021-02-12 08:00:00,Italy,North Italy,IT-NO,280.44,355.36,41.91,34.25,entsoe.eu,false,
2021-02-12 09:00:00,Italy,North Italy,IT-NO,281.76,358.36,40.64,32.66,entsoe.eu,false,
2021-02-12 10:00:00,Italy,North Italy,IT-NO,279.53,357.66,40.37,32.36,entsoe.eu,false,
2021-02-12 11:00:00,Italy,North Italy,IT-NO,294.13,376.3,36.32,30.15,entsoe.eu,false,
2021-02-12 12:00:00,Italy,North Italy,IT-NO,288.77,369.21,37.7,29.35,entsoe.eu,false,
2021-02-12 13:00:00,Italy,North Italy,IT-NO,285.01,362.52,40.5,30.59,entsoe.eu,false,
2021-02-12 14:00:00,Italy,North Italy,IT-NO,278.86,355.98,40.63,29.87,entsoe.eu,false,
2021-02-12 15:00:00,Italy,North Italy,IT-NO,278.8,355.08,41.0,30.18,entsoe.eu,false,
2021-02-12 16:00:00,Italy,North Italy,IT-NO,275.73,351.05,42.25,32.39,entsoe.eu,false,
2021-02-12 17:00:00,Italy,North Italy,IT-NO,279.28,353.71,42.26,33.77,entsoe.eu,false,
2021-02-12 18:00:00,Italy,North Italy,IT-NO,285.53,361.91,40.55,33.22,entsoe.eu,false,
2021-02-12 19:00:00,Italy,North Italy,IT-NO,274.67,348.19,43.26,33.33,entsoe.eu,false,
2021-02-12 20:00:00,Italy,North Italy,IT-NO,280.86,357.4,41.73,30.58,entsoe.eu,false,
2021-02-12 21:00:00,Italy,North Italy,IT-NO,283.27,360.07,40.86,29.91,entsoe.eu,false,
2021-02-12 22:00:00,Italy,North Italy,IT-NO,276.23,356.04,41.59,30.16,entsoe.eu,false,
2021-02-12 23:00:00,Italy,North Italy,IT-NO,264.59,333.43,46.57,28.86,entsoe.eu,false,
2021-02-13 00:00:00,Italy,North Italy,IT-NO,261.04,328.85,47.47,28.69,entsoe.eu,false,
2021-02-13 01:00:00,Italy,North Italy,IT-NO,272.54,342.58,44.51,26.56,entsoe.eu,false,
2021-02-13 02:00:00,Italy,North Italy,IT-NO,266.4,334.72,45.95,26.67,entsoe.eu,false,
2021-02-13 03:00:00,Italy,North Italy,IT-NO,257.84,323.19,48.27,27.9,entsoe.eu,false,
2021-02-13 04:00:00,Italy,North Italy,IT-NO,264.66,330.55,46.99,26.83,entsoe.eu,false,
2021-02-13 05:00:00,Italy,North Italy,IT-NO,260.02,325.83,48.45,29.18,entsoe.eu,false,
2021-02-13 06:00:00,Italy,North Italy,IT-NO,265.07,333.09,47.1,29.93,entsoe.eu,false,
2021-02-13 07:00:00,Italy,North Italy,IT-NO,253.25,321.43,48.74,33.81,entsoe.eu,false,
2021-02-13 08:00:00,Italy,North Italy,IT-NO,244.78,307.38,52.65,39.99,entsoe.eu,false,
2021-02-13 09:00:00,Italy,North Italy,IT-NO,233.69,296.29,54.05,42.56,entsoe.eu,false,
2021-02-13 10:00:00,Italy,North Italy,IT-NO,224.66,286.4,55.2,44.15,entsoe.eu,false,
2021-02-13 11:00:00,Italy,North Italy,IT-NO,227.04,290.44,53.52,41.71,entsoe.eu,false,
2021-02-13 12:00:00,Italy,North Italy,IT-NO,221.44,284.49,54.9,42.07,entsoe.eu,false,
2021-02-13 13:00:00,Italy,North Italy,IT-NO,213.83,273.46,57.27,41.4,entsoe.eu,false,
2021-02-13 14:00:00,Italy,North Italy,IT-NO,223.96,286.35,54.71,38.39,entsoe.eu,false,
2021-02-13 15:00:00,Italy,North Italy,IT-NO,235.42,300.15,52.56,35.64,entsoe.eu,false,
2021-02-13 16:00:00,Italy,North Italy,IT-NO,247.66,314.77,50.09,36.09,entsoe.eu,false,
2021-02-13 17:00:00,Italy,North Italy,IT-NO,244.02,305.14,54.35,41.99,entsoe.eu,false,
2021-02-13 18:00:00,Italy,North Italy,IT-NO,250.35,312.9,52.84,40.43,entsoe.eu,false,
2021-02-13 19:00:00,Italy,North Italy,IT-NO,251.15,318.6,49.79,36.8,entsoe.eu,false,
2021-02-13 20:00:00,Italy,North Italy,IT-NO,278.17,350.53,42.99,30.9,entsoe.eu,false,
2021-02-13 21:00:00,Italy,North Italy,IT-NO,284.17,356.53,42.07,30.28,entsoe.eu,false,
2021-02-13 22:00:00,Italy,North Italy,IT-NO,289.76,364.69,40.8,30.31,entsoe.eu,false,
2021-02-13 23:00:00,Italy,North Italy,IT-NO,282.47,353.69,42.92,30.71,entsoe.eu,false,
2021-02-14 00:00:00,Italy,North Italy,IT-NO,277.77,346.78,44.4,32.04,entsoe.eu,false,
2021-02-14 01:00:00,Italy,North Italy,IT-NO,301.39,377.86,38.1,27.31,entsoe.eu,false,
2021-02-14 02:00:00,Italy,North Italy,IT-NO,299.43,376.89,38.18,27.14,entsoe.eu,false,
2021-02-14 03:00:00,Italy,North Italy,IT-NO,282.36,356.06,42.1,30.34,entsoe.eu,false,
2021-02-14 04:00:00,Italy,North Italy,IT-NO,281.67,356.69,42.36,30.33,entsoe.eu,false,
2021-02-14 05:00:00,Italy,North Italy,IT-NO,275.7,347.85,44.58,30.47,entsoe.eu,false,
2021-02-14 06:00:00,Italy,North Italy,IT-NO,271.11,339.07,45.82,29.59,entsoe.eu,false,
2021-02-14 07:00:00,Italy,North Italy,IT-NO,250.85,316.64,49.9,35.76,entsoe.eu,false,
2021-02-14 08:00:00,Italy,North Italy,IT-NO,231.17,297.76,52.75,42.58,entsoe.eu,false,
2021-02-14 09:00:00,Italy,North Italy,IT-NO,229.09,297.07,51.91,44.8,entsoe.eu,false,
2021-02-14 10:00:00,Italy,North Italy,IT-NO,205.76,268.71,56.71,49.96,entsoe.eu,false,
2021-02-14 11:00:00,Italy,North Italy,IT-NO,201.0,263.44,57.57,50.97,entsoe.eu,false,
2021-02-14 12:00:00,Italy,North Italy,IT-NO,182.81,241.01,62.06,54.04,entsoe.eu,false,
2021-02-14 13:00:00,Italy,North Italy,IT-NO,189.09,248.16,61.17,50.53,entsoe.eu,false,
2021-02-14 14:00:00,Italy,North Italy,IT-NO,204.16,264.57,58.55,44.66,entsoe.eu,false,
2021-02-14 15:00:00,Italy,North Italy,IT-NO,229.05,293.0,54.2,35.85,entsoe.eu,false,
2021-02-14 16:00:00,Italy,North Italy,IT-NO,243.89,312.05,50.11,33.43,entsoe.eu,false,
2021-02-14 17:00:00,Italy,North Italy,IT-NO,235.43,299.77,53.15,37.8,entsoe.eu,false,
2021-02-14 18:00:00,Italy,North Italy,IT-NO,229.68,291.43,55.03,40.97,entsoe.eu,false,
2021-02-14 19:00:00,Italy,North Italy,IT-NO,234.11,296.77,54.71,39.29,entsoe.eu,false,
2021-02-14 20:00:00,Italy,North Italy,IT-NO,248.21,315.38,50.39,33.9,entsoe.eu,false,
2021-02-14 21:00:00,Italy,North Italy,IT-NO,269.66,341.91,45.74,32.28,entsoe.eu,false,
2021-02-14 22:00:00,Italy,North Italy,IT-NO,278.64,351.38,44.02,32.33,entsoe.eu,false,
2021-02-14 23:00:00,Italy,North Italy,IT-NO,286.83,359.83,42.65,30.6,entsoe.eu,false,
2021-02-15 00:00:00,Italy,North Italy,IT-NO,297.5,374.09,39.61,28.63,entsoe.eu,false,
2021-02-15 01:00:00,Italy,North Italy,IT-NO,307.76,387.56,37.19,27.29,entsoe.eu,false,
2021-02-15 02:00:00,Italy,North Italy,IT-NO,312.04,393.49,35.83,25.48,entsoe.eu,false,
2021-02-15 03:00:00,Italy,North Italy,IT-NO,303.75,384.91,37.52,25.99,entsoe.eu,false,
2021-02-15 04:00:00,Italy,North Italy,IT-NO,298.23,377.16,38.88,27.03,entsoe.eu,false,
2021-02-15 05:00:00,Italy,North Italy,IT-NO,284.44,359.98,41.97,27.74,entsoe.eu,false,
2021-02-15 06:00:00,Italy,North Italy,IT-NO,277.82,350.68,44.17,32.03,entsoe.eu,false,
2021-02-15 07:00:00,Italy,North Italy,IT-NO,266.29,334.16,48.97,39.1,entsoe.eu,false,
2021-02-15 08:00:00,Italy,North Italy,IT-NO,241.24,306.55,51.86,40.65,entsoe.eu,false,
2021-02-15 09:00:00,Italy,North Italy,IT-NO,232.36,296.48,53.07,41.93,entsoe.eu,false,
2021-02-15 10:00:00,Italy,North Italy,IT-NO,226.59,289.41,55.12,43.05,entsoe.eu,false,
2021-02-15 11:00:00,Italy,North Italy,IT-NO,238.25,304.04,52.26,41.73,entsoe.eu,false,
2021-02-15 12:00:00,Italy,North Italy,IT-NO,240.13,306.17,52.25,40.08,entsoe.eu,false,
2021-02-15 13:00:00,Italy,North Italy,IT-NO,256.62,324.72,49.08,35.81,entsoe.eu,false,
2021-02-15 14:00:00,Italy,North Italy,IT-NO,271.15,342.8,45.78,32.17,entsoe.eu,false,
2021-02-15 15:00:00,Italy,North Italy,IT-NO,269.11,336.97,48.37,34.7,entsoe.eu,false,
2021-02-15 16:00:00,Italy,North Italy,IT-NO,260.79,322.85,53.37,39.65,entsoe.eu,false,
2021-02-15 17:00:00,Italy,North Italy,IT-NO,253.63,314.02,54.46,41.53,entsoe.eu,false,
2021-02-15 18:00:00,Italy,North Italy,IT-NO,252.56,313.45,54.17,41.83,entsoe.eu,false,
2021-02-15 19:00:00,Italy,North Italy,IT-NO,253.66,315.4,53.29,39.68,entsoe.eu,false,
2021-02-15 20:00:00,Italy,North Italy,IT-NO,279.64,347.05,47.07,33.2,entsoe.eu,false,
2021-02-15 21:00:00,Italy,North Italy,IT-NO,280.66,351.35,44.05,28.58,entsoe.eu,false,
2021-02-15 22:00:00,Italy,North Italy,IT-NO,289.57,361.22,42.56,26.66,entsoe.eu,false,
2021-02-15 23:00:00,Italy,North Italy,IT-NO,275.12,342.7,46.41,26.49,entsoe.eu,false,
2021-02-16 00:00:00,Italy,North Italy,IT-NO,270.0,336.64,47.06,25.71,entsoe.eu,false,
2021-02-16 01:00:00,Italy,North Italy,IT-NO,277.58,345.31,44.93,23.88,entsoe.eu,false,
2021-02-16 02:00:00,Italy,North Italy,IT-NO,273.34,342.12,45.54,23.85,entsoe.eu,false,
2021-02-16 03:00:00,Italy,North Italy,IT-NO,268.88,337.9,46.27,24.21,entsoe.eu,false,
2021-02-16 04:00:00,Italy,North Italy,IT-NO,268.45,339.17,45.75,24.92,entsoe.eu,false,
2021-02-16 05:00:00,Italy,North Italy,IT-NO,271.67,343.47,45.17,28.34,entsoe.eu,false,
2021-02-16 06:00:00,Italy,North Italy,IT-NO,272.94,344.29,45.35,30.75,entsoe.eu,false,
2021-02-16 07:00:00,Italy,North Italy,IT-NO,262.47,327.66,50.73,38.56,entsoe.eu,false,
2021-02-16 08:00:00,Italy,North Italy,IT-NO,249.41,315.45,51.22,39.37,entsoe.eu,false,
2021-02-16 09:00:00,Italy,North Italy,IT-NO,250.33,316.9,51.52,39.75,entsoe.eu,false,
2021-02-16 10:00:00,Italy,North Italy,IT-NO,251.83,321.77,49.23,38.38,entsoe.eu,false,
2021-02-16 11:00:00,Italy,North Italy,IT-NO,254.43,327.26,47.59,36.78,entsoe.eu,false,
2021-02-16 12:00:00,Italy,North Italy,IT-NO,243.82,312.35,50.97,37.93,entsoe.eu,false,
2021-02-16 13:00:00,Italy,North Italy,IT-NO,262.21,335.33,46.49,34.36,entsoe.eu,false,
2021-02-16 14:00:00,Italy,North Italy,IT-NO,265.35,336.36,47.03,33.29,entsoe.eu,false,
2021-02-16 15:00:00,Italy,North Italy,IT-NO,268.95,339.9,46.25,32.02,entsoe.eu,false,
2021-02-16 16:00:00,Italy,North Italy,IT-NO,268.32,337.63,47.95,34.39,entsoe.eu,false,
2021-02-16 17:00:00,Italy,North Italy,IT-NO,267.19,333.83,49.92,37.81,entsoe.eu,false,
2021-02-16 18:00:00,Italy,North Italy,IT-NO,261.67,328.25,50.18,39.15,entsoe.eu,false,
2021-02-16 19:00:00,Italy,North Italy,IT-NO,259.24,324.66,50.16,36.69,entsoe.eu,false,
2021-02-16 20:00:00,Italy,North Italy,IT-NO,263.87,331.79,48.21,32.52,entsoe.eu,false,
2021-02-16 21:00:00,Italy,North Italy,IT-NO,277.76,349.48,45.0,28.3,entsoe.eu,false,
2021-02-16 22:00:00,Italy,North Italy,IT-NO,281.9,354.04,44.2,25.93,entsoe.eu,false,
2021-02-16 23:00:00,Italy,North Italy,IT-NO,257.78,323.88,50.51,28.62,entsoe.eu,false,
2021-02-17 00:00:00,Italy,North Italy,IT-NO,261.74,327.52,49.57,27.53,entsoe.eu,false,
2021-02-17 01:00:00,Italy,North Italy,IT-NO,267.78,334.27,48.03,26.51,entsoe.eu,false,
2021-02-17 02:00:00,Italy,North Italy,IT-NO,272.87,340.7,46.31,25.32,entsoe.eu,false,
2021-02-17 03:00:00,Italy,North Italy,IT-NO,277.23,349.32,44.77,24.07,entsoe.eu,false,
2021-02-17 04:00:00,Italy,North Italy,IT-NO,274.62,348.22,44.49,25.22,entsoe.eu,false,
2021-02-17 05:00:00,Italy,North Italy,IT-NO,281.49,352.19,45.67,30.39,entsoe.eu,false,
2021-02-17 06:00:00,Italy,North Italy,IT-NO,290.66,360.56,45.93,33.44,entsoe.eu,false,
2021-02-17 07:00:00,Italy,North Italy,IT-NO,285.44,353.0,48.72,38.35,entsoe.eu,false,
2021-02-17 08:00:00,Italy,North Italy,IT-NO,275.38,343.45,49.09,37.64,entsoe.eu,false,
2021-02-17 09:00:00,Italy,North Italy,IT-NO,263.56,334.4,47.23,34.3,entsoe.eu,false,
2021-02-17 10:00:00,Italy,North Italy,IT-NO,253.91,323.5,48.89,35.26,entsoe.eu,false,
2021-02-17 11:00:00,Italy,North Italy,IT-NO,256.37,327.75,47.95,34.34,entsoe.eu,false,
2021-02-17 12:00:00,Italy,North Italy,IT-NO,247.49,316.46,50.04,34.93,entsoe.eu,false,
2021-02-17 13:00:00,Italy,North Italy,IT-NO,253.41,323.37,48.53,33.61,entsoe.eu,false,
2021-02-17 14:00:00,Italy,North Italy,IT-NO,268.17,340.92,45.65,31.97,entsoe.eu,false,
2021-02-17 15:00:00,Italy,North Italy,IT-NO,272.48,341.52,47.95,34.52,entsoe.eu,false,
2021-02-17 16:00:00,Italy,North Italy,IT-NO,270.93,337.67,49.21,35.35,entsoe.eu,false,
2021-02-17 17:00:00,Italy,North Italy,IT-NO,267.04,332.53,50.34,37.78,entsoe.eu,false,
2021-02-17 18:00:00,Italy,North Italy,IT-NO,269.26,335.81,49.54,37.49,entsoe.eu,false,
2021-02-17 19:00:00,Italy,North Italy,IT-NO,267.51,335.79,47.93,32.73,entsoe.eu,false,
2021-02-17 20:00:00,Italy,North Italy,IT-NO,271.99,343.75,44.76,29.14,entsoe.eu,false,
2021-02-17 21:00:00,Italy,North Italy,IT-NO,270.92,341.99,45.39,27.7,entsoe.eu,false,
2021-02-17 22:00:00,Italy,North Italy,IT-NO,279.31,352.86,43.22,25.6,entsoe.eu,false,
2021-02-17 23:00:00,Italy,North Italy,IT-NO,266.59,336.16,46.66,24.93,entsoe.eu,false,
2021-02-18 00:00:00,Italy,North Italy,IT-NO,261.19,326.53,48.83,25.82,entsoe.eu,false,
2021-02-18 01:00:00,Italy,North Italy,IT-NO,262.07,328.02,48.02,24.5,entsoe.eu,false,
2021-02-18 02:00:00,Italy,North Italy,IT-NO,270.16,342.63,44.43,22.97,entsoe.eu,false,
2021-02-18 03:00:00,Italy,North Italy,IT-NO,268.93,342.38,44.23,22.66,entsoe.eu,false,
2021-02-18 04:00:00,Italy,North Italy,IT-NO,274.94,349.5,42.68,22.73,entsoe.eu,false,
2021-02-18 05:00:00,Italy,North Italy,IT-NO,275.31,350.57,42.67,26.35,entsoe.eu,false,
2021-02-18 06:00:00,Italy,North Italy,IT-NO,268.33,340.83,45.28,30.41,entsoe.eu,false,
2021-02-18 07:00:00,Italy,North Italy,IT-NO,256.04,321.04,52.09,38.6,entsoe.eu,false,
2021-02-18 08:00:00,Italy,North Italy,IT-NO,251.09,317.38,51.81,39.14,entsoe.eu,false,
2021-02-18 09:00:00,Italy,North Italy,IT-NO,249.12,318.3,49.58,36.96,entsoe.eu,false,
2021-02-18 10:00:00,Italy,North Italy,IT-NO,248.91,318.11,49.48,36.23,entsoe.eu,false,
2021-02-18 11:00:00,Italy,North Italy,IT-NO,255.53,327.49,47.41,34.54,entsoe.eu,false,
2021-02-18 12:00:00,Italy,North Italy,IT-NO,251.17,321.28,48.65,34.27,entsoe.eu,false,
2021-02-18 13:00:00,Italy,North Italy,IT-NO,267.83,341.68,44.63,31.06,entsoe.eu,false,
2021-02-18 14:00:00,Italy,North Italy,IT-NO,268.51,342.51,44.3,29.78,entsoe.eu,false,
2021-02-18 15:00:00,Italy,North Italy,IT-NO,267.7,341.31,44.48,30.7,entsoe.eu,false,
2021-02-18 16:00:00,Italy,North Italy,IT-NO,269.9,342.56,45.0,32.03,entsoe.eu,false,
2021-02-18 17:00:00,Italy,North Italy,IT-NO,268.56,336.57,48.54,37.77,entsoe.eu,false,
2021-02-18 18:00:00,Italy,North Italy,IT-NO,267.44,337.0,47.72,37.86,entsoe.eu,false,
2021-02-18 19:00:00,Italy,North Italy,IT-NO,259.51,329.46,47.28,34.56,entsoe.eu,false,
2021-02-18 20:00:00,Italy,North Italy,IT-NO,260.94,330.84,46.71,31.39,entsoe.eu,false,
2021-02-18 21:00:00,Italy,North Italy,IT-NO,265.97,336.13,46.12,29.13,entsoe.eu,false,
2021-02-18 22:00:00,Italy,North Italy,IT-NO,262.11,330.91,47.02,28.72,entsoe.eu,false,
2021-02-18 23:00:00,Italy,North Italy,IT-NO,259.79,327.93,47.46,27.96,entsoe.eu,false,
2021-02-19 00:00:00,Italy,North Italy,IT-NO,260.96,328.71,47.62,27.58,entsoe.eu,false,
2021-02-19 01:00:00,Italy,North Italy,IT-NO,270.36,338.86,45.7,26.54,entsoe.eu,false,
2021-02-19 02:00:00,Italy,North Italy,IT-NO,271.06,341.94,44.87,25.38,entsoe.eu,false,
2021-02-19 03:00:00,Italy,North Italy,IT-NO,265.7,336.34,45.57,24.4,entsoe.eu,false,
2021-02-19 04:00:00,Italy,North Italy,IT-NO,277.9,352.21,42.53,23.66,entsoe.eu,false,
2021-02-19 05:00:00,Italy,North Italy,IT-NO,277.97,353.84,41.56,26.13,entsoe.eu,false,
2021-02-19 06:00:00,Italy,North Italy,IT-NO,265.37,338.21,45.31,32.11,entsoe.eu,false,
2021-02-19 07:00:00,Italy,North Italy,IT-NO,265.76,332.65,49.58,38.22,entsoe.eu,false,
2021-02-19 08:00:00,Italy,North Italy,IT-NO,263.05,329.93,49.92,38.77,entsoe.eu,false,
2021-02-19 09:00:00,Italy,North Italy,IT-NO,262.97,335.22,46.12,35.35,entsoe.eu,false,
2021-02-19 10:00:00,Italy,North Italy,IT-NO,259.19,332.43,45.73,34.61,entsoe.eu,false,
2021-02-19 11:00:00,Italy,North Italy,IT-NO,258.65,331.17,45.97,33.58,entsoe.eu,false,
2021-02-19 12:00:00,Italy,North Italy,IT-NO,254.72,326.4,46.62,32.75,entsoe.eu,false,
2021-02-19 13:00:00,Italy,North Italy,IT-NO,250.58,321.71,46.92,32.34,entsoe.eu,false,
2021-02-19 14:00:00,Italy,North Italy,IT-NO,260.1,332.78,45.16,30.47,entsoe.eu,false,
2021-02-19 15:00:00,Italy,North Italy,IT-NO,265.34,337.26,44.74,30.29,entsoe.eu,false,
2021-02-19 16:00:00,Italy,North Italy,IT-NO,269.86,340.13,46.41,33.66,entsoe.eu,false,
2021-02-19 17:00:00,Italy,North Italy,IT-NO,254.83,322.73,48.73,34.74,entsoe.eu,false,
2021-02-19 18:00:00,Italy,North Italy,IT-NO,261.84,331.29,46.88,33.04,entsoe.eu,false,
2021-02-19 19:00:00,Italy,North Italy,IT-NO,253.69,321.64,47.9,31.17,entsoe.eu,false,
2021-02-19 20:00:00,Italy,North Italy,IT-NO,256.88,325.6,46.9,28.35,entsoe.eu,false,
2021-02-19 21:00:00,Italy,North Italy,IT-NO,257.37,326.34,47.18,27.08,entsoe.eu,false,
2021-02-19 22:00:00,Italy,North Italy,IT-NO,258.63,328.34,46.8,26.69,entsoe.eu,false,
2021-02-19 23:00:00,Italy,North Italy,IT-NO,244.77,310.78,49.94,26.73,entsoe.eu,false,
2021-02-20 00:00:00,Italy,North Italy,IT-NO,233.02,293.39,53.3,27.85,entsoe.eu,false,
2021-02-20 01:00:00,Italy,North Italy,IT-NO,237.3,301.25,51.17,26.07,entsoe.eu,false,
2021-02-20 02:00:00,Italy,North Italy,IT-NO,227.38,290.36,53.21,26.9,entsoe.eu,false,
2021-02-20 03:00:00,Italy,North Italy,IT-NO,222.85,285.17,54.21,26.89,entsoe.eu,false,
2021-02-20 04:00:00,Italy,North Italy,IT-NO,234.94,299.58,51.63,25.7,entsoe.eu,false,
2021-02-20 05:00:00,Italy,North Italy,IT-NO,237.56,303.36,50.89,26.5,entsoe.eu,false,
2021-02-20 06:00:00,Italy,North Italy,IT-NO,231.65,297.04,51.72,30.05,entsoe.eu,false,
2021-02-20 07:00:00,Italy,North Italy,IT-NO,221.21,283.14,55.9,36.32,entsoe.eu,false,
2021-02-20 08:00:00,Italy,North Italy,IT-NO,213.54,275.78,56.1,36.55,entsoe.eu,false,
2021-02-20 09:00:00,Italy,North Italy,IT-NO,204.43,265.67,58.08,37.56,entsoe.eu,false,
2021-02-20 10:00:00,Italy,North Italy,IT-NO,197.15,257.79,59.19,39.04,entsoe.eu,false,
2021-02-20 11:00:00,Italy,North Italy,IT-NO,185.43,243.41,61.95,41.37,entsoe.eu,false,
2021-02-20 12:00:00,Italy,North Italy,IT-NO,175.53,231.17,64.19,41.74,entsoe.eu,false,
2021-02-20 13:00:00,Italy,North Italy,IT-NO,174.66,229.28,64.6,41.73,entsoe.eu,false,
2021-02-20 14:00:00,Italy,North Italy,IT-NO,190.41,248.28,61.07,38.05,entsoe.eu,false,
2021-02-20 15:00:00,Italy,North Italy,IT-NO,207.83,267.05,57.84,34.9,entsoe.eu,false,
2021-02-20 16:00:00,Italy,North Italy,IT-NO,218.05,279.14,55.7,35.39,entsoe.eu,false,
2021-02-20 17:00:00,Italy,North Italy,IT-NO,224.38,281.11,58.08,39.86,entsoe.eu,false,
2021-02-20 18:00:00,Italy,North Italy,IT-NO,223.71,281.32,58.02,40.36,entsoe.eu,false,
2021-02-20 19:00:00,Italy,North Italy,IT-NO,216.31,276.2,57.33,37.4,entsoe.eu,false,
2021-02-20 20:00:00,Italy,North Italy,IT-NO,220.5,283.26,55.07,32.73,entsoe.eu,false,
2021-02-20 21:00:00,Italy,North Italy,IT-NO,231.71,295.52,52.22,29.83,entsoe.eu,false,
2021-02-20 22:00:00,Italy,North Italy,IT-NO,236.44,300.83,51.76,29.14,entsoe.eu,false,
2021-02-20 23:00:00,Italy,North Italy,IT-NO,214.15,275.56,56.62,30.73,entsoe.eu,false,
2021-02-21 00:00:00,Italy,North Italy,IT-NO,210.52,271.07,57.62,30.7,entsoe.eu,false,
2021-02-21 01:00:00,Italy,North Italy,IT-NO,208.49,267.15,58.54,30.91,entsoe.eu,false,
2021-02-21 02:00:00,Italy,North Italy,IT-NO,203.12,259.88,59.83,30.54,entsoe.eu,false,
2021-02-21 03:00:00,Italy,North Italy,IT-NO,207.52,264.99,58.73,29.11,entsoe.eu,false,
2021-02-21 04:00:00,Italy,North Italy,IT-NO,210.27,267.03,58.1,28.54,entsoe.eu,false,
2021-02-21 05:00:00,Italy,North Italy,IT-NO,213.13,271.95,57.36,29.17,entsoe.eu,false,
2021-02-21 06:00:00,Italy,North Italy,IT-NO,216.25,274.1,56.34,29.26,entsoe.eu,false,
2021-02-21 07:00:00,Italy,North Italy,IT-NO,196.01,254.41,60.8,36.5,entsoe.eu,false,
2021-02-21 08:00:00,Italy,North Italy,IT-NO,167.45,220.15,67.33,42.3,entsoe.eu,false,
2021-02-21 09:00:00,Italy,North Italy,IT-NO,160.98,213.62,68.31,44.98,entsoe.eu,false,
2021-02-21 10:00:00,Italy,North Italy,IT-NO,159.17,211.78,68.79,46.82,entsoe.eu,false,
2021-02-21 11:00:00,Italy,North Italy,IT-NO,161.58,215.95,68.25,48.26,entsoe.eu,false,
2021-02-21 12:00:00,Italy,North Italy,IT-NO,156.23,210.38,69.4,49.58,entsoe.eu,false,
2021-02-21 13:00:00,Italy,North Italy,IT-NO,156.34,209.89,69.16,47.21,entsoe.eu,false,
2021-02-21 14:00:00,Italy,North Italy,IT-NO,165.51,219.0,67.23,42.04,entsoe.eu,false,
2021-02-21 15:00:00,Italy,North Italy,IT-NO,203.89,262.6,59.01,33.99,entsoe.eu,false,
2021-02-21 16:00:00,Italy,North Italy,IT-NO,221.0,285.68,54.43,32.21,entsoe.eu,false,
2021-02-21 17:00:00,Italy,North Italy,IT-NO,212.06,273.93,56.7,36.92,entsoe.eu,false,
2021-02-21 18:00:00,Italy,North Italy,IT-NO,210.28,268.71,59.31,41.25,entsoe.eu,false,
2021-02-21 19:00:00,Italy,North Italy,IT-NO,209.94,269.29,58.21,37.59,entsoe.eu,false,
2021-02-21 20:00:00,Italy,North Italy,IT-NO,222.48,284.88,55.05,32.44,entsoe.eu,false,
2021-02-21 21:00:00,Italy,North Italy,IT-NO,231.4,294.08,53.82,30.06,entsoe.eu,false,
2021-02-21 22:00:00,Italy,North Italy,IT-NO,227.06,286.95,55.96,30.3,entsoe.eu,false,
2021-02-21 23:00:00,Italy,North Italy,IT-NO,218.08,278.19,57.01,28.86,entsoe.eu,false,
2021-02-22 00:00:00,Italy,North Italy,IT-NO,223.62,286.85,55.05,28.25,entsoe.eu,false,
2021-02-22 01:00:00,Italy,North Italy,IT-NO,230.6,296.13,53.22,27.51,entsoe.eu,false,
2021-02-22 02:00:00,Italy,North Italy,IT-NO,231.64,298.37,52.51,26.51,entsoe.eu,false,
2021-02-22 03:00:00,Italy,North Italy,IT-NO,234.22,301.74,51.44,24.83,entsoe.eu,false,
2021-02-22 04:00:00,Italy,North Italy,IT-NO,252.76,322.97,47.95,23.48,entsoe.eu,false,
2021-02-22 05:00:00,Italy,North Italy,IT-NO,257.48,328.46,46.76,27.87,entsoe.eu,false,
2021-02-22 06:00:00,Italy,North Italy,IT-NO,268.81,342.1,43.8,28.88,entsoe.eu,false,
2021-02-22 07:00:00,Italy,North Italy,IT-NO,268.86,336.34,47.83,37.08,entsoe.eu,false,
2021-02-22 08:00:00,Italy,North Italy,IT-NO,272.8,344.25,44.58,33.59,entsoe.eu,false,
2021-02-22 09:00:00,Italy,North Italy,IT-NO,275.04,349.48,42.64,32.21,entsoe.eu,false,
2021-02-22 10:00:00,Italy,North Italy,IT-NO,278.8,354.5,42.34,31.35,entsoe.eu,false,
2021-02-22 11:00:00,Italy,North Italy,IT-NO,273.8,349.07,43.6,31.33,entsoe.eu,false,
2021-02-22 12:00:00,Italy,North Italy,IT-NO,270.55,345.32,44.21,32.56,entsoe.eu,false,
2021-02-22 13:00:00,Italy,North Italy,IT-NO,280.89,356.82,42.51,30.44,entsoe.eu,false,
2021-02-22 14:00:00,Italy,North Italy,IT-NO,289.43,366.12,40.99,28.06,entsoe.eu,false,
2021-02-22 15:00:00,Italy,North Italy,IT-NO,289.94,366.5,40.75,28.16,entsoe.eu,false,
2021-02-22 16:00:00,Italy,North Italy,IT-NO,283.46,358.12,43.45,33.18,entsoe.eu,false,
2021-02-22 17:00:00,Italy,North Italy,IT-NO,274.03,344.99,45.95,36.24,entsoe.eu,false,
2021-02-22 18:00:00,Italy,North Italy,IT-NO,280.21,352.23,45.18,36.41,entsoe.eu,false,
2021-02-22 19:00:00,Italy,North Italy,IT-NO,277.46,349.81,44.23,33.76,entsoe.eu,false,
2021-02-22 20:00:00,Italy,North Italy,IT-NO,292.39,369.84,40.15,26.39,entsoe.eu,false,
2021-02-22 21:00:00,Italy,North Italy,IT-NO,292.65,369.47,40.41,25.07,entsoe.eu,false,
2021-02-22 22:00:00,Italy,North Italy,IT-NO,296.99,374.18,39.55,24.9,entsoe.eu,false,
2021-02-22 23:00:00,Italy,North Italy,IT-NO,304.18,382.96,38.85,23.52,entsoe.eu,false,
2021-02-23 00:00:00,Italy,North Italy,IT-NO,303.94,384.92,38.22,21.84,entsoe.eu,false,
2021-02-23 01:00:00,Italy,North Italy,IT-NO,299.02,377.72,39.11,21.57,entsoe.eu,false,
2021-02-23 02:00:00,Italy,North Italy,IT-NO,297.37,377.6,38.86,21.05,entsoe.eu,false,
2021-02-23 03:00:00,Italy,North Italy,IT-NO,295.86,375.36,39.1,21.12,entsoe.eu,false,
2021-02-23 04:00:00,Italy,North Italy,IT-NO,299.29,379.97,38.04,20.26,entsoe.eu,false,
2021-02-23 05:00:00,Italy,North Italy,IT-NO,290.55,366.48,40.75,25.36,entsoe.eu,false,
2021-02-23 06:00:00,Italy,North Italy,IT-NO,290.84,361.74,43.81,33.21,entsoe.eu,false,
2021-02-23 07:00:00,Italy,North Italy,IT-NO,277.57,344.23,48.68,39.88,entsoe.eu,false,
2021-02-23 08:00:00,Italy,North Italy,IT-NO,266.11,335.85,46.72,37.12,entsoe.eu,false,
2021-02-23 09:00:00,Italy,North Italy,IT-NO,262.68,333.74,46.73,36.21,entsoe.eu,false,
2021-02-23 10:00:00,Italy,North Italy,IT-NO,258.96,330.07,47.34,36.32,entsoe.eu,false,
2021-02-23 11:00:00,Italy,North Italy,IT-NO,259.24,330.77,47.14,36.4,entsoe.eu,false,
2021-02-23 12:00:00,Italy,North Italy,IT-NO,243.7,311.58,50.64,38.54,entsoe.eu,false,
2021-02-23 13:00:00,Italy,North Italy,IT-NO,262.43,335.06,46.09,34.39,entsoe.eu,false,
2021-02-23 14:00:00,Italy,North Italy,IT-NO,269.93,343.27,44.5,31.75,entsoe.eu,false,
2021-02-23 15:00:00,Italy,North Italy,IT-NO,273.32,345.82,44.24,32.53,entsoe.eu,false,
2021-02-23 16:00:00,Italy,North Italy,IT-NO,277.95,350.45,44.35,33.54,entsoe.eu,false,
2021-02-23 17:00:00,Italy,North Italy,IT-NO,276.42,345.16,47.08,36.44,entsoe.eu,false,
2021-02-23 18:00:00,Italy,North Italy,IT-NO,280.47,352.7,45.33,35.75,entsoe.eu,false,
2021-02-23 19:00:00,Italy,North Italy,IT-NO,268.16,337.97,47.43,36.45,entsoe.eu,false,
2021-02-23 20:00:00,Italy,North Italy,IT-NO,274.45,348.0,43.77,29.15,entsoe.eu,false,
2021-02-23 21:00:00,Italy,North Italy,IT-NO,274.24,349.17,43.95,27.11,entsoe.eu,false,
2021-02-23 22:00:00,Italy,North Italy,IT-NO,271.43,345.11,44.75,27.47,entsoe.eu,false,
2021-02-23 23:00:00,Italy,North Italy,IT-NO,271.33,345.3,44.48,24.87,entsoe.eu,false,
2021-02-24 00:00:00,Italy,North Italy,IT-NO,267.13,338.72,45.71,26.56,entsoe.eu,false,
2021-02-24 01:00:00,Italy,North Italy,IT-NO,267.23,338.45,45.66,25.79,entsoe.eu,false,
2021-02-24 02:00:00,Italy,North Italy,IT-NO,261.44,332.77,46.94,26.39,entsoe.eu,false,
2021-02-24 03:00:00,Italy,North Italy,IT-NO,268.6,340.53,45.67,26.66,entsoe.eu,false,
2021-02-24 04:00:00,Italy,North Italy,IT-NO,288.78,365.93,40.52,23.79,entsoe.eu,false,
2021-02-24 05:00:00,Italy,North Italy,IT-NO,304.35,384.19,36.72,24.01,entsoe.eu,false,
2021-02-24 06:00:00,Italy,North Italy,IT-NO,293.92,370.93,40.55,29.49,entsoe.eu,false,
2021-02-24 07:00:00,Italy,North Italy,IT-NO,275.61,345.43,46.89,37.58,entsoe.eu,false,
2021-02-24 08:00:00,Italy,North Italy,IT-NO,264.0,334.09,47.86,38.05,entsoe.eu,false,
2021-02-24 09:00:00,Italy,North Italy,IT-NO,252.71,323.34,48.54,38.19,entsoe.eu,false,
2021-02-24 10:00:00,Italy,North Italy,IT-NO,248.66,318.92,49.63,40.21,entsoe.eu,false,
2021-02-24 11:00:00,Italy,North Italy,IT-NO,247.57,318.34,49.65,41.13,entsoe.eu,false,
2021-02-24 12:00:00,Italy,North Italy,IT-NO,243.25,312.9,50.87,40.42,entsoe.eu,false,
2021-02-24 13:00:00,Italy,North Italy,IT-NO,263.81,337.51,45.87,35.6,entsoe.eu,false,
2021-02-24 14:00:00,Italy,North Italy,IT-NO,275.37,351.56,43.32,33.57,entsoe.eu,false,
2021-02-24 15:00:00,Italy,North Italy,IT-NO,295.92,370.41,42.43,32.5,entsoe.eu,false,
2021-02-24 16:00:00,Italy,North Italy,IT-NO,292.34,366.99,42.53,33.12,entsoe.eu,false,
2021-02-24 17:00:00,Italy,North Italy,IT-NO,281.58,351.36,46.87,37.55,entsoe.eu,false,
2021-02-24 18:00:00,Italy,North Italy,IT-NO,277.69,348.59,46.07,36.68,entsoe.eu,false,
2021-02-24 19:00:00,Italy,North Italy,IT-NO,273.22,343.06,46.8,34.77,entsoe.eu,false,
2021-02-24 20:00:00,Italy,North Italy,IT-NO,282.74,357.47,42.14,28.18,entsoe.eu,false,
2021-02-24 21:00:00,Italy,North Italy,IT-NO,283.58,360.24,41.12,25.08,entsoe.eu,false,
2021-02-24 22:00:00,Italy,North Italy,IT-NO,277.32,350.98,43.54,26.39,entsoe.eu,false,
2021-02-24 23:00:00,Italy,North Italy,IT-NO,281.81,354.91,43.51,24.95,entsoe.eu,false,
2021-02-25 00:00:00,Italy,North Italy,IT-NO,299.15,374.09,40.06,22.64,entsoe.eu,false,
2021-02-25 01:00:00,Italy,North Italy,IT-NO,296.45,370.0,40.8,23.12,entsoe.eu,false,
2021-02-25 02:00:00,Italy,North Italy,IT-NO,303.97,380.56,38.36,22.32,entsoe.eu,false,
2021-02-25 03:00:00,Italy,North Italy,IT-NO,301.44,379.41,38.4,21.65,entsoe.eu,false,
2021-02-25 04:00:00,Italy,North Italy,IT-NO,316.26,398.23,34.7,20.94,entsoe.eu,false,
2021-02-25 05:00:00,Italy,North Italy,IT-NO,289.35,362.54,42.6,30.91,entsoe.eu,false,
2021-02-25 06:00:00,Italy,North Italy,IT-NO,285.97,355.34,45.82,36.57,entsoe.eu,false,
2021-02-25 07:00:00,Italy,North Italy,IT-NO,275.31,339.61,50.41,43.06,entsoe.eu,false,
2021-02-25 08:00:00,Italy,North Italy,IT-NO,254.06,321.34,50.42,41.64,entsoe.eu,false,
2021-02-25 09:00:00,Italy,North Italy,IT-NO,255.97,326.17,49.05,40.8,entsoe.eu,false,
2021-02-25 10:00:00,Italy,North Italy,IT-NO,253.8,324.44,48.73,39.9,entsoe.eu,false,
2021-02-25 11:00:00,Italy,North Italy,IT-NO,263.58,337.4,46.23,39.65,entsoe.eu,false,
2021-02-25 12:00:00,Italy,North Italy,IT-NO,251.9,321.9,49.68,41.24,entsoe.eu,false,
2021-02-25 13:00:00,Italy,North Italy,IT-NO,258.69,330.23,47.59,38.13,entsoe.eu,false,
2021-02-25 14:00:00,Italy,North Italy,IT-NO,268.06,339.44,46.24,35.45,entsoe.eu,false,
2021-02-25 15:00:00,Italy,North Italy,IT-NO,274.7,347.18,44.98,34.21,entsoe.eu,false,
2021-02-25 16:00:00,Italy,North Italy,IT-NO,279.99,347.93,47.19,37.79,entsoe.eu,false,
2021-02-25 17:00:00,Italy,North Italy,IT-NO,271.52,337.27,49.41,40.59,entsoe.eu,false,
2021-02-25 18:00:00,Italy,North Italy,IT-NO,278.84,346.65,47.51,40.66,entsoe.eu,false,
2021-02-25 19:00:00,Italy,North Italy,IT-NO,270.31,337.55,47.94,38.95,entsoe.eu,false,
2021-02-25 20:00:00,Italy,North Italy,IT-NO,282.11,356.8,41.82,28.94,entsoe.eu,false,
2021-02-25 21:00:00,Italy,North Italy,IT-NO,279.43,354.78,42.32,26.36,entsoe.eu,false,
2021-02-25 22:00:00,Italy,North Italy,IT-NO,283.75,359.02,41.83,25.41,entsoe.eu,false,
2021-02-25 23:00:00,Italy,North Italy,IT-NO,286.37,360.66,41.87,23.9,entsoe.eu,false,
2021-02-26 00:00:00,Italy,North Italy,IT-NO,292.72,369.21,39.47,21.11,entsoe.eu,false,
2021-02-26 01:00:00,Italy,North Italy,IT-NO,281.66,355.36,42.04,22.17,entsoe.eu,false,
2021-02-26 02:00:00,Italy,North Italy,IT-NO,284.76,360.14,40.7,21.67,entsoe.eu,false,
2021-02-26 03:00:00,Italy,North Italy,IT-NO,285.81,362.07,40.14,21.3,entsoe.eu,false,
2021-02-26 04:00:00,Italy,North Italy,IT-NO,295.06,375.87,37.31,21.09,entsoe.eu,false,
2021-02-26 05:00:00,Italy,North Italy,IT-NO,271.01,345.27,41.99,29.27,entsoe.eu,false,
2021-02-26 06:00:00,Italy,North Italy,IT-NO,256.91,326.42,46.63,36.19,entsoe.eu,false,
2021-02-26 07:00:00,Italy,North Italy,IT-NO,250.16,317.1,49.51,41.36,entsoe.eu,false,
2021-02-26 08:00:00,Italy,North Italy,IT-NO,242.38,311.42,49.29,40.53,entsoe.eu,false,
2021-02-26 09:00:00,Italy,North Italy,IT-NO,238.11,309.21,49.45,39.81,entsoe.eu,false,
2021-02-26 10:00:00,Italy,North Italy,IT-NO,235.0,305.17,50.84,41.76,entsoe.eu,false,
2021-02-26 11:00:00,Italy,North Italy,IT-NO,234.32,305.14,50.77,41.83,entsoe.eu,false,
2021-02-26 12:00:00,Italy,North Italy,IT-NO,232.45,302.73,51.24,41.92,entsoe.eu,false,
2021-02-26 13:00:00,Italy,North Italy,IT-NO,239.52,311.21,49.73,39.76,entsoe.eu,false,
2021-02-26 14:00:00,Italy,North Italy,IT-NO,251.41,324.79,46.84,36.17,entsoe.eu,false,
2021-02-26 15:00:00,Italy,North Italy,IT-NO,264.86,337.35,44.97,33.88,entsoe.eu,false,
2021-02-26 16:00:00,Italy,North Italy,IT-NO,269.1,337.96,47.3,37.3,entsoe.eu,false,
2021-02-26 17:00:00,Italy,North Italy,IT-NO,260.05,324.15,51.18,41.3,entsoe.eu,false,
2021-02-26 18:00:00,Italy,North Italy,IT-NO,263.78,328.74,50.14,42.35,entsoe.eu,false,
2021-02-26 19:00:00,Italy,North Italy,IT-NO,261.2,328.95,48.0,38.59,entsoe.eu,false,
2021-02-26 20:00:00,Italy,North Italy,IT-NO,269.61,343.47,43.43,32.27,entsoe.eu,false,
2021-02-26 21:00:00,Italy,North Italy,IT-NO,280.88,357.07,41.53,29.02,entsoe.eu,false,
2021-02-26 22:00:00,Italy,North Italy,IT-NO,287.22,364.07,40.05,27.52,entsoe.eu,false,
2021-02-26 23:00:00,Italy,North Italy,IT-NO,258.67,329.79,46.5,31.37,entsoe.eu,false,
2021-02-27 00:00:00,Italy,North Italy,IT-NO,258.0,328.33,46.57,30.25,entsoe.eu,false,
2021-02-27 01:00:00,Italy,North Italy,IT-NO,264.14,336.09,44.54,27.76,entsoe.eu,false,
2021-02-27 02:00:00,Italy,North Italy,IT-NO,265.13,337.65,44.23,27.34,entsoe.eu,false,
2021-02-27 03:00:00,Italy,North Italy,IT-NO,265.56,337.56,44.29,26.98,entsoe.eu,false,
2021-02-27 04:00:00,Italy,North Italy,IT-NO,264.69,336.89,44.5,27.47,entsoe.eu,false,
2021-02-27 05:00:00,Italy,North Italy,IT-NO,262.13,328.94,46.99,32.54,entsoe.eu,false,
2021-02-27 06:00:00,Italy,North Italy,IT-NO,259.75,328.46,47.12,34.08,entsoe.eu,false,
2021-02-27 07:00:00,Italy,North Italy,IT-NO,244.58,314.03,48.96,36.89,entsoe.eu,false,
2021-02-27 08:00:00,Italy,North Italy,IT-NO,232.16,299.12,51.71,40.73,entsoe.eu,false,
2021-02-27 09:00:00,Italy,North Italy,IT-NO,219.72,286.03,53.5,41.22,entsoe.eu,false,
2021-02-27 10:00:00,Italy,North Italy,IT-NO,197.27,258.48,59.3,45.27,entsoe.eu,false,
2021-02-27 11:00:00,Italy,North Italy,IT-NO,188.46,246.85,61.27,48.66,entsoe.eu,false,
2021-02-27 12:00:00,Italy,North Italy,IT-NO,182.39,240.87,62.17,51.03,entsoe.eu,false,
2021-02-27 13:00:00,Italy,North Italy,IT-NO,191.01,251.24,60.19,47.29,entsoe.eu,false,
2021-02-27 14:00:00,Italy,North Italy,IT-NO,205.12,267.31,57.06,41.78,entsoe.eu,false,
2021-02-27 15:00:00,Italy,North Italy,IT-NO,242.96,311.94,48.58,33.79,entsoe.eu,false,
2021-02-27 16:00:00,Italy,North Italy,IT-NO,257.59,327.92,47.19,35.66,entsoe.eu,false,
2021-02-27 17:00:00,Italy,North Italy,IT-NO,236.04,299.83,52.28,38.85,entsoe.eu,false,
2021-02-27 18:00:00,Italy,North Italy,IT-NO,239.13,301.77,53.4,41.52,entsoe.eu,false,
2021-02-27 19:00:00,Italy,North Italy,IT-NO,232.56,296.24,53.34,38.63,entsoe.eu,false,
2021-02-27 20:00:00,Italy,North Italy,IT-NO,250.95,319.98,47.77,32.32,entsoe.eu,false,
2021-02-27 21:00:00,Italy,North Italy,IT-NO,270.05,345.04,43.2,30.17,entsoe.eu,false,
2021-02-27 22:00:00,Italy,North Italy,IT-NO,271.17,343.77,44.37,30.79,entsoe.eu,false,
2021-02-27 23:00:00,Italy,North Italy,IT-NO,240.1,304.62,51.67,33.61,entsoe.eu,false,
2021-02-28 00:00:00,Italy,North Italy,IT-NO,231.54,294.79,53.93,34.64,entsoe.eu,false,
2021-02-28 01:00:00,Italy,North Italy,IT-NO,219.46,278.07,57.57,38.57,entsoe.eu,false,
2021-02-28 02:00:00,Italy,North Italy,IT-NO,227.2,289.83,55.59,38.01,entsoe.eu,false,
2021-02-28 03:00:00,Italy,North Italy,IT-NO,224.57,287.04,56.03,38.61,entsoe.eu,false,
2021-02-28 04:00:00,Italy,North Italy,IT-NO,231.74,296.64,53.91,36.72,entsoe.eu,false,
2021-02-28 05:00:00,Italy,North Italy,IT-NO,221.94,283.83,55.68,38.9,entsoe.eu,false,
2021-02-28 06:00:00,Italy,North Italy,IT-NO,204.08,262.08,60.24,45.03,entsoe.eu,false,
2021-02-28 07:00:00,Italy,North Italy,IT-NO,185.73,241.16,63.33,51.91,entsoe.eu,false,
2021-02-28 08:00:00,Italy,North Italy,IT-NO,165.62,217.02,67.58,59.79,entsoe.eu,false,
2021-02-28 09:00:00,Italy,North Italy,IT-NO,145.85,195.87,71.5,64.35,entsoe.eu,false,
2021-02-28 10:00:00,Italy,North Italy,IT-NO,154.39,207.22,69.29,63.49,entsoe.eu,false,
2021-02-28 11:00:00,Italy,North Italy,IT-NO,165.54,221.41,66.27,61.13,entsoe.eu,false,
2021-02-28 12:00:00,Italy,North Italy,IT-NO,168.73,226.07,65.59,61.8,entsoe.eu,false,
2021-02-28 13:00:00,Italy,North Italy,IT-NO,175.54,233.96,63.89,56.67,entsoe.eu,false,
2021-02-28 14:00:00,Italy,North Italy,IT-NO,188.11,249.54,61.2,51.53,entsoe.eu,false,
2021-02-28 15:00:00,Italy,North Italy,IT-NO,197.38,257.96,59.67,43.82,entsoe.eu,false,
2021-02-28 16:00:00,Italy,North Italy,IT-NO,240.12,310.06,49.87,36.08,entsoe.eu,false,
2021-02-28 17:00:00,Italy,North Italy,IT-NO,247.52,319.45,47.76,35.39,entsoe.eu,false,
2021-02-28 18:00:00,Italy,North Italy,IT-NO,255.73,329.1,46.33,36.78,entsoe.eu,false,
2021-02-28 19:00:00,Italy,North Italy,IT-NO,235.4,301.29,51.98,37.21,entsoe.eu,false,
2021-02-28 20:00:00,Italy,North Italy,IT-NO,248.2,318.03,48.73,31.79,entsoe.eu,false,
2021-02-28 21:00:00,Italy,North Italy,IT-NO,265.91,338.86,44.82,29.55,entsoe.eu,false,
2021-02-28 22:00:00,Italy,North Italy,IT-NO,268.74,340.56,45.34,30.05,entsoe.eu,false,
2021-02-28 23:00:00,Italy,North Italy,IT-NO,269.81,344.27,44.29,28.95,entsoe.eu,false,
2021-03-01 00:00:00,Italy,North Italy,IT-NO,288.09,367.9,39.95,27.96,entsoe.eu,false,
2021-03-01 01:00:00,Italy,North Italy,IT-NO,304.56,387.16,36.34,26.22,entsoe.eu,false,
2021-03-01 02:00:00,Italy,North Italy,IT-NO,307.25,390.34,35.24,25.44,entsoe.eu,false,
2021-03-01 03:00:00,Italy,North Italy,IT-NO,310.72,395.31,34.24,24.59,entsoe.eu,false,
2021-03-01 04:00:00,Italy,North Italy,IT-NO,307.66,391.99,34.29,23.31,entsoe.eu,false,
2021-03-01 05:00:00,Italy,North Italy,IT-NO,278.79,356.07,40.4,29.27,entsoe.eu,false,
2021-03-01 06:00:00,Italy,North Italy,IT-NO,280.71,351.48,45.43,38.74,entsoe.eu,false,
2021-03-01 07:00:00,Italy,North Italy,IT-NO,250.39,314.87,51.94,44.71,entsoe.eu,false,
2021-03-01 08:00:00,Italy,North Italy,IT-NO,242.61,313.54,48.64,41.88,entsoe.eu,false,
2021-03-01 09:00:00,Italy,North Italy,IT-NO,237.29,307.51,49.53,41.85,entsoe.eu,false,
2021-03-01 10:00:00,Italy,North Italy,IT-NO,238.72,309.51,49.72,42.0,entsoe.eu,false,
2021-03-01 11:00:00,Italy,North Italy,IT-NO,238.05,309.84,49.4,41.53,entsoe.eu,false,
2021-03-01 12:00:00,Italy,North Italy,IT-NO,230.54,300.03,51.6,41.7,entsoe.eu,false,
2021-03-01 13:00:00,Italy,North Italy,IT-NO,249.74,321.95,47.38,37.55,entsoe.eu,false,
2021-03-01 14:00:00,Italy,North Italy,IT-NO,253.49,326.89,46.23,35.65,entsoe.eu,false,
2021-03-01 15:00:00,Italy,North Italy,IT-NO,262.33,333.8,46.57,35.83,entsoe.eu,false,
2021-03-01 16:00:00,Italy,North Italy,IT-NO,267.67,338.34,46.57,37.3,entsoe.eu,false,
2021-03-01 17:00:00,Italy,North Italy,IT-NO,274.37,340.21,48.53,40.51,entsoe.eu,false,
2021-03-01 18:00:00,Italy,North Italy,IT-NO,272.69,338.21,48.96,41.87,entsoe.eu,false,
2021-03-01 19:00:00,Italy,North Italy,IT-NO,268.65,336.65,47.71,38.11,entsoe.eu,false,
2021-03-01 20:00:00,Italy,North Italy,IT-NO,287.64,367.01,39.01,27.76,entsoe.eu,false,
2021-03-01 21:00:00,Italy,North Italy,IT-NO,283.46,361.95,40.62,27.16,entsoe.eu,false,
2021-03-01 22:00:00,Italy,North Italy,IT-NO,287.27,364.99,40.16,26.41,entsoe.eu,false,
2021-03-01 23:00:00,Italy,North Italy,IT-NO,282.46,355.82,42.94,28.31,entsoe.eu,false,
2021-03-02 00:00:00,Italy,North Italy,IT-NO,279.05,352.77,43.82,27.55,entsoe.eu,false,
2021-03-02 01:00:00,Italy,North Italy,IT-NO,286.65,361.48,42.47,26.45,entsoe.eu,false,
2021-03-02 02:00:00,Italy,North Italy,IT-NO,300.36,380.8,38.07,23.28,entsoe.eu,false,
2021-03-02 03:00:00,Italy,North Italy,IT-NO,308.24,391.53,35.3,21.03,entsoe.eu,false,
2021-03-02 04:00:00,Italy,North Italy,IT-NO,306.72,390.32,35.36,22.57,entsoe.eu,false,
2021-03-02 05:00:00,Italy,North Italy,IT-NO,277.5,354.75,40.33,29.44,entsoe.eu,false,
2021-03-02 06:00:00,Italy,North Italy,IT-NO,269.11,344.03,42.13,34.09,entsoe.eu,false,
2021-03-02 07:00:00,Italy,North Italy,IT-NO,252.21,322.02,47.5,39.99,entsoe.eu,false,
2021-03-02 08:00:00,Italy,North Italy,IT-NO,255.89,328.29,46.51,39.5,entsoe.eu,false,
2021-03-02 09:00:00,Italy,North Italy,IT-NO,247.07,318.92,48.98,41.99,entsoe.eu,false,
2021-03-02 10:00:00,Italy,North Italy,IT-NO,238.03,308.37,51.21,44.03,entsoe.eu,false,
2021-03-02 11:00:00,Italy,North Italy,IT-NO,235.45,306.18,51.11,45.07,entsoe.eu,false,
2021-03-02 12:00:00,Italy,North Italy,IT-NO,232.46,300.99,52.52,44.81,entsoe.eu,false,
2021-03-02 13:00:00,Italy,North Italy,IT-NO,241.31,312.54,50.24,41.08,entsoe.eu,false,
2021-03-02 14:00:00,Italy,North Italy,IT-NO,252.83,325.9,47.45,36.86,entsoe.eu,false,
2021-03-02 15:00:00,Italy,North Italy,IT-NO,268.75,343.99,43.17,31.43,entsoe.eu,false,
2021-03-02 16:00:00,Italy,North Italy,IT-NO,269.91,345.56,42.41,32.24,entsoe.eu,false,
2021-03-02 17:00:00,Italy,North Italy,IT-NO,278.48,348.24,46.25,37.5,entsoe.eu,false,
2021-03-02 18:00:00,Italy,North Italy,IT-NO,277.06,343.55,47.56,40.34,entsoe.eu,false,
2021-03-02 19:00:00,Italy,North Italy,IT-NO,265.72,331.59,48.81,40.13,entsoe.eu,false,
2021-03-02 20:00:00,Italy,North Italy,IT-NO,270.68,342.07,44.05,32.6,entsoe.eu,false,
2021-03-02 21:00:00,Italy,North Italy,IT-NO,287.79,362.49,40.94,28.52,entsoe.eu,false,
2021-03-02 22:00:00,Italy,North Italy,IT-NO,305.28,384.13,37.44,24.76,entsoe.eu,false,
2021-03-02 23:00:00,Italy,North Italy,IT-NO,301.2,380.13,38.21,25.12,entsoe.eu,false,
2021-03-03 00:00:00,Italy,North Italy,IT-NO,299.48,377.18,39.18,23.61,entsoe.eu,false,
2021-03-03 01:00:00,Italy,North Italy,IT-NO,308.43,389.23,36.48,21.92,entsoe.eu,false,
2021-03-03 02:00:00,Italy,North Italy,IT-NO,298.98,377.51,38.75,22.35,entsoe.eu,false,
2021-03-03 03:00:00,Italy,North Italy,IT-NO,303.64,384.23,36.9,21.01,entsoe.eu,false,
2021-03-03 04:00:00,Italy,North Italy,IT-NO,301.69,383.88,36.44,22.28,entsoe.eu,false,
2021-03-03 05:00:00,Italy,North Italy,IT-NO,267.89,341.61,43.61,32.08,entsoe.eu,false,
2021-03-03 06:00:00,Italy,North Italy,IT-NO,266.33,338.37,44.78,36.55,entsoe.eu,false,
2021-03-03 07:00:00,Italy,North Italy,IT-NO,262.47,332.25,47.13,40.2,entsoe.eu,false,
2021-03-03 08:00:00,Italy,North Italy,IT-NO,259.92,333.16,45.16,38.42,entsoe.eu,false,
2021-03-03 09:00:00,Italy,North Italy,IT-NO,262.51,337.37,44.36,37.89,entsoe.eu,false,
2021-03-03 10:00:00,Italy,North Italy,IT-NO,252.07,325.54,46.72,39.86,entsoe.eu,false,
2021-03-03 11:00:00,Italy,North Italy,IT-NO,260.13,336.25,44.64,39.1,entsoe.eu,false,
2021-03-03 12:00:00,Italy,North Italy,IT-NO,258.97,334.75,45.06,39.3,entsoe.eu,false,
2021-03-03 13:00:00,Italy,North Italy,IT-NO,262.44,337.82,44.52,36.64,entsoe.eu,false,
2021-03-03 14:00:00,Italy,North Italy,IT-NO,274.96,351.93,41.71,33.07,entsoe.eu,false,
2021-03-03 15:00:00,Italy,North Italy,IT-NO,277.95,355.04,40.65,30.48,entsoe.eu,false,
2021-03-03 16:00:00,Italy,North Italy,IT-NO,270.48,344.5,43.72,33.71,entsoe.eu,false,
2021-03-03 17:00:00,Italy,North Italy,IT-NO,272.34,342.8,46.03,36.85,entsoe.eu,false,
2021-03-03 18:00:00,Italy,North Italy,IT-NO,273.14,342.84,47.05,39.21,entsoe.eu,false,
2021-03-03 19:00:00,Italy,North Italy,IT-NO,262.23,333.53,46.79,37.09,entsoe.eu,false,
2021-03-03 20:00:00,Italy,North Italy,IT-NO,286.32,364.19,40.4,29.81,entsoe.eu,false,
2021-03-03 21:00:00,Italy,North Italy,IT-NO,302.51,382.54,37.44,25.79,entsoe.eu,false,
2021-03-03 22:00:00,Italy,North Italy,IT-NO,309.95,393.33,35.44,24.31,entsoe.eu,false,
2021-03-03 23:00:00,Italy,North Italy,IT-NO,301.23,380.98,38.22,24.17,entsoe.eu,false,
2021-03-04 00:00:00,Italy,North Italy,IT-NO,302.46,383.09,37.6,22.69,entsoe.eu,false,
2021-03-04 01:00:00,Italy,North Italy,IT-NO,302.93,382.95,37.65,22.4,entsoe.eu,false,
2021-03-04 02:00:00,Italy,North Italy,IT-NO,306.26,389.9,35.48,20.85,entsoe.eu,false,
2021-03-04 03:00:00,Italy,North Italy,IT-NO,314.25,401.39,32.8,19.45,entsoe.eu,false,
2021-03-04 04:00:00,Italy,North Italy,IT-NO,310.01,396.25,33.56,20.69,entsoe.eu,false,
2021-03-04 05:00:00,Italy,North Italy,IT-NO,291.39,368.94,39.81,31.18,entsoe.eu,false,
2021-03-04 06:00:00,Italy,North Italy,IT-NO,281.42,357.52,41.26,33.19,entsoe.eu,false,
2021-03-04 07:00:00,Italy,North Italy,IT-NO,263.83,334.0,46.46,38.59,entsoe.eu,false,
2021-03-04 08:00:00,Italy,North Italy,IT-NO,261.67,334.85,44.4,37.12,entsoe.eu,false,
2021-03-04 09:00:00,Italy,North Italy,IT-NO,265.12,340.6,43.39,37.65,entsoe.eu,false,
2021-03-04 10:00:00,Italy,North Italy,IT-NO,264.67,341.9,43.15,38.2,entsoe.eu,false,
2021-03-04 11:00:00,Italy,North Italy,IT-NO,268.65,346.24,42.48,38.14,entsoe.eu,false,
2021-03-04 12:00:00,Italy,North Italy,IT-NO,277.06,356.07,40.59,36.26,entsoe.eu,false,
2021-03-04 13:00:00,Italy,North Italy,IT-NO,281.9,362.39,39.19,33.1,entsoe.eu,false,
2021-03-04 14:00:00,Italy,North Italy,IT-NO,277.27,354.59,40.84,31.74,entsoe.eu,false,
2021-03-04 15:00:00,Italy,North Italy,IT-NO,283.24,361.74,38.92,29.19,entsoe.eu,false,
2021-03-04 16:00:00,Italy,North Italy,IT-NO,276.24,354.01,40.6,31.43,entsoe.eu,false,
2021-03-04 17:00:00,Italy,North Italy,IT-NO,272.22,345.65,44.11,35.1,entsoe.eu,false,
2021-03-04 18:00:00,Italy,North Italy,IT-NO,277.25,351.97,42.95,35.92,entsoe.eu,false,
2021-03-04 19:00:00,Italy,North Italy,IT-NO,267.03,337.89,44.85,35.38,entsoe.eu,false,
2021-03-04 20:00:00,Italy,North Italy,IT-NO,285.7,362.78,40.43,28.58,entsoe.eu,false,
2021-03-04 21:00:00,Italy,North Italy,IT-NO,298.49,377.75,38.07,25.55,entsoe.eu,false,
2021-03-04 22:00:00,Italy,North Italy,IT-NO,302.41,385.16,36.52,25.67,entsoe.eu,false,
2021-03-04 23:00:00,Italy,North Italy,IT-NO,289.58,366.95,40.58,26.01,entsoe.eu,false,
2021-03-05 00:00:00,Italy,North Italy,IT-NO,299.42,378.12,38.89,23.48,entsoe.eu,false,
2021-03-05 01:00:00,Italy,North Italy,IT-NO,305.59,384.85,37.91,23.41,entsoe.eu,false,
2021-03-05 02:00:00,Italy,North Italy,IT-NO,304.08,383.15,38.35,24.1,entsoe.eu,false,
2021-03-05 03:00:00,Italy,North Italy,IT-NO,306.25,387.26,36.91,23.07,entsoe.eu,false,
2021-03-05 04:00:00,Italy,North Italy,IT-NO,299.88,380.53,37.24,24.09,entsoe.eu,false,
2021-03-05 05:00:00,Italy,North Italy,IT-NO,289.68,369.55,38.08,27.03,entsoe.eu,false,
2021-03-05 06:00:00,Italy,North Italy,IT-NO,276.4,350.88,41.52,31.14,entsoe.eu,false,
2021-03-05 07:00:00,Italy,North Italy,IT-NO,266.82,338.88,44.5,35.66,entsoe.eu,false,
2021-03-05 08:00:00,Italy,North Italy,IT-NO,264.48,336.43,44.99,36.21,entsoe.eu,false,
2021-03-05 09:00:00,Italy,North Italy,IT-NO,257.89,331.3,45.39,36.24,entsoe.eu,false,
2021-03-05 10:00:00,Italy,North Italy,IT-NO,254.66,327.01,46.15,37.83,entsoe.eu,false,
2021-03-05 11:00:00,Italy,North Italy,IT-NO,253.66,326.56,46.4,37.42,entsoe.eu,false,
2021-03-05 12:00:00,Italy,North Italy,IT-NO,256.61,328.76,46.13,36.71,entsoe.eu,false,
2021-03-05 13:00:00,Italy,North Italy,IT-NO,267.24,341.88,43.67,34.01,entsoe.eu,false,
2021-03-05 14:00:00,Italy,North Italy,IT-NO,277.62,354.54,41.38,31.16,entsoe.eu,false,
2021-03-05 15:00:00,Italy,North Italy,IT-NO,275.78,351.65,41.85,30.59,entsoe.eu,false,
2021-03-05 16:00:00,Italy,North Italy,IT-NO,271.57,345.87,42.4,31.35,entsoe.eu,false,
2021-03-05 17:00:00,Italy,North Italy,IT-NO,269.18,341.84,43.57,33.83,entsoe.eu,false,
2021-03-05 18:00:00,Italy,North Italy,IT-NO,266.01,336.01,45.58,36.57,entsoe.eu,false,
2021-03-05 19:00:00,Italy,North Italy,IT-NO,268.73,341.03,43.63,32.91,entsoe.eu,false,
2021-03-05 20:00:00,Italy,North Italy,IT-NO,286.5,363.33,39.8,27.88,entsoe.eu,false,
2021-03-05 21:00:00,Italy,North Italy,IT-NO,292.4,370.99,38.96,25.3,entsoe.eu,false,
2021-03-05 22:00:00,Italy,North Italy,IT-NO,301.95,380.28,37.44,23.99,entsoe.eu,false,
2021-03-05 23:00:00,Italy,North Italy,IT-NO,264.33,335.14,46.13,30.78,entsoe.eu,false,
2021-03-06 00:00:00,Italy,North Italy,IT-NO,282.48,356.08,42.52,26.27,entsoe.eu,false,
2021-03-06 01:00:00,Italy,North Italy,IT-NO,281.05,354.29,42.5,25.93,entsoe.eu,false,
2021-03-06 02:00:00,Italy,North Italy,IT-NO,271.82,344.08,44.36,25.86,entsoe.eu,false,
2021-03-06 03:00:00,Italy,North Italy,IT-NO,270.32,343.54,44.68,26.25,entsoe.eu,false,
2021-03-06 04:00:00,Italy,North Italy,IT-NO,266.42,339.68,45.87,27.35,entsoe.eu,false,
2021-03-06 05:00:00,Italy,North Italy,IT-NO,265.18,336.24,46.99,30.96,entsoe.eu,false,
2021-03-06 06:00:00,Italy,North Italy,IT-NO,261.89,331.3,48.04,34.29,entsoe.eu,false,
2021-03-06 07:00:00,Italy,North Italy,IT-NO,247.9,310.57,52.93,42.29,entsoe.eu,false,
2021-03-06 08:00:00,Italy,North Italy,IT-NO,240.61,305.8,52.01,41.1,entsoe.eu,false,
2021-03-06 09:00:00,Italy,North Italy,IT-NO,236.72,302.88,52.66,42.5,entsoe.eu,false,
2021-03-06 10:00:00,Italy,North Italy,IT-NO,216.99,281.31,56.32,45.58,entsoe.eu,false,
2021-03-06 11:00:00,Italy,North Italy,IT-NO,215.56,279.85,56.68,45.52,entsoe.eu,false,
2021-03-06 12:00:00,Italy,North Italy,IT-NO,209.03,271.43,58.47,47.23,entsoe.eu,false,
2021-03-06 13:00:00,Italy,North Italy,IT-NO,207.59,270.57,58.76,46.2,entsoe.eu,false,
2021-03-06 14:00:00,Italy,North Italy,IT-NO,219.42,284.69,56.1,41.14,entsoe.eu,false,
2021-03-06 15:00:00,Italy,North Italy,IT-NO,225.73,291.38,54.55,37.73,entsoe.eu,false,
2021-03-06 16:00:00,Italy,North Italy,IT-NO,240.35,306.23,51.88,35.75,entsoe.eu,false,
2021-03-06 17:00:00,Italy,North Italy,IT-NO,241.52,304.75,53.8,39.64,entsoe.eu,false,
2021-03-06 18:00:00,Italy,North Italy,IT-NO,252.65,316.99,52.0,40.8,entsoe.eu,false,
2021-03-06 19:00:00,Italy,North Italy,IT-NO,256.08,324.3,48.88,36.35,entsoe.eu,false,
2021-03-06 20:00:00,Italy,North Italy,IT-NO,273.99,347.62,44.09,30.71,entsoe.eu,false,
2021-03-06 21:00:00,Italy,North Italy,IT-NO,293.26,371.15,40.22,27.44,entsoe.eu,false,
2021-03-06 22:00:00,Italy,North Italy,IT-NO,296.86,376.36,39.55,27.17,entsoe.eu,false,
2021-03-06 23:00:00,Italy,North Italy,IT-NO,266.86,341.05,46.05,32.22,entsoe.eu,false,
2021-03-07 00:00:00,Italy,North Italy,IT-NO,277.92,354.62,44.09,29.01,entsoe.eu,false,
2021-03-07 01:00:00,Italy,North Italy,IT-NO,296.06,376.17,39.97,25.71,entsoe.eu,false,
2021-03-07 02:00:00,Italy,North Italy,IT-NO,290.41,369.49,41.23,26.38,entsoe.eu,false,
2021-03-07 03:00:00,Italy,North Italy,IT-NO,281.29,359.23,43.05,27.14,entsoe.eu,false,
2021-03-07 04:00:00,Italy,North Italy,IT-NO,276.86,353.39,44.13,29.01,entsoe.eu,false,
2021-03-07 05:00:00,Italy,North Italy,IT-NO,276.59,352.38,43.72,29.78,entsoe.eu,false,
2021-03-07 06:00:00,Italy,North Italy,IT-NO,270.22,345.5,45.57,32.24,entsoe.eu,false,
2021-03-07 07:00:00,Italy,North Italy,IT-NO,247.0,317.9,49.84,38.76,entsoe.eu,false,
2021-03-07 08:00:00,Italy,North Italy,IT-NO,226.41,296.05,53.4,44.29,entsoe.eu,false,
2021-03-07 09:00:00,Italy,North Italy,IT-NO,218.18,287.26,54.55,48.33,entsoe.eu,false,
2021-03-07 10:00:00,Italy,North Italy,IT-NO,202.07,267.32,58.46,51.84,entsoe.eu,false,
2021-03-07 11:00:00,Italy,North Italy,IT-NO,209.78,276.05,56.55,51.05,entsoe.eu,false,
2021-03-07 12:00:00,Italy,North Italy,IT-NO,203.47,267.9,58.26,50.88,entsoe.eu,false,
2021-03-07 13:00:00,Italy,North Italy,IT-NO,218.47,286.64,54.96,47.46,entsoe.eu,false,
2021-03-07 14:00:00,Italy,North Italy,IT-NO,247.2,321.59,48.3,40.79,entsoe.eu,false,
2021-03-07 15:00:00,Italy,North Italy,IT-NO,264.62,340.15,44.8,35.95,entsoe.eu,false,
2021-03-07 16:00:00,Italy,North Italy,IT-NO,269.81,346.96,43.23,30.93,entsoe.eu,false,
2021-03-07 17:00:00,Italy,North Italy,IT-NO,262.11,335.68,45.63,32.89,entsoe.eu,false,
2021-03-07 18:00:00,Italy,North Italy,IT-NO,248.47,317.95,49.75,39.06,entsoe.eu,false,
2021-03-07 19:00:00,Italy,North Italy,IT-NO,242.15,309.99,51.85,39.23,entsoe.eu,false,
2021-03-07 20:00:00,Italy,North Italy,IT-NO,263.97,337.22,46.63,32.68,entsoe.eu,false,
2021-03-07 21:00:00,Italy,North Italy,IT-NO,278.92,356.13,42.64,28.74,entsoe.eu,false,
2021-03-07 22:00:00,Italy,North Italy,IT-NO,288.12,365.68,41.54,26.99,entsoe.eu,false,
2021-03-07 23:00:00,Italy,North Italy,IT-NO,291.9,372.35,40.47,24.21,entsoe.eu,false,
2021-03-08 00:00:00,Italy,North Italy,IT-NO,292.74,372.04,40.93,22.26,entsoe.eu,false,
2021-03-08 01:00:00,Italy,North Italy,IT-NO,301.72,382.81,38.8,21.17,entsoe.eu,false,
2021-03-08 02:00:00,Italy,North Italy,IT-NO,299.46,380.82,38.34,20.97,entsoe.eu,false,
2021-03-08 03:00:00,Italy,North Italy,IT-NO,311.29,397.25,34.36,18.89,entsoe.eu,false,
2021-03-08 04:00:00,Italy,North Italy,IT-NO,321.6,413.11,30.11,19.43,entsoe.eu,false,
2021-03-08 05:00:00,Italy,North Italy,IT-NO,274.79,355.3,39.49,30.55,entsoe.eu,false,
2021-03-08 06:00:00,Italy,North Italy,IT-NO,293.34,372.86,39.59,35.16,entsoe.eu,false,
2021-03-08 07:00:00,Italy,North Italy,IT-NO,263.84,338.8,44.35,38.46,entsoe.eu,false,
2021-03-08 08:00:00,Italy,North Italy,IT-NO,251.84,326.34,45.51,38.05,entsoe.eu,false,
2021-03-08 09:00:00,Italy,North Italy,IT-NO,255.07,330.11,45.71,37.86,entsoe.eu,false,
2021-03-08 10:00:00,Italy,North Italy,IT-NO,246.5,318.2,48.78,39.56,entsoe.eu,false,
2021-03-08 11:00:00,Italy,North Italy,IT-NO,259.25,334.5,45.63,37.9,entsoe.eu,false,
2021-03-08 12:00:00,Italy,North Italy,IT-NO,255.8,328.62,47.49,37.59,entsoe.eu,false,
2021-03-08 13:00:00,Italy,North Italy,IT-NO,259.8,334.47,45.99,35.84,entsoe.eu,false,
2021-03-08 14:00:00,Italy,North Italy,IT-NO,270.1,348.15,42.4,32.17,entsoe.eu,false,
2021-03-08 15:00:00,Italy,North Italy,IT-NO,272.87,351.66,41.22,30.54,entsoe.eu,false,
2021-03-08 16:00:00,Italy,North Italy,IT-NO,284.01,364.79,38.79,30.94,entsoe.eu,false,
2021-03-08 17:00:00,Italy,North Italy,IT-NO,310.47,389.51,39.03,35.85,entsoe.eu,false,
2021-03-08 18:00:00,Italy,North Italy,IT-NO,307.21,385.44,39.79,36.85,entsoe.eu,false,
2021-03-08 19:00:00,Italy,North Italy,IT-NO,269.99,344.55,43.88,34.08,entsoe.eu,false,
2021-03-08 20:00:00,Italy,North Italy,IT-NO,284.78,364.57,39.49,27.93,entsoe.eu,false,
2021-03-08 21:00:00,Italy,North Italy,IT-NO,287.09,367.21,39.67,27.62,entsoe.eu,false,
2021-03-08 22:00:00,Italy,North Italy,IT-NO,304.64,386.4,36.41,24.37,entsoe.eu,false,
2021-03-08 23:00:00,Italy,North Italy,IT-NO,303.52,384.95,36.39,21.89,entsoe.eu,false,
2021-03-09 00:00:00,Italy,North Italy,IT-NO,300.56,381.7,36.88,20.69,entsoe.eu,false,
2021-03-09 01:00:00,Italy,North Italy,IT-NO,299.27,378.63,37.55,20.77,entsoe.eu,false,
2021-03-09 02:00:00,Italy,North Italy,IT-NO,295.13,373.92,38.36,21.15,entsoe.eu,false,
2021-03-09 03:00:00,Italy,North Italy,IT-NO,296.35,376.33,37.91,21.44,entsoe.eu,false,
2021-03-09 04:00:00,Italy,North Italy,IT-NO,306.09,390.06,34.97,21.06,entsoe.eu,false,
2021-03-09 05:00:00,Italy,North Italy,IT-NO,282.49,361.48,39.32,27.8,entsoe.eu,false,
2021-03-09 06:00:00,Italy,North Italy,IT-NO,293.2,372.83,38.06,31.31,entsoe.eu,false,
2021-03-09 07:00:00,Italy,North Italy,IT-NO,290.15,368.81,39.69,35.55,entsoe.eu,false,
2021-03-09 08:00:00,Italy,North Italy,IT-NO,280.22,359.46,40.51,35.95,entsoe.eu,false,
2021-03-09 09:00:00,Italy,North Italy,IT-NO,273.56,353.43,40.3,33.68,entsoe.eu,false,
2021-03-09 10:00:00,Italy,North Italy,IT-NO,276.67,357.34,39.79,33.71,entsoe.eu,false,
2021-03-09 11:00:00,Italy,North Italy,IT-NO,276.2,358.19,39.67,33.99,entsoe.eu,false,
2021-03-09 12:00:00,Italy,North Italy,IT-NO,277.13,359.26,39.64,32.07,entsoe.eu,false,
2021-03-09 13:00:00,Italy,North Italy,IT-NO,287.97,372.9,36.55,28.93,entsoe.eu,false,
2021-03-09 14:00:00,Italy,North Italy,IT-NO,289.33,372.79,37.03,27.12,entsoe.eu,false,
2021-03-09 15:00:00,Italy,North Italy,IT-NO,292.91,376.5,36.04,26.07,entsoe.eu,false,
2021-03-09 16:00:00,Italy,North Italy,IT-NO,302.36,386.05,35.01,27.39,entsoe.eu,false,
2021-03-09 17:00:00,Italy,North Italy,IT-NO,312.86,392.44,38.28,34.84,entsoe.eu,false,
2021-03-09 18:00:00,Italy,North Italy,IT-NO,315.67,396.78,36.95,34.05,entsoe.eu,false,
2021-03-09 19:00:00,Italy,North Italy,IT-NO,299.31,382.15,35.85,29.39,entsoe.eu,false,
2021-03-09 20:00:00,Italy,North Italy,IT-NO,302.17,385.8,34.81,26.6,entsoe.eu,false,
2021-03-09 21:00:00,Italy,North Italy,IT-NO,323.15,412.82,30.31,23.42,entsoe.eu,false,
2021-03-09 22:00:00,Italy,North Italy,IT-NO,337.0,429.86,27.52,22.16,entsoe.eu,false,
2021-03-09 23:00:00,Italy,North Italy,IT-NO,303.65,385.74,37.15,26.43,entsoe.eu,false,
2021-03-10 00:00:00,Italy,North Italy,IT-NO,319.65,403.15,34.5,24.02,entsoe.eu,false,
2021-03-10 01:00:00,Italy,North Italy,IT-NO,317.44,400.92,35.24,24.17,entsoe.eu,false,
2021-03-10 02:00:00,Italy,North Italy,IT-NO,306.73,386.95,37.81,23.64,entsoe.eu,false,
2021-03-10 03:00:00,Italy,North Italy,IT-NO,310.46,393.76,35.75,22.94,entsoe.eu,false,
2021-03-10 04:00:00,Italy,North Italy,IT-NO,308.01,391.32,35.99,24.6,entsoe.eu,false,
2021-03-10 05:00:00,Italy,North Italy,IT-NO,292.87,374.17,37.55,28.39,entsoe.eu,false,
2021-03-10 06:00:00,Italy,North Italy,IT-NO,286.18,364.5,39.9,33.04,entsoe.eu,false,
2021-03-10 07:00:00,Italy,North Italy,IT-NO,280.51,353.31,44.35,39.15,entsoe.eu,false,
2021-03-10 08:00:00,Italy,North Italy,IT-NO,261.61,335.98,44.93,40.01,entsoe.eu,false,
2021-03-10 09:00:00,Italy,North Italy,IT-NO,258.51,332.56,45.37,39.98,entsoe.eu,false,
2021-03-10 10:00:00,Italy,North Italy,IT-NO,266.03,345.16,42.41,38.03,entsoe.eu,false,
2021-03-10 11:00:00,Italy,North Italy,IT-NO,259.04,337.39,44.19,38.45,entsoe.eu,false,
2021-03-10 12:00:00,Italy,North Italy,IT-NO,243.59,317.55,48.5,40.34,entsoe.eu,false,
2021-03-10 13:00:00,Italy,North Italy,IT-NO,257.33,335.17,44.51,35.9,entsoe.eu,false,
2021-03-10 14:00:00,Italy,North Italy,IT-NO,265.67,345.57,42.52,33.9,entsoe.eu,false,
2021-03-10 15:00:00,Italy,North Italy,IT-NO,274.93,354.36,41.28,31.63,entsoe.eu,false,
2021-03-10 16:00:00,Italy,North Italy,IT-NO,283.29,363.84,39.18,28.9,entsoe.eu,false,
2021-03-10 17:00:00,Italy,North Italy,IT-NO,270.71,345.63,42.92,32.2,entsoe.eu,false,
2021-03-10 18:00:00,Italy,North Italy,IT-NO,268.97,340.46,45.42,35.99,entsoe.eu,false,
2021-03-10 19:00:00,Italy,North Italy,IT-NO,268.09,342.67,44.06,33.94,entsoe.eu,false,
2021-03-10 20:00:00,Italy,North Italy,IT-NO,284.49,364.3,39.41,28.22,entsoe.eu,false,
2021-03-10 21:00:00,Italy,North Italy,IT-NO,295.02,379.8,36.51,27.1,entsoe.eu,false,
2021-03-10 22:00:00,Italy,North Italy,IT-NO,289.66,371.29,39.11,27.45,entsoe.eu,false,
2021-03-10 23:00:00,Italy,North Italy,IT-NO,263.25,339.78,44.74,29.58,entsoe.eu,false,
2021-03-11 00:00:00,Italy,North Italy,IT-NO,262.61,336.85,45.85,31.33,entsoe.eu,false,
2021-03-11 01:00:00,Italy,North Italy,IT-NO,258.54,332.32,46.53,31.48,entsoe.eu,false,
2021-03-11 02:00:00,Italy,North Italy,IT-NO,269.85,345.55,43.94,29.65,entsoe.eu,false,
2021-03-11 03:00:00,Italy,North Italy,IT-NO,267.28,342.96,44.12,29.49,entsoe.eu,false,
2021-03-11 04:00:00,Italy,North Italy,IT-NO,283.19,362.21,40.28,26.76,entsoe.eu,false,
2021-03-11 05:00:00,Italy,North Italy,IT-NO,261.45,335.52,45.12,32.13,entsoe.eu,false,
2021-03-11 06:00:00,Italy,North Italy,IT-NO,263.15,336.24,45.51,34.4,entsoe.eu,false,
2021-03-11 07:00:00,Italy,North Italy,IT-NO,257.07,328.55,47.26,37.12,entsoe.eu,false,
2021-03-11 08:00:00,Italy,North Italy,IT-NO,253.45,327.96,45.77,35.65,entsoe.eu,false,
2021-03-11 09:00:00,Italy,North Italy,IT-NO,253.84,329.06,45.8,35.52,entsoe.eu,false,
2021-03-11 10:00:00,Italy,North Italy,IT-NO,256.18,332.92,44.74,34.67,entsoe.eu,false,
2021-03-11 11:00:00,Italy,North Italy,IT-NO,260.02,339.28,43.17,34.27,entsoe.eu,false,
2021-03-11 12:00:00,Italy,North Italy,IT-NO,258.17,335.9,44.23,34.23,entsoe.eu,false,
2021-03-11 13:00:00,Italy,North Italy,IT-NO,277.9,359.52,39.85,30.25,entsoe.eu,false,
2021-03-11 14:00:00,Italy,North Italy,IT-NO,271.02,349.31,42.22,31.74,entsoe.eu,false,
2021-03-11 15:00:00,Italy,North Italy,IT-NO,273.64,350.21,43.16,32.3,entsoe.eu,false,
2021-03-11 16:00:00,Italy,North Italy,IT-NO,276.44,353.34,42.51,32.07,entsoe.eu,false,
2021-03-11 17:00:00,Italy,North Italy,IT-NO,277.96,348.76,47.12,37.31,entsoe.eu,false,
2021-03-11 18:00:00,Italy,North Italy,IT-NO,281.56,352.43,46.93,38.35,entsoe.eu,false,
2021-03-11 19:00:00,Italy,North Italy,IT-NO,261.61,331.37,48.79,37.76,entsoe.eu,false,
2021-03-11 20:00:00,Italy,North Italy,IT-NO,266.75,342.02,44.38,31.4,entsoe.eu,false,
2021-03-11 21:00:00,Italy,North Italy,IT-NO,283.61,365.44,39.1,26.1,entsoe.eu,false,
2021-03-11 22:00:00,Italy,North Italy,IT-NO,266.69,344.51,43.56,29.7,entsoe.eu,false,
2021-03-11 23:00:00,Italy,North Italy,IT-NO,255.71,330.09,47.14,32.78,entsoe.eu,false,
2021-03-12 00:00:00,Italy,North Italy,IT-NO,255.88,330.23,47.56,33.25,entsoe.eu,false,
2021-03-12 01:00:00,Italy,North Italy,IT-NO,264.76,341.22,45.53,31.85,entsoe.eu,false,
2021-03-12 02:00:00,Italy,North Italy,IT-NO,264.4,341.11,45.47,32.01,entsoe.eu,false,
2021-03-12 03:00:00,Italy,North Italy,IT-NO,268.02,345.38,44.14,30.31,entsoe.eu,false,
2021-03-12 04:00:00,Italy,North Italy,IT-NO,269.45,346.69,43.5,31.9,entsoe.eu,false,
2021-03-12 05:00:00,Italy,North Italy,IT-NO,258.86,330.71,45.8,32.12,entsoe.eu,false,
2021-03-12 06:00:00,Italy,North Italy,IT-NO,264.05,333.45,48.09,37.6,entsoe.eu,false,
2021-03-12 07:00:00,Italy,North Italy,IT-NO,250.45,317.22,50.83,41.39,entsoe.eu,false,
2021-03-12 08:00:00,Italy,North Italy,IT-NO,237.74,303.84,52.59,42.48,entsoe.eu,false,
2021-03-12 09:00:00,Italy,North Italy,IT-NO,236.7,305.28,50.66,40.18,entsoe.eu,false,
2021-03-12 10:00:00,Italy,North Italy,IT-NO,238.52,308.6,49.65,39.29,entsoe.eu,false,
2021-03-12 11:00:00,Italy,North Italy,IT-NO,237.74,308.52,50.01,40.29,entsoe.eu,false,
2021-03-12 12:00:00,Italy,North Italy,IT-NO,226.2,294.06,52.8,42.55,entsoe.eu,false,
2021-03-12 13:00:00,Italy,North Italy,IT-NO,239.82,310.52,49.75,39.13,entsoe.eu,false,
2021-03-12 14:00:00,Italy,North Italy,IT-NO,238.16,308.38,50.15,38.36,entsoe.eu,false,
2021-03-12 15:00:00,Italy,North Italy,IT-NO,234.01,303.06,50.84,37.46,entsoe.eu,false,
2021-03-12 16:00:00,Italy,North Italy,IT-NO,244.29,315.33,48.29,34.59,entsoe.eu,false,
2021-03-12 17:00:00,Italy,North Italy,IT-NO,246.33,313.89,50.78,37.85,entsoe.eu,false,
2021-03-12 18:00:00,Italy,North Italy,IT-NO,238.44,302.58,53.63,40.99,entsoe.eu,false,
2021-03-12 19:00:00,Italy,North Italy,IT-NO,222.45,285.44,55.35,40.09,entsoe.eu,false,
2021-03-12 20:00:00,Italy,North Italy,IT-NO,237.42,305.2,51.01,33.92,entsoe.eu,false,
2021-03-12 21:00:00,Italy,North Italy,IT-NO,248.39,319.95,48.3,31.49,entsoe.eu,false,
2021-03-12 22:00:00,Italy,North Italy,IT-NO,238.54,308.78,50.7,32.23,entsoe.eu,false,
2021-03-12 23:00:00,Italy,North Italy,IT-NO,201.04,261.94,60.07,36.64,entsoe.eu,false,
2021-03-13 00:00:00,Italy,North Italy,IT-NO,195.23,256.2,60.86,36.34,entsoe.eu,false,
2021-03-13 01:00:00,Italy,North Italy,IT-NO,201.31,264.46,59.22,35.35,entsoe.eu,false,
2021-03-13 02:00:00,Italy,North Italy,IT-NO,206.49,271.19,58.2,36.16,entsoe.eu,false,
2021-03-13 03:00:00,Italy,North Italy,IT-NO,199.76,263.21,59.43,36.82,entsoe.eu,false,
2021-03-13 04:00:00,Italy,North Italy,IT-NO,206.62,271.76,57.21,34.5,entsoe.eu,false,
2021-03-13 05:00:00,Italy,North Italy,IT-NO,210.27,274.58,56.59,36.22,entsoe.eu,false,
2021-03-13 06:00:00,Italy,North Italy,IT-NO,198.24,259.32,59.36,39.47,entsoe.eu,false,
2021-03-13 07:00:00,Italy,North Italy,IT-NO,180.58,236.61,64.21,46.29,entsoe.eu,false,
2021-03-13 08:00:00,Italy,North Italy,IT-NO,167.77,223.11,65.89,50.0,entsoe.eu,false,
2021-03-13 09:00:00,Italy,North Italy,IT-NO,160.59,215.35,67.27,53.86,entsoe.eu,false,
2021-03-13 10:00:00,Italy,North Italy,IT-NO,147.03,200.45,69.97,56.47,entsoe.eu,false,
2021-03-13 11:00:00,Italy,North Italy,IT-NO,142.73,196.63,70.51,57.33,entsoe.eu,false,
2021-03-13 12:00:00,Italy,North Italy,IT-NO,137.56,190.82,71.78,59.19,entsoe.eu,false,
2021-03-13 13:00:00,Italy,North Italy,IT-NO,148.99,204.18,69.43,56.26,entsoe.eu,false,
2021-03-13 14:00:00,Italy,North Italy,IT-NO,166.0,223.76,65.96,51.17,entsoe.eu,false,
2021-03-13 15:00:00,Italy,North Italy,IT-NO,186.81,245.98,62.61,47.21,entsoe.eu,false,
2021-03-13 16:00:00,Italy,North Italy,IT-NO,195.67,254.63,61.06,43.12,entsoe.eu,false,
2021-03-13 17:00:00,Italy,North Italy,IT-NO,198.15,253.29,63.0,43.9,entsoe.eu,false,
2021-03-13 18:00:00,Italy,North Italy,IT-NO,214.66,270.8,61.73,47.01,entsoe.eu,false,
2021-03-13 19:00:00,Italy,North Italy,IT-NO,200.52,258.37,61.08,43.12,entsoe.eu,false,
2021-03-13 20:00:00,Italy,North Italy,IT-NO,210.31,272.27,58.02,38.53,entsoe.eu,false,
2021-03-13 21:00:00,Italy,North Italy,IT-NO,203.95,264.9,59.41,37.06,entsoe.eu,false,
2021-03-13 22:00:00,Italy,North Italy,IT-NO,209.95,273.65,58.07,36.83,entsoe.eu,false,
2021-03-13 23:00:00,Italy,North Italy,IT-NO,194.18,254.6,62.04,41.49,entsoe.eu,false,
2021-03-14 00:00:00,Italy,North Italy,IT-NO,195.23,257.41,61.67,43.54,entsoe.eu,false,
2021-03-14 01:00:00,Italy,North Italy,IT-NO,206.59,270.76,59.61,43.43,entsoe.eu,false,
2021-03-14 02:00:00,Italy,North Italy,IT-NO,209.33,274.95,58.77,43.14,entsoe.eu,false,
2021-03-14 03:00:00,Italy,North Italy,IT-NO,208.01,274.26,58.51,42.5,entsoe.eu,false,
2021-03-14 04:00:00,Italy,North Italy,IT-NO,214.25,281.75,57.29,42.64,entsoe.eu,false,
2021-03-14 05:00:00,Italy,North Italy,IT-NO,209.36,275.73,57.82,41.95,entsoe.eu,false,
2021-03-14 06:00:00,Italy,North Italy,IT-NO,196.11,259.63,59.96,41.21,entsoe.eu,false,
2021-03-14 07:00:00,Italy,North Italy,IT-NO,182.81,243.74,62.51,46.03,entsoe.eu,false,
2021-03-14 08:00:00,Italy,North Italy,IT-NO,177.97,238.96,63.06,49.07,entsoe.eu,false,
2021-03-14 09:00:00,Italy,North Italy,IT-NO,191.35,255.0,60.15,50.24,entsoe.eu,false,
2021-03-14 10:00:00,Italy,North Italy,IT-NO,188.13,250.18,61.01,52.17,entsoe.eu,false,
2021-03-14 11:00:00,Italy,North Italy,IT-NO,207.4,272.45,57.51,49.82,entsoe.eu,false,
2021-03-14 12:00:00,Italy,North Italy,IT-NO,194.06,258.37,59.97,53.49,entsoe.eu,false,
2021-03-14 13:00:00,Italy,North Italy,IT-NO,206.38,272.53,57.43,49.23,entsoe.eu,false,
2021-03-14 14:00:00,Italy,North Italy,IT-NO,221.77,289.7,54.25,44.75,entsoe.eu,false,
2021-03-14 15:00:00,Italy,North Italy,IT-NO,227.98,294.6,54.67,44.67,entsoe.eu,false,
2021-03-14 16:00:00,Italy,North Italy,IT-NO,238.69,304.86,52.85,38.46,entsoe.eu,false,
2021-03-14 17:00:00,Italy,North Italy,IT-NO,224.61,286.64,55.0,36.35,entsoe.eu,false,
2021-03-14 18:00:00,Italy,North Italy,IT-NO,217.19,276.76,56.98,39.83,entsoe.eu,false,
2021-03-14 19:00:00,Italy,North Italy,IT-NO,205.52,263.58,58.95,38.16,entsoe.eu,false,
2021-03-14 20:00:00,Italy,North Italy,IT-NO,219.36,280.26,55.7,33.85,entsoe.eu,false,
2021-03-14 21:00:00,Italy,North Italy,IT-NO,224.24,288.33,54.01,30.72,entsoe.eu,false,
2021-03-14 22:00:00,Italy,North Italy,IT-NO,236.1,303.5,51.17,30.2,entsoe.eu,false,
2021-03-14 23:00:00,Italy,North Italy,IT-NO,225.65,290.04,54.35,33.7,entsoe.eu,false,
2021-03-15 00:00:00,Italy,North Italy,IT-NO,231.9,298.01,52.81,32.9,entsoe.eu,false,
2021-03-15 01:00:00,Italy,North Italy,IT-NO,235.03,302.66,52.38,34.09,entsoe.eu,false,
2021-03-15 02:00:00,Italy,North Italy,IT-NO,249.77,320.13,48.8,32.92,entsoe.eu,false,
2021-03-15 03:00:00,Italy,North Italy,IT-NO,252.2,323.59,47.88,31.85,entsoe.eu,false,
2021-03-15 04:00:00,Italy,North Italy,IT-NO,254.08,324.19,47.87,30.37,entsoe.eu,false,
2021-03-15 05:00:00,Italy,North Italy,IT-NO,251.41,320.11,47.99,32.33,entsoe.eu,false,
2021-03-15 06:00:00,Italy,North Italy,IT-NO,238.72,300.64,54.31,42.34,entsoe.eu,false,
2021-03-15 07:00:00,Italy,North Italy,IT-NO,219.7,281.61,55.37,43.27,entsoe.eu,false,
2021-03-15 08:00:00,Italy,North Italy,IT-NO,207.25,266.9,57.8,44.68,entsoe.eu,false,
2021-03-15 09:00:00,Italy,North Italy,IT-NO,199.33,260.91,59.15,46.14,entsoe.eu,false,
2021-03-15 10:00:00,Italy,North Italy,IT-NO,190.98,251.25,61.0,48.19,entsoe.eu,false,
2021-03-15 11:00:00,Italy,North Italy,IT-NO,196.01,257.15,59.68,47.19,entsoe.eu,false,
2021-03-15 12:00:00,Italy,North Italy,IT-NO,202.31,264.53,58.28,45.73,entsoe.eu,false,
2021-03-15 13:00:00,Italy,North Italy,IT-NO,209.67,272.14,56.74,43.44,entsoe.eu,false,
2021-03-15 14:00:00,Italy,North Italy,IT-NO,223.05,287.91,53.88,39.33,entsoe.eu,false,
2021-03-15 15:00:00,Italy,North Italy,IT-NO,233.55,298.83,51.92,36.48,entsoe.eu,false,
2021-03-15 16:00:00,Italy,North Italy,IT-NO,241.66,308.38,50.2,34.1,entsoe.eu,false,
2021-03-15 17:00:00,Italy,North Italy,IT-NO,249.05,314.02,51.41,36.77,entsoe.eu,false,
2021-03-15 18:00:00,Italy,North Italy,IT-NO,252.46,316.13,52.42,40.56,entsoe.eu,false,
2021-03-15 19:00:00,Italy,North Italy,IT-NO,243.56,304.66,54.33,38.95,entsoe.eu,false,
2021-03-15 20:00:00,Italy,North Italy,IT-NO,245.84,313.26,49.53,30.99,entsoe.eu,false,
2021-03-15 21:00:00,Italy,North Italy,IT-NO,260.55,332.36,45.75,26.95,entsoe.eu,false,
2021-03-15 22:00:00,Italy,North Italy,IT-NO,261.41,333.05,46.05,26.95,entsoe.eu,false,
2021-03-15 23:00:00,Italy,North Italy,IT-NO,248.29,317.28,49.1,27.15,entsoe.eu,false,
2021-03-16 00:00:00,Italy,North Italy,IT-NO,245.5,314.33,50.15,27.05,entsoe.eu,false,
2021-03-16 01:00:00,Italy,North Italy,IT-NO,251.19,320.56,49.18,28.28,entsoe.eu,false,
2021-03-16 02:00:00,Italy,North Italy,IT-NO,255.72,328.06,47.33,25.95,entsoe.eu,false,
2021-03-16 03:00:00,Italy,North Italy,IT-NO,252.63,324.03,47.83,25.62,entsoe.eu,false,
2021-03-16 04:00:00,Italy,North Italy,IT-NO,270.72,346.78,43.36,22.56,entsoe.eu,false,
2021-03-16 05:00:00,Italy,North Italy,IT-NO,256.22,326.15,47.11,29.3,entsoe.eu,false,
2021-03-16 06:00:00,Italy,North Italy,IT-NO,249.64,314.78,51.17,36.83,entsoe.eu,false,
2021-03-16 07:00:00,Italy,North Italy,IT-NO,228.25,287.62,57.24,45.1,entsoe.eu,false,
2021-03-16 08:00:00,Italy,North Italy,IT-NO,215.52,276.29,57.54,45.7,entsoe.eu,false,
2021-03-16 09:00:00,Italy,North Italy,IT-NO,219.02,283.61,54.63,42.69,entsoe.eu,false,
2021-03-16 10:00:00,Italy,North Italy,IT-NO,213.69,278.17,55.63,43.21,entsoe.eu,false,
2021-03-16 11:00:00,Italy,North Italy,IT-NO,220.64,286.32,54.67,42.8,entsoe.eu,false,
2021-03-16 12:00:00,Italy,North Italy,IT-NO,217.32,282.97,55.02,42.62,entsoe.eu,false,
2021-03-16 13:00:00,Italy,North Italy,IT-NO,232.55,300.47,51.51,38.24,entsoe.eu,false,
2021-03-16 14:00:00,Italy,North Italy,IT-NO,237.78,305.3,50.45,36.27,entsoe.eu,false,
2021-03-16 15:00:00,Italy,North Italy,IT-NO,237.56,304.49,51.04,34.76,entsoe.eu,false,
2021-03-16 16:00:00,Italy,North Italy,IT-NO,237.43,302.91,51.89,36.19,entsoe.eu,false,
2021-03-16 17:00:00,Italy,North Italy,IT-NO,236.77,298.56,55.14,41.0,entsoe.eu,false,
2021-03-16 18:00:00,Italy,North Italy,IT-NO,248.39,310.89,53.0,40.76,entsoe.eu,false,
2021-03-16 19:00:00,Italy,North Italy,IT-NO,236.04,298.86,53.38,37.56,entsoe.eu,false,
2021-03-16 20:00:00,Italy,North Italy,IT-NO,246.9,313.88,48.9,30.73,entsoe.eu,false,
2021-03-16 21:00:00,Italy,North Italy,IT-NO,254.41,323.24,47.43,27.88,entsoe.eu,false,
2021-03-16 22:00:00,Italy,North Italy,IT-NO,248.48,316.7,48.85,26.89,entsoe.eu,false,
2021-03-16 23:00:00,Italy,North Italy,IT-NO,243.54,312.71,49.44,25.53,entsoe.eu,false,
2021-03-17 00:00:00,Italy,North Italy,IT-NO,238.93,308.7,50.59,26.89,entsoe.eu,false,
2021-03-17 01:00:00,Italy,North Italy,IT-NO,247.62,319.37,48.27,24.36,entsoe.eu,false,
2021-03-17 02:00:00,Italy,North Italy,IT-NO,253.61,323.38,47.24,23.92,entsoe.eu,false,
2021-03-17 03:00:00,Italy,North Italy,IT-NO,258.04,330.76,45.63,23.23,entsoe.eu,false,
2021-03-17 04:00:00,Italy,North Italy,IT-NO,266.37,341.27,43.8,22.19,entsoe.eu,false,
2021-03-17 05:00:00,Italy,North Italy,IT-NO,259.06,328.72,46.33,26.57,entsoe.eu,false,
2021-03-17 06:00:00,Italy,North Italy,IT-NO,245.77,315.65,48.21,32.23,entsoe.eu,false,
2021-03-17 07:00:00,Italy,North Italy,IT-NO,231.47,297.74,51.83,38.98,entsoe.eu,false,
2021-03-17 08:00:00,Italy,North Italy,IT-NO,225.81,293.1,52.23,40.17,entsoe.eu,false,
2021-03-17 09:00:00,Italy,North Italy,IT-NO,216.34,282.47,54.22,42.01,entsoe.eu,false,
2021-03-17 10:00:00,Italy,North Italy,IT-NO,221.63,289.28,53.23,42.24,entsoe.eu,false,
2021-03-17 11:00:00,Italy,North Italy,IT-NO,223.8,292.7,52.44,42.13,entsoe.eu,false,
2021-03-17 12:00:00,Italy,North Italy,IT-NO,220.4,287.88,52.93,40.74,entsoe.eu,false,
2021-03-17 13:00:00,Italy,North Italy,IT-NO,228.31,295.89,51.53,36.85,entsoe.eu,false,
2021-03-17 14:00:00,Italy,North Italy,IT-NO,234.75,301.83,50.6,35.61,entsoe.eu,false,
2021-03-17 15:00:00,Italy,North Italy,IT-NO,242.76,309.39,49.56,32.87,entsoe.eu,false,
2021-03-17 16:00:00,Italy,North Italy,IT-NO,250.22,316.97,48.63,32.96,entsoe.eu,false,
2021-03-17 17:00:00,Italy,North Italy,IT-NO,245.89,309.21,52.17,37.6,entsoe.eu,false,
2021-03-17 18:00:00,Italy,North Italy,IT-NO,255.45,318.14,51.76,39.79,entsoe.eu,false,
2021-03-17 19:00:00,Italy,North Italy,IT-NO,244.08,305.93,52.85,37.23,entsoe.eu,false,
2021-03-17 20:00:00,Italy,North Italy,IT-NO,254.58,324.23,47.03,30.13,entsoe.eu,false,
2021-03-17 21:00:00,Italy,North Italy,IT-NO,267.45,339.54,43.93,24.97,entsoe.eu,false,
2021-03-17 22:00:00,Italy,North Italy,IT-NO,277.87,352.76,41.71,23.75,entsoe.eu,false,
2021-03-17 23:00:00,Italy,North Italy,IT-NO,279.18,355.15,41.27,22.13,entsoe.eu,false,
2021-03-18 00:00:00,Italy,North Italy,IT-NO,280.88,358.96,40.3,20.58,entsoe.eu,false,
2021-03-18 01:00:00,Italy,North Italy,IT-NO,279.31,354.46,41.52,21.05,entsoe.eu,false,
2021-03-18 02:00:00,Italy,North Italy,IT-NO,275.99,352.59,41.53,20.38,entsoe.eu,false,
2021-03-18 03:00:00,Italy,North Italy,IT-NO,273.36,350.02,41.6,20.47,entsoe.eu,false,
2021-03-18 04:00:00,Italy,North Italy,IT-NO,277.71,354.75,40.49,20.85,entsoe.eu,false,
2021-03-18 05:00:00,Italy,North Italy,IT-NO,281.16,358.71,39.53,24.66,entsoe.eu,false,
2021-03-18 06:00:00,Italy,North Italy,IT-NO,267.67,341.82,43.54,32.09,entsoe.eu,false,
2021-03-18 07:00:00,Italy,North Italy,IT-NO,254.01,324.99,46.27,36.14,entsoe.eu,false,
2021-03-18 08:00:00,Italy,North Italy,IT-NO,244.54,313.69,48.52,37.91,entsoe.eu,false,
2021-03-18 09:00:00,Italy,North Italy,IT-NO,242.71,313.31,48.18,38.95,entsoe.eu,false,
2021-03-18 10:00:00,Italy,North Italy,IT-NO,248.76,321.77,46.61,37.83,entsoe.eu,false,
2021-03-18 11:00:00,Italy,North Italy,IT-NO,245.11,319.36,46.71,36.96,entsoe.eu,false,
2021-03-18 12:00:00,Italy,North Italy,IT-NO,248.08,321.91,46.38,35.67,entsoe.eu,false,
2021-03-18 13:00:00,Italy,North Italy,IT-NO,259.11,334.24,44.55,32.84,entsoe.eu,false,
2021-03-18 14:00:00,Italy,North Italy,IT-NO,263.87,338.35,44.24,30.78,entsoe.eu,false,
2021-03-18 15:00:00,Italy,North Italy,IT-NO,264.87,339.01,43.89,30.36,entsoe.eu,false,
2021-03-18 16:00:00,Italy,North Italy,IT-NO,264.52,338.99,43.93,31.21,entsoe.eu,false,
2021-03-18 17:00:00,Italy,North Italy,IT-NO,272.91,343.9,46.0,35.38,entsoe.eu,false,
2021-03-18 18:00:00,Italy,North Italy,IT-NO,285.95,358.99,44.12,35.89,entsoe.eu,false,
2021-03-18 19:00:00,Italy,North Italy,IT-NO,266.44,339.19,44.6,32.35,entsoe.eu,false,
2021-03-18 20:00:00,Italy,North Italy,IT-NO,276.16,351.04,42.12,26.82,entsoe.eu,false,
2021-03-18 21:00:00,Italy,North Italy,IT-NO,292.06,371.59,37.9,22.41,entsoe.eu,false,
2021-03-18 22:00:00,Italy,North Italy,IT-NO,289.18,367.39,38.88,21.27,entsoe.eu,false,
2021-03-18 23:00:00,Italy,North Italy,IT-NO,288.37,368.48,38.5,20.39,entsoe.eu,false,
2021-03-19 00:00:00,Italy,North Italy,IT-NO,281.61,361.06,39.98,19.9,entsoe.eu,false,
2021-03-19 01:00:00,Italy,North Italy,IT-NO,281.29,358.06,40.89,20.09,entsoe.eu,false,
2021-03-19 02:00:00,Italy,North Italy,IT-NO,278.21,354.96,40.92,20.04,entsoe.eu,false,
2021-03-19 03:00:00,Italy,North Italy,IT-NO,272.33,350.18,41.37,20.52,entsoe.eu,false,
2021-03-19 04:00:00,Italy,North Italy,IT-NO,283.59,362.74,39.14,20.24,entsoe.eu,false,
2021-03-19 05:00:00,Italy,North Italy,IT-NO,298.21,381.59,35.31,22.95,entsoe.eu,false,
2021-03-19 06:00:00,Italy,North Italy,IT-NO,297.39,378.55,38.19,31.27,entsoe.eu,false,
2021-03-19 07:00:00,Italy,North Italy,IT-NO,273.83,351.75,41.83,35.45,entsoe.eu,false,
2021-03-19 08:00:00,Italy,North Italy,IT-NO,258.57,333.98,44.74,35.69,entsoe.eu,false,
2021-03-19 09:00:00,Italy,North Italy,IT-NO,267.64,348.62,40.91,32.98,entsoe.eu,false,
2021-03-19 10:00:00,Italy,North Italy,IT-NO,274.65,356.47,39.7,31.99,entsoe.eu,false,
2021-03-19 11:00:00,Italy,North Italy,IT-NO,272.06,353.71,40.1,32.21,entsoe.eu,false,
2021-03-19 12:00:00,Italy,North Italy,IT-NO,266.6,346.04,41.48,33.09,entsoe.eu,false,
2021-03-19 13:00:00,Italy,North Italy,IT-NO,276.81,357.74,39.55,30.62,entsoe.eu,false,
2021-03-19 14:00:00,Italy,North Italy,IT-NO,268.98,346.75,41.73,31.51,entsoe.eu,false,
2021-03-19 15:00:00,Italy,North Italy,IT-NO,273.99,350.79,41.73,30.15,entsoe.eu,false,
2021-03-19 16:00:00,Italy,North Italy,IT-NO,270.26,347.16,42.06,30.94,entsoe.eu,false,
2021-03-19 17:00:00,Italy,North Italy,IT-NO,256.95,329.37,45.84,32.92,entsoe.eu,false,
2021-03-19 18:00:00,Italy,North Italy,IT-NO,262.54,333.08,46.29,34.93,entsoe.eu,false,
2021-03-19 19:00:00,Italy,North Italy,IT-NO,267.31,340.88,43.71,30.97,entsoe.eu,false,
2021-03-19 20:00:00,Italy,North Italy,IT-NO,268.53,340.23,44.2,29.5,entsoe.eu,false,
2021-03-19 21:00:00,Italy,North Italy,IT-NO,295.5,377.62,36.42,23.13,entsoe.eu,false,
2021-03-19 22:00:00,Italy,North Italy,IT-NO,317.85,403.9,31.69,19.85,entsoe.eu,false,
2021-03-19 23:00:00,Italy,North Italy,IT-NO,280.41,355.87,42.34,23.44,entsoe.eu,false,
2021-03-20 00:00:00,Italy,North Italy,IT-NO,285.97,363.13,40.89,21.13,entsoe.eu,false,
2021-03-20 01:00:00,Italy,North Italy,IT-NO,285.06,360.71,41.91,21.43,entsoe.eu,false,
2021-03-20 02:00:00,Italy,North Italy,IT-NO,286.8,362.89,41.06,20.47,entsoe.eu,false,
2021-03-20 03:00:00,Italy,North Italy,IT-NO,283.83,360.09,41.21,20.2,entsoe.eu,false,
2021-03-20 04:00:00,Italy,North Italy,IT-NO,284.85,361.81,40.96,20.34,entsoe.eu,false,
2021-03-20 05:00:00,Italy,North Italy,IT-NO,272.49,344.99,44.14,24.7,entsoe.eu,false,
2021-03-20 06:00:00,Italy,North Italy,IT-NO,255.08,324.78,47.82,30.88,entsoe.eu,false,
2021-03-20 07:00:00,Italy,North Italy,IT-NO,228.69,292.47,54.33,39.55,entsoe.eu,false,
2021-03-20 08:00:00,Italy,North Italy,IT-NO,208.47,271.2,57.09,42.95,entsoe.eu,false,
2021-03-20 09:00:00,Italy,North Italy,IT-NO,187.57,248.4,60.26,48.16,entsoe.eu,false,
2021-03-20 10:00:00,Italy,North Italy,IT-NO,189.75,251.16,59.84,46.51,entsoe.eu,false,
2021-03-20 11:00:00,Italy,North Italy,IT-NO,202.62,266.95,57.14,43.76,entsoe.eu,false,
2021-03-20 12:00:00,Italy,North Italy,IT-NO,196.12,260.14,58.31,44.39,entsoe.eu,false,
2021-03-20 13:00:00,Italy,North Italy,IT-NO,203.24,268.38,56.6,42.59,entsoe.eu,false,
2021-03-20 14:00:00,Italy,North Italy,IT-NO,223.2,292.87,51.91,37.28,entsoe.eu,false,
2021-03-20 15:00:00,Italy,North Italy,IT-NO,245.05,317.52,47.27,32.52,entsoe.eu,false,
2021-03-20 16:00:00,Italy,North Italy,IT-NO,254.86,327.99,45.33,29.42,entsoe.eu,false,
2021-03-20 17:00:00,Italy,North Italy,IT-NO,252.92,321.41,47.9,31.08,entsoe.eu,false,
2021-03-20 18:00:00,Italy,North Italy,IT-NO,249.72,316.13,50.04,35.54,entsoe.eu,false,
2021-03-20 19:00:00,Italy,North Italy,IT-NO,255.99,323.61,48.42,33.45,entsoe.eu,false,
2021-03-20 20:00:00,Italy,North Italy,IT-NO,276.76,350.85,42.71,26.99,entsoe.eu,false,
2021-03-20 21:00:00,Italy,North Italy,IT-NO,288.69,365.37,40.34,24.17,entsoe.eu,false,
2021-03-20 22:00:00,Italy,North Italy,IT-NO,279.24,353.15,43.38,27.93,entsoe.eu,false,
2021-03-20 23:00:00,Italy,North Italy,IT-NO,271.12,346.91,44.4,28.42,entsoe.eu,false,
2021-03-21 00:00:00,Italy,North Italy,IT-NO,265.8,339.09,46.78,31.28,entsoe.eu,false,
2021-03-21 01:00:00,Italy,North Italy,IT-NO,266.75,341.35,46.63,32.53,entsoe.eu,false,
2021-03-21 02:00:00,Italy,North Italy,IT-NO,269.84,345.26,46.12,32.57,entsoe.eu,false,
2021-03-21 03:00:00,Italy,North Italy,IT-NO,263.06,337.65,47.17,32.91,entsoe.eu,false,
2021-03-21 04:00:00,Italy,North Italy,IT-NO,278.89,357.75,43.24,31.48,entsoe.eu,false,
2021-03-21 05:00:00,Italy,North Italy,IT-NO,270.01,346.83,44.52,32.87,entsoe.eu,false,
2021-03-21 06:00:00,Italy,North Italy,IT-NO,234.28,302.76,52.48,40.02,entsoe.eu,false,
2021-03-21 07:00:00,Italy,North Italy,IT-NO,219.56,287.08,54.24,44.38,entsoe.eu,false,
2021-03-21 08:00:00,Italy,North Italy,IT-NO,204.27,269.93,57.04,47.22,entsoe.eu,false,
2021-03-21 09:00:00,Italy,North Italy,IT-NO,199.69,264.66,57.95,48.91,entsoe.eu,false,
2021-03-21 10:00:00,Italy,North Italy,IT-NO,191.34,254.77,59.96,51.49,entsoe.eu,false,
2021-03-21 11:00:00,Italy,North Italy,IT-NO,198.45,264.41,58.37,53.67,entsoe.eu,false,
2021-03-21 12:00:00,Italy,North Italy,IT-NO,175.97,237.31,63.77,59.03,entsoe.eu,false,
2021-03-21 13:00:00,Italy,North Italy,IT-NO,192.65,256.48,60.43,53.41,entsoe.eu,false,
2021-03-21 14:00:00,Italy,North Italy,IT-NO,226.4,297.24,52.75,43.11,entsoe.eu,false,
2021-03-21 15:00:00,Italy,North Italy,IT-NO,247.28,319.84,48.99,35.76,entsoe.eu,false,
2021-03-21 16:00:00,Italy,North Italy,IT-NO,253.47,324.66,48.59,33.79,entsoe.eu,false,
2021-03-21 17:00:00,Italy,North Italy,IT-NO,251.99,320.37,50.5,36.43,entsoe.eu,false,
2021-03-21 18:00:00,Italy,North Italy,IT-NO,261.65,326.41,52.23,40.31,entsoe.eu,false,
2021-03-21 19:00:00,Italy,North Italy,IT-NO,247.08,309.46,54.7,40.0,entsoe.eu,false,
2021-03-21 20:00:00,Italy,North Italy,IT-NO,254.59,325.74,47.82,31.36,entsoe.eu,false,
2021-03-21 21:00:00,Italy,North Italy,IT-NO,261.86,334.23,46.62,28.63,entsoe.eu,false,
2021-03-21 22:00:00,Italy,North Italy,IT-NO,283.54,362.46,41.33,28.37,entsoe.eu,false,
2021-03-21 23:00:00,Italy,North Italy,IT-NO,266.85,337.21,46.92,31.09,entsoe.eu,false,
2021-03-22 00:00:00,Italy,North Italy,IT-NO,266.68,339.35,47.18,32.78,entsoe.eu,false,
2021-03-22 01:00:00,Italy,North Italy,IT-NO,271.22,346.82,45.71,33.33,entsoe.eu,false,
2021-03-22 02:00:00,Italy,North Italy,IT-NO,272.31,347.22,45.69,32.16,entsoe.eu,false,
2021-03-22 03:00:00,Italy,North Italy,IT-NO,279.39,356.29,43.78,29.74,entsoe.eu,false,
2021-03-22 04:00:00,Italy,North Italy,IT-NO,296.95,375.97,39.37,25.82,entsoe.eu,false,
2021-03-22 05:00:00,Italy,North Italy,IT-NO,294.59,372.17,40.9,33.22,entsoe.eu,false,
2021-03-22 06:00:00,Italy,North Italy,IT-NO,280.93,354.09,44.62,38.55,entsoe.eu,false,
2021-03-22 07:00:00,Italy,North Italy,IT-NO,274.46,343.58,47.43,42.21,entsoe.eu,false,
2021-03-22 08:00:00,Italy,North Italy,IT-NO,260.43,331.0,47.62,41.68,entsoe.eu,false,
2021-03-22 09:00:00,Italy,North Italy,IT-NO,239.98,310.61,48.68,40.48,entsoe.eu,false,
2021-03-22 10:00:00,Italy,North Italy,IT-NO,240.27,310.13,49.04,39.71,entsoe.eu,false,
2021-03-22 11:00:00,Italy,North Italy,IT-NO,251.16,325.46,45.84,38.59,entsoe.eu,false,
2021-03-22 12:00:00,Italy,North Italy,IT-NO,239.94,309.87,48.9,38.65,entsoe.eu,false,
2021-03-22 13:00:00,Italy,North Italy,IT-NO,247.72,318.22,47.75,35.81,entsoe.eu,false,
2021-03-22 14:00:00,Italy,North Italy,IT-NO,260.61,334.54,44.67,31.76,entsoe.eu,false,
2021-03-22 15:00:00,Italy,North Italy,IT-NO,273.4,350.13,41.85,29.35,entsoe.eu,false,
2021-03-22 16:00:00,Italy,North Italy,IT-NO,282.43,361.1,39.21,26.01,entsoe.eu,false,
2021-03-22 17:00:00,Italy,North Italy,IT-NO,281.37,358.06,40.5,30.08,entsoe.eu,false,
2021-03-22 18:00:00,Italy,North Italy,IT-NO,290.75,365.95,41.78,34.74,entsoe.eu,false,
2021-03-22 19:00:00,Italy,North Italy,IT-NO,281.54,357.31,41.17,32.31,entsoe.eu,false,
2021-03-22 20:00:00,Italy,North Italy,IT-NO,304.92,386.83,35.63,26.18,entsoe.eu,false,
2021-03-22 21:00:00,Italy,North Italy,IT-NO,311.9,396.99,34.1,22.98,entsoe.eu,false,
2021-03-22 22:00:00,Italy,North Italy,IT-NO,329.14,416.31,30.85,22.14,entsoe.eu,false,
2021-03-22 23:00:00,Italy,North Italy,IT-NO,333.66,423.11,29.76,21.04,entsoe.eu,false,
2021-03-23 00:00:00,Italy,North Italy,IT-NO,342.23,431.82,28.6,21.86,entsoe.eu,false,
2021-03-23 01:00:00,Italy,North Italy,IT-NO,344.97,435.02,28.4,21.91,entsoe.eu,false,
2021-03-23 02:00:00,Italy,North Italy,IT-NO,335.47,422.77,30.89,23.1,entsoe.eu,false,
2021-03-23 03:00:00,Italy,North Italy,IT-NO,335.27,421.85,30.99,21.7,entsoe.eu,false,
2021-03-23 04:00:00,Italy,North Italy,IT-NO,344.04,438.19,26.67,20.08,entsoe.eu,false,
2021-03-23 05:00:00,Italy,North Italy,IT-NO,323.09,410.63,30.69,23.19,entsoe.eu,false,
2021-03-23 06:00:00,Italy,North Italy,IT-NO,305.97,388.11,35.27,29.5,entsoe.eu,false,
2021-03-23 07:00:00,Italy,North Italy,IT-NO,286.1,362.97,40.25,35.2,entsoe.eu,false,
2021-03-23 08:00:00,Italy,North Italy,IT-NO,283.46,361.62,41.77,38.34,entsoe.eu,false,
2021-03-23 09:00:00,Italy,North Italy,IT-NO,261.3,336.99,44.06,38.35,entsoe.eu,false,
2021-03-23 10:00:00,Italy,North Italy,IT-NO,260.27,336.63,44.31,38.04,entsoe.eu,false,
2021-03-23 11:00:00,Italy,North Italy,IT-NO,265.17,344.14,42.31,37.73,entsoe.eu,false,
2021-03-23 12:00:00,Italy,North Italy,IT-NO,261.89,339.2,43.23,37.33,entsoe.eu,false,
2021-03-23 13:00:00,Italy,North Italy,IT-NO,266.53,344.27,42.62,34.89,entsoe.eu,false,
2021-03-23 14:00:00,Italy,North Italy,IT-NO,271.38,349.35,41.98,31.17,entsoe.eu,false,
2021-03-23 15:00:00,Italy,North Italy,IT-NO,275.12,352.94,41.51,29.62,entsoe.eu,false,
2021-03-23 16:00:00,Italy,North Italy,IT-NO,273.8,351.06,41.12,26.39,entsoe.eu,false,
2021-03-23 17:00:00,Italy,North Italy,IT-NO,273.42,346.48,44.33,30.55,entsoe.eu,false,
2021-03-23 18:00:00,Italy,North Italy,IT-NO,279.07,351.0,44.76,34.64,entsoe.eu,false,
2021-03-23 19:00:00,Italy,North Italy,IT-NO,283.71,358.92,42.96,34.6,entsoe.eu,false,
2021-03-23 20:00:00,Italy,North Italy,IT-NO,283.26,360.75,41.35,28.6,entsoe.eu,false,
2021-03-23 21:00:00,Italy,North Italy,IT-NO,310.74,394.78,34.71,23.86,entsoe.eu,false,
2021-03-23 22:00:00,Italy,North Italy,IT-NO,334.96,425.55,28.65,21.17,entsoe.eu,false,
2021-03-23 23:00:00,Italy,North Italy,IT-NO,312.49,394.9,35.45,21.68,entsoe.eu,false,
2021-03-24 00:00:00,Italy,North Italy,IT-NO,316.5,399.55,34.89,22.51,entsoe.eu,false,
2021-03-24 01:00:00,Italy,North Italy,IT-NO,323.15,407.62,33.01,20.54,entsoe.eu,false,
2021-03-24 02:00:00,Italy,North Italy,IT-NO,320.62,402.46,34.21,19.34,entsoe.eu,false,
2021-03-24 03:00:00,Italy,North Italy,IT-NO,307.84,388.01,37.26,20.16,entsoe.eu,false,
2021-03-24 04:00:00,Italy,North Italy,IT-NO,318.75,400.63,35.03,20.24,entsoe.eu,false,
2021-03-24 05:00:00,Italy,North Italy,IT-NO,305.6,384.61,37.98,26.9,entsoe.eu,false,
2021-03-24 06:00:00,Italy,North Italy,IT-NO,281.4,354.24,44.29,35.98,entsoe.eu,false,
2021-03-24 07:00:00,Italy,North Italy,IT-NO,266.73,337.5,47.59,41.13,entsoe.eu,false,
2021-03-24 08:00:00,Italy,North Italy,IT-NO,269.99,343.81,45.92,40.27,entsoe.eu,false,
2021-03-24 09:00:00,Italy,North Italy,IT-NO,257.04,329.66,47.34,39.38,entsoe.eu,false,
2021-03-24 10:00:00,Italy,North Italy,IT-NO,246.43,318.51,48.56,39.33,entsoe.eu,false,
2021-03-24 11:00:00,Italy,North Italy,IT-NO,247.93,322.24,47.69,40.09,entsoe.eu,false,
2021-03-24 12:00:00,Italy,North Italy,IT-NO,237.07,308.68,50.58,41.67,entsoe.eu,false,
2021-03-24 13:00:00,Italy,North Italy,IT-NO,241.33,312.75,50.23,39.47,entsoe.eu,false,
2021-03-24 14:00:00,Italy,North Italy,IT-NO,247.83,319.46,49.35,36.08,entsoe.eu,false,
2021-03-24 15:00:00,Italy,North Italy,IT-NO,264.86,340.16,45.14,30.85,entsoe.eu,false,
2021-03-24 16:00:00,Italy,North Italy,IT-NO,272.3,348.38,43.38,28.65,entsoe.eu,false,
2021-03-24 17:00:00,Italy,North Italy,IT-NO,260.16,331.06,46.98,30.47,entsoe.eu,false,
2021-03-24 18:00:00,Italy,North Italy,IT-NO,260.2,327.23,49.8,37.68,entsoe.eu,false,
2021-03-24 19:00:00,Italy,North Italy,IT-NO,270.08,340.62,46.44,34.36,entsoe.eu,false,
2021-03-24 20:00:00,Italy,North Italy,IT-NO,283.21,357.9,42.18,26.76,entsoe.eu,false,
2021-03-24 21:00:00,Italy,North Italy,IT-NO,303.54,384.15,36.76,22.56,entsoe.eu,false,
2021-03-24 22:00:00,Italy,North Italy,IT-NO,312.29,394.29,35.26,21.34,entsoe.eu,false,
2021-03-24 23:00:00,Italy,North Italy,IT-NO,299.4,376.52,40.71,21.45,entsoe.eu,false,
2021-03-25 00:00:00,Italy,North Italy,IT-NO,292.0,367.67,42.73,21.61,entsoe.eu,false,
2021-03-25 01:00:00,Italy,North Italy,IT-NO,300.78,379.09,40.2,20.04,entsoe.eu,false,
2021-03-25 02:00:00,Italy,North Italy,IT-NO,289.41,366.11,42.03,20.13,entsoe.eu,false,
2021-03-25 03:00:00,Italy,North Italy,IT-NO,287.7,364.54,41.85,19.69,entsoe.eu,false,
2021-03-25 04:00:00,Italy,North Italy,IT-NO,301.99,382.69,37.41,19.44,entsoe.eu,false,
2021-03-25 05:00:00,Italy,North Italy,IT-NO,283.41,357.98,42.04,28.44,entsoe.eu,false,
2021-03-25 06:00:00,Italy,North Italy,IT-NO,273.01,338.24,49.61,40.37,entsoe.eu,false,
2021-03-25 07:00:00,Italy,North Italy,IT-NO,254.36,319.28,51.84,43.67,entsoe.eu,false,
2021-03-25 08:00:00,Italy,North Italy,IT-NO,243.33,311.9,50.1,40.5,entsoe.eu,false,
2021-03-25 09:00:00,Italy,North Italy,IT-NO,243.3,311.86,49.9,38.6,entsoe.eu,false,
2021-03-25 10:00:00,Italy,North Italy,IT-NO,239.05,311.15,49.45,38.55,entsoe.eu,false,
2021-03-25 11:00:00,Italy,North Italy,IT-NO,228.77,301.37,50.87,40.54,entsoe.eu,false,
2021-03-25 12:00:00,Italy,North Italy,IT-NO,219.03,288.74,53.29,40.63,entsoe.eu,false,
2021-03-25 13:00:00,Italy,North Italy,IT-NO,232.07,305.09,49.96,36.31,entsoe.eu,false,
2021-03-25 14:00:00,Italy,North Italy,IT-NO,244.08,318.84,47.23,32.47,entsoe.eu,false,
2021-03-25 15:00:00,Italy,North Italy,IT-NO,247.83,320.96,47.38,30.16,entsoe.eu,false,
2021-03-25 16:00:00,Italy,North Italy,IT-NO,250.64,322.71,46.7,29.26,entsoe.eu,false,
2021-03-25 17:00:00,Italy,North Italy,IT-NO,250.81,317.66,50.54,34.02,entsoe.eu,false,
2021-03-25 18:00:00,Italy,North Italy,IT-NO,254.69,320.72,51.15,38.32,entsoe.eu,false,
2021-03-25 19:00:00,Italy,North Italy,IT-NO,252.83,318.64,50.72,36.41,entsoe.eu,false,
2021-03-25 20:00:00,Italy,North Italy,IT-NO,253.74,324.47,47.1,29.44,entsoe.eu,false,
2021-03-25 21:00:00,Italy,North Italy,IT-NO,278.84,355.87,42.05,24.09,entsoe.eu,false,
2021-03-25 22:00:00,Italy,North Italy,IT-NO,279.55,356.4,43.19,23.52,entsoe.eu,false,
2021-03-25 23:00:00,Italy,North Italy,IT-NO,274.2,349.46,43.56,22.99,entsoe.eu,false,
2021-03-26 00:00:00,Italy,North Italy,IT-NO,276.32,352.64,42.63,21.4,entsoe.eu,false,
2021-03-26 01:00:00,Italy,North Italy,IT-NO,278.36,355.71,42.04,20.68,entsoe.eu,false,
2021-03-26 02:00:00,Italy,North Italy,IT-NO,268.49,344.42,44.0,21.21,entsoe.eu,false,
2021-03-26 03:00:00,Italy,North Italy,IT-NO,266.45,342.9,43.75,20.96,entsoe.eu,false,
2021-03-26 04:00:00,Italy,North Italy,IT-NO,267.84,343.6,43.61,22.53,entsoe.eu,false,
2021-03-26 05:00:00,Italy,North Italy,IT-NO,268.91,343.26,43.74,26.97,entsoe.eu,false,
2021-03-26 06:00:00,Italy,North Italy,IT-NO,253.56,322.67,48.01,33.09,entsoe.eu,false,
2021-03-26 07:00:00,Italy,North Italy,IT-NO,243.04,307.42,52.91,40.49,entsoe.eu,false,
2021-03-26 08:00:00,Italy,North Italy,IT-NO,219.97,284.56,53.88,40.66,entsoe.eu,false,
2021-03-26 09:00:00,Italy,North Italy,IT-NO,210.06,273.8,56.02,43.16,entsoe.eu,false,
2021-03-26 10:00:00,Italy,North Italy,IT-NO,210.82,276.15,55.63,43.31,entsoe.eu,false,
2021-03-26 11:00:00,Italy,North Italy,IT-NO,200.61,264.5,57.56,45.1,entsoe.eu,false,
2021-03-26 12:00:00,Italy,North Italy,IT-NO,207.3,272.52,56.19,42.78,entsoe.eu,false,
2021-03-26 13:00:00,Italy,North Italy,IT-NO,220.19,287.35,53.53,39.84,entsoe.eu,false,
2021-03-26 14:00:00,Italy,North Italy,IT-NO,236.56,307.25,49.95,36.12,entsoe.eu,false,
2021-03-26 15:00:00,Italy,North Italy,IT-NO,241.88,312.09,49.2,33.58,entsoe.eu,false,
2021-03-26 16:00:00,Italy,North Italy,IT-NO,252.29,323.65,47.13,30.91,entsoe.eu,false,
2021-03-26 17:00:00,Italy,North Italy,IT-NO,256.12,323.22,50.54,36.26,entsoe.eu,false,
2021-03-26 18:00:00,Italy,North Italy,IT-NO,249.59,315.39,51.5,39.31,entsoe.eu,false,
2021-03-26 19:00:00,Italy,North Italy,IT-NO,253.64,321.87,49.29,35.25,entsoe.eu,false,
2021-03-26 20:00:00,Italy,North Italy,IT-NO,250.17,319.88,48.37,31.88,entsoe.eu,false,
2021-03-26 21:00:00,Italy,North Italy,IT-NO,256.51,329.01,46.97,29.06,entsoe.eu,false,
2021-03-26 22:00:00,Italy,North Italy,IT-NO,274.19,350.33,42.76,26.91,entsoe.eu,false,
2021-03-26 23:00:00,Italy,North Italy,IT-NO,253.78,326.9,47.8,29.93,entsoe.eu,false,
2021-03-27 00:00:00,Italy,North Italy,IT-NO,257.22,332.16,46.59,27.32,entsoe.eu,false,
2021-03-27 01:00:00,Italy,North Italy,IT-NO,251.53,325.08,48.19,27.73,entsoe.eu,false,
2021-03-27 02:00:00,Italy,North Italy,IT-NO,242.73,314.18,50.12,28.52,entsoe.eu,false,
2021-03-27 03:00:00,Italy,North Italy,IT-NO,242.5,314.13,49.87,28.65,entsoe.eu,false,
2021-03-27 04:00:00,Italy,North Italy,IT-NO,250.6,323.34,48.0,28.33,entsoe.eu,false,
2021-03-27 05:00:00,Italy,North Italy,IT-NO,258.58,331.78,45.88,28.35,entsoe.eu,false,
2021-03-27 06:00:00,Italy,North Italy,IT-NO,240.57,309.61,49.78,33.02,entsoe.eu,false,
2021-03-27 07:00:00,Italy,North Italy,IT-NO,228.02,295.08,51.97,36.26,entsoe.eu,false,
2021-03-27 08:00:00,Italy,North Italy,IT-NO,220.11,286.34,53.29,38.55,entsoe.eu,false,
2021-03-27 09:00:00,Italy,North Italy,IT-NO,227.74,297.7,51.2,38.21,entsoe.eu,false,
2021-03-27 10:00:00,Italy,North Italy,IT-NO,227.09,296.87,51.59,38.64,entsoe.eu,false,
2021-03-27 11:00:00,Italy,North Italy,IT-NO,218.66,287.61,53.14,38.06,entsoe.eu,false,
2021-03-27 12:00:00,Italy,North Italy,IT-NO,205.8,271.1,57.13,42.79,entsoe.eu,false,
2021-03-27 13:00:00,Italy,North Italy,IT-NO,212.5,280.09,54.84,39.85,entsoe.eu,false,
2021-03-27 14:00:00,Italy,North Italy,IT-NO,242.92,319.24,46.88,35.23,entsoe.eu,false,
2021-03-27 15:00:00,Italy,North Italy,IT-NO,235.92,307.82,49.92,37.07,entsoe.eu,false,
2021-03-27 16:00:00,Italy,North Italy,IT-NO,235.44,304.33,50.82,34.65,entsoe.eu,false,
2021-03-27 17:00:00,Italy,North Italy,IT-NO,218.55,280.44,56.07,37.27,entsoe.eu,false,
2021-03-27 18:00:00,Italy,North Italy,IT-NO,220.75,280.21,57.99,42.37,entsoe.eu,false,
2021-03-27 19:00:00,Italy,North Italy,IT-NO,233.19,299.44,52.54,37.14,entsoe.eu,false,
2021-03-27 20:00:00,Italy,North Italy,IT-NO,237.46,304.87,51.73,35.01,entsoe.eu,false,
2021-03-27 21:00:00,Italy,North Italy,IT-NO,250.11,320.94,48.94,32.94,entsoe.eu,false,
2021-03-27 22:00:00,Italy,North Italy,IT-NO,263.27,338.94,46.03,31.09,entsoe.eu,false,
2021-03-27 23:00:00,Italy,North Italy,IT-NO,243.52,315.22,51.01,31.76,entsoe.eu,false,
2021-03-28 00:00:00,Italy,North Italy,IT-NO,228.77,297.3,54.18,31.7,entsoe.eu,false,
2021-03-28 01:00:00,Italy,North Italy,IT-NO,240.01,311.72,51.05,29.87,entsoe.eu,false,
2021-03-28 02:00:00,Italy,North Italy,IT-NO,238.33,309.53,51.34,29.77,entsoe.eu,false,
2021-03-28 03:00:00,Italy,North Italy,IT-NO,260.91,337.94,45.42,27.05,entsoe.eu,false,
2021-03-28 04:00:00,Italy,North Italy,IT-NO,261.33,338.24,45.24,28.2,entsoe.eu,false,
2021-03-28 05:00:00,Italy,North Italy,IT-NO,250.87,326.63,46.87,30.61,entsoe.eu,false,
2021-03-28 06:00:00,Italy,North Italy,IT-NO,232.17,304.2,50.79,35.95,entsoe.eu,false,
2021-03-28 07:00:00,Italy,North Italy,IT-NO,219.53,289.46,54.03,44.07,entsoe.eu,false,
2021-03-28 08:00:00,Italy,North Italy,IT-NO,217.1,287.29,54.02,47.86,entsoe.eu,false,
2021-03-28 09:00:00,Italy,North Italy,IT-NO,196.43,262.72,58.74,52.47,entsoe.eu,false,
2021-03-28 10:00:00,Italy,North Italy,IT-NO,181.9,245.26,62.54,57.51,entsoe.eu,false,
2021-03-28 11:00:00,Italy,North Italy,IT-NO,173.12,234.81,64.87,60.46,entsoe.eu,false,
2021-03-28 12:00:00,Italy,North Italy,IT-NO,179.36,242.21,63.88,58.9,entsoe.eu,false,
2021-03-28 13:00:00,Italy,North Italy,IT-NO,195.12,260.88,60.37,53.7,entsoe.eu,false,
2021-03-28 14:00:00,Italy,North Italy,IT-NO,205.87,272.99,58.04,48.18,entsoe.eu,false,
2021-03-28 15:00:00,Italy,North Italy,IT-NO,215.17,282.82,54.84,39.39,entsoe.eu,false,
2021-03-28 16:00:00,Italy,North Italy,IT-NO,211.18,275.08,55.73,37.05,entsoe.eu,false,
2021-03-28 17:00:00,Italy,North Italy,IT-NO,230.18,297.96,52.02,35.37,entsoe.eu,false,
2021-03-28 18:00:00,Italy,North Italy,IT-NO,244.44,311.2,51.54,37.39,entsoe.eu,false,
2021-03-28 19:00:00,Italy,North Italy,IT-NO,243.07,309.33,50.89,34.2,entsoe.eu,false,
2021-03-28 20:00:00,Italy,North Italy,IT-NO,251.75,323.5,47.45,28.6,entsoe.eu,false,
2021-03-28 21:00:00,Italy,North Italy,IT-NO,248.98,320.11,48.14,27.7,entsoe.eu,false,
2021-03-28 22:00:00,Italy,North Italy,IT-NO,238.27,306.71,51.43,29.37,entsoe.eu,false,
2021-03-28 23:00:00,Italy,North Italy,IT-NO,246.64,317.96,49.15,27.32,entsoe.eu,false,
2021-03-29 00:00:00,Italy,North Italy,IT-NO,247.0,319.12,49.12,27.78,entsoe.eu,false,
2021-03-29 01:00:00,Italy,North Italy,IT-NO,252.41,324.8,48.62,28.1,entsoe.eu,false,
2021-03-29 02:00:00,Italy,North Italy,IT-NO,253.47,326.85,47.92,27.27,entsoe.eu,false,
2021-03-29 03:00:00,Italy,North Italy,IT-NO,281.7,361.32,40.77,24.07,entsoe.eu,false,
2021-03-29 04:00:00,Italy,North Italy,IT-NO,257.58,328.9,47.1,30.04,entsoe.eu,false,
2021-03-29 05:00:00,Italy,North Italy,IT-NO,259.89,327.07,48.63,35.24,entsoe.eu,false,
2021-03-29 06:00:00,Italy,North Italy,IT-NO,247.58,312.38,51.66,39.89,entsoe.eu,false,
2021-03-29 07:00:00,Italy,North Italy,IT-NO,235.57,302.63,51.0,39.15,entsoe.eu,false,
2021-03-29 08:00:00,Italy,North Italy,IT-NO,231.31,299.29,51.14,39.18,entsoe.eu,false,
2021-03-29 09:00:00,Italy,North Italy,IT-NO,229.57,298.83,51.08,39.34,entsoe.eu,false,
2021-03-29 10:00:00,Italy,North Italy,IT-NO,219.54,287.76,53.09,41.16,entsoe.eu,false,
2021-03-29 11:00:00,Italy,North Italy,IT-NO,210.38,275.81,55.54,42.83,entsoe.eu,false,
2021-03-29 12:00:00,Italy,North Italy,IT-NO,222.27,290.3,52.8,39.75,entsoe.eu,false,
2021-03-29 13:00:00,Italy,North Italy,IT-NO,229.16,297.8,51.58,37.57,entsoe.eu,false,
2021-03-29 14:00:00,Italy,North Italy,IT-NO,239.71,310.74,49.4,34.22,entsoe.eu,false,
2021-03-29 15:00:00,Italy,North Italy,IT-NO,248.34,320.99,46.63,30.38,entsoe.eu,false,
2021-03-29 16:00:00,Italy,North Italy,IT-NO,252.18,323.42,46.6,30.04,entsoe.eu,false,
2021-03-29 17:00:00,Italy,North Italy,IT-NO,251.09,319.76,48.8,34.0,entsoe.eu,false,
2021-03-29 18:00:00,Italy,North Italy,IT-NO,253.64,321.53,48.97,34.2,entsoe.eu,false,
2021-03-29 19:00:00,Italy,North Italy,IT-NO,262.54,336.17,43.78,26.98,entsoe.eu,false,
2021-03-29 20:00:00,Italy,North Italy,IT-NO,280.8,359.1,39.4,21.74,entsoe.eu,false,
2021-03-29 21:00:00,Italy,North Italy,IT-NO,274.14,348.83,42.59,23.65,entsoe.eu,false,
2021-03-29 22:00:00,Italy,North Italy,IT-NO,267.24,339.52,44.53,23.35,entsoe.eu,false,
2021-03-29 23:00:00,Italy,North Italy,IT-NO,259.88,332.13,46.18,23.47,entsoe.eu,false,
2021-03-30 00:00:00,Italy,North Italy,IT-NO,248.86,317.57,49.09,24.71,entsoe.eu,false,
2021-03-30 01:00:00,Italy,North Italy,IT-NO,259.71,331.15,46.35,23.98,entsoe.eu,false,
2021-03-30 02:00:00,Italy,North Italy,IT-NO,250.62,320.11,48.49,24.51,entsoe.eu,false,
2021-03-30 03:00:00,Italy,North Italy,IT-NO,262.02,334.24,45.33,23.81,entsoe.eu,false,
2021-03-30 04:00:00,Italy,North Italy,IT-NO,259.47,331.77,44.65,26.62,entsoe.eu,false,
2021-03-30 05:00:00,Italy,North Italy,IT-NO,255.54,321.51,50.18,37.69,entsoe.eu,false,
2021-03-30 06:00:00,Italy,North Italy,IT-NO,248.22,309.61,54.55,44.14,entsoe.eu,false,
2021-03-30 07:00:00,Italy,North Italy,IT-NO,233.21,297.99,52.56,39.79,entsoe.eu,false,
2021-03-30 08:00:00,Italy,North Italy,IT-NO,235.13,302.21,51.42,38.76,entsoe.eu,false,
2021-03-30 09:00:00,Italy,North Italy,IT-NO,223.3,289.35,53.92,41.21,entsoe.eu,false,
2021-03-30 10:00:00,Italy,North Italy,IT-NO,200.77,264.24,58.56,44.29,entsoe.eu,false,
2021-03-30 11:00:00,Italy,North Italy,IT-NO,191.4,252.26,60.98,46.16,entsoe.eu,false,
2021-03-30 12:00:00,Italy,North Italy,IT-NO,202.76,265.62,58.75,43.31,entsoe.eu,false,
2021-03-30 13:00:00,Italy,North Italy,IT-NO,211.01,274.54,57.13,40.52,entsoe.eu,false,
2021-03-30 14:00:00,Italy,North Italy,IT-NO,218.41,282.26,55.65,37.03,entsoe.eu,false,
2021-03-30 15:00:00,Italy,North Italy,IT-NO,244.96,314.86,49.98,32.61,entsoe.eu,false,
2021-03-30 16:00:00,Italy,North Italy,IT-NO,254.6,321.92,47.8,31.06,entsoe.eu,false,
2021-03-30 17:00:00,Italy,North Italy,IT-NO,249.35,311.04,53.6,39.44,entsoe.eu,false,
2021-03-30 18:00:00,Italy,North Italy,IT-NO,246.6,312.61,49.61,35.07,entsoe.eu,false,
2021-03-30 19:00:00,Italy,North Italy,IT-NO,258.19,327.33,45.73,29.69,entsoe.eu,false,
2021-03-30 20:00:00,Italy,North Italy,IT-NO,272.49,349.5,41.75,25.27,entsoe.eu,false,
2021-03-30 21:00:00,Italy,North Italy,IT-NO,279.11,360.71,39.68,23.63,entsoe.eu,false,
2021-03-30 22:00:00,Italy,North Italy,IT-NO,253.94,325.17,47.56,24.77,entsoe.eu,false,
2021-03-30 23:00:00,Italy,North Italy,IT-NO,261.43,331.87,46.56,22.9,entsoe.eu,false,
2021-03-31 00:00:00,Italy,North Italy,IT-NO,246.42,312.76,50.32,23.56,entsoe.eu,false,
2021-03-31 01:00:00,Italy,North Italy,IT-NO,240.9,306.62,50.82,23.37,entsoe.eu,false,
2021-03-31 02:00:00,Italy,North Italy,IT-NO,238.23,304.72,50.9,24.14,entsoe.eu,false,
2021-03-31 03:00:00,Italy,North Italy,IT-NO,254.73,325.11,46.48,23.17,entsoe.eu,false,
2021-03-31 04:00:00,Italy,North Italy,IT-NO,266.29,339.27,43.16,28.89,entsoe.eu,false,
2021-03-31 05:00:00,Italy,North Italy,IT-NO,262.83,329.11,48.25,34.61,entsoe.eu,false,
2021-03-31 06:00:00,Italy,North Italy,IT-NO,244.67,306.2,53.15,40.51,entsoe.eu,false,
2021-03-31 07:00:00,Italy,North Italy,IT-NO,230.05,296.21,51.51,38.17,entsoe.eu,false,
2021-03-31 08:00:00,Italy,North Italy,IT-NO,226.35,292.41,52.65,38.5,entsoe.eu,false,
2021-03-31 09:00:00,Italy,North Italy,IT-NO,213.04,276.15,56.09,41.7,entsoe.eu,false,
2021-03-31 10:00:00,Italy,North Italy,IT-NO,201.55,264.34,58.52,43.82,entsoe.eu,false,
2021-03-31 11:00:00,Italy,North Italy,IT-NO,197.15,259.02,59.09,43.8,entsoe.eu,false,
2021-03-31 12:00:00,Italy,North Italy,IT-NO,192.47,253.53,59.87,42.18,entsoe.eu,false,
2021-03-31 13:00:00,Italy,North Italy,IT-NO,214.26,279.67,54.87,38.36,entsoe.eu,false,
2021-03-31 14:00:00,Italy,North Italy,IT-NO,221.37,287.22,53.61,37.9,entsoe.eu,false,
2021-03-31 15:00:00,Italy,North Italy,IT-NO,225.72,289.69,52.84,36.12,entsoe.eu,false,
2021-03-31 16:00:00,Italy,North Italy,IT-NO,226.3,288.66,53.32,36.67,entsoe.eu,false,
2021-03-31 17:00:00,Italy,North Italy,IT-NO,239.07,297.73,55.74,42.51,entsoe.eu,false,
2021-03-31 18:00:00,Italy,North Italy,IT-NO,239.24,301.22,52.98,39.87,entsoe.eu,false,
2021-03-31 19:00:00,Italy,North Italy,IT-NO,233.11,296.5,52.09,36.03,entsoe.eu,false,
2021-03-31 20:00:00,Italy,North Italy,IT-NO,252.04,322.39,46.45,29.44,entsoe.eu,false,
2021-03-31 21:00:00,Italy,North Italy,IT-NO,246.84,315.52,48.07,28.79,entsoe.eu,false,
2021-03-31 22:00:00,Italy,North Italy,IT-NO,253.94,325.4,46.64,27.68,entsoe.eu,false,
2021-03-31 23:00:00,Italy,North Italy,IT-NO,251.5,321.52,47.63,27.64,entsoe.eu,false,
2021-04-01 00:00:00,Italy,North Italy,IT-NO,249.21,318.09,48.19,27.42,entsoe.eu,false,
2021-04-01 01:00:00,Italy,North Italy,IT-NO,240.31,307.59,49.75,27.2,entsoe.eu,false,
2021-04-01 02:00:00,Italy,North Italy,IT-NO,235.63,302.64,50.46,27.42,entsoe.eu,false,
2021-04-01 03:00:00,Italy,North Italy,IT-NO,242.15,311.39,49.43,28.54,entsoe.eu,false,
2021-04-01 04:00:00,Italy,North Italy,IT-NO,258.41,326.9,47.41,32.32,entsoe.eu,false,
2021-04-01 05:00:00,Italy,North Italy,IT-NO,261.78,328.67,49.16,38.57,entsoe.eu,false,
2021-04-01 06:00:00,Italy,North Italy,IT-NO,248.49,312.75,52.44,42.61,entsoe.eu,false,
2021-04-01 07:00:00,Italy,North Italy,IT-NO,238.97,307.13,51.02,40.06,entsoe.eu,false,
2021-04-01 08:00:00,Italy,North Italy,IT-NO,232.37,301.48,51.28,39.99,entsoe.eu,false,
2021-04-01 09:00:00,Italy,North Italy,IT-NO,221.11,290.56,53.25,41.47,entsoe.eu,false,
2021-04-01 10:00:00,Italy,North Italy,IT-NO,210.41,279.16,55.48,45.16,entsoe.eu,false,
2021-04-01 11:00:00,Italy,North Italy,IT-NO,194.46,258.91,59.68,47.4,entsoe.eu,false,
2021-04-01 12:00:00,Italy,North Italy,IT-NO,204.53,269.6,57.77,44.73,entsoe.eu,false,
2021-04-01 13:00:00,Italy,North Italy,IT-NO,216.58,283.52,55.25,42.02,entsoe.eu,false,
2021-04-01 14:00:00,Italy,North Italy,IT-NO,220.01,286.9,54.37,39.78,entsoe.eu,false,
2021-04-01 15:00:00,Italy,North Italy,IT-NO,234.01,303.14,50.94,36.33,entsoe.eu,false,
2021-04-01 16:00:00,Italy,North Italy,IT-NO,242.37,309.8,50.33,35.69,entsoe.eu,false,
2021-04-01 17:00:00,Italy,North Italy,IT-NO,249.77,312.61,53.49,41.78,entsoe.eu,false,
2021-04-01 18:00:00,Italy,North Italy,IT-NO,244.12,305.87,54.08,42.98,entsoe.eu,false,
2021-04-01 19:00:00,Italy,North Italy,IT-NO,242.99,306.86,52.35,38.2,entsoe.eu,false,
2021-04-01 20:00:00,Italy,North Italy,IT-NO,241.23,308.61,50.86,34.21,entsoe.eu,false,
2021-04-01 21:00:00,Italy,North Italy,IT-NO,250.15,319.96,49.2,33.43,entsoe.eu,false,
2021-04-01 22:00:00,Italy,North Italy,IT-NO,228.89,294.74,53.79,35.58,entsoe.eu,false,
2021-04-01 23:00:00,Italy,North Italy,IT-NO,221.53,285.53,55.06,34.25,entsoe.eu,false,
2021-04-02 00:00:00,Italy,North Italy,IT-NO,216.75,277.68,56.83,33.87,entsoe.eu,false,
2021-04-02 01:00:00,Italy,North Italy,IT-NO,228.49,294.32,52.78,32.12,entsoe.eu,false,
2021-04-02 02:00:00,Italy,North Italy,IT-NO,230.02,297.55,52.1,31.41,entsoe.eu,false,
2021-04-02 03:00:00,Italy,North Italy,IT-NO,238.87,308.08,50.45,32.33,entsoe.eu,false,
2021-04-02 04:00:00,Italy,North Italy,IT-NO,249.85,312.64,54.27,41.3,entsoe.eu,false,
2021-04-02 05:00:00,Italy,North Italy,IT-NO,229.15,288.54,57.95,44.19,entsoe.eu,false,
2021-04-02 06:00:00,Italy,North Italy,IT-NO,214.74,270.34,62.26,49.81,entsoe.eu,false,
2021-04-02 07:00:00,Italy,North Italy,IT-NO,204.4,259.61,63.81,52.07,entsoe.eu,false,
2021-04-02 08:00:00,Italy,North Italy,IT-NO,187.16,244.22,63.75,50.46,entsoe.eu,false,
2021-04-02 09:00:00,Italy,North Italy,IT-NO,174.14,231.93,64.5,50.46,entsoe.eu,false,
2021-04-02 10:00:00,Italy,North Italy,IT-NO,163.25,219.24,66.87,52.04,entsoe.eu,false,
2021-04-02 11:00:00,Italy,North Italy,IT-NO,156.48,210.86,68.84,55.22,entsoe.eu,false,
2021-04-02 12:00:00,Italy,North Italy,IT-NO,156.07,210.34,68.87,55.1,entsoe.eu,false,
2021-04-02 13:00:00,Italy,North Italy,IT-NO,162.94,218.46,67.24,53.04,entsoe.eu,false,
2021-04-02 14:00:00,Italy,North Italy,IT-NO,169.69,225.47,65.95,50.7,entsoe.eu,false,
2021-04-02 15:00:00,Italy,North Italy,IT-NO,184.14,240.99,62.89,46.07,entsoe.eu,false,
2021-04-02 16:00:00,Italy,North Italy,IT-NO,196.66,252.95,62.27,45.16,entsoe.eu,false,
2021-04-02 17:00:00,Italy,North Italy,IT-NO,207.34,262.82,61.43,45.52,entsoe.eu,false,
2021-04-02 18:00:00,Italy,North Italy,IT-NO,215.64,272.36,60.51,44.98,entsoe.eu,false,
2021-04-02 19:00:00,Italy,North Italy,IT-NO,211.25,267.88,60.56,43.27,entsoe.eu,false,
2021-04-02 20:00:00,Italy,North Italy,IT-NO,206.84,264.96,59.79,41.42,entsoe.eu,false,
2021-04-02 21:00:00,Italy,North Italy,IT-NO,206.95,268.21,58.67,41.1,entsoe.eu,false,
2021-04-02 22:00:00,Italy,North Italy,IT-NO,196.92,257.43,60.42,39.65,entsoe.eu,false,
2021-04-02 23:00:00,Italy,North Italy,IT-NO,187.84,246.35,62.97,41.5,entsoe.eu,false,
2021-04-03 00:00:00,Italy,North Italy,IT-NO,179.41,236.11,64.81,41.88,entsoe.eu,false,
2021-04-03 01:00:00,Italy,North Italy,IT-NO,176.64,232.65,65.22,41.54,entsoe.eu,false,
2021-04-03 02:00:00,Italy,North Italy,IT-NO,178.64,235.55,64.52,40.39,entsoe.eu,false,
2021-04-03 03:00:00,Italy,North Italy,IT-NO,196.03,255.88,61.17,40.26,entsoe.eu,false,
2021-04-03 04:00:00,Italy,North Italy,IT-NO,195.03,253.95,61.26,40.89,entsoe.eu,false,
2021-04-03 05:00:00,Italy,North Italy,IT-NO,190.29,249.25,61.55,41.99,entsoe.eu,false,
2021-04-03 06:00:00,Italy,North Italy,IT-NO,209.52,271.07,58.88,46.33,entsoe.eu,false,
2021-04-03 07:00:00,Italy,North Italy,IT-NO,209.97,272.72,58.62,50.26,entsoe.eu,false,
2021-04-03 08:00:00,Italy,North Italy,IT-NO,190.39,250.8,62.12,54.46,entsoe.eu,false,
2021-04-03 09:00:00,Italy,North Italy,IT-NO,186.57,248.71,61.65,55.58,entsoe.eu,false,
2021-04-03 10:00:00,Italy,North Italy,IT-NO,195.52,260.75,59.04,53.76,entsoe.eu,false,
2021-04-03 11:00:00,Italy,North Italy,IT-NO,191.85,256.96,59.63,53.95,entsoe.eu,false,
2021-04-03 12:00:00,Italy,North Italy,IT-NO,179.07,241.63,62.02,55.38,entsoe.eu,false,
2021-04-03 13:00:00,Italy,North Italy,IT-NO,190.2,254.98,59.07,51.68,entsoe.eu,false,
2021-04-03 14:00:00,Italy,North Italy,IT-NO,193.15,257.37,58.37,50.08,entsoe.eu,false,
2021-04-03 15:00:00,Italy,North Italy,IT-NO,213.64,278.55,55.95,49.03,entsoe.eu,false,
2021-04-03 16:00:00,Italy,North Italy,IT-NO,235.7,296.8,57.24,51.46,entsoe.eu,false,
2021-04-03 17:00:00,Italy,North Italy,IT-NO,251.28,310.51,57.58,52.93,entsoe.eu,false,
2021-04-03 18:00:00,Italy,North Italy,IT-NO,261.33,321.35,56.6,52.2,entsoe.eu,false,
2021-04-03 19:00:00,Italy,North Italy,IT-NO,257.97,319.78,55.4,49.53,entsoe.eu,false,
2021-04-03 20:00:00,Italy,North Italy,IT-NO,255.95,324.96,50.15,42.18,entsoe.eu,false,
2021-04-03 21:00:00,Italy,North Italy,IT-NO,263.11,334.45,48.46,42.17,entsoe.eu,false,
2021-04-03 22:00:00,Italy,North Italy,IT-NO,237.26,304.25,53.04,47.13,entsoe.eu,false,
2021-04-03 23:00:00,Italy,North Italy,IT-NO,239.15,304.55,53.74,47.57,entsoe.eu,false,
2021-04-04 00:00:00,Italy,North Italy,IT-NO,237.24,302.43,54.58,48.76,entsoe.eu,false,
2021-04-04 01:00:00,Italy,North Italy,IT-NO,234.71,298.91,55.82,48.26,entsoe.eu,false,
2021-04-04 02:00:00,Italy,North Italy,IT-NO,226.87,292.93,54.93,46.82,entsoe.eu,false,
2021-04-04 03:00:00,Italy,North Italy,IT-NO,237.21,303.39,54.03,47.4,entsoe.eu,false,
2021-04-04 04:00:00,Italy,North Italy,IT-NO,225.1,288.67,55.91,49.03,entsoe.eu,false,
2021-04-04 05:00:00,Italy,North Italy,IT-NO,221.68,286.49,55.66,49.07,entsoe.eu,false,
2021-04-04 06:00:00,Italy,North Italy,IT-NO,215.01,280.82,56.42,51.57,entsoe.eu,false,
2021-04-04 07:00:00,Italy,North Italy,IT-NO,194.7,257.73,60.86,56.72,entsoe.eu,false,
2021-04-04 08:00:00,Italy,North Italy,IT-NO,182.77,244.12,63.55,61.19,entsoe.eu,false,
2021-04-04 09:00:00,Italy,North Italy,IT-NO,174.39,235.18,64.91,63.83,entsoe.eu,false,
2021-04-04 10:00:00,Italy,North Italy,IT-NO,168.89,228.5,66.4,66.32,entsoe.eu,false,
2021-04-04 11:00:00,Italy,North Italy,IT-NO,158.05,215.58,69.09,69.05,entsoe.eu,false,
2021-04-04 12:00:00,Italy,North Italy,IT-NO,166.94,225.86,67.07,66.89,entsoe.eu,false,
2021-04-04 13:00:00,Italy,North Italy,IT-NO,178.9,240.99,64.09,63.96,entsoe.eu,false,
2021-04-04 14:00:00,Italy,North Italy,IT-NO,187.81,251.7,61.8,61.52,entsoe.eu,false,
2021-04-04 15:00:00,Italy,North Italy,IT-NO,190.79,254.11,61.43,59.64,entsoe.eu,false,
2021-04-04 16:00:00,Italy,North Italy,IT-NO,223.08,291.89,54.61,51.78,entsoe.eu,false,
2021-04-04 17:00:00,Italy,North Italy,IT-NO,266.11,338.17,49.37,49.29,entsoe.eu,false,
2021-04-04 18:00:00,Italy,North Italy,IT-NO,275.04,346.42,48.51,48.47,entsoe.eu,false,
2021-04-04 19:00:00,Italy,North Italy,IT-NO,287.8,364.01,44.25,44.2,entsoe.eu,false,
2021-04-04 20:00:00,Italy,North Italy,IT-NO,293.67,375.14,39.65,39.15,entsoe.eu,false,
2021-04-04 21:00:00,Italy,North Italy,IT-NO,284.13,367.54,39.05,38.5,entsoe.eu,false,
2021-04-04 22:00:00,Italy,North Italy,IT-NO,284.59,366.87,40.93,40.84,entsoe.eu,false,
2021-04-04 23:00:00,Italy,North Italy,IT-NO,276.63,354.82,45.09,44.4,entsoe.eu,false,
2021-04-05 00:00:00,Italy,North Italy,IT-NO,278.8,357.58,44.66,44.14,entsoe.eu,false,
2021-04-05 01:00:00,Italy,North Italy,IT-NO,278.86,359.3,43.47,42.94,entsoe.eu,false,
2021-04-05 02:00:00,Italy,North Italy,IT-NO,286.78,372.02,38.88,38.55,entsoe.eu,false,
2021-04-05 03:00:00,Italy,North Italy,IT-NO,298.06,386.32,35.28,35.22,entsoe.eu,false,
2021-04-05 04:00:00,Italy,North Italy,IT-NO,296.6,381.39,37.42,37.4,entsoe.eu,false,
2021-04-05 05:00:00,Italy,North Italy,IT-NO,291.07,373.58,39.31,39.28,entsoe.eu,false,
2021-04-05 06:00:00,Italy,North Italy,IT-NO,263.29,340.85,45.04,45.03,entsoe.eu,false,
2021-04-05 07:00:00,Italy,North Italy,IT-NO,229.42,301.18,51.98,51.96,entsoe.eu,false,
2021-04-05 08:00:00,Italy,North Italy,IT-NO,209.31,278.12,56.0,55.98,entsoe.eu,false,
2021-04-05 09:00:00,Italy,North Italy,IT-NO,188.06,252.71,60.84,60.81,entsoe.eu,false,
2021-04-05 10:00:00,Italy,North Italy,IT-NO,188.34,253.54,60.44,60.42,entsoe.eu,false,
2021-04-05 11:00:00,Italy,North Italy,IT-NO,178.86,241.94,63.12,63.01,entsoe.eu,false,
2021-04-05 12:00:00,Italy,North Italy,IT-NO,185.28,249.06,62.12,61.97,entsoe.eu,false,
2021-04-05 13:00:00,Italy,North Italy,IT-NO,207.69,276.45,56.9,56.63,entsoe.eu,false,
2021-04-05 14:00:00,Italy,North Italy,IT-NO,219.72,290.11,54.37,53.59,entsoe.eu,false,
2021-04-05 15:00:00,Italy,North Italy,IT-NO,233.25,303.59,51.87,47.99,entsoe.eu,false,
2021-04-05 16:00:00,Italy,North Italy,IT-NO,228.17,295.77,53.02,45.84,entsoe.eu,false,
2021-04-05 17:00:00,Italy,North Italy,IT-NO,235.72,302.51,53.17,46.33,entsoe.eu,false,
2021-04-05 18:00:00,Italy,North Italy,IT-NO,256.88,322.66,53.13,48.87,entsoe.eu,false,
2021-04-05 19:00:00,Italy,North Italy,IT-NO,237.13,302.58,54.2,46.68,entsoe.eu,false,
2021-04-05 20:00:00,Italy,North Italy,IT-NO,239.39,306.18,52.98,45.39,entsoe.eu,false,
2021-04-05 21:00:00,Italy,North Italy,IT-NO,247.05,317.89,50.0,45.45,entsoe.eu,false,
2021-04-05 22:00:00,Italy,North Italy,IT-NO,270.68,346.29,45.53,39.53,entsoe.eu,false,
2021-04-05 23:00:00,Italy,North Italy,IT-NO,261.23,335.25,48.09,42.54,entsoe.eu,false,
2021-04-06 00:00:00,Italy,North Italy,IT-NO,261.81,335.32,48.3,43.02,entsoe.eu,false,
2021-04-06 01:00:00,Italy,North Italy,IT-NO,262.19,335.46,48.32,43.26,entsoe.eu,false,
2021-04-06 02:00:00,Italy,North Italy,IT-NO,272.76,348.86,45.44,41.48,entsoe.eu,false,
2021-04-06 03:00:00,Italy,North Italy,IT-NO,273.91,348.72,44.98,39.3,entsoe.eu,false,
2021-04-06 04:00:00,Italy,North Italy,IT-NO,260.52,333.79,46.89,37.43,entsoe.eu,false,
2021-04-06 05:00:00,Italy,North Italy,IT-NO,264.1,336.44,46.86,40.21,entsoe.eu,false,
2021-04-06 06:00:00,Italy,North Italy,IT-NO,269.39,335.58,51.02,46.9,entsoe.eu,false,
2021-04-06 07:00:00,Italy,North Italy,IT-NO,257.46,325.83,49.9,45.25,entsoe.eu,false,
2021-04-06 08:00:00,Italy,North Italy,IT-NO,244.17,311.66,51.28,43.81,entsoe.eu,false,
2021-04-06 09:00:00,Italy,North Italy,IT-NO,246.71,313.98,50.65,42.87,entsoe.eu,false,
2021-04-06 10:00:00,Italy,North Italy,IT-NO,247.86,320.94,47.41,40.68,entsoe.eu,false,
2021-04-06 11:00:00,Italy,North Italy,IT-NO,243.55,317.06,47.77,40.06,entsoe.eu,false,
2021-04-06 12:00:00,Italy,North Italy,IT-NO,241.79,313.45,48.38,38.5,entsoe.eu,false,
2021-04-06 13:00:00,Italy,North Italy,IT-NO,240.63,311.26,48.72,37.94,entsoe.eu,false,
2021-04-06 14:00:00,Italy,North Italy,IT-NO,242.17,313.25,48.6,37.05,entsoe.eu,false,
2021-04-06 15:00:00,Italy,North Italy,IT-NO,251.8,324.09,46.72,35.92,entsoe.eu,false,
2021-04-06 16:00:00,Italy,North Italy,IT-NO,260.74,335.15,45.28,35.56,entsoe.eu,false,
2021-04-06 17:00:00,Italy,North Italy,IT-NO,264.67,336.83,46.72,37.94,entsoe.eu,false,
2021-04-06 18:00:00,Italy,North Italy,IT-NO,262.01,331.3,48.99,39.9,entsoe.eu,false,
2021-04-06 19:00:00,Italy,North Italy,IT-NO,267.48,341.67,44.02,34.22,entsoe.eu,false,
2021-04-06 20:00:00,Italy,North Italy,IT-NO,286.36,365.26,39.74,32.06,entsoe.eu,false,
2021-04-06 21:00:00,Italy,North Italy,IT-NO,310.79,395.23,34.85,31.32,entsoe.eu,false,
2021-04-06 22:00:00,Italy,North Italy,IT-NO,315.29,402.69,33.28,31.18,entsoe.eu,false,
2021-04-06 23:00:00,Italy,North Italy,IT-NO,317.54,406.23,32.39,30.03,entsoe.eu,false,
2021-04-07 00:00:00,Italy,North Italy,IT-NO,327.41,418.75,29.99,27.67,entsoe.eu,false,
2021-04-07 01:00:00,Italy,North Italy,IT-NO,323.04,413.13,31.1,27.8,entsoe.eu,false,
2021-04-07 02:00:00,Italy,North Italy,IT-NO,310.91,397.91,33.46,27.56,entsoe.eu,false,
2021-04-07 03:00:00,Italy,North Italy,IT-NO,338.22,430.48,27.95,26.64,entsoe.eu,false,
2021-04-07 04:00:00,Italy,North Italy,IT-NO,316.17,398.09,36.03,33.3,entsoe.eu,false,
2021-04-07 05:00:00,Italy,North Italy,IT-NO,307.8,385.96,39.78,38.22,entsoe.eu,false,
2021-04-07 06:00:00,Italy,North Italy,IT-NO,291.44,366.37,43.07,41.27,entsoe.eu,false,
2021-04-07 07:00:00,Italy,North Italy,IT-NO,281.2,356.85,43.59,41.67,entsoe.eu,false,
2021-04-07 08:00:00,Italy,North Italy,IT-NO,252.52,325.75,47.13,43.11,entsoe.eu,false,
2021-04-07 09:00:00,Italy,North Italy,IT-NO,259.33,334.57,44.79,41.5,entsoe.eu,false,
2021-04-07 10:00:00,Italy,North Italy,IT-NO,277.09,357.34,40.48,39.48,entsoe.eu,false,
2021-04-07 11:00:00,Italy,North Italy,IT-NO,280.66,360.56,40.24,38.36,entsoe.eu,false,
2021-04-07 12:00:00,Italy,North Italy,IT-NO,299.99,383.92,35.39,33.58,entsoe.eu,false,
2021-04-07 13:00:00,Italy,North Italy,IT-NO,285.24,365.12,39.53,35.78,entsoe.eu,false,
2021-04-07 14:00:00,Italy,North Italy,IT-NO,280.48,359.96,39.78,35.45,entsoe.eu,false,
2021-04-07 15:00:00,Italy,North Italy,IT-NO,290.17,371.35,37.89,33.21,entsoe.eu,false,
2021-04-07 16:00:00,Italy,North Italy,IT-NO,286.46,365.29,39.46,32.86,entsoe.eu,false,
2021-04-07 17:00:00,Italy,North Italy,IT-NO,287.9,366.07,39.57,33.77,entsoe.eu,false,
2021-04-07 18:00:00,Italy,North Italy,IT-NO,295.02,371.55,40.85,36.99,entsoe.eu,false,
2021-04-07 19:00:00,Italy,North Italy,IT-NO,303.71,385.6,36.1,32.25,entsoe.eu,false,
2021-04-07 20:00:00,Italy,North Italy,IT-NO,330.77,420.42,29.53,28.59,entsoe.eu,false,
2021-04-07 21:00:00,Italy,North Italy,IT-NO,338.85,431.57,27.27,27.15,entsoe.eu,false,
2021-04-07 22:00:00,Italy,North Italy,IT-NO,337.29,429.26,28.2,28.01,entsoe.eu,false,
2021-04-07 23:00:00,Italy,North Italy,IT-NO,341.91,436.42,26.28,25.54,entsoe.eu,false,
2021-04-08 00:00:00,Italy,North Italy,IT-NO,340.9,434.75,26.55,25.93,entsoe.eu,false,
2021-04-08 01:00:00,Italy,North Italy,IT-NO,337.54,428.78,28.04,25.52,entsoe.eu,false,
2021-04-08 02:00:00,Italy,North Italy,IT-NO,332.75,422.89,29.21,25.35,entsoe.eu,false,
2021-04-08 03:00:00,Italy,North Italy,IT-NO,344.08,436.58,26.82,25.93,entsoe.eu,false,
2021-04-08 04:00:00,Italy,North Italy,IT-NO,313.97,397.84,33.85,30.81,entsoe.eu,false,
2021-04-08 05:00:00,Italy,North Italy,IT-NO,298.64,375.17,40.03,37.5,entsoe.eu,false,
2021-04-08 06:00:00,Italy,North Italy,IT-NO,281.56,354.8,45.22,42.89,entsoe.eu,false,
2021-04-08 07:00:00,Italy,North Italy,IT-NO,270.98,345.23,45.61,42.64,entsoe.eu,false,
2021-04-08 08:00:00,Italy,North Italy,IT-NO,259.18,335.22,45.28,42.59,entsoe.eu,false,
2021-04-08 09:00:00,Italy,North Italy,IT-NO,262.29,340.66,43.87,42.12,entsoe.eu,false,
2021-04-08 10:00:00,Italy,North Italy,IT-NO,265.27,345.06,42.81,42.16,entsoe.eu,false,
2021-04-08 11:00:00,Italy,North Italy,IT-NO,256.83,333.71,45.4,43.21,entsoe.eu,false,
2021-04-08 12:00:00,Italy,North Italy,IT-NO,247.24,322.07,47.29,40.71,entsoe.eu,false,
2021-04-08 13:00:00,Italy,North Italy,IT-NO,244.71,317.92,48.24,39.57,entsoe.eu,false,
2021-04-08 14:00:00,Italy,North Italy,IT-NO,252.22,325.98,47.1,37.12,entsoe.eu,false,
2021-04-08 15:00:00,Italy,North Italy,IT-NO,261.89,336.47,44.7,34.22,entsoe.eu,false,
2021-04-08 16:00:00,Italy,North Italy,IT-NO,278.11,356.07,41.3,31.22,entsoe.eu,false,
2021-04-08 17:00:00,Italy,North Italy,IT-NO,271.86,344.86,45.68,37.82,entsoe.eu,false,
2021-04-08 18:00:00,Italy,North Italy,IT-NO,267.26,339.97,45.75,36.94,entsoe.eu,false,
2021-04-08 19:00:00,Italy,North Italy,IT-NO,271.16,344.72,44.5,35.82,entsoe.eu,false,
2021-04-08 20:00:00,Italy,North Italy,IT-NO,297.43,380.15,36.36,29.59,entsoe.eu,false,
2021-04-08 21:00:00,Italy,North Italy,IT-NO,308.26,391.84,34.7,28.13,entsoe.eu,false,
2021-04-08 22:00:00,Italy,North Italy,IT-NO,297.34,377.43,37.48,27.82,entsoe.eu,false,
2021-04-08 23:00:00,Italy,North Italy,IT-NO,307.37,392.16,34.36,25.56,entsoe.eu,false,
2021-04-09 00:00:00,Italy,North Italy,IT-NO,315.96,407.48,30.72,23.62,entsoe.eu,false,
2021-04-09 01:00:00,Italy,North Italy,IT-NO,315.08,403.6,31.78,22.99,entsoe.eu,false,
2021-04-09 02:00:00,Italy,North Italy,IT-NO,313.17,400.52,32.62,23.24,entsoe.eu,false,
2021-04-09 03:00:00,Italy,North Italy,IT-NO,322.05,410.72,30.99,23.39,entsoe.eu,false,
2021-04-09 04:00:00,Italy,North Italy,IT-NO,291.55,369.33,40.04,33.04,entsoe.eu,false,
2021-04-09 05:00:00,Italy,North Italy,IT-NO,281.8,355.47,43.34,37.92,entsoe.eu,false,
2021-04-09 06:00:00,Italy,North Italy,IT-NO,260.88,331.25,47.41,41.91,entsoe.eu,false,
2021-04-09 07:00:00,Italy,North Italy,IT-NO,257.1,330.67,46.32,41.49,entsoe.eu,false,
2021-04-09 08:00:00,Italy,North Italy,IT-NO,254.8,331.18,44.98,39.95,entsoe.eu,false,
2021-04-09 09:00:00,Italy,North Italy,IT-NO,254.5,331.2,45.32,39.91,entsoe.eu,false,
2021-04-09 10:00:00,Italy,North Italy,IT-NO,258.34,336.58,44.38,40.05,entsoe.eu,false,
2021-04-09 11:00:00,Italy,North Italy,IT-NO,240.92,313.77,48.7,41.5,entsoe.eu,false,
2021-04-09 12:00:00,Italy,North Italy,IT-NO,240.02,312.08,49.23,40.43,entsoe.eu,false,
2021-04-09 13:00:00,Italy,North Italy,IT-NO,241.85,313.41,49.28,38.19,entsoe.eu,false,
2021-04-09 14:00:00,Italy,North Italy,IT-NO,252.61,324.61,47.75,36.48,entsoe.eu,false,
2021-04-09 15:00:00,Italy,North Italy,IT-NO,261.09,334.32,45.86,33.98,entsoe.eu,false,
2021-04-09 16:00:00,Italy,North Italy,IT-NO,280.29,356.77,41.61,32.77,entsoe.eu,false,
2021-04-09 17:00:00,Italy,North Italy,IT-NO,269.42,341.12,45.66,36.96,entsoe.eu,false,
2021-04-09 18:00:00,Italy,North Italy,IT-NO,265.6,335.0,47.85,40.07,entsoe.eu,false,
2021-04-09 19:00:00,Italy,North Italy,IT-NO,284.25,359.9,41.52,36.2,entsoe.eu,false,
2021-04-09 20:00:00,Italy,North Italy,IT-NO,303.96,386.07,36.12,30.45,entsoe.eu,false,
2021-04-09 21:00:00,Italy,North Italy,IT-NO,327.29,416.95,30.33,26.81,entsoe.eu,false,
2021-04-09 22:00:00,Italy,North Italy,IT-NO,314.05,398.87,34.53,27.05,entsoe.eu,false,
2021-04-09 23:00:00,Italy,North Italy,IT-NO,288.81,368.93,40.12,27.27,entsoe.eu,false,
2021-04-10 00:00:00,Italy,North Italy,IT-NO,278.96,356.42,43.11,28.61,entsoe.eu,false,
2021-04-10 01:00:00,Italy,North Italy,IT-NO,270.61,346.76,45.08,29.59,entsoe.eu,false,
2021-04-10 02:00:00,Italy,North Italy,IT-NO,271.88,349.21,44.5,29.28,entsoe.eu,false,
2021-04-10 03:00:00,Italy,North Italy,IT-NO,288.89,366.94,41.76,28.34,entsoe.eu,false,
2021-04-10 04:00:00,Italy,North Italy,IT-NO,286.13,363.33,41.78,28.02,entsoe.eu,false,
2021-04-10 05:00:00,Italy,North Italy,IT-NO,294.64,375.52,38.2,27.35,entsoe.eu,false,
2021-04-10 06:00:00,Italy,North Italy,IT-NO,279.18,358.71,40.69,34.17,entsoe.eu,false,
2021-04-10 07:00:00,Italy,North Italy,IT-NO,280.22,359.53,41.56,39.05,entsoe.eu,false,
2021-04-10 08:00:00,Italy,North Italy,IT-NO,270.34,349.71,43.21,41.63,entsoe.eu,false,
2021-04-10 09:00:00,Italy,North Italy,IT-NO,274.27,355.56,41.78,40.68,entsoe.eu,false,
2021-04-10 10:00:00,Italy,North Italy,IT-NO,300.16,385.92,36.05,35.79,entsoe.eu,false,
2021-04-10 11:00:00,Italy,North Italy,IT-NO,288.86,372.02,38.8,36.47,entsoe.eu,false,
2021-04-10 12:00:00,Italy,North Italy,IT-NO,277.08,356.32,42.32,37.53,entsoe.eu,false,
2021-04-10 13:00:00,Italy,North Italy,IT-NO,278.58,356.52,42.68,35.23,entsoe.eu,false,
2021-04-10 14:00:00,Italy,North Italy,IT-NO,286.09,366.06,40.71,31.82,entsoe.eu,false,
2021-04-10 15:00:00,Italy,North Italy,IT-NO,302.6,385.37,36.55,28.93,entsoe.eu,false,
2021-04-10 16:00:00,Italy,North Italy,IT-NO,282.17,355.13,44.5,36.03,entsoe.eu,false,
2021-04-10 17:00:00,Italy,North Italy,IT-NO,255.45,324.26,49.89,39.06,entsoe.eu,false,
2021-04-10 18:00:00,Italy,North Italy,IT-NO,250.72,318.76,50.9,40.68,entsoe.eu,false,
2021-04-10 19:00:00,Italy,North Italy,IT-NO,263.76,333.95,48.68,38.4,entsoe.eu,false,
2021-04-10 20:00:00,Italy,North Italy,IT-NO,273.92,349.42,43.66,31.83,entsoe.eu,false,
2021-04-10 21:00:00,Italy,North Italy,IT-NO,307.62,392.7,35.02,27.0,entsoe.eu,false,
2021-04-10 22:00:00,Italy,North Italy,IT-NO,273.7,348.55,45.27,31.41,entsoe.eu,false,
2021-04-10 23:00:00,Italy,North Italy,IT-NO,262.07,337.15,46.55,31.33,entsoe.eu,false,
2021-04-11 00:00:00,Italy,North Italy,IT-NO,271.45,349.22,44.0,28.78,entsoe.eu,false,
2021-04-11 01:00:00,Italy,North Italy,IT-NO,253.77,325.82,48.89,30.03,entsoe.eu,false,
2021-04-11 02:00:00,Italy,North Italy,IT-NO,247.63,318.02,50.58,31.32,entsoe.eu,false,
2021-04-11 03:00:00,Italy,North Italy,IT-NO,262.68,334.98,47.62,31.61,entsoe.eu,false,
2021-04-11 04:00:00,Italy,North Italy,IT-NO,261.71,334.26,47.73,32.22,entsoe.eu,false,
2021-04-11 05:00:00,Italy,North Italy,IT-NO,254.83,325.32,50.38,34.65,entsoe.eu,false,
2021-04-11 06:00:00,Italy,North Italy,IT-NO,247.89,314.31,51.75,39.14,entsoe.eu,false,
2021-04-11 07:00:00,Italy,North Italy,IT-NO,234.8,300.29,54.38,41.63,entsoe.eu,false,
2021-04-11 08:00:00,Italy,North Italy,IT-NO,228.77,293.57,55.42,41.47,entsoe.eu,false,
2021-04-11 09:00:00,Italy,North Italy,IT-NO,231.89,299.16,54.02,41.31,entsoe.eu,false,
2021-04-11 10:00:00,Italy,North Italy,IT-NO,225.73,293.48,54.58,42.96,entsoe.eu,false,
2021-04-11 11:00:00,Italy,North Italy,IT-NO,212.73,276.87,58.44,47.46,entsoe.eu,false,
2021-04-11 12:00:00,Italy,North Italy,IT-NO,205.29,266.69,60.49,46.47,entsoe.eu,false,
2021-04-11 13:00:00,Italy,North Italy,IT-NO,211.66,276.2,57.78,43.22,entsoe.eu,false,
2021-04-11 14:00:00,Italy,North Italy,IT-NO,217.01,281.66,56.91,41.4,entsoe.eu,false,
2021-04-11 15:00:00,Italy,North Italy,IT-NO,224.36,289.59,55.38,39.74,entsoe.eu,false,
2021-04-11 16:00:00,Italy,North Italy,IT-NO,233.06,298.19,54.06,41.27,entsoe.eu,false,
2021-04-11 17:00:00,Italy,North Italy,IT-NO,219.58,281.49,56.8,43.84,entsoe.eu,false,
2021-04-11 18:00:00,Italy,North Italy,IT-NO,226.43,285.72,58.75,47.16,entsoe.eu,false,
2021-04-11 19:00:00,Italy,North Italy,IT-NO,232.88,296.08,54.52,39.81,entsoe.eu,false,
2021-04-11 20:00:00,Italy,North Italy,IT-NO,247.58,318.08,49.0,35.38,entsoe.eu,false,
2021-04-11 21:00:00,Italy,North Italy,IT-NO,284.87,363.6,40.9,33.07,entsoe.eu,false,
2021-04-11 22:00:00,Italy,North Italy,IT-NO,278.79,355.91,43.11,33.4,entsoe.eu,false,
2021-04-11 23:00:00,Italy,North Italy,IT-NO,271.32,347.3,44.13,31.89,entsoe.eu,false,
2021-04-12 00:00:00,Italy,North Italy,IT-NO,273.41,350.65,43.45,31.24,entsoe.eu,false,
2021-04-12 01:00:00,Italy,North Italy,IT-NO,261.87,335.42,46.61,32.13,entsoe.eu,false,
2021-04-12 02:00:00,Italy,North Italy,IT-NO,267.38,343.49,44.92,32.41,entsoe.eu,false,
2021-04-12 03:00:00,Italy,North Italy,IT-NO,297.95,379.76,38.34,29.7,entsoe.eu,false,
2021-04-12 04:00:00,Italy,North Italy,IT-NO,310.59,390.5,37.69,34.14,entsoe.eu,false,
2021-04-12 05:00:00,Italy,North Italy,IT-NO,314.51,393.8,37.64,35.46,entsoe.eu,false,
2021-04-12 06:00:00,Italy,North Italy,IT-NO,316.0,393.63,39.35,38.22,entsoe.eu,false,
2021-04-12 07:00:00,Italy,North Italy,IT-NO,307.1,382.43,40.78,38.82,entsoe.eu,false,
2021-04-12 08:00:00,Italy,North Italy,IT-NO,296.82,372.9,41.0,36.91,entsoe.eu,false,
2021-04-12 09:00:00,Italy,North Italy,IT-NO,289.13,365.26,41.9,36.16,entsoe.eu,false,
2021-04-12 10:00:00,Italy,North Italy,IT-NO,300.95,378.59,40.02,36.91,entsoe.eu,false,
2021-04-12 11:00:00,Italy,North Italy,IT-NO,281.3,357.93,41.14,34.03,entsoe.eu,false,
2021-04-12 12:00:00,Italy,North Italy,IT-NO,282.51,360.29,40.03,30.61,entsoe.eu,false,
2021-04-12 13:00:00,Italy,North Italy,IT-NO,277.84,355.13,40.8,30.66,entsoe.eu,false,
2021-04-12 14:00:00,Italy,North Italy,IT-NO,274.29,350.0,42.28,32.12,entsoe.eu,false,
2021-04-12 15:00:00,Italy,North Italy,IT-NO,287.19,366.1,39.15,30.1,entsoe.eu,false,
2021-04-12 16:00:00,Italy,North Italy,IT-NO,295.06,375.0,38.02,30.72,entsoe.eu,false,
2021-04-12 17:00:00,Italy,North Italy,IT-NO,288.5,366.88,39.4,34.98,entsoe.eu,false,
2021-04-12 18:00:00,Italy,North Italy,IT-NO,299.03,377.39,38.53,35.99,entsoe.eu,false,
2021-04-12 19:00:00,Italy,North Italy,IT-NO,287.14,365.06,39.52,34.25,entsoe.eu,false,
2021-04-12 20:00:00,Italy,North Italy,IT-NO,325.55,414.77,29.88,27.9,entsoe.eu,false,
2021-04-12 21:00:00,Italy,North Italy,IT-NO,338.8,432.21,26.36,26.17,entsoe.eu,false,
2021-04-12 22:00:00,Italy,North Italy,IT-NO,328.07,419.43,28.63,28.43,entsoe.eu,false,
2021-04-12 23:00:00,Italy,North Italy,IT-NO,342.36,436.23,26.6,26.37,entsoe.eu,false,
2021-04-13 00:00:00,Italy,North Italy,IT-NO,339.79,432.4,27.46,26.55,entsoe.eu,false,
2021-04-13 01:00:00,Italy,North Italy,IT-NO,338.87,432.21,27.37,25.89,entsoe.eu,false,
2021-04-13 02:00:00,Italy,North Italy,IT-NO,330.11,421.51,29.54,27.68,entsoe.eu,false,
2021-04-13 03:00:00,Italy,North Italy,IT-NO,341.54,434.86,26.66,25.48,entsoe.eu,false,
2021-04-13 04:00:00,Italy,North Italy,IT-NO,325.95,416.03,29.25,28.72,entsoe.eu,false,
2021-04-13 05:00:00,Italy,North Italy,IT-NO,319.25,400.82,35.39,35.32,entsoe.eu,false,
2021-04-13 06:00:00,Italy,North Italy,IT-NO,303.63,381.43,39.18,38.16,entsoe.eu,false,
2021-04-13 07:00:00,Italy,North Italy,IT-NO,299.96,375.64,41.58,41.15,entsoe.eu,false,
2021-04-13 08:00:00,Italy,North Italy,IT-NO,288.73,367.08,41.59,40.67,entsoe.eu,false,
2021-04-13 09:00:00,Italy,North Italy,IT-NO,281.12,361.36,39.33,36.91,entsoe.eu,false,
2021-04-13 10:00:00,Italy,North Italy,IT-NO,290.1,372.04,37.91,36.06,entsoe.eu,false,
2021-04-13 11:00:00,Italy,North Italy,IT-NO,284.92,365.34,40.0,37.29,entsoe.eu,false,
2021-04-13 12:00:00,Italy,North Italy,IT-NO,277.68,358.16,40.54,35.06,entsoe.eu,false,
2021-04-13 13:00:00,Italy,North Italy,IT-NO,281.43,363.09,39.33,33.05,entsoe.eu,false,
2021-04-13 14:00:00,Italy,North Italy,IT-NO,288.29,369.8,38.34,32.48,entsoe.eu,false,
2021-04-13 15:00:00,Italy,North Italy,IT-NO,292.75,373.55,38.34,31.16,entsoe.eu,false,
2021-04-13 16:00:00,Italy,North Italy,IT-NO,307.48,390.81,34.55,30.14,entsoe.eu,false,
2021-04-13 17:00:00,Italy,North Italy,IT-NO,304.21,384.71,36.86,33.77,entsoe.eu,false,
2021-04-13 18:00:00,Italy,North Italy,IT-NO,301.16,380.48,37.39,34.1,entsoe.eu,false,
2021-04-13 19:00:00,Italy,North Italy,IT-NO,316.17,399.55,33.26,31.35,entsoe.eu,false,
2021-04-13 20:00:00,Italy,North Italy,IT-NO,325.35,412.62,30.63,28.57,entsoe.eu,false,
2021-04-13 21:00:00,Italy,North Italy,IT-NO,353.37,446.66,24.67,24.15,entsoe.eu,false,
2021-04-13 22:00:00,Italy,North Italy,IT-NO,329.77,416.79,30.42,27.24,entsoe.eu,false,
2021-04-13 23:00:00,Italy,North Italy,IT-NO,331.39,417.06,31.2,25.11,entsoe.eu,false,
2021-04-14 00:00:00,Italy,North Italy,IT-NO,337.99,425.25,29.94,24.46,entsoe.eu,false,
2021-04-14 01:00:00,Italy,North Italy,IT-NO,339.99,428.85,29.2,23.76,entsoe.eu,false,
2021-04-14 02:00:00,Italy,North Italy,IT-NO,340.1,429.59,29.14,23.28,entsoe.eu,false,
2021-04-14 03:00:00,Italy,North Italy,IT-NO,335.3,421.87,30.6,23.64,entsoe.eu,false,
2021-04-14 04:00:00,Italy,North Italy,IT-NO,318.03,400.96,33.83,27.95,entsoe.eu,false,
2021-04-14 05:00:00,Italy,North Italy,IT-NO,327.77,407.72,37.02,36.19,entsoe.eu,false,
2021-04-14 06:00:00,Italy,North Italy,IT-NO,307.71,382.22,42.47,41.35,entsoe.eu,false,
2021-04-14 07:00:00,Italy,North Italy,IT-NO,280.2,351.74,46.14,43.3,entsoe.eu,false,
2021-04-14 08:00:00,Italy,North Italy,IT-NO,262.48,335.48,46.08,42.47,entsoe.eu,false,
2021-04-14 09:00:00,Italy,North Italy,IT-NO,267.74,341.68,45.04,40.33,entsoe.eu,false,
2021-04-14 10:00:00,Italy,North Italy,IT-NO,276.5,354.52,42.2,39.69,entsoe.eu,false,
2021-04-14 11:00:00,Italy,North Italy,IT-NO,282.6,361.83,41.44,37.52,entsoe.eu,false,
2021-04-14 12:00:00,Italy,North Italy,IT-NO,280.04,358.79,42.02,36.02,entsoe.eu,false,
2021-04-14 13:00:00,Italy,North Italy,IT-NO,270.59,345.67,44.79,37.16,entsoe.eu,false,
2021-04-14 14:00:00,Italy,North Italy,IT-NO,284.29,361.91,41.92,33.52,entsoe.eu,false,
2021-04-14 15:00:00,Italy,North Italy,IT-NO,297.74,375.76,39.75,32.49,entsoe.eu,false,
2021-04-14 16:00:00,Italy,North Italy,IT-NO,296.39,373.13,39.87,31.77,entsoe.eu,false,
2021-04-14 17:00:00,Italy,North Italy,IT-NO,291.46,365.83,42.06,33.57,entsoe.eu,false,
2021-04-14 18:00:00,Italy,North Italy,IT-NO,293.45,367.17,42.76,35.61,entsoe.eu,false,
2021-04-14 19:00:00,Italy,North Italy,IT-NO,305.56,382.74,39.12,31.13,entsoe.eu,false,
2021-04-14 20:00:00,Italy,North Italy,IT-NO,332.28,416.79,32.34,26.87,entsoe.eu,false,
2021-04-14 21:00:00,Italy,North Italy,IT-NO,353.34,442.12,28.11,24.16,entsoe.eu,false,
2021-04-14 22:00:00,Italy,North Italy,IT-NO,326.82,409.78,34.9,23.56,entsoe.eu,false,
2021-04-14 23:00:00,Italy,North Italy,IT-NO,312.41,391.5,39.04,23.87,entsoe.eu,false,
2021-04-15 00:00:00,Italy,North Italy,IT-NO,321.99,403.74,36.8,23.5,entsoe.eu,false,
2021-04-15 01:00:00,Italy,North Italy,IT-NO,323.15,404.76,36.43,22.25,entsoe.eu,false,
2021-04-15 02:00:00,Italy,North Italy,IT-NO,322.96,404.41,36.34,22.34,entsoe.eu,false,
2021-04-15 03:00:00,Italy,North Italy,IT-NO,329.83,412.9,34.16,23.17,entsoe.eu,false,
2021-04-15 04:00:00,Italy,North Italy,IT-NO,340.54,421.36,33.9,30.11,entsoe.eu,false,
2021-04-15 05:00:00,Italy,North Italy,IT-NO,328.56,407.11,36.51,35.09,entsoe.eu,false,
2021-04-15 06:00:00,Italy,North Italy,IT-NO,306.54,381.16,41.35,38.66,entsoe.eu,false,
2021-04-15 07:00:00,Italy,North Italy,IT-NO,291.42,366.92,41.85,38.24,entsoe.eu,false,
2021-04-15 08:00:00,Italy,North Italy,IT-NO,283.31,358.99,42.91,37.35,entsoe.eu,false,
2021-04-15 09:00:00,Italy,North Italy,IT-NO,274.57,350.2,44.32,37.11,entsoe.eu,false,
2021-04-15 10:00:00,Italy,North Italy,IT-NO,287.77,369.58,39.86,33.37,entsoe.eu,false,
2021-04-15 11:00:00,Italy,North Italy,IT-NO,280.32,360.72,41.32,34.97,entsoe.eu,false,
2021-04-15 12:00:00,Italy,North Italy,IT-NO,277.57,357.01,42.3,35.37,entsoe.eu,false,
2021-04-15 13:00:00,Italy,North Italy,IT-NO,274.54,353.44,42.76,34.72,entsoe.eu,false,
2021-04-15 14:00:00,Italy,North Italy,IT-NO,279.23,356.91,42.6,33.22,entsoe.eu,false,
2021-04-15 15:00:00,Italy,North Italy,IT-NO,286.56,364.91,41.44,32.35,entsoe.eu,false,
2021-04-15 16:00:00,Italy,North Italy,IT-NO,286.59,363.24,42.11,31.19,entsoe.eu,false,
2021-04-15 17:00:00,Italy,North Italy,IT-NO,296.8,371.86,42.09,32.91,entsoe.eu,false,
2021-04-15 18:00:00,Italy,North Italy,IT-NO,288.44,362.56,43.24,33.52,entsoe.eu,false,
2021-04-15 19:00:00,Italy,North Italy,IT-NO,290.46,365.74,41.93,31.34,entsoe.eu,false,
2021-04-15 20:00:00,Italy,North Italy,IT-NO,308.53,391.19,35.97,26.21,entsoe.eu,false,
2021-04-15 21:00:00,Italy,North Italy,IT-NO,331.11,421.24,29.66,23.49,entsoe.eu,false,
2021-04-15 22:00:00,Italy,North Italy,IT-NO,296.11,377.3,38.13,26.83,entsoe.eu,false,
2021-04-15 23:00:00,Italy,North Italy,IT-NO,297.21,380.3,37.21,25.02,entsoe.eu,false,
2021-04-16 00:00:00,Italy,North Italy,IT-NO,296.4,378.9,37.75,25.33,entsoe.eu,false,
2021-04-16 01:00:00,Italy,North Italy,IT-NO,279.25,357.42,42.4,27.12,entsoe.eu,false,
2021-04-16 02:00:00,Italy,North Italy,IT-NO,282.21,360.75,41.7,26.99,entsoe.eu,false,
2021-04-16 03:00:00,Italy,North Italy,IT-NO,291.0,370.21,40.55,28.38,entsoe.eu,false,
2021-04-16 04:00:00,Italy,North Italy,IT-NO,286.29,363.14,40.92,31.26,entsoe.eu,false,
2021-04-16 05:00:00,Italy,North Italy,IT-NO,292.47,370.34,39.54,36.73,entsoe.eu,false,
2021-04-16 06:00:00,Italy,North Italy,IT-NO,271.54,343.97,45.08,41.98,entsoe.eu,false,
2021-04-16 07:00:00,Italy,North Italy,IT-NO,252.08,324.05,46.91,42.47,entsoe.eu,false,
2021-04-16 08:00:00,Italy,North Italy,IT-NO,248.78,322.5,46.86,40.33,entsoe.eu,false,
2021-04-16 09:00:00,Italy,North Italy,IT-NO,242.18,315.68,47.64,39.34,entsoe.eu,false,
2021-04-16 10:00:00,Italy,North Italy,IT-NO,246.49,321.7,46.3,38.02,entsoe.eu,false,
2021-04-16 11:00:00,Italy,North Italy,IT-NO,247.02,322.43,46.51,39.03,entsoe.eu,false,
2021-04-16 12:00:00,Italy,North Italy,IT-NO,245.71,320.3,46.63,37.55,entsoe.eu,false,
2021-04-16 13:00:00,Italy,North Italy,IT-NO,245.1,318.91,46.85,36.79,entsoe.eu,false,
2021-04-16 14:00:00,Italy,North Italy,IT-NO,249.25,323.11,46.14,35.56,entsoe.eu,false,
2021-04-16 15:00:00,Italy,North Italy,IT-NO,263.47,339.95,43.27,32.97,entsoe.eu,false,
2021-04-16 16:00:00,Italy,North Italy,IT-NO,272.82,350.31,41.54,32.2,entsoe.eu,false,
2021-04-16 17:00:00,Italy,North Italy,IT-NO,279.94,357.3,40.82,33.75,entsoe.eu,false,
2021-04-16 18:00:00,Italy,North Italy,IT-NO,274.3,349.7,42.14,33.84,entsoe.eu,false,
2021-04-16 19:00:00,Italy,North Italy,IT-NO,290.76,368.78,39.42,34.18,entsoe.eu,false,
2021-04-16 20:00:00,Italy,North Italy,IT-NO,306.16,391.51,33.7,29.97,entsoe.eu,false,
2021-04-16 21:00:00,Italy,North Italy,IT-NO,331.01,423.04,28.15,26.38,entsoe.eu,false,
2021-04-16 22:00:00,Italy,North Italy,IT-NO,293.03,373.21,40.09,28.37,entsoe.eu,false,
2021-04-16 23:00:00,Italy,North Italy,IT-NO,300.4,384.8,37.04,25.2,entsoe.eu,false,
2021-04-17 00:00:00,Italy,North Italy,IT-NO,297.16,379.55,38.9,25.02,entsoe.eu,false,
2021-04-17 01:00:00,Italy,North Italy,IT-NO,295.69,378.47,39.04,24.93,entsoe.eu,false,
2021-04-17 02:00:00,Italy,North Italy,IT-NO,286.99,367.19,41.58,25.98,entsoe.eu,false,
2021-04-17 03:00:00,Italy,North Italy,IT-NO,303.55,386.76,37.79,26.25,entsoe.eu,false,
2021-04-17 04:00:00,Italy,North Italy,IT-NO,305.33,389.49,36.69,24.57,entsoe.eu,false,
2021-04-17 05:00:00,Italy,North Italy,IT-NO,285.01,363.38,40.8,29.54,entsoe.eu,false,
2021-04-17 06:00:00,Italy,North Italy,IT-NO,253.53,324.53,47.8,38.16,entsoe.eu,false,
2021-04-17 07:00:00,Italy,North Italy,IT-NO,229.46,297.6,52.06,43.17,entsoe.eu,false,
2021-04-17 08:00:00,Italy,North Italy,IT-NO,222.05,290.89,52.69,46.05,entsoe.eu,false,
2021-04-17 09:00:00,Italy,North Italy,IT-NO,203.32,269.19,57.09,49.92,entsoe.eu,false,
2021-04-17 10:00:00,Italy,North Italy,IT-NO,190.39,255.27,59.14,51.46,entsoe.eu,false,
2021-04-17 11:00:00,Italy,North Italy,IT-NO,183.09,246.47,60.77,53.12,entsoe.eu,false,
2021-04-17 12:00:00,Italy,North Italy,IT-NO,186.92,251.13,60.01,52.35,entsoe.eu,false,
2021-04-17 13:00:00,Italy,North Italy,IT-NO,211.27,280.61,54.26,46.29,entsoe.eu,false,
2021-04-17 14:00:00,Italy,North Italy,IT-NO,240.16,315.48,47.44,39.13,entsoe.eu,false,
2021-04-17 15:00:00,Italy,North Italy,IT-NO,237.77,310.61,48.71,36.36,entsoe.eu,false,
2021-04-17 16:00:00,Italy,North Italy,IT-NO,245.05,315.55,49.0,35.53,entsoe.eu,false,
2021-04-17 17:00:00,Italy,North Italy,IT-NO,248.97,316.98,49.89,36.16,entsoe.eu,false,
2021-04-17 18:00:00,Italy,North Italy,IT-NO,252.96,322.1,49.03,36.02,entsoe.eu,false,
2021-04-17 19:00:00,Italy,North Italy,IT-NO,267.42,335.14,49.64,39.3,entsoe.eu,false,
2021-04-17 20:00:00,Italy,North Italy,IT-NO,291.82,367.13,43.98,35.47,entsoe.eu,false,
2021-04-17 21:00:00,Italy,North Italy,IT-NO,309.96,391.56,37.91,31.36,entsoe.eu,false,
2021-04-17 22:00:00,Italy,North Italy,IT-NO,298.87,381.8,38.3,27.66,entsoe.eu,false,
2021-04-17 23:00:00,Italy,North Italy,IT-NO,307.05,391.42,37.05,24.76,entsoe.eu,false,
2021-04-18 00:00:00,Italy,North Italy,IT-NO,310.24,395.91,36.18,24.48,entsoe.eu,false,
2021-04-18 01:00:00,Italy,North Italy,IT-NO,306.83,391.47,37.52,24.81,entsoe.eu,false,
2021-04-18 02:00:00,Italy,North Italy,IT-NO,313.4,399.89,35.75,24.28,entsoe.eu,false,
2021-04-18 03:00:00,Italy,North Italy,IT-NO,323.35,411.56,33.03,24.19,entsoe.eu,false,
2021-04-18 04:00:00,Italy,North Italy,IT-NO,321.32,407.45,34.02,25.27,entsoe.eu,false,
2021-04-18 05:00:00,Italy,North Italy,IT-NO,307.06,391.6,36.01,27.96,entsoe.eu,false,
2021-04-18 06:00:00,Italy,North Italy,IT-NO,287.61,370.28,38.85,33.72,entsoe.eu,false,
2021-04-18 07:00:00,Italy,North Italy,IT-NO,258.63,337.19,44.1,39.73,entsoe.eu,false,
2021-04-18 08:00:00,Italy,North Italy,IT-NO,256.46,336.69,43.4,41.66,entsoe.eu,false,
2021-04-18 09:00:00,Italy,North Italy,IT-NO,248.44,326.72,45.28,43.5,entsoe.eu,false,
2021-04-18 10:00:00,Italy,North Italy,IT-NO,249.65,328.43,44.92,42.68,entsoe.eu,false,
2021-04-18 11:00:00,Italy,North Italy,IT-NO,235.61,312.2,47.81,46.6,entsoe.eu,false,
2021-04-18 12:00:00,Italy,North Italy,IT-NO,238.61,315.42,47.57,45.36,entsoe.eu,false,
2021-04-18 13:00:00,Italy,North Italy,IT-NO,246.82,325.76,45.33,42.08,entsoe.eu,false,
2021-04-18 14:00:00,Italy,North Italy,IT-NO,282.1,369.24,36.68,33.32,entsoe.eu,false,
2021-04-18 15:00:00,Italy,North Italy,IT-NO,277.24,361.2,38.76,30.39,entsoe.eu,false,
2021-04-18 16:00:00,Italy,North Italy,IT-NO,275.91,355.37,41.84,31.11,entsoe.eu,false,
2021-04-18 17:00:00,Italy,North Italy,IT-NO,274.2,352.41,42.35,31.49,entsoe.eu,false,
2021-04-18 18:00:00,Italy,North Italy,IT-NO,281.92,358.32,43.54,36.21,entsoe.eu,false,
2021-04-18 19:00:00,Italy,North Italy,IT-NO,298.06,377.24,40.9,35.76,entsoe.eu,false,
2021-04-18 20:00:00,Italy,North Italy,IT-NO,318.83,402.83,35.87,32.61,entsoe.eu,false,
2021-04-18 21:00:00,Italy,North Italy,IT-NO,327.17,418.4,30.06,27.37,entsoe.eu,false,
2021-04-18 22:00:00,Italy,North Italy,IT-NO,324.78,414.3,31.43,26.35,entsoe.eu,false,
2021-04-18 23:00:00,Italy,North Italy,IT-NO,345.46,439.91,27.2,20.73,entsoe.eu,false,
2021-04-19 00:00:00,Italy,North Italy,IT-NO,350.85,446.72,26.16,20.5,entsoe.eu,false,
2021-04-19 01:00:00,Italy,North Italy,IT-NO,352.76,448.09,26.18,20.22,entsoe.eu,false,
2021-04-19 02:00:00,Italy,North Italy,IT-NO,355.65,450.6,26.05,20.14,entsoe.eu,false,
2021-04-19 03:00:00,Italy,North Italy,IT-NO,366.42,461.52,23.92,21.52,entsoe.eu,false,
2021-04-19 04:00:00,Italy,North Italy,IT-NO,357.14,449.2,25.93,23.52,entsoe.eu,false,
2021-04-19 05:00:00,Italy,North Italy,IT-NO,337.37,426.12,30.19,29.45,entsoe.eu,false,
2021-04-19 06:00:00,Italy,North Italy,IT-NO,325.47,404.04,39.17,39.15,entsoe.eu,false,
2021-04-19 07:00:00,Italy,North Italy,IT-NO,308.24,387.36,39.9,39.47,entsoe.eu,false,
2021-04-19 08:00:00,Italy,North Italy,IT-NO,288.5,369.05,40.14,37.24,entsoe.eu,false,
2021-04-19 09:00:00,Italy,North Italy,IT-NO,285.2,365.71,40.6,36.74,entsoe.eu,false,
2021-04-19 10:00:00,Italy,North Italy,IT-NO,296.62,380.63,37.78,36.22,entsoe.eu,false,
2021-04-19 11:00:00,Italy,North Italy,IT-NO,295.8,379.83,37.92,36.7,entsoe.eu,false,
2021-04-19 12:00:00,Italy,North Italy,IT-NO,296.74,379.07,38.78,35.0,entsoe.eu,false,
2021-04-19 13:00:00,Italy,North Italy,IT-NO,290.42,372.28,39.63,33.24,entsoe.eu,false,
2021-04-19 14:00:00,Italy,North Italy,IT-NO,298.27,381.53,38.06,30.2,entsoe.eu,false,
2021-04-19 15:00:00,Italy,North Italy,IT-NO,305.91,390.32,36.32,28.02,entsoe.eu,false,
2021-04-19 16:00:00,Italy,North Italy,IT-NO,328.6,413.68,33.75,28.2,entsoe.eu,false,
2021-04-19 17:00:00,Italy,North Italy,IT-NO,336.46,418.59,35.86,32.93,entsoe.eu,false,
2021-04-19 18:00:00,Italy,North Italy,IT-NO,327.98,407.85,37.66,33.07,entsoe.eu,false,
2021-04-19 19:00:00,Italy,North Italy,IT-NO,325.08,405.2,36.75,30.96,entsoe.eu,false,
2021-04-19 20:00:00,Italy,North Italy,IT-NO,342.88,430.84,30.83,26.78,entsoe.eu,false,
2021-04-19 21:00:00,Italy,North Italy,IT-NO,378.52,474.28,23.07,22.67,entsoe.eu,false,
2021-04-19 22:00:00,Italy,North Italy,IT-NO,373.61,470.19,22.58,20.06,entsoe.eu,false,
2021-04-19 23:00:00,Italy,North Italy,IT-NO,379.43,478.96,20.39,16.99,entsoe.eu,false,
2021-04-20 00:00:00,Italy,North Italy,IT-NO,380.49,479.44,20.77,17.46,entsoe.eu,false,
2021-04-20 01:00:00,Italy,North Italy,IT-NO,371.89,467.35,23.75,17.23,entsoe.eu,false,
2021-04-20 02:00:00,Italy,North Italy,IT-NO,381.82,481.25,20.84,16.46,entsoe.eu,false,
2021-04-20 03:00:00,Italy,North Italy,IT-NO,384.91,485.29,19.5,17.9,entsoe.eu,false,
2021-04-20 04:00:00,Italy,North Italy,IT-NO,365.08,460.85,23.9,22.64,entsoe.eu,false,
2021-04-20 05:00:00,Italy,North Italy,IT-NO,347.06,434.51,30.67,30.66,entsoe.eu,false,
2021-04-20 06:00:00,Italy,North Italy,IT-NO,329.03,409.33,36.92,36.89,entsoe.eu,false,
2021-04-20 07:00:00,Italy,North Italy,IT-NO,310.47,390.47,38.8,37.13,entsoe.eu,false,
2021-04-20 08:00:00,Italy,North Italy,IT-NO,300.06,382.27,38.16,34.62,entsoe.eu,false,
2021-04-20 09:00:00,Italy,North Italy,IT-NO,303.27,387.13,37.11,35.05,entsoe.eu,false,
2021-04-20 10:00:00,Italy,North Italy,IT-NO,306.8,392.35,36.02,36.0,entsoe.eu,false,
2021-04-20 11:00:00,Italy,North Italy,IT-NO,310.07,395.48,35.62,35.27,entsoe.eu,false,
2021-04-20 12:00:00,Italy,North Italy,IT-NO,307.2,390.01,37.18,34.14,entsoe.eu,false,
2021-04-20 13:00:00,Italy,North Italy,IT-NO,305.34,387.89,37.42,32.44,entsoe.eu,false,
2021-04-20 14:00:00,Italy,North Italy,IT-NO,318.54,404.58,34.56,29.06,entsoe.eu,false,
2021-04-20 15:00:00,Italy,North Italy,IT-NO,320.41,406.39,33.76,25.59,entsoe.eu,false,
2021-04-20 16:00:00,Italy,North Italy,IT-NO,331.05,416.78,32.41,27.57,entsoe.eu,false,
2021-04-20 17:00:00,Italy,North Italy,IT-NO,322.84,404.47,35.51,30.78,entsoe.eu,false,
2021-04-20 18:00:00,Italy,North Italy,IT-NO,322.38,400.98,37.79,32.47,entsoe.eu,false,
2021-04-20 19:00:00,Italy,North Italy,IT-NO,342.37,427.43,32.62,29.09,entsoe.eu,false,
2021-04-20 20:00:00,Italy,North Italy,IT-NO,354.75,448.52,26.42,23.15,entsoe.eu,false,
2021-04-20 21:00:00,Italy,North Italy,IT-NO,378.35,478.73,20.35,19.54,entsoe.eu,false,
2021-04-20 22:00:00,Italy,North Italy,IT-NO,379.08,477.04,22.48,18.15,entsoe.eu,false,
2021-04-20 23:00:00,Italy,North Italy,IT-NO,374.4,471.3,23.64,17.21,entsoe.eu,false,
2021-04-21 00:00:00,Italy,North Italy,IT-NO,374.1,471.65,23.57,18.15,entsoe.eu,false,
2021-04-21 01:00:00,Italy,North Italy,IT-NO,364.52,459.05,26.33,18.09,entsoe.eu,false,
2021-04-21 02:00:00,Italy,North Italy,IT-NO,354.86,447.3,28.72,18.5,entsoe.eu,false,
2021-04-21 03:00:00,Italy,North Italy,IT-NO,366.06,460.32,26.06,17.12,entsoe.eu,false,
2021-04-21 04:00:00,Italy,North Italy,IT-NO,326.73,411.43,34.89,25.5,entsoe.eu,false,
2021-04-21 05:00:00,Italy,North Italy,IT-NO,313.11,394.05,36.83,29.25,entsoe.eu,false,
2021-04-21 06:00:00,Italy,North Italy,IT-NO,301.37,371.92,45.12,38.84,entsoe.eu,false,
2021-04-21 07:00:00,Italy,North Italy,IT-NO,292.41,368.48,42.19,36.4,entsoe.eu,false,
2021-04-21 08:00:00,Italy,North Italy,IT-NO,289.23,367.32,41.94,36.03,entsoe.eu,false,
2021-04-21 09:00:00,Italy,North Italy,IT-NO,292.41,370.54,42.65,39.08,entsoe.eu,false,
2021-04-21 10:00:00,Italy,North Italy,IT-NO,298.85,380.12,39.69,38.46,entsoe.eu,false,
2021-04-21 11:00:00,Italy,North Italy,IT-NO,289.38,369.71,40.52,37.54,entsoe.eu,false,
2021-04-21 12:00:00,Italy,North Italy,IT-NO,287.14,368.35,40.37,35.09,entsoe.eu,false,
2021-04-21 13:00:00,Italy,North Italy,IT-NO,283.0,363.21,41.13,33.23,entsoe.eu,false,
2021-04-21 14:00:00,Italy,North Italy,IT-NO,296.2,378.39,38.58,30.14,entsoe.eu,false,
2021-04-21 15:00:00,Italy,North Italy,IT-NO,310.76,392.22,37.57,29.49,entsoe.eu,false,
2021-04-21 16:00:00,Italy,North Italy,IT-NO,314.7,395.42,37.29,28.72,entsoe.eu,false,
2021-04-21 17:00:00,Italy,North Italy,IT-NO,304.61,382.15,39.87,30.22,entsoe.eu,false,
2021-04-21 18:00:00,Italy,North Italy,IT-NO,311.86,388.48,40.68,32.41,entsoe.eu,false,
2021-04-21 19:00:00,Italy,North Italy,IT-NO,330.35,413.11,35.79,28.63,entsoe.eu,false,
2021-04-21 20:00:00,Italy,North Italy,IT-NO,352.36,442.11,29.99,24.38,entsoe.eu,false,
2021-04-21 21:00:00,Italy,North Italy,IT-NO,379.49,478.38,21.19,18.18,entsoe.eu,false,
2021-04-21 22:00:00,Italy,North Italy,IT-NO,356.79,447.94,27.87,18.7,entsoe.eu,false,
2021-04-21 23:00:00,Italy,North Italy,IT-NO,343.98,432.93,30.85,19.17,entsoe.eu,false,
2021-04-22 00:00:00,Italy,North Italy,IT-NO,342.28,430.22,31.71,20.34,entsoe.eu,false,
2021-04-22 01:00:00,Italy,North Italy,IT-NO,322.23,404.64,36.68,21.6,entsoe.eu,false,
2021-04-22 02:00:00,Italy,North Italy,IT-NO,313.24,394.93,37.73,22.14,entsoe.eu,false,
2021-04-22 03:00:00,Italy,North Italy,IT-NO,327.57,410.78,34.79,20.66,entsoe.eu,false,
2021-04-22 04:00:00,Italy,North Italy,IT-NO,323.59,407.18,34.39,22.9,entsoe.eu,false,
2021-04-22 05:00:00,Italy,North Italy,IT-NO,325.2,408.65,34.0,26.97,entsoe.eu,false,
2021-04-22 06:00:00,Italy,North Italy,IT-NO,308.74,387.47,38.06,32.53,entsoe.eu,false,
2021-04-22 07:00:00,Italy,North Italy,IT-NO,292.52,369.36,40.83,34.68,entsoe.eu,false,
2021-04-22 08:00:00,Italy,North Italy,IT-NO,291.76,370.97,39.62,34.41,entsoe.eu,false,
2021-04-22 09:00:00,Italy,North Italy,IT-NO,275.42,353.06,42.19,35.2,entsoe.eu,false,
2021-04-22 10:00:00,Italy,North Italy,IT-NO,275.98,357.01,39.91,33.52,entsoe.eu,false,
2021-04-22 11:00:00,Italy,North Italy,IT-NO,250.32,325.91,45.58,36.89,entsoe.eu,false,
2021-04-22 12:00:00,Italy,North Italy,IT-NO,241.28,314.93,47.72,37.31,entsoe.eu,false,
2021-04-22 13:00:00,Italy,North Italy,IT-NO,242.81,316.59,47.57,36.08,entsoe.eu,false,
2021-04-22 14:00:00,Italy,North Italy,IT-NO,259.45,335.37,44.36,32.75,entsoe.eu,false,
2021-04-22 15:00:00,Italy,North Italy,IT-NO,280.15,360.73,39.69,29.25,entsoe.eu,false,
2021-04-22 16:00:00,Italy,North Italy,IT-NO,288.84,369.7,38.29,28.28,entsoe.eu,false,
2021-04-22 17:00:00,Italy,North Italy,IT-NO,286.77,364.6,40.15,30.69,entsoe.eu,false,
2021-04-22 18:00:00,Italy,North Italy,IT-NO,283.54,360.78,40.83,30.87,entsoe.eu,false,
2021-04-22 19:00:00,Italy,North Italy,IT-NO,306.48,388.37,35.76,26.93,entsoe.eu,false,
2021-04-22 20:00:00,Italy,North Italy,IT-NO,318.75,406.25,31.79,23.55,entsoe.eu,false,
2021-04-22 21:00:00,Italy,North Italy,IT-NO,337.82,430.91,27.11,21.34,entsoe.eu,false,
2021-04-22 22:00:00,Italy,North Italy,IT-NO,315.48,403.5,32.3,20.62,entsoe.eu,false,
2021-04-22 23:00:00,Italy,North Italy,IT-NO,288.37,370.55,38.32,21.5,entsoe.eu,false,
2021-04-23 00:00:00,Italy,North Italy,IT-NO,279.83,360.25,40.31,21.85,entsoe.eu,false,
2021-04-23 01:00:00,Italy,North Italy,IT-NO,272.09,350.29,42.31,22.14,entsoe.eu,false,
2021-04-23 02:00:00,Italy,North Italy,IT-NO,273.68,351.86,42.03,21.85,entsoe.eu,false,
2021-04-23 03:00:00,Italy,North Italy,IT-NO,295.59,378.82,36.76,20.97,entsoe.eu,false,
2021-04-23 04:00:00,Italy,North Italy,IT-NO,298.77,381.7,35.26,23.66,entsoe.eu,false,
2021-04-23 05:00:00,Italy,North Italy,IT-NO,274.07,349.28,41.86,30.99,entsoe.eu,false,
2021-04-23 06:00:00,Italy,North Italy,IT-NO,255.72,326.49,46.6,36.84,entsoe.eu,false,
2021-04-23 07:00:00,Italy,North Italy,IT-NO,249.0,319.83,48.18,37.82,entsoe.eu,false,
2021-04-23 08:00:00,Italy,North Italy,IT-NO,241.76,312.61,49.35,38.36,entsoe.eu,false,
2021-04-23 09:00:00,Italy,North Italy,IT-NO,225.77,294.78,52.74,41.8,entsoe.eu,false,
2021-04-23 10:00:00,Italy,North Italy,IT-NO,217.33,285.88,54.31,43.82,entsoe.eu,false,
2021-04-23 11:00:00,Italy,North Italy,IT-NO,203.82,269.96,57.1,45.75,entsoe.eu,false,
2021-04-23 12:00:00,Italy,North Italy,IT-NO,202.42,268.4,56.91,44.01,entsoe.eu,false,
2021-04-23 13:00:00,Italy,North Italy,IT-NO,204.51,270.63,56.21,41.54,entsoe.eu,false,
2021-04-23 14:00:00,Italy,North Italy,IT-NO,221.57,289.43,53.3,38.39,entsoe.eu,false,
2021-04-23 15:00:00,Italy,North Italy,IT-NO,243.38,314.49,48.64,33.48,entsoe.eu,false,
2021-04-23 16:00:00,Italy,North Italy,IT-NO,269.62,346.54,42.11,27.88,entsoe.eu,false,
2021-04-23 17:00:00,Italy,North Italy,IT-NO,268.34,342.82,43.27,30.66,entsoe.eu,false,
2021-04-23 18:00:00,Italy,North Italy,IT-NO,269.45,343.3,43.34,31.22,entsoe.eu,false,
2021-04-23 19:00:00,Italy,North Italy,IT-NO,290.37,369.5,39.04,28.57,entsoe.eu,false,
2021-04-23 20:00:00,Italy,North Italy,IT-NO,309.54,396.67,32.64,23.57,entsoe.eu,false,
2021-04-23 21:00:00,Italy,North Italy,IT-NO,295.89,379.87,36.48,25.85,entsoe.eu,false,
2021-04-23 22:00:00,Italy,North Italy,IT-NO,254.15,327.31,47.28,28.86,entsoe.eu,false,
2021-04-23 23:00:00,Italy,North Italy,IT-NO,241.64,312.53,49.79,28.54,entsoe.eu,false,
2021-04-24 00:00:00,Italy,North Italy,IT-NO,232.86,301.51,52.06,29.56,entsoe.eu,false,
2021-04-24 01:00:00,Italy,North Italy,IT-NO,234.67,304.53,51.37,30.1,entsoe.eu,false,
2021-04-24 02:00:00,Italy,North Italy,IT-NO,227.23,295.17,53.04,30.28,entsoe.eu,false,
2021-04-24 03:00:00,Italy,North Italy,IT-NO,236.63,304.39,51.58,30.54,entsoe.eu,false,
2021-04-24 04:00:00,Italy,North Italy,IT-NO,236.4,304.45,51.03,30.14,entsoe.eu,false,
2021-04-24 05:00:00,Italy,North Italy,IT-NO,232.61,302.26,50.64,32.27,entsoe.eu,false,
2021-04-24 06:00:00,Italy,North Italy,IT-NO,223.89,293.42,51.92,39.43,entsoe.eu,false,
2021-04-24 07:00:00,Italy,North Italy,IT-NO,219.05,288.53,53.07,45.68,entsoe.eu,false,
2021-04-24 08:00:00,Italy,North Italy,IT-NO,216.79,286.83,53.34,49.44,entsoe.eu,false,
2021-04-24 09:00:00,Italy,North Italy,IT-NO,196.89,264.36,57.1,52.83,entsoe.eu,false,
2021-04-24 10:00:00,Italy,North Italy,IT-NO,178.58,242.39,61.55,57.55,entsoe.eu,false,
2021-04-24 11:00:00,Italy,North Italy,IT-NO,164.85,226.15,64.52,60.24,entsoe.eu,false,
2021-04-24 12:00:00,Italy,North Italy,IT-NO,174.43,237.73,62.45,58.43,entsoe.eu,false,
2021-04-24 13:00:00,Italy,North Italy,IT-NO,193.18,260.3,58.18,54.28,entsoe.eu,false,
2021-04-24 14:00:00,Italy,North Italy,IT-NO,216.46,288.42,52.77,48.15,entsoe.eu,false,
2021-04-24 15:00:00,Italy,North Italy,IT-NO,219.86,290.68,52.1,42.69,entsoe.eu,false,
2021-04-24 16:00:00,Italy,North Italy,IT-NO,214.98,277.72,57.86,44.19,entsoe.eu,false,
2021-04-24 17:00:00,Italy,North Italy,IT-NO,210.81,262.32,65.24,49.61,entsoe.eu,false,
2021-04-24 18:00:00,Italy,North Italy,IT-NO,215.43,269.81,62.99,46.8,entsoe.eu,false,
2021-04-24 19:00:00,Italy,North Italy,IT-NO,225.86,282.98,60.02,42.87,entsoe.eu,false,
2021-04-24 20:00:00,Italy,North Italy,IT-NO,234.67,294.75,58.51,40.17,entsoe.eu,false,
2021-04-24 21:00:00,Italy,North Italy,IT-NO,238.01,307.23,51.45,31.83,entsoe.eu,false,
2021-04-24 22:00:00,Italy,North Italy,IT-NO,232.15,296.79,55.74,36.47,entsoe.eu,false,
2021-04-24 23:00:00,Italy,North Italy,IT-NO,230.19,300.08,51.82,30.57,entsoe.eu,false,
2021-04-25 00:00:00,Italy,North Italy,IT-NO,234.92,305.86,50.89,29.73,entsoe.eu,false,
2021-04-25 01:00:00,Italy,North Italy,IT-NO,227.76,297.29,52.45,29.73,entsoe.eu,false,
2021-04-25 02:00:00,Italy,North Italy,IT-NO,215.7,282.25,55.2,30.93,entsoe.eu,false,
2021-04-25 03:00:00,Italy,North Italy,IT-NO,258.11,331.95,47.25,31.97,entsoe.eu,false,
2021-04-25 04:00:00,Italy,North Italy,IT-NO,253.21,325.66,48.36,33.96,entsoe.eu,false,
2021-04-25 05:00:00,Italy,North Italy,IT-NO,237.57,308.69,50.73,37.22,entsoe.eu,false,
2021-04-25 06:00:00,Italy,North Italy,IT-NO,197.72,261.61,58.96,46.9,entsoe.eu,false,
2021-04-25 07:00:00,Italy,North Italy,IT-NO,182.75,244.77,62.16,55.29,entsoe.eu,false,
2021-04-25 08:00:00,Italy,North Italy,IT-NO,181.47,245.31,61.92,58.77,entsoe.eu,false,
2021-04-25 09:00:00,Italy,North Italy,IT-NO,176.16,238.43,63.19,60.69,entsoe.eu,false,
2021-04-25 10:00:00,Italy,North Italy,IT-NO,176.34,239.07,63.09,62.15,entsoe.eu,false,
2021-04-25 11:00:00,Italy,North Italy,IT-NO,172.5,234.6,64.35,62.57,entsoe.eu,false,
2021-04-25 12:00:00,Italy,North Italy,IT-NO,174.08,236.02,64.51,62.2,entsoe.eu,false,
2021-04-25 13:00:00,Italy,North Italy,IT-NO,186.14,250.55,61.53,58.36,entsoe.eu,false,
2021-04-25 14:00:00,Italy,North Italy,IT-NO,199.23,266.35,58.19,54.02,entsoe.eu,false,
2021-04-25 15:00:00,Italy,North Italy,IT-NO,208.73,275.98,56.29,49.29,entsoe.eu,false,
2021-04-25 16:00:00,Italy,North Italy,IT-NO,224.44,291.65,54.18,43.6,entsoe.eu,false,
2021-04-25 17:00:00,Italy,North Italy,IT-NO,236.63,298.06,57.35,47.18,entsoe.eu,false,
2021-04-25 18:00:00,Italy,North Italy,IT-NO,241.9,299.5,59.94,51.09,entsoe.eu,false,
2021-04-25 19:00:00,Italy,North Italy,IT-NO,247.13,307.39,57.67,48.38,entsoe.eu,false,
2021-04-25 20:00:00,Italy,North Italy,IT-NO,262.84,333.29,49.59,38.95,entsoe.eu,false,
2021-04-25 21:00:00,Italy,North Italy,IT-NO,266.34,343.53,45.05,33.99,entsoe.eu,false,
2021-04-25 22:00:00,Italy,North Italy,IT-NO,237.35,309.03,50.11,32.94,entsoe.eu,false,
2021-04-25 23:00:00,Italy,North Italy,IT-NO,229.58,299.34,51.65,32.12,entsoe.eu,false,
2021-04-26 00:00:00,Italy,North Italy,IT-NO,228.1,298.34,51.78,31.78,entsoe.eu,false,
2021-04-26 01:00:00,Italy,North Italy,IT-NO,230.47,301.26,50.83,30.6,entsoe.eu,false,
2021-04-26 02:00:00,Italy,North Italy,IT-NO,241.75,315.81,47.38,27.85,entsoe.eu,false,
2021-04-26 03:00:00,Italy,North Italy,IT-NO,250.47,323.66,46.92,27.75,entsoe.eu,false,
2021-04-26 04:00:00,Italy,North Italy,IT-NO,274.39,351.54,41.26,28.79,entsoe.eu,false,
2021-04-26 05:00:00,Italy,North Italy,IT-NO,265.22,337.98,44.65,34.98,entsoe.eu,false,
2021-04-26 06:00:00,Italy,North Italy,IT-NO,252.47,318.72,50.9,42.67,entsoe.eu,false,
2021-04-26 07:00:00,Italy,North Italy,IT-NO,251.13,320.12,50.09,41.35,entsoe.eu,false,
2021-04-26 08:00:00,Italy,North Italy,IT-NO,250.01,323.01,48.1,38.8,entsoe.eu,false,
2021-04-26 09:00:00,Italy,North Italy,IT-NO,253.26,327.53,47.31,37.19,entsoe.eu,false,
2021-04-26 10:00:00,Italy,North Italy,IT-NO,263.4,338.94,46.05,37.16,entsoe.eu,false,
2021-04-26 11:00:00,Italy,North Italy,IT-NO,265.05,343.69,43.51,33.91,entsoe.eu,false,
2021-04-26 12:00:00,Italy,North Italy,IT-NO,270.09,347.96,43.56,33.86,entsoe.eu,false,
2021-04-26 13:00:00,Italy,North Italy,IT-NO,265.7,343.34,43.76,32.24,entsoe.eu,false,
2021-04-26 14:00:00,Italy,North Italy,IT-NO,264.81,341.87,44.11,32.68,entsoe.eu,false,
2021-04-26 15:00:00,Italy,North Italy,IT-NO,264.04,339.11,44.97,31.61,entsoe.eu,false,
2021-04-26 16:00:00,Italy,North Italy,IT-NO,272.96,347.11,44.55,34.0,entsoe.eu,false,
2021-04-26 17:00:00,Italy,North Italy,IT-NO,264.03,334.13,47.33,37.16,entsoe.eu,false,
2021-04-26 18:00:00,Italy,North Italy,IT-NO,266.62,335.17,48.43,38.73,entsoe.eu,false,
2021-04-26 19:00:00,Italy,North Italy,IT-NO,269.8,343.19,44.11,32.48,entsoe.eu,false,
2021-04-26 20:00:00,Italy,North Italy,IT-NO,280.3,358.77,40.81,27.92,entsoe.eu,false,
2021-04-26 21:00:00,Italy,North Italy,IT-NO,268.07,341.99,45.09,30.19,entsoe.eu,false,
2021-04-26 22:00:00,Italy,North Italy,IT-NO,245.84,314.49,49.84,30.06,entsoe.eu,false,
2021-04-26 23:00:00,Italy,North Italy,IT-NO,235.67,303.61,51.33,29.08,entsoe.eu,false,
2021-04-27 00:00:00,Italy,North Italy,IT-NO,233.29,299.74,52.25,29.25,entsoe.eu,false,
2021-04-27 01:00:00,Italy,North Italy,IT-NO,239.92,309.26,49.99,28.13,entsoe.eu,false,
2021-04-27 02:00:00,Italy,North Italy,IT-NO,244.72,315.0,48.85,27.4,entsoe.eu,false,
2021-04-27 03:00:00,Italy,North Italy,IT-NO,263.93,337.04,45.08,27.68,entsoe.eu,false,
2021-04-27 04:00:00,Italy,North Italy,IT-NO,263.82,333.56,46.07,31.95,entsoe.eu,false,
2021-04-27 05:00:00,Italy,North Italy,IT-NO,259.33,325.11,48.31,36.34,entsoe.eu,false,
2021-04-27 06:00:00,Italy,North Italy,IT-NO,261.92,324.31,52.05,42.48,entsoe.eu,false,
2021-04-27 07:00:00,Italy,North Italy,IT-NO,267.95,335.67,48.85,40.02,entsoe.eu,false,
2021-04-27 08:00:00,Italy,North Italy,IT-NO,267.36,336.38,48.77,40.69,entsoe.eu,false,
2021-04-27 09:00:00,Italy,North Italy,IT-NO,267.44,338.53,47.13,38.81,entsoe.eu,false,
2021-04-27 10:00:00,Italy,North Italy,IT-NO,271.97,347.33,44.23,36.14,entsoe.eu,false,
2021-04-27 11:00:00,Italy,North Italy,IT-NO,274.26,351.35,42.79,34.13,entsoe.eu,false,
2021-04-27 12:00:00,Italy,North Italy,IT-NO,268.38,343.89,44.34,34.52,entsoe.eu,false,
2021-04-27 13:00:00,Italy,North Italy,IT-NO,268.18,343.7,44.07,32.37,entsoe.eu,false,
2021-04-27 14:00:00,Italy,North Italy,IT-NO,278.84,355.83,41.82,30.62,entsoe.eu,false,
2021-04-27 15:00:00,Italy,North Italy,IT-NO,275.86,353.17,42.13,29.82,entsoe.eu,false,
2021-04-27 16:00:00,Italy,North Italy,IT-NO,268.03,341.54,43.94,31.74,entsoe.eu,false,
2021-04-27 17:00:00,Italy,North Italy,IT-NO,254.87,323.12,47.87,36.98,entsoe.eu,false,
2021-04-27 18:00:00,Italy,North Italy,IT-NO,255.29,322.47,48.56,38.02,entsoe.eu,false,
2021-04-27 19:00:00,Italy,North Italy,IT-NO,266.79,338.6,44.46,32.99,entsoe.eu,false,
2021-04-27 20:00:00,Italy,North Italy,IT-NO,268.8,343.05,43.45,29.18,entsoe.eu,false,
2021-04-27 21:00:00,Italy,North Italy,IT-NO,275.59,352.13,42.17,28.89,entsoe.eu,false,
2021-04-27 22:00:00,Italy,North Italy,IT-NO,286.59,365.46,40.49,26.62,entsoe.eu,false,
2021-04-27 23:00:00,Italy,North Italy,IT-NO,274.45,351.14,43.46,26.78,entsoe.eu,false,
2021-04-28 00:00:00,Italy,North Italy,IT-NO,276.03,353.54,43.04,25.57,entsoe.eu,false,
2021-04-28 01:00:00,Italy,North Italy,IT-NO,267.75,342.87,44.85,25.44,entsoe.eu,false,
2021-04-28 02:00:00,Italy,North Italy,IT-NO,272.97,349.85,43.34,24.85,entsoe.eu,false,
2021-04-28 03:00:00,Italy,North Italy,IT-NO,292.42,371.15,39.71,23.65,entsoe.eu,false,
2021-04-28 04:00:00,Italy,North Italy,IT-NO,282.59,358.22,41.08,27.76,entsoe.eu,false,
2021-04-28 05:00:00,Italy,North Italy,IT-NO,273.63,343.87,44.82,34.59,entsoe.eu,false,
2021-04-28 06:00:00,Italy,North Italy,IT-NO,274.09,340.07,49.07,41.83,entsoe.eu,false,
2021-04-28 07:00:00,Italy,North Italy,IT-NO,260.88,331.94,47.03,40.65,entsoe.eu,false,
2021-04-28 08:00:00,Italy,North Italy,IT-NO,257.76,328.79,48.13,42.0,entsoe.eu,false,
2021-04-28 09:00:00,Italy,North Italy,IT-NO,249.23,321.13,48.39,42.36,entsoe.eu,false,
2021-04-28 10:00:00,Italy,North Italy,IT-NO,257.69,333.84,45.33,40.96,entsoe.eu,false,
2021-04-28 11:00:00,Italy,North Italy,IT-NO,254.44,331.63,45.2,37.83,entsoe.eu,false,
2021-04-28 12:00:00,Italy,North Italy,IT-NO,265.22,343.54,43.48,35.31,entsoe.eu,false,
2021-04-28 13:00:00,Italy,North Italy,IT-NO,270.39,348.35,42.73,32.96,entsoe.eu,false,
2021-04-28 14:00:00,Italy,North Italy,IT-NO,283.38,363.54,39.89,29.81,entsoe.eu,false,
2021-04-28 15:00:00,Italy,North Italy,IT-NO,287.22,367.33,38.96,27.75,entsoe.eu,false,
2021-04-28 16:00:00,Italy,North Italy,IT-NO,280.51,357.26,40.46,28.61,entsoe.eu,false,
2021-04-28 17:00:00,Italy,North Italy,IT-NO,277.61,353.02,42.0,33.47,entsoe.eu,false,
2021-04-28 18:00:00,Italy,North Italy,IT-NO,273.0,346.46,43.75,35.2,entsoe.eu,false,
2021-04-28 19:00:00,Italy,North Italy,IT-NO,291.87,370.44,38.93,30.38,entsoe.eu,false,
2021-04-28 20:00:00,Italy,North Italy,IT-NO,306.38,388.66,35.69,26.91,entsoe.eu,false,
2021-04-28 21:00:00,Italy,North Italy,IT-NO,313.56,398.74,33.52,26.39,entsoe.eu,false,
2021-04-28 22:00:00,Italy,North Italy,IT-NO,289.21,368.38,40.12,28.5,entsoe.eu,false,
2021-04-28 23:00:00,Italy,North Italy,IT-NO,262.88,334.94,46.44,29.01,entsoe.eu,false,
2021-04-29 00:00:00,Italy,North Italy,IT-NO,258.36,330.73,47.31,28.63,entsoe.eu,false,
2021-04-29 01:00:00,Italy,North Italy,IT-NO,247.05,316.83,49.84,29.23,entsoe.eu,false,
2021-04-29 02:00:00,Italy,North Italy,IT-NO,247.3,317.13,50.03,29.58,entsoe.eu,false,
2021-04-29 03:00:00,Italy,North Italy,IT-NO,264.49,336.46,46.94,29.79,entsoe.eu,false,
2021-04-29 04:00:00,Italy,North Italy,IT-NO,281.53,357.26,41.38,27.98,entsoe.eu,false,
2021-04-29 05:00:00,Italy,North Italy,IT-NO,273.91,346.94,43.21,35.12,entsoe.eu,false,
2021-04-29 06:00:00,Italy,North Italy,IT-NO,265.31,335.21,46.22,39.82,entsoe.eu,false,
2021-04-29 07:00:00,Italy,North Italy,IT-NO,261.1,332.29,46.59,40.49,entsoe.eu,false,
2021-04-29 08:00:00,Italy,North Italy,IT-NO,262.51,335.23,45.23,37.23,entsoe.eu,false,
2021-04-29 09:00:00,Italy,North Italy,IT-NO,262.47,335.96,45.26,37.14,entsoe.eu,false,
2021-04-29 10:00:00,Italy,North Italy,IT-NO,271.7,346.89,44.23,38.32,entsoe.eu,false,
2021-04-29 11:00:00,Italy,North Italy,IT-NO,276.2,353.06,42.04,35.83,entsoe.eu,false,
2021-04-29 12:00:00,Italy,North Italy,IT-NO,284.39,361.28,41.41,34.48,entsoe.eu,false,
2021-04-29 13:00:00,Italy,North Italy,IT-NO,284.4,361.43,40.55,31.56,entsoe.eu,false,
2021-04-29 14:00:00,Italy,North Italy,IT-NO,273.95,348.73,42.66,33.42,entsoe.eu,false,
2021-04-29 15:00:00,Italy,North Italy,IT-NO,271.71,346.88,43.02,32.58,entsoe.eu,false,
2021-04-29 16:00:00,Italy,North Italy,IT-NO,272.19,344.26,44.16,33.65,entsoe.eu,false,
2021-04-29 17:00:00,Italy,North Italy,IT-NO,266.82,336.78,45.76,37.04,entsoe.eu,false,
2021-04-29 18:00:00,Italy,North Italy,IT-NO,273.54,343.38,45.8,38.17,entsoe.eu,false,
2021-04-29 19:00:00,Italy,North Italy,IT-NO,276.53,349.75,42.3,33.51,entsoe.eu,false,
2021-04-29 20:00:00,Italy,North Italy,IT-NO,285.56,363.06,39.8,30.77,entsoe.eu,false,
2021-04-29 21:00:00,Italy,North Italy,IT-NO,316.08,402.17,32.02,27.05,entsoe.eu,false,
2021-04-29 22:00:00,Italy,North Italy,IT-NO,300.03,383.72,35.26,27.21,entsoe.eu,false,
2021-04-29 23:00:00,Italy,North Italy,IT-NO,273.95,351.45,41.44,28.81,entsoe.eu,false,
2021-04-30 00:00:00,Italy,North Italy,IT-NO,248.84,320.76,48.18,31.14,entsoe.eu,false,
2021-04-30 01:00:00,Italy,North Italy,IT-NO,242.3,311.0,50.16,31.22,entsoe.eu,false,
2021-04-30 02:00:00,Italy,North Italy,IT-NO,243.83,315.12,49.27,30.85,entsoe.eu,false,
2021-04-30 03:00:00,Italy,North Italy,IT-NO,274.64,349.41,42.52,29.57,entsoe.eu,false,
2021-04-30 04:00:00,Italy,North Italy,IT-NO,300.26,380.08,35.08,28.78,entsoe.eu,false,
2021-04-30 05:00:00,Italy,North Italy,IT-NO,294.59,372.59,38.25,36.15,entsoe.eu,false,
2021-04-30 06:00:00,Italy,North Italy,IT-NO,281.14,354.67,42.54,40.61,entsoe.eu,false,
2021-04-30 07:00:00,Italy,North Italy,IT-NO,273.75,349.46,42.46,41.26,entsoe.eu,false,
2021-04-30 08:00:00,Italy,North Italy,IT-NO,274.12,351.05,40.95,39.82,entsoe.eu,false,
2021-04-30 09:00:00,Italy,North Italy,IT-NO,275.58,354.93,40.25,38.97,entsoe.eu,false,
2021-04-30 10:00:00,Italy,North Italy,IT-NO,291.14,373.77,36.84,36.4,entsoe.eu,false,
2021-04-30 11:00:00,Italy,North Italy,IT-NO,277.23,357.24,40.12,39.16,entsoe.eu,false,
2021-04-30 12:00:00,Italy,North Italy,IT-NO,255.82,331.59,44.72,39.34,entsoe.eu,false,
2021-04-30 13:00:00,Italy,North Italy,IT-NO,252.49,326.01,46.41,38.86,entsoe.eu,false,
2021-04-30 14:00:00,Italy,North Italy,IT-NO,262.9,335.79,45.21,36.64,entsoe.eu,false,
2021-04-30 15:00:00,Italy,North Italy,IT-NO,280.92,356.67,41.14,34.06,entsoe.eu,false,
2021-04-30 16:00:00,Italy,North Italy,IT-NO,287.02,361.59,40.6,35.19,entsoe.eu,false,
2021-04-30 17:00:00,Italy,North Italy,IT-NO,271.61,341.69,45.28,39.86,entsoe.eu,false,
2021-04-30 18:00:00,Italy,North Italy,IT-NO,270.16,341.06,45.6,39.95,entsoe.eu,false,
2021-04-30 19:00:00,Italy,North Italy,IT-NO,296.53,373.74,39.55,37.25,entsoe.eu,false,
2021-04-30 20:00:00,Italy,North Italy,IT-NO,308.17,391.2,36.09,33.67,entsoe.eu,false,
2021-04-30 21:00:00,Italy,North Italy,IT-NO,301.46,382.28,37.5,33.46,entsoe.eu,false,
2021-04-30 22:00:00,Italy,North Italy,IT-NO,287.55,362.33,42.15,35.59,entsoe.eu,false,
2021-04-30 23:00:00,Italy,North Italy,IT-NO,283.85,361.93,39.88,32.25,entsoe.eu,false,
2021-05-01 00:00:00,Italy,North Italy,IT-NO,278.86,357.06,40.81,33.53,entsoe.eu,false,
2021-05-01 01:00:00,Italy,North Italy,IT-NO,277.24,354.87,41.21,33.51,entsoe.eu,false,
2021-05-01 02:00:00,Italy,North Italy,IT-NO,275.6,351.85,41.5,33.41,entsoe.eu,false,
2021-05-01 03:00:00,Italy,North Italy,IT-NO,268.81,341.84,44.31,36.33,entsoe.eu,false,
2021-05-01 04:00:00,Italy,North Italy,IT-NO,248.59,316.07,48.55,40.25,entsoe.eu,false,
2021-05-01 05:00:00,Italy,North Italy,IT-NO,237.5,303.0,50.88,43.98,entsoe.eu,false,
2021-05-01 06:00:00,Italy,North Italy,IT-NO,227.2,293.46,52.35,47.3,entsoe.eu,false,
2021-05-01 07:00:00,Italy,North Italy,IT-NO,216.82,279.71,55.1,50.62,entsoe.eu,false,
2021-05-01 08:00:00,Italy,North Italy,IT-NO,210.84,273.99,56.77,54.27,entsoe.eu,false,
2021-05-01 09:00:00,Italy,North Italy,IT-NO,201.24,263.99,58.13,55.13,entsoe.eu,false,
2021-05-01 10:00:00,Italy,North Italy,IT-NO,210.87,276.7,55.43,53.12,entsoe.eu,false,
2021-05-01 11:00:00,Italy,North Italy,IT-NO,209.45,276.36,55.83,53.17,entsoe.eu,false,
2021-05-01 12:00:00,Italy,North Italy,IT-NO,222.26,292.9,52.08,47.44,entsoe.eu,false,
2021-05-01 13:00:00,Italy,North Italy,IT-NO,232.98,305.2,49.69,44.35,entsoe.eu,false,
2021-05-01 14:00:00,Italy,North Italy,IT-NO,227.43,295.69,52.8,45.68,entsoe.eu,false,
2021-05-01 15:00:00,Italy,North Italy,IT-NO,235.68,302.11,51.92,44.57,entsoe.eu,false,
2021-05-01 16:00:00,Italy,North Italy,IT-NO,231.39,291.49,54.02,46.7,entsoe.eu,false,
2021-05-01 17:00:00,Italy,North Italy,IT-NO,223.82,285.82,54.4,47.21,entsoe.eu,false,
2021-05-01 18:00:00,Italy,North Italy,IT-NO,220.09,283.59,53.85,48.61,entsoe.eu,false,
2021-05-01 19:00:00,Italy,North Italy,IT-NO,230.59,294.88,51.93,48.21,entsoe.eu,false,
2021-05-01 20:00:00,Italy,North Italy,IT-NO,231.17,296.72,52.28,46.87,entsoe.eu,false,
2021-05-01 21:00:00,Italy,North Italy,IT-NO,247.12,316.14,49.42,47.94,entsoe.eu,false,
2021-05-01 22:00:00,Italy,North Italy,IT-NO,234.16,304.65,51.99,50.53,entsoe.eu,false,
2021-05-01 23:00:00,Italy,North Italy,IT-NO,220.18,287.68,55.35,53.85,entsoe.eu,false,
2021-05-02 00:00:00,Italy,North Italy,IT-NO,239.34,311.99,50.64,49.76,entsoe.eu,false,
2021-05-02 01:00:00,Italy,North Italy,IT-NO,239.81,312.62,50.34,49.19,entsoe.eu,false,
2021-05-02 02:00:00,Italy,North Italy,IT-NO,226.62,295.87,53.29,51.01,entsoe.eu,false,
2021-05-02 03:00:00,Italy,North Italy,IT-NO,227.1,296.18,53.44,50.63,entsoe.eu,false,
2021-05-02 04:00:00,Italy,North Italy,IT-NO,226.37,295.93,53.03,50.79,entsoe.eu,false,
2021-05-02 05:00:00,Italy,North Italy,IT-NO,210.91,276.77,56.86,54.47,entsoe.eu,false,
2021-05-02 06:00:00,Italy,North Italy,IT-NO,191.87,254.13,60.74,59.17,entsoe.eu,false,
2021-05-02 07:00:00,Italy,North Italy,IT-NO,176.53,235.97,64.01,61.99,entsoe.eu,false,
2021-05-02 08:00:00,Italy,North Italy,IT-NO,170.17,229.01,65.05,63.41,entsoe.eu,false,
2021-05-02 09:00:00,Italy,North Italy,IT-NO,171.8,231.71,64.43,64.33,entsoe.eu,false,
2021-05-02 10:00:00,Italy,North Italy,IT-NO,172.85,232.95,64.34,64.24,entsoe.eu,false,
2021-05-02 11:00:00,Italy,North Italy,IT-NO,167.79,227.04,65.6,65.48,entsoe.eu,false,
2021-05-02 12:00:00,Italy,North Italy,IT-NO,162.74,218.36,67.43,66.36,entsoe.eu,false,
2021-05-02 13:00:00,Italy,North Italy,IT-NO,169.33,225.54,65.75,63.54,entsoe.eu,false,
2021-05-02 14:00:00,Italy,North Italy,IT-NO,187.54,247.02,61.6,60.97,entsoe.eu,false,
2021-05-02 15:00:00,Italy,North Italy,IT-NO,201.44,263.54,58.54,56.96,entsoe.eu,false,
2021-05-02 16:00:00,Italy,North Italy,IT-NO,209.35,268.82,57.74,54.12,entsoe.eu,false,
2021-05-02 17:00:00,Italy,North Italy,IT-NO,223.3,287.23,54.33,50.24,entsoe.eu,false,
2021-05-02 18:00:00,Italy,North Italy,IT-NO,249.77,310.05,56.33,54.52,entsoe.eu,false,
2021-05-02 19:00:00,Italy,North Italy,IT-NO,263.54,324.06,55.34,55.14,entsoe.eu,false,
2021-05-02 20:00:00,Italy,North Italy,IT-NO,269.63,334.87,51.41,51.39,entsoe.eu,false,
2021-05-02 21:00:00,Italy,North Italy,IT-NO,258.51,331.05,46.36,46.31,entsoe.eu,false,
2021-05-02 22:00:00,Italy,North Italy,IT-NO,246.31,315.94,49.56,48.13,entsoe.eu,false,
2021-05-02 23:00:00,Italy,North Italy,IT-NO,251.88,319.71,49.17,48.72,entsoe.eu,false,
2021-05-03 00:00:00,Italy,North Italy,IT-NO,266.59,336.58,46.04,45.76,entsoe.eu,false,
2021-05-03 01:00:00,Italy,North Italy,IT-NO,261.03,332.34,46.9,45.58,entsoe.eu,false,
2021-05-03 02:00:00,Italy,North Italy,IT-NO,256.41,325.97,48.19,46.92,entsoe.eu,false,
2021-05-03 03:00:00,Italy,North Italy,IT-NO,274.67,347.75,43.35,41.32,entsoe.eu,false,
2021-05-03 04:00:00,Italy,North Italy,IT-NO,271.68,344.58,43.29,40.39,entsoe.eu,false,
2021-05-03 05:00:00,Italy,North Italy,IT-NO,271.82,335.76,50.49,49.5,entsoe.eu,false,
2021-05-03 06:00:00,Italy,North Italy,IT-NO,260.17,321.94,52.9,51.55,entsoe.eu,false,
2021-05-03 07:00:00,Italy,North Italy,IT-NO,227.5,287.96,55.87,51.19,entsoe.eu,false,
2021-05-03 08:00:00,Italy,North Italy,IT-NO,221.79,284.18,55.93,52.52,entsoe.eu,false,
2021-05-03 09:00:00,Italy,North Italy,IT-NO,207.56,270.46,56.89,51.04,entsoe.eu,false,
2021-05-03 10:00:00,Italy,North Italy,IT-NO,192.16,252.4,60.0,53.65,entsoe.eu,false,
2021-05-03 11:00:00,Italy,North Italy,IT-NO,187.17,246.34,61.21,52.98,entsoe.eu,false,
2021-05-03 12:00:00,Italy,North Italy,IT-NO,188.03,247.55,60.99,50.83,entsoe.eu,false,
2021-05-03 13:00:00,Italy,North Italy,IT-NO,188.49,247.18,60.93,49.57,entsoe.eu,false,
2021-05-03 14:00:00,Italy,North Italy,IT-NO,195.37,255.26,59.33,47.21,entsoe.eu,false,
2021-05-03 15:00:00,Italy,North Italy,IT-NO,211.67,272.8,56.49,44.62,entsoe.eu,false,
2021-05-03 16:00:00,Italy,North Italy,IT-NO,237.63,302.53,50.97,41.91,entsoe.eu,false,
2021-05-03 17:00:00,Italy,North Italy,IT-NO,249.99,313.66,51.56,44.91,entsoe.eu,false,
2021-05-03 18:00:00,Italy,North Italy,IT-NO,254.85,319.97,50.84,44.43,entsoe.eu,false,
2021-05-03 19:00:00,Italy,North Italy,IT-NO,251.98,319.16,49.09,40.44,entsoe.eu,false,
2021-05-03 20:00:00,Italy,North Italy,IT-NO,258.19,329.82,46.01,36.14,entsoe.eu,false,
2021-05-03 21:00:00,Italy,North Italy,IT-NO,259.45,332.17,45.12,34.25,entsoe.eu,false,
2021-05-03 22:00:00,Italy,North Italy,IT-NO,261.15,338.31,43.23,32.91,entsoe.eu,false,
2021-05-03 23:00:00,Italy,North Italy,IT-NO,265.02,342.04,42.74,33.19,entsoe.eu,false,
2021-05-04 00:00:00,Italy,North Italy,IT-NO,262.63,339.6,43.24,33.57,entsoe.eu,false,
2021-05-04 01:00:00,Italy,North Italy,IT-NO,276.54,357.18,39.91,32.9,entsoe.eu,false,
2021-05-04 02:00:00,Italy,North Italy,IT-NO,285.44,368.31,37.57,31.23,entsoe.eu,false,
2021-05-04 03:00:00,Italy,North Italy,IT-NO,289.01,370.41,37.03,30.83,entsoe.eu,false,
2021-05-04 04:00:00,Italy,North Italy,IT-NO,272.03,349.0,41.49,38.64,entsoe.eu,false,
2021-05-04 05:00:00,Italy,North Italy,IT-NO,253.98,320.62,49.68,45.25,entsoe.eu,false,
2021-05-04 06:00:00,Italy,North Italy,IT-NO,247.26,313.42,51.12,47.73,entsoe.eu,false,
2021-05-04 07:00:00,Italy,North Italy,IT-NO,230.62,295.82,52.85,47.48,entsoe.eu,false,
2021-05-04 08:00:00,Italy,North Italy,IT-NO,223.77,288.91,53.43,46.4,entsoe.eu,false,
2021-05-04 09:00:00,Italy,North Italy,IT-NO,217.33,282.73,54.06,47.22,entsoe.eu,false,
2021-05-04 10:00:00,Italy,North Italy,IT-NO,206.65,270.63,56.17,49.07,entsoe.eu,false,
2021-05-04 11:00:00,Italy,North Italy,IT-NO,208.41,273.49,55.52,47.69,entsoe.eu,false,
2021-05-04 12:00:00,Italy,North Italy,IT-NO,220.63,288.34,52.45,44.76,entsoe.eu,false,
2021-05-04 13:00:00,Italy,North Italy,IT-NO,220.52,286.25,53.52,44.37,entsoe.eu,false,
2021-05-04 14:00:00,Italy,North Italy,IT-NO,229.49,296.55,51.42,41.62,entsoe.eu,false,
2021-05-04 15:00:00,Italy,North Italy,IT-NO,239.22,304.96,50.74,41.74,entsoe.eu,false,
2021-05-04 16:00:00,Italy,North Italy,IT-NO,249.45,316.77,48.94,41.26,entsoe.eu,false,
2021-05-04 17:00:00,Italy,North Italy,IT-NO,244.99,311.3,50.27,43.04,entsoe.eu,false,
2021-05-04 18:00:00,Italy,North Italy,IT-NO,251.94,316.34,52.3,45.5,entsoe.eu,false,
2021-05-04 19:00:00,Italy,North Italy,IT-NO,258.41,327.19,48.03,39.71,entsoe.eu,false,
2021-05-04 20:00:00,Italy,North Italy,IT-NO,261.72,331.94,46.1,37.43,entsoe.eu,false,
2021-05-04 21:00:00,Italy,North Italy,IT-NO,274.84,350.06,42.5,35.22,entsoe.eu,false,
2021-05-04 22:00:00,Italy,North Italy,IT-NO,236.24,306.14,50.39,36.58,entsoe.eu,false,
2021-05-04 23:00:00,Italy,North Italy,IT-NO,234.66,302.7,51.27,36.04,entsoe.eu,false,
2021-05-05 00:00:00,Italy,North Italy,IT-NO,229.49,295.41,53.14,38.22,entsoe.eu,false,
2021-05-05 01:00:00,Italy,North Italy,IT-NO,224.5,288.36,54.55,37.19,entsoe.eu,false,
2021-05-05 02:00:00,Italy,North Italy,IT-NO,229.57,294.57,53.28,36.88,entsoe.eu,false,
2021-05-05 03:00:00,Italy,North Italy,IT-NO,246.95,315.72,48.96,35.98,entsoe.eu,false,
2021-05-05 04:00:00,Italy,North Italy,IT-NO,261.91,329.83,46.51,36.48,entsoe.eu,false,
2021-05-05 05:00:00,Italy,North Italy,IT-NO,233.4,295.85,53.65,44.91,entsoe.eu,false,
2021-05-05 06:00:00,Italy,North Italy,IT-NO,229.47,287.94,57.11,49.42,entsoe.eu,false,
2021-05-05 07:00:00,Italy,North Italy,IT-NO,218.63,277.42,58.97,50.47,entsoe.eu,false,
2021-05-05 08:00:00,Italy,North Italy,IT-NO,223.61,288.98,54.41,46.99,entsoe.eu,false,
2021-05-05 09:00:00,Italy,North Italy,IT-NO,227.02,293.02,53.8,46.65,entsoe.eu,false,
2021-05-05 10:00:00,Italy,North Italy,IT-NO,210.14,273.04,56.87,47.62,entsoe.eu,false,
2021-05-05 11:00:00,Italy,North Italy,IT-NO,213.39,276.67,55.91,45.24,entsoe.eu,false,
2021-05-05 12:00:00,Italy,North Italy,IT-NO,224.12,289.42,54.06,43.26,entsoe.eu,false,
2021-05-05 13:00:00,Italy,North Italy,IT-NO,237.49,304.61,51.01,40.34,entsoe.eu,false,
2021-05-05 14:00:00,Italy,North Italy,IT-NO,236.09,302.78,51.48,41.91,entsoe.eu,false,
2021-05-05 15:00:00,Italy,North Italy,IT-NO,235.31,301.34,51.8,41.68,entsoe.eu,false,
2021-05-05 16:00:00,Italy,North Italy,IT-NO,254.39,324.39,48.06,39.26,entsoe.eu,false,
2021-05-05 17:00:00,Italy,North Italy,IT-NO,265.47,334.16,48.15,41.57,entsoe.eu,false,
2021-05-05 18:00:00,Italy,North Italy,IT-NO,261.35,328.47,49.47,42.66,entsoe.eu,false,
2021-05-05 19:00:00,Italy,North Italy,IT-NO,278.13,349.94,45.15,40.08,entsoe.eu,false,
2021-05-05 20:00:00,Italy,North Italy,IT-NO,283.53,360.79,41.17,38.24,entsoe.eu,false,
2021-05-05 21:00:00,Italy,North Italy,IT-NO,298.35,382.03,36.38,34.43,entsoe.eu,false,
2021-05-05 22:00:00,Italy,North Italy,IT-NO,284.77,365.14,39.65,35.56,entsoe.eu,false,
2021-05-05 23:00:00,Italy,North Italy,IT-NO,279.85,359.21,41.02,34.92,entsoe.eu,false,
2021-05-06 00:00:00,Italy,North Italy,IT-NO,259.9,334.11,45.61,36.49,entsoe.eu,false,
2021-05-06 01:00:00,Italy,North Italy,IT-NO,263.8,339.54,45.12,37.44,entsoe.eu,false,
2021-05-06 02:00:00,Italy,North Italy,IT-NO,242.51,313.73,49.48,35.64,entsoe.eu,false,
2021-05-06 03:00:00,Italy,North Italy,IT-NO,257.98,332.61,45.6,33.55,entsoe.eu,false,
2021-05-06 04:00:00,Italy,North Italy,IT-NO,259.73,330.96,46.14,35.05,entsoe.eu,false,
2021-05-06 05:00:00,Italy,North Italy,IT-NO,274.24,345.58,43.47,38.63,entsoe.eu,false,
2021-05-06 06:00:00,Italy,North Italy,IT-NO,250.52,318.9,48.54,41.95,entsoe.eu,false,
2021-05-06 07:00:00,Italy,North Italy,IT-NO,257.94,328.67,46.98,41.34,entsoe.eu,false,
2021-05-06 08:00:00,Italy,North Italy,IT-NO,249.64,320.24,48.62,43.42,entsoe.eu,false,
2021-05-06 09:00:00,Italy,North Italy,IT-NO,243.46,312.98,49.49,42.97,entsoe.eu,false,
2021-05-06 10:00:00,Italy,North Italy,IT-NO,232.8,301.54,51.36,45.95,entsoe.eu,false,
2021-05-06 11:00:00,Italy,North Italy,IT-NO,211.64,275.94,56.18,48.31,entsoe.eu,false,
2021-05-06 12:00:00,Italy,North Italy,IT-NO,226.06,294.05,51.57,43.69,entsoe.eu,false,
2021-05-06 13:00:00,Italy,North Italy,IT-NO,226.84,293.02,52.63,43.27,entsoe.eu,false,
2021-05-06 14:00:00,Italy,North Italy,IT-NO,241.44,313.62,47.4,38.79,entsoe.eu,false,
2021-05-06 15:00:00,Italy,North Italy,IT-NO,250.01,322.27,45.62,36.97,entsoe.eu,false,
2021-05-06 16:00:00,Italy,North Italy,IT-NO,272.98,347.07,42.57,37.21,entsoe.eu,false,
2021-05-06 17:00:00,Italy,North Italy,IT-NO,280.55,353.99,43.13,39.89,entsoe.eu,false,
2021-05-06 18:00:00,Italy,North Italy,IT-NO,284.21,358.47,42.21,38.99,entsoe.eu,false,
2021-05-06 19:00:00,Italy,North Italy,IT-NO,286.27,362.04,40.98,37.7,entsoe.eu,false,
2021-05-06 20:00:00,Italy,North Italy,IT-NO,286.3,362.0,40.95,37.55,entsoe.eu,false,
2021-05-06 21:00:00,Italy,North Italy,IT-NO,312.83,396.4,33.79,32.24,entsoe.eu,false,
2021-05-06 22:00:00,Italy,North Italy,IT-NO,262.14,337.01,44.64,33.71,entsoe.eu,false,
2021-05-06 23:00:00,Italy,North Italy,IT-NO,271.12,347.95,43.31,33.14,entsoe.eu,false,
2021-05-07 00:00:00,Italy,North Italy,IT-NO,248.83,318.34,49.54,35.32,entsoe.eu,false,
2021-05-07 01:00:00,Italy,North Italy,IT-NO,247.98,318.55,49.1,35.1,entsoe.eu,false,
2021-05-07 02:00:00,Italy,North Italy,IT-NO,251.03,322.37,48.41,33.59,entsoe.eu,false,
2021-05-07 03:00:00,Italy,North Italy,IT-NO,256.67,329.56,47.01,33.69,entsoe.eu,false,
2021-05-07 04:00:00,Italy,North Italy,IT-NO,257.77,326.28,48.16,38.83,entsoe.eu,false,
2021-05-07 05:00:00,Italy,North Italy,IT-NO,264.06,332.51,48.5,44.9,entsoe.eu,false,
2021-05-07 06:00:00,Italy,North Italy,IT-NO,261.42,325.89,51.72,49.01,entsoe.eu,false,
2021-05-07 07:00:00,Italy,North Italy,IT-NO,239.89,303.46,53.3,48.33,entsoe.eu,false,
2021-05-07 08:00:00,Italy,North Italy,IT-NO,218.92,282.88,54.28,47.6,entsoe.eu,false,
2021-05-07 09:00:00,Italy,North Italy,IT-NO,225.18,292.19,52.37,45.0,entsoe.eu,false,
2021-05-07 10:00:00,Italy,North Italy,IT-NO,228.86,297.22,52.02,46.8,entsoe.eu,false,
2021-05-07 11:00:00,Italy,North Italy,IT-NO,210.94,273.62,56.92,48.95,entsoe.eu,false,
2021-05-07 12:00:00,Italy,North Italy,IT-NO,225.29,292.77,52.69,44.08,entsoe.eu,false,
2021-05-07 13:00:00,Italy,North Italy,IT-NO,229.42,298.86,52.1,43.79,entsoe.eu,false,
2021-05-07 14:00:00,Italy,North Italy,IT-NO,232.6,301.97,51.47,41.84,entsoe.eu,false,
2021-05-07 15:00:00,Italy,North Italy,IT-NO,240.32,310.3,49.97,40.15,entsoe.eu,false,
2021-05-07 16:00:00,Italy,North Italy,IT-NO,244.62,313.89,49.37,39.56,entsoe.eu,false,
2021-05-07 17:00:00,Italy,North Italy,IT-NO,246.03,313.7,49.58,40.64,entsoe.eu,false,
2021-05-07 18:00:00,Italy,North Italy,IT-NO,242.72,309.55,50.54,41.84,entsoe.eu,false,
2021-05-07 19:00:00,Italy,North Italy,IT-NO,249.06,316.98,48.79,40.53,entsoe.eu,false,
2021-05-07 20:00:00,Italy,North Italy,IT-NO,280.99,355.52,42.78,39.36,entsoe.eu,false,
2021-05-07 21:00:00,Italy,North Italy,IT-NO,298.15,377.74,38.65,36.85,entsoe.eu,false,
2021-05-07 22:00:00,Italy,North Italy,IT-NO,277.93,353.58,41.83,37.4,entsoe.eu,false,
2021-05-07 23:00:00,Italy,North Italy,IT-NO,239.91,307.28,50.13,39.7,entsoe.eu,false,
2021-05-08 00:00:00,Italy,North Italy,IT-NO,222.05,285.37,54.57,41.41,entsoe.eu,false,
2021-05-08 01:00:00,Italy,North Italy,IT-NO,214.42,277.41,55.87,40.46,entsoe.eu,false,
2021-05-08 02:00:00,Italy,North Italy,IT-NO,212.18,274.84,55.94,38.88,entsoe.eu,false,
2021-05-08 03:00:00,Italy,North Italy,IT-NO,220.21,283.51,54.2,37.93,entsoe.eu,false,
2021-05-08 04:00:00,Italy,North Italy,IT-NO,226.33,290.66,52.69,36.81,entsoe.eu,false,
2021-05-08 05:00:00,Italy,North Italy,IT-NO,220.83,286.27,53.07,39.09,entsoe.eu,false,
2021-05-08 06:00:00,Italy,North Italy,IT-NO,208.68,271.45,56.05,45.4,entsoe.eu,false,
2021-05-08 07:00:00,Italy,North Italy,IT-NO,210.11,273.71,56.08,49.5,entsoe.eu,false,
2021-05-08 08:00:00,Italy,North Italy,IT-NO,191.15,252.75,59.89,54.37,entsoe.eu,false,
2021-05-08 09:00:00,Italy,North Italy,IT-NO,179.98,241.5,61.14,54.52,entsoe.eu,false,
2021-05-08 10:00:00,Italy,North Italy,IT-NO,172.64,233.47,62.61,55.48,entsoe.eu,false,
2021-05-08 11:00:00,Italy,North Italy,IT-NO,157.93,215.8,66.43,59.97,entsoe.eu,false,
2021-05-08 12:00:00,Italy,North Italy,IT-NO,165.4,224.83,64.84,58.96,entsoe.eu,false,
2021-05-08 13:00:00,Italy,North Italy,IT-NO,173.69,234.89,62.67,55.88,entsoe.eu,false,
2021-05-08 14:00:00,Italy,North Italy,IT-NO,184.29,247.14,60.3,52.77,entsoe.eu,false,
2021-05-08 15:00:00,Italy,North Italy,IT-NO,198.31,262.98,57.01,47.37,entsoe.eu,false,
2021-05-08 16:00:00,Italy,North Italy,IT-NO,203.58,267.76,56.01,42.71,entsoe.eu,false,
2021-05-08 17:00:00,Italy,North Italy,IT-NO,211.9,275.76,55.33,41.65,entsoe.eu,false,
2021-05-08 18:00:00,Italy,North Italy,IT-NO,216.61,280.28,55.11,42.36,entsoe.eu,false,
2021-05-08 19:00:00,Italy,North Italy,IT-NO,222.9,288.25,53.79,40.2,entsoe.eu,false,
2021-05-08 20:00:00,Italy,North Italy,IT-NO,221.55,286.11,54.15,39.51,entsoe.eu,false,
2021-05-08 21:00:00,Italy,North Italy,IT-NO,203.56,265.42,58.04,41.09,entsoe.eu,false,
2021-05-08 22:00:00,Italy,North Italy,IT-NO,217.81,284.97,53.39,38.84,entsoe.eu,false,
2021-05-08 23:00:00,Italy,North Italy,IT-NO,216.29,284.02,53.15,39.02,entsoe.eu,false,
2021-05-09 00:00:00,Italy,North Italy,IT-NO,198.96,262.92,57.26,41.38,entsoe.eu,false,
2021-05-09 01:00:00,Italy,North Italy,IT-NO,195.62,259.01,57.99,41.93,entsoe.eu,false,
2021-05-09 02:00:00,Italy,North Italy,IT-NO,199.94,264.41,56.8,41.3,entsoe.eu,false,
2021-05-09 03:00:00,Italy,North Italy,IT-NO,224.86,295.55,50.61,38.32,entsoe.eu,false,
2021-05-09 04:00:00,Italy,North Italy,IT-NO,218.19,287.43,52.17,40.02,entsoe.eu,false,
2021-05-09 05:00:00,Italy,North Italy,IT-NO,213.86,282.29,53.33,42.9,entsoe.eu,false,
2021-05-09 06:00:00,Italy,North Italy,IT-NO,193.87,258.06,58.47,50.47,entsoe.eu,false,
2021-05-09 07:00:00,Italy,North Italy,IT-NO,205.95,273.21,56.14,53.33,entsoe.eu,false,
2021-05-09 08:00:00,Italy,North Italy,IT-NO,194.21,259.41,58.99,57.45,entsoe.eu,false,
2021-05-09 09:00:00,Italy,North Italy,IT-NO,179.61,242.3,62.45,62.0,entsoe.eu,false,
2021-05-09 10:00:00,Italy,North Italy,IT-NO,174.11,235.98,63.61,62.99,entsoe.eu,false,
2021-05-09 11:00:00,Italy,North Italy,IT-NO,162.83,222.16,66.52,66.36,entsoe.eu,false,
2021-05-09 12:00:00,Italy,North Italy,IT-NO,170.92,231.89,64.71,64.05,entsoe.eu,false,
2021-05-09 13:00:00,Italy,North Italy,IT-NO,184.19,248.0,61.43,59.36,entsoe.eu,false,
2021-05-09 14:00:00,Italy,North Italy,IT-NO,198.25,264.28,58.18,56.15,entsoe.eu,false,
2021-05-09 15:00:00,Italy,North Italy,IT-NO,202.43,268.04,56.2,49.55,entsoe.eu,false,
2021-05-09 16:00:00,Italy,North Italy,IT-NO,205.52,266.78,58.35,49.06,entsoe.eu,false,
2021-05-09 17:00:00,Italy,North Italy,IT-NO,202.9,261.81,60.01,49.48,entsoe.eu,false,
2021-05-09 18:00:00,Italy,North Italy,IT-NO,211.94,272.22,58.05,47.33,entsoe.eu,false,
2021-05-09 19:00:00,Italy,North Italy,IT-NO,211.82,272.17,57.74,44.61,entsoe.eu,false,
2021-05-09 20:00:00,Italy,North Italy,IT-NO,215.8,278.72,55.84,41.25,entsoe.eu,false,
2021-05-09 21:00:00,Italy,North Italy,IT-NO,202.72,263.6,58.17,42.44,entsoe.eu,false,
2021-05-09 22:00:00,Italy,North Italy,IT-NO,169.96,225.21,64.43,41.77,entsoe.eu,false,
2021-05-09 23:00:00,Italy,North Italy,IT-NO,170.46,226.31,64.1,42.08,entsoe.eu,false,
2021-05-10 00:00:00,Italy,North Italy,IT-NO,169.4,225.43,64.38,43.0,entsoe.eu,false,
2021-05-10 01:00:00,Italy,North Italy,IT-NO,168.67,225.1,64.34,43.04,entsoe.eu,false,
2021-05-10 02:00:00,Italy,North Italy,IT-NO,176.37,233.93,62.73,41.3,entsoe.eu,false,
2021-05-10 03:00:00,Italy,North Italy,IT-NO,180.62,238.16,62.12,40.45,entsoe.eu,false,
2021-05-10 04:00:00,Italy,North Italy,IT-NO,205.39,266.67,57.44,41.54,entsoe.eu,false,
2021-05-10 05:00:00,Italy,North Italy,IT-NO,216.97,277.55,56.68,43.45,entsoe.eu,false,
2021-05-10 06:00:00,Italy,North Italy,IT-NO,211.95,271.97,57.7,47.67,entsoe.eu,false,
2021-05-10 07:00:00,Italy,North Italy,IT-NO,214.08,274.15,58.38,50.55,entsoe.eu,false,
2021-05-10 08:00:00,Italy,North Italy,IT-NO,203.67,263.93,58.98,50.42,entsoe.eu,false,
2021-05-10 09:00:00,Italy,North Italy,IT-NO,196.18,258.46,58.43,49.47,entsoe.eu,false,
2021-05-10 10:00:00,Italy,North Italy,IT-NO,204.66,269.79,56.17,47.66,entsoe.eu,false,
2021-05-10 11:00:00,Italy,North Italy,IT-NO,199.67,262.53,58.08,49.27,entsoe.eu,false,
2021-05-10 12:00:00,Italy,North Italy,IT-NO,206.41,270.31,56.57,47.97,entsoe.eu,false,
2021-05-10 13:00:00,Italy,North Italy,IT-NO,209.72,274.5,55.34,45.1,entsoe.eu,false,
2021-05-10 14:00:00,Italy,North Italy,IT-NO,213.69,280.78,53.57,42.61,entsoe.eu,false,
2021-05-10 15:00:00,Italy,North Italy,IT-NO,217.72,283.43,54.17,43.12,entsoe.eu,false,
2021-05-10 16:00:00,Italy,North Italy,IT-NO,231.68,294.26,54.67,44.71,entsoe.eu,false,
2021-05-10 17:00:00,Italy,North Italy,IT-NO,236.3,297.86,55.75,47.07,entsoe.eu,false,
2021-05-10 18:00:00,Italy,North Italy,IT-NO,248.15,311.08,54.19,45.96,entsoe.eu,false,
2021-05-10 19:00:00,Italy,North Italy,IT-NO,242.55,305.91,54.02,44.97,entsoe.eu,false,
2021-05-10 20:00:00,Italy,North Italy,IT-NO,237.6,304.49,51.76,42.02,entsoe.eu,false,
2021-05-10 21:00:00,Italy,North Italy,IT-NO,237.27,305.86,50.39,39.63,entsoe.eu,false,
2021-05-10 22:00:00,Italy,North Italy,IT-NO,217.68,282.31,53.39,39.18,entsoe.eu,false,
2021-05-10 23:00:00,Italy,North Italy,IT-NO,188.11,245.55,60.21,40.88,entsoe.eu,false,
2021-05-11 00:00:00,Italy,North Italy,IT-NO,185.51,242.11,61.25,42.11,entsoe.eu,false,
2021-05-11 01:00:00,Italy,North Italy,IT-NO,182.68,239.05,61.99,42.14,entsoe.eu,false,
2021-05-11 02:00:00,Italy,North Italy,IT-NO,186.82,245.19,60.16,40.88,entsoe.eu,false,
2021-05-11 03:00:00,Italy,North Italy,IT-NO,198.99,259.66,57.4,39.83,entsoe.eu,false,
2021-05-11 04:00:00,Italy,North Italy,IT-NO,216.63,276.2,56.03,43.35,entsoe.eu,false,
2021-05-11 05:00:00,Italy,North Italy,IT-NO,239.77,300.65,54.19,46.7,entsoe.eu,false,
2021-05-11 06:00:00,Italy,North Italy,IT-NO,236.43,293.41,57.35,49.93,entsoe.eu,false,
2021-05-11 07:00:00,Italy,North Italy,IT-NO,233.48,291.89,56.5,48.32,entsoe.eu,false,
2021-05-11 08:00:00,Italy,North Italy,IT-NO,223.31,281.81,57.5,48.23,entsoe.eu,false,
2021-05-11 09:00:00,Italy,North Italy,IT-NO,220.86,280.45,56.8,46.87,entsoe.eu,false,
2021-05-11 10:00:00,Italy,North Italy,IT-NO,222.06,285.53,54.03,43.93,entsoe.eu,false,
2021-05-11 11:00:00,Italy,North Italy,IT-NO,219.97,285.12,52.51,41.17,entsoe.eu,false,
2021-05-11 12:00:00,Italy,North Italy,IT-NO,227.27,294.49,50.62,38.99,entsoe.eu,false,
2021-05-11 13:00:00,Italy,North Italy,IT-NO,227.38,293.32,52.3,40.88,entsoe.eu,false,
2021-05-11 14:00:00,Italy,North Italy,IT-NO,225.92,290.5,53.5,41.85,entsoe.eu,false,
2021-05-11 15:00:00,Italy,North Italy,IT-NO,225.52,290.16,52.93,41.12,entsoe.eu,false,
2021-05-11 16:00:00,Italy,North Italy,IT-NO,234.5,300.29,51.25,41.11,entsoe.eu,false,
2021-05-11 17:00:00,Italy,North Italy,IT-NO,240.78,308.37,49.97,41.86,entsoe.eu,false,
2021-05-11 18:00:00,Italy,North Italy,IT-NO,231.31,296.45,52.54,43.03,entsoe.eu,false,
2021-05-11 19:00:00,Italy,North Italy,IT-NO,237.02,303.64,51.01,43.59,entsoe.eu,false,
2021-05-11 20:00:00,Italy,North Italy,IT-NO,225.88,290.06,53.71,46.12,entsoe.eu,false,
2021-05-11 21:00:00,Italy,North Italy,IT-NO,204.16,262.34,58.39,49.67,entsoe.eu,false,
2021-05-11 22:00:00,Italy,North Italy,IT-NO,185.37,243.46,60.77,48.63,entsoe.eu,false,
2021-05-11 23:00:00,Italy,North Italy,IT-NO,188.84,247.24,59.85,47.73,entsoe.eu,false,
2021-05-12 00:00:00,Italy,North Italy,IT-NO,180.15,236.18,61.73,46.84,entsoe.eu,false,
2021-05-12 01:00:00,Italy,North Italy,IT-NO,184.59,241.83,60.82,45.73,entsoe.eu,false,
2021-05-12 02:00:00,Italy,North Italy,IT-NO,181.71,239.27,61.39,46.84,entsoe.eu,false,
2021-05-12 03:00:00,Italy,North Italy,IT-NO,193.41,253.83,58.49,45.25,entsoe.eu,false,
2021-05-12 04:00:00,Italy,North Italy,IT-NO,221.58,285.82,53.44,43.94,entsoe.eu,false,
2021-05-12 05:00:00,Italy,North Italy,IT-NO,217.7,279.5,55.05,46.47,entsoe.eu,false,
2021-05-12 06:00:00,Italy,North Italy,IT-NO,235.42,298.46,53.6,48.01,entsoe.eu,false,
2021-05-12 07:00:00,Italy,North Italy,IT-NO,220.49,280.76,56.15,49.26,entsoe.eu,false,
2021-05-12 08:00:00,Italy,North Italy,IT-NO,207.59,267.06,58.13,50.23,entsoe.eu,false,
2021-05-12 09:00:00,Italy,North Italy,IT-NO,205.84,267.18,56.8,48.6,entsoe.eu,false,
2021-05-12 10:00:00,Italy,North Italy,IT-NO,200.63,261.06,58.16,49.8,entsoe.eu,false,
2021-05-12 11:00:00,Italy,North Italy,IT-NO,180.45,237.96,61.91,51.39,entsoe.eu,false,
2021-05-12 12:00:00,Italy,North Italy,IT-NO,184.91,242.07,61.96,51.07,entsoe.eu,false,
2021-05-12 13:00:00,Italy,North Italy,IT-NO,193.3,251.59,60.0,48.75,entsoe.eu,false,
2021-05-12 14:00:00,Italy,North Italy,IT-NO,202.75,264.43,56.39,44.91,entsoe.eu,false,
2021-05-12 15:00:00,Italy,North Italy,IT-NO,210.7,272.6,56.26,46.82,entsoe.eu,false,
2021-05-12 16:00:00,Italy,North Italy,IT-NO,210.88,270.65,56.35,46.0,entsoe.eu,false,
2021-05-12 17:00:00,Italy,North Italy,IT-NO,214.26,275.81,54.9,44.72,entsoe.eu,false,
2021-05-12 18:00:00,Italy,North Italy,IT-NO,214.33,275.73,55.52,45.02,entsoe.eu,false,
2021-05-12 19:00:00,Italy,North Italy,IT-NO,215.16,276.42,55.69,44.8,entsoe.eu,false,
2021-05-12 20:00:00,Italy,North Italy,IT-NO,219.07,281.11,54.93,45.08,entsoe.eu,false,
2021-05-12 21:00:00,Italy,North Italy,IT-NO,210.51,270.5,57.63,48.16,entsoe.eu,false,
2021-05-12 22:00:00,Italy,North Italy,IT-NO,157.72,208.47,68.82,52.82,entsoe.eu,false,
2021-05-12 23:00:00,Italy,North Italy,IT-NO,153.14,203.26,69.54,52.98,entsoe.eu,false,
2021-05-13 00:00:00,Italy,North Italy,IT-NO,153.89,204.59,68.78,51.12,entsoe.eu,false,
2021-05-13 01:00:00,Italy,North Italy,IT-NO,157.36,208.94,68.26,51.67,entsoe.eu,false,
2021-05-13 02:00:00,Italy,North Italy,IT-NO,146.74,196.14,70.29,51.65,entsoe.eu,false,
2021-05-13 03:00:00,Italy,North Italy,IT-NO,149.57,199.95,69.08,49.64,entsoe.eu,false,
2021-05-13 04:00:00,Italy,North Italy,IT-NO,160.57,212.83,66.54,49.7,entsoe.eu,false,
2021-05-13 05:00:00,Italy,North Italy,IT-NO,176.4,229.3,65.64,52.36,entsoe.eu,false,
2021-05-13 06:00:00,Italy,North Italy,IT-NO,188.09,242.17,64.35,53.25,entsoe.eu,false,
2021-05-13 07:00:00,Italy,North Italy,IT-NO,184.9,239.41,64.36,54.75,entsoe.eu,false,
2021-05-13 08:00:00,Italy,North Italy,IT-NO,163.74,215.8,67.46,57.12,entsoe.eu,false,
2021-05-13 09:00:00,Italy,North Italy,IT-NO,163.33,216.85,66.52,55.73,entsoe.eu,false,
2021-05-13 10:00:00,Italy,North Italy,IT-NO,172.93,229.78,63.83,54.66,entsoe.eu,false,
2021-05-13 11:00:00,Italy,North Italy,IT-NO,169.77,224.14,65.85,55.68,entsoe.eu,false,
2021-05-13 12:00:00,Italy,North Italy,IT-NO,170.36,224.86,65.27,54.85,entsoe.eu,false,
2021-05-13 13:00:00,Italy,North Italy,IT-NO,166.06,219.36,66.24,54.5,entsoe.eu,false,
2021-05-13 14:00:00,Italy,North Italy,IT-NO,178.28,233.71,63.66,50.99,entsoe.eu,false,
2021-05-13 15:00:00,Italy,North Italy,IT-NO,180.85,236.64,63.44,50.08,entsoe.eu,false,
2021-05-13 16:00:00,Italy,North Italy,IT-NO,185.09,241.09,62.37,49.12,entsoe.eu,false,
2021-05-13 17:00:00,Italy,North Italy,IT-NO,198.85,255.92,60.39,48.8,entsoe.eu,false,
2021-05-13 18:00:00,Italy,North Italy,IT-NO,203.88,259.74,61.19,49.99,entsoe.eu,false,
2021-05-13 19:00:00,Italy,North Italy,IT-NO,193.0,248.4,62.01,49.23,entsoe.eu,false,
2021-05-13 20:00:00,Italy,North Italy,IT-NO,183.05,238.07,63.2,49.74,entsoe.eu,false,
2021-05-13 21:00:00,Italy,North Italy,IT-NO,179.63,233.65,64.74,51.16,entsoe.eu,false,
2021-05-13 22:00:00,Italy,North Italy,IT-NO,196.14,254.56,60.86,48.54,entsoe.eu,false,
2021-05-13 23:00:00,Italy,North Italy,IT-NO,177.65,231.98,65.19,49.13,entsoe.eu,false,
2021-05-14 00:00:00,Italy,North Italy,IT-NO,157.47,207.45,69.65,50.04,entsoe.eu,false,
2021-05-14 01:00:00,Italy,North Italy,IT-NO,148.82,199.28,69.5,47.59,entsoe.eu,false,
2021-05-14 02:00:00,Italy,North Italy,IT-NO,150.55,201.54,68.97,46.91,entsoe.eu,false,
2021-05-14 03:00:00,Italy,North Italy,IT-NO,160.75,214.38,66.53,46.56,entsoe.eu,false,
2021-05-14 04:00:00,Italy,North Italy,IT-NO,164.94,216.53,67.22,48.86,entsoe.eu,false,
2021-05-14 05:00:00,Italy,North Italy,IT-NO,176.27,228.09,66.43,52.7,entsoe.eu,false,
2021-05-14 06:00:00,Italy,North Italy,IT-NO,182.42,233.62,66.64,55.25,entsoe.eu,false,
2021-05-14 07:00:00,Italy,North Italy,IT-NO,179.27,231.01,67.11,56.67,entsoe.eu,false,
2021-05-14 08:00:00,Italy,North Italy,IT-NO,167.57,219.02,67.97,56.65,entsoe.eu,false,
2021-05-14 09:00:00,Italy,North Italy,IT-NO,156.88,208.1,68.78,57.44,entsoe.eu,false,
2021-05-14 10:00:00,Italy,North Italy,IT-NO,145.91,195.14,71.06,58.35,entsoe.eu,false,
2021-05-14 11:00:00,Italy,North Italy,IT-NO,151.71,201.95,69.82,55.43,entsoe.eu,false,
2021-05-14 12:00:00,Italy,North Italy,IT-NO,182.12,235.92,64.99,51.28,entsoe.eu,false,
2021-05-14 13:00:00,Italy,North Italy,IT-NO,193.09,244.47,66.09,52.62,entsoe.eu,false,
2021-05-14 14:00:00,Italy,North Italy,IT-NO,187.81,238.65,65.84,52.45,entsoe.eu,false,
2021-05-14 15:00:00,Italy,North Italy,IT-NO,177.53,228.11,67.0,53.39,entsoe.eu,false,
2021-05-14 16:00:00,Italy,North Italy,IT-NO,176.89,226.56,67.04,53.6,entsoe.eu,false,
2021-05-14 17:00:00,Italy,North Italy,IT-NO,185.66,233.7,68.01,55.71,entsoe.eu,false,
2021-05-14 18:00:00,Italy,North Italy,IT-NO,190.64,239.11,68.03,56.03,entsoe.eu,false,
2021-05-14 19:00:00,Italy,North Italy,IT-NO,186.72,237.04,66.47,54.74,entsoe.eu,false,
2021-05-14 20:00:00,Italy,North Italy,IT-NO,195.82,251.0,62.54,53.26,entsoe.eu,false,
2021-05-14 21:00:00,Italy,North Italy,IT-NO,187.06,241.53,63.58,54.67,entsoe.eu,false,
2021-05-14 22:00:00,Italy,North Italy,IT-NO,151.74,198.44,70.36,53.0,entsoe.eu,false,
2021-05-14 23:00:00,Italy,North Italy,IT-NO,145.06,192.86,69.95,50.88,entsoe.eu,false,
2021-05-15 00:00:00,Italy,North Italy,IT-NO,144.37,192.01,70.25,52.72,entsoe.eu,false,
2021-05-15 01:00:00,Italy,North Italy,IT-NO,131.05,175.9,72.96,50.01,entsoe.eu,false,
2021-05-15 02:00:00,Italy,North Italy,IT-NO,130.28,174.75,73.23,49.72,entsoe.eu,false,
2021-05-15 03:00:00,Italy,North Italy,IT-NO,133.96,178.0,72.87,50.32,entsoe.eu,false,
2021-05-15 04:00:00,Italy,North Italy,IT-NO,136.16,183.17,71.86,49.52,entsoe.eu,false,
2021-05-15 05:00:00,Italy,North Italy,IT-NO,133.37,180.16,72.34,51.65,entsoe.eu,false,
2021-05-15 06:00:00,Italy,North Italy,IT-NO,130.35,177.16,72.99,55.07,entsoe.eu,false,
2021-05-15 07:00:00,Italy,North Italy,IT-NO,117.54,161.89,76.18,60.04,entsoe.eu,false,
2021-05-15 08:00:00,Italy,North Italy,IT-NO,116.05,160.43,76.72,62.36,entsoe.eu,false,
2021-05-15 09:00:00,Italy,North Italy,IT-NO,119.99,165.94,75.71,64.29,entsoe.eu,false,
2021-05-15 10:00:00,Italy,North Italy,IT-NO,128.85,177.91,73.64,64.35,entsoe.eu,false,
2021-05-15 11:00:00,Italy,North Italy,IT-NO,130.43,179.81,73.35,65.57,entsoe.eu,false,
2021-05-15 12:00:00,Italy,North Italy,IT-NO,132.9,182.47,73.01,65.36,entsoe.eu,false,
2021-05-15 13:00:00,Italy,North Italy,IT-NO,136.48,186.11,72.21,63.27,entsoe.eu,false,
2021-05-15 14:00:00,Italy,North Italy,IT-NO,152.03,204.7,68.35,58.69,entsoe.eu,false,
2021-05-15 15:00:00,Italy,North Italy,IT-NO,159.19,210.81,67.64,56.67,entsoe.eu,false,
2021-05-15 16:00:00,Italy,North Italy,IT-NO,158.9,206.8,68.93,55.35,entsoe.eu,false,
2021-05-15 17:00:00,Italy,North Italy,IT-NO,168.05,219.85,65.52,52.29,entsoe.eu,false,
2021-05-15 18:00:00,Italy,North Italy,IT-NO,164.02,215.41,66.56,52.43,entsoe.eu,false,
2021-05-15 19:00:00,Italy,North Italy,IT-NO,163.35,211.84,68.24,52.69,entsoe.eu,false,
2021-05-15 20:00:00,Italy,North Italy,IT-NO,161.82,210.9,68.54,54.59,entsoe.eu,false,
2021-05-15 21:00:00,Italy,North Italy,IT-NO,162.57,213.08,67.95,52.89,entsoe.eu,false,
2021-05-15 22:00:00,Italy,North Italy,IT-NO,137.91,184.16,72.05,52.91,entsoe.eu,false,
2021-05-15 23:00:00,Italy,North Italy,IT-NO,140.41,186.85,71.59,53.3,entsoe.eu,false,
2021-05-16 00:00:00,Italy,North Italy,IT-NO,148.25,196.72,69.7,53.09,entsoe.eu,false,
2021-05-16 01:00:00,Italy,North Italy,IT-NO,150.12,200.2,69.2,53.21,entsoe.eu,false,
2021-05-16 02:00:00,Italy,North Italy,IT-NO,146.56,195.24,69.89,52.88,entsoe.eu,false,
2021-05-16 03:00:00,Italy,North Italy,IT-NO,149.62,198.38,69.36,53.8,entsoe.eu,false,
2021-05-16 04:00:00,Italy,North Italy,IT-NO,142.41,190.25,71.03,55.75,entsoe.eu,false,
2021-05-16 05:00:00,Italy,North Italy,IT-NO,138.28,185.52,71.78,56.59,entsoe.eu,false,
2021-05-16 06:00:00,Italy,North Italy,IT-NO,138.0,186.94,71.44,58.3,entsoe.eu,false,
2021-05-16 07:00:00,Italy,North Italy,IT-NO,139.28,188.55,71.71,61.15,entsoe.eu,false,
2021-05-16 08:00:00,Italy,North Italy,IT-NO,143.6,194.77,70.65,62.86,entsoe.eu,false,
2021-05-16 09:00:00,Italy,North Italy,IT-NO,155.65,208.93,68.3,61.48,entsoe.eu,false,
2021-05-16 10:00:00,Italy,North Italy,IT-NO,179.3,234.82,65.66,59.83,entsoe.eu,false,
2021-05-16 11:00:00,Italy,North Italy,IT-NO,179.54,234.94,65.84,58.8,entsoe.eu,false,
2021-05-16 12:00:00,Italy,North Italy,IT-NO,177.16,231.6,66.75,60.33,entsoe.eu,false,
2021-05-16 13:00:00,Italy,North Italy,IT-NO,175.32,229.56,67.0,59.98,entsoe.eu,false,
2021-05-16 14:00:00,Italy,North Italy,IT-NO,167.1,219.22,68.71,59.86,entsoe.eu,false,
2021-05-16 15:00:00,Italy,North Italy,IT-NO,171.45,223.95,67.5,57.62,entsoe.eu,false,
2021-05-16 16:00:00,Italy,North Italy,IT-NO,166.09,217.3,67.73,55.27,entsoe.eu,false,
2021-05-16 17:00:00,Italy,North Italy,IT-NO,167.22,217.32,67.93,55.61,entsoe.eu,false,
2021-05-16 18:00:00,Italy,North Italy,IT-NO,149.91,196.9,70.85,56.26,entsoe.eu,false,
2021-05-16 19:00:00,Italy,North Italy,IT-NO,153.19,202.01,69.14,54.83,entsoe.eu,false,
2021-05-16 20:00:00,Italy,North Italy,IT-NO,155.65,204.56,69.57,54.05,entsoe.eu,false,
2021-05-16 21:00:00,Italy,North Italy,IT-NO,161.26,211.49,68.87,53.17,entsoe.eu,false,
2021-05-16 22:00:00,Italy,North Italy,IT-NO,142.0,187.85,72.26,55.43,entsoe.eu,false,
2021-05-16 23:00:00,Italy,North Italy,IT-NO,150.49,199.91,69.81,54.61,entsoe.eu,false,
2021-05-17 00:00:00,Italy,North Italy,IT-NO,152.89,205.32,68.17,54.73,entsoe.eu,false,
2021-05-17 01:00:00,Italy,North Italy,IT-NO,151.85,204.18,68.33,53.35,entsoe.eu,false,
2021-05-17 02:00:00,Italy,North Italy,IT-NO,159.81,213.89,66.34,51.87,entsoe.eu,false,
2021-05-17 03:00:00,Italy,North Italy,IT-NO,165.64,220.26,65.54,52.28,entsoe.eu,false,
2021-05-17 04:00:00,Italy,North Italy,IT-NO,199.66,259.5,59.85,50.44,entsoe.eu,false,
2021-05-17 05:00:00,Italy,North Italy,IT-NO,201.51,259.01,60.9,53.84,entsoe.eu,false,
2021-05-17 06:00:00,Italy,North Italy,IT-NO,210.68,265.47,63.09,58.53,entsoe.eu,false,
2021-05-17 07:00:00,Italy,North Italy,IT-NO,204.62,265.59,58.49,53.27,entsoe.eu,false,
2021-05-17 08:00:00,Italy,North Italy,IT-NO,198.72,258.17,60.58,54.8,entsoe.eu,false,
2021-05-17 09:00:00,Italy,North Italy,IT-NO,183.89,240.74,63.72,57.61,entsoe.eu,false,
2021-05-17 10:00:00,Italy,North Italy,IT-NO,182.41,240.97,63.16,58.06,entsoe.eu,false,
2021-05-17 11:00:00,Italy,North Italy,IT-NO,172.53,229.8,64.65,57.24,entsoe.eu,false,
2021-05-17 12:00:00,Italy,North Italy,IT-NO,179.81,239.01,63.5,58.91,entsoe.eu,false,
2021-05-17 13:00:00,Italy,North Italy,IT-NO,165.96,220.27,66.85,54.7,entsoe.eu,false,
2021-05-17 14:00:00,Italy,North Italy,IT-NO,167.92,222.83,66.48,55.35,entsoe.eu,false,
2021-05-17 15:00:00,Italy,North Italy,IT-NO,191.21,253.84,58.83,48.85,entsoe.eu,false,
2021-05-17 16:00:00,Italy,North Italy,IT-NO,211.77,276.09,55.92,48.04,entsoe.eu,false,
2021-05-17 17:00:00,Italy,North Italy,IT-NO,217.41,279.88,56.26,49.03,entsoe.eu,false,
2021-05-17 18:00:00,Italy,North Italy,IT-NO,222.5,284.39,56.39,50.1,entsoe.eu,false,
2021-05-17 19:00:00,Italy,North Italy,IT-NO,229.03,292.63,54.67,48.49,entsoe.eu,false,
2021-05-17 20:00:00,Italy,North Italy,IT-NO,230.23,296.6,52.72,47.09,entsoe.eu,false,
2021-05-17 21:00:00,Italy,North Italy,IT-NO,231.24,299.68,51.05,44.42,entsoe.eu,false,
2021-05-17 22:00:00,Italy,North Italy,IT-NO,179.71,236.75,62.1,45.98,entsoe.eu,false,
2021-05-17 23:00:00,Italy,North Italy,IT-NO,168.89,223.96,64.53,46.22,entsoe.eu,false,
2021-05-18 00:00:00,Italy,North Italy,IT-NO,173.67,229.56,63.78,45.07,entsoe.eu,false,
2021-05-18 01:00:00,Italy,North Italy,IT-NO,179.45,235.7,62.93,44.23,entsoe.eu,false,
2021-05-18 02:00:00,Italy,North Italy,IT-NO,179.65,237.38,62.32,43.73,entsoe.eu,false,
2021-05-18 03:00:00,Italy,North Italy,IT-NO,180.57,238.41,62.08,45.27,entsoe.eu,false,
2021-05-18 04:00:00,Italy,North Italy,IT-NO,196.48,253.53,60.85,49.82,entsoe.eu,false,
2021-05-18 05:00:00,Italy,North Italy,IT-NO,199.74,254.04,62.56,52.54,entsoe.eu,false,
2021-05-18 06:00:00,Italy,North Italy,IT-NO,195.83,248.47,64.37,56.59,entsoe.eu,false,
2021-05-18 07:00:00,Italy,North Italy,IT-NO,190.0,243.28,64.63,57.42,entsoe.eu,false,
2021-05-18 08:00:00,Italy,North Italy,IT-NO,179.78,233.37,65.6,58.82,entsoe.eu,false,
2021-05-18 09:00:00,Italy,North Italy,IT-NO,166.79,219.94,67.34,59.23,entsoe.eu,false,
2021-05-18 10:00:00,Italy,North Italy,IT-NO,170.59,227.83,64.81,58.17,entsoe.eu,false,
2021-05-18 11:00:00,Italy,North Italy,IT-NO,152.62,205.18,69.26,58.75,entsoe.eu,false,
2021-05-18 12:00:00,Italy,North Italy,IT-NO,158.55,211.18,68.76,56.34,entsoe.eu,false,
2021-05-18 13:00:00,Italy,North Italy,IT-NO,160.98,214.36,67.51,53.06,entsoe.eu,false,
2021-05-18 14:00:00,Italy,North Italy,IT-NO,167.07,219.81,67.13,52.67,entsoe.eu,false,
2021-05-18 15:00:00,Italy,North Italy,IT-NO,177.19,231.5,64.88,49.82,entsoe.eu,false,
2021-05-18 16:00:00,Italy,North Italy,IT-NO,179.93,233.96,64.25,50.41,entsoe.eu,false,
2021-05-18 17:00:00,Italy,North Italy,IT-NO,194.94,247.62,64.88,54.34,entsoe.eu,false,
2021-05-18 18:00:00,Italy,North Italy,IT-NO,194.22,246.21,65.17,53.57,entsoe.eu,false,
2021-05-18 19:00:00,Italy,North Italy,IT-NO,200.5,253.21,63.36,51.74,entsoe.eu,false,
2021-05-18 20:00:00,Italy,North Italy,IT-NO,208.14,266.67,58.45,48.92,entsoe.eu,false,
2021-05-18 21:00:00,Italy,North Italy,IT-NO,208.71,267.5,57.9,48.56,entsoe.eu,false,
2021-05-18 22:00:00,Italy,North Italy,IT-NO,175.59,228.68,64.07,47.72,entsoe.eu,false,
2021-05-18 23:00:00,Italy,North Italy,IT-NO,148.02,195.51,69.48,47.94,entsoe.eu,false,
2021-05-19 00:00:00,Italy,North Italy,IT-NO,150.32,198.49,69.64,48.02,entsoe.eu,false,
2021-05-19 01:00:00,Italy,North Italy,IT-NO,157.39,209.13,67.55,47.81,entsoe.eu,false,
2021-05-19 02:00:00,Italy,North Italy,IT-NO,150.7,199.88,69.23,47.97,entsoe.eu,false,
2021-05-19 03:00:00,Italy,North Italy,IT-NO,156.21,206.85,67.9,46.93,entsoe.eu,false,
2021-05-19 04:00:00,Italy,North Italy,IT-NO,174.48,229.96,63.24,47.46,entsoe.eu,false,
2021-05-19 05:00:00,Italy,North Italy,IT-NO,185.85,238.35,65.34,55.38,entsoe.eu,false,
2021-05-19 06:00:00,Italy,North Italy,IT-NO,197.59,248.4,66.51,59.21,entsoe.eu,false,
2021-05-19 07:00:00,Italy,North Italy,IT-NO,176.13,226.1,68.18,59.29,entsoe.eu,false,
2021-05-19 08:00:00,Italy,North Italy,IT-NO,158.99,210.11,68.62,58.91,entsoe.eu,false,
2021-05-19 09:00:00,Italy,North Italy,IT-NO,158.77,210.91,68.53,58.95,entsoe.eu,false,
2021-05-19 10:00:00,Italy,North Italy,IT-NO,153.65,208.42,67.75,58.9,entsoe.eu,false,
2021-05-19 11:00:00,Italy,North Italy,IT-NO,149.54,200.62,70.4,59.46,entsoe.eu,false,
2021-05-19 12:00:00,Italy,North Italy,IT-NO,154.13,205.61,69.3,56.8,entsoe.eu,false,
2021-05-19 13:00:00,Italy,North Italy,IT-NO,166.88,219.9,66.71,54.5,entsoe.eu,false,
2021-05-19 14:00:00,Italy,North Italy,IT-NO,170.37,223.76,66.41,53.4,entsoe.eu,false,
2021-05-19 15:00:00,Italy,North Italy,IT-NO,179.85,233.47,65.4,52.01,entsoe.eu,false,
2021-05-19 16:00:00,Italy,North Italy,IT-NO,188.65,240.39,65.46,51.51,entsoe.eu,false,
2021-05-19 17:00:00,Italy,North Italy,IT-NO,192.99,245.09,64.03,51.33,entsoe.eu,false,
2021-05-19 18:00:00,Italy,North Italy,IT-NO,193.25,244.95,64.52,52.39,entsoe.eu,false,
2021-05-19 19:00:00,Italy,North Italy,IT-NO,203.47,257.99,61.93,51.11,entsoe.eu,false,
2021-05-19 20:00:00,Italy,North Italy,IT-NO,209.31,263.73,61.31,50.57,entsoe.eu,false,
2021-05-19 21:00:00,Italy,North Italy,IT-NO,211.26,267.86,59.99,49.33,entsoe.eu,false,
2021-05-19 22:00:00,Italy,North Italy,IT-NO,176.31,230.11,64.48,47.0,entsoe.eu,false,
2021-05-19 23:00:00,Italy,North Italy,IT-NO,157.95,207.4,68.31,46.95,entsoe.eu,false,
2021-05-20 00:00:00,Italy,North Italy,IT-NO,164.4,215.3,66.37,44.69,entsoe.eu,false,
2021-05-20 01:00:00,Italy,North Italy,IT-NO,163.94,215.96,65.84,43.3,entsoe.eu,false,
2021-05-20 02:00:00,Italy,North Italy,IT-NO,169.24,222.29,64.89,43.54,entsoe.eu,false,
2021-05-20 03:00:00,Italy,North Italy,IT-NO,177.12,231.57,63.08,44.2,entsoe.eu,false,
2021-05-20 04:00:00,Italy,North Italy,IT-NO,200.41,258.92,58.78,47.87,entsoe.eu,false,
2021-05-20 05:00:00,Italy,North Italy,IT-NO,210.49,267.13,60.45,53.66,entsoe.eu,false,
2021-05-20 06:00:00,Italy,North Italy,IT-NO,197.72,251.54,63.8,57.55,entsoe.eu,false,
2021-05-20 07:00:00,Italy,North Italy,IT-NO,179.11,232.78,66.01,58.99,entsoe.eu,false,
2021-05-20 08:00:00,Italy,North Italy,IT-NO,170.88,223.78,67.96,60.62,entsoe.eu,false,
2021-05-20 09:00:00,Italy,North Italy,IT-NO,157.79,212.74,67.16,57.98,entsoe.eu,false,
2021-05-20 10:00:00,Italy,North Italy,IT-NO,148.18,202.2,68.6,57.75,entsoe.eu,false,
2021-05-20 11:00:00,Italy,North Italy,IT-NO,133.76,183.41,72.78,60.93,entsoe.eu,false,
2021-05-20 12:00:00,Italy,North Italy,IT-NO,144.36,195.25,71.13,57.42,entsoe.eu,false,
2021-05-20 13:00:00,Italy,North Italy,IT-NO,152.01,203.09,69.44,55.53,entsoe.eu,false,
2021-05-20 14:00:00,Italy,North Italy,IT-NO,148.79,200.25,69.71,55.89,entsoe.eu,false,
2021-05-20 15:00:00,Italy,North Italy,IT-NO,155.58,206.09,69.26,54.79,entsoe.eu,false,
2021-05-20 16:00:00,Italy,North Italy,IT-NO,183.6,241.59,60.64,47.83,entsoe.eu,false,
2021-05-20 17:00:00,Italy,North Italy,IT-NO,187.24,239.82,64.18,52.19,entsoe.eu,false,
2021-05-20 18:00:00,Italy,North Italy,IT-NO,184.51,235.38,65.93,53.17,entsoe.eu,false,
2021-05-20 19:00:00,Italy,North Italy,IT-NO,197.12,250.72,63.76,50.54,entsoe.eu,false,
2021-05-20 20:00:00,Italy,North Italy,IT-NO,193.32,247.57,62.46,47.42,entsoe.eu,false,
2021-05-20 21:00:00,Italy,North Italy,IT-NO,190.59,244.43,62.65,46.12,entsoe.eu,false,
2021-05-20 22:00:00,Italy,North Italy,IT-NO,180.03,235.9,62.49,45.19,entsoe.eu,false,
2021-05-20 23:00:00,Italy,North Italy,IT-NO,186.7,245.92,59.85,42.44,entsoe.eu,false,
2021-05-21 00:00:00,Italy,North Italy,IT-NO,188.77,248.75,59.33,41.29,entsoe.eu,false,
2021-05-21 01:00:00,Italy,North Italy,IT-NO,185.46,244.91,60.14,40.83,entsoe.eu,false,
2021-05-21 02:00:00,Italy,North Italy,IT-NO,186.03,246.57,59.55,40.41,entsoe.eu,false,
2021-05-21 03:00:00,Italy,North Italy,IT-NO,186.2,245.92,59.79,40.93,entsoe.eu,false,
2021-05-21 04:00:00,Italy,North Italy,IT-NO,187.8,244.73,61.32,45.49,entsoe.eu,false,
2021-05-21 05:00:00,Italy,North Italy,IT-NO,185.68,238.75,63.74,51.38,entsoe.eu,false,
2021-05-21 06:00:00,Italy,North Italy,IT-NO,190.65,243.11,64.48,54.08,entsoe.eu,false,
2021-05-21 07:00:00,Italy,North Italy,IT-NO,196.62,251.76,62.53,53.49,entsoe.eu,false,
2021-05-21 08:00:00,Italy,North Italy,IT-NO,188.32,244.24,62.45,53.44,entsoe.eu,false,
2021-05-21 09:00:00,Italy,North Italy,IT-NO,178.07,234.35,63.39,54.6,entsoe.eu,false,
2021-05-21 10:00:00,Italy,North Italy,IT-NO,151.05,203.59,68.17,58.05,entsoe.eu,false,
2021-05-21 11:00:00,Italy,North Italy,IT-NO,145.34,194.25,71.12,60.15,entsoe.eu,false,
2021-05-21 12:00:00,Italy,North Italy,IT-NO,163.61,216.97,66.21,54.72,entsoe.eu,false,
2021-05-21 13:00:00,Italy,North Italy,IT-NO,174.02,230.46,62.98,51.39,entsoe.eu,false,
2021-05-21 14:00:00,Italy,North Italy,IT-NO,171.95,226.95,64.97,53.09,entsoe.eu,false,
2021-05-21 15:00:00,Italy,North Italy,IT-NO,184.29,240.42,61.75,49.08,entsoe.eu,false,
2021-05-21 16:00:00,Italy,North Italy,IT-NO,187.43,242.39,62.82,49.72,entsoe.eu,false,
2021-05-21 17:00:00,Italy,North Italy,IT-NO,195.75,248.32,63.81,52.0,entsoe.eu,false,
2021-05-21 18:00:00,Italy,North Italy,IT-NO,191.5,242.79,65.6,53.59,entsoe.eu,false,
2021-05-21 19:00:00,Italy,North Italy,IT-NO,186.96,240.64,63.89,50.11,entsoe.eu,false,
2021-05-21 20:00:00,Italy,North Italy,IT-NO,184.01,239.62,62.69,46.99,entsoe.eu,false,
2021-05-21 21:00:00,Italy,North Italy,IT-NO,178.45,233.56,63.94,47.08,entsoe.eu,false,
2021-05-21 22:00:00,Italy,North Italy,IT-NO,155.62,208.28,67.4,48.77,entsoe.eu,false,
2021-05-21 23:00:00,Italy,North Italy,IT-NO,143.09,192.75,70.54,50.58,entsoe.eu,false,
2021-05-22 00:00:00,Italy,North Italy,IT-NO,140.97,190.14,71.4,51.6,entsoe.eu,false,
2021-05-22 01:00:00,Italy,North Italy,IT-NO,131.56,178.65,73.52,53.05,entsoe.eu,false,
2021-05-22 02:00:00,Italy,North Italy,IT-NO,127.8,173.62,74.24,52.79,entsoe.eu,false,
2021-05-22 03:00:00,Italy,North Italy,IT-NO,145.34,194.21,70.03,51.78,entsoe.eu,false,
2021-05-22 04:00:00,Italy,North Italy,IT-NO,129.94,176.49,73.56,53.07,entsoe.eu,false,
2021-05-22 05:00:00,Italy,North Italy,IT-NO,133.38,179.19,73.79,56.47,entsoe.eu,false,
2021-05-22 06:00:00,Italy,North Italy,IT-NO,150.66,197.29,72.45,59.85,entsoe.eu,false,
2021-05-22 07:00:00,Italy,North Italy,IT-NO,161.89,210.61,70.75,61.94,entsoe.eu,false,
2021-05-22 08:00:00,Italy,North Italy,IT-NO,146.83,196.79,70.93,62.49,entsoe.eu,false,
2021-05-22 09:00:00,Italy,North Italy,IT-NO,144.66,195.97,70.66,62.45,entsoe.eu,false,
2021-05-22 10:00:00,Italy,North Italy,IT-NO,132.56,183.33,72.23,63.03,entsoe.eu,false,
2021-05-22 11:00:00,Italy,North Italy,IT-NO,124.41,173.65,74.09,65.21,entsoe.eu,false,
2021-05-22 12:00:00,Italy,North Italy,IT-NO,128.36,178.1,73.29,63.85,entsoe.eu,false,
2021-05-22 13:00:00,Italy,North Italy,IT-NO,143.78,195.46,70.53,60.66,entsoe.eu,false,
2021-05-22 14:00:00,Italy,North Italy,IT-NO,133.07,179.73,74.1,63.49,entsoe.eu,false,
2021-05-22 15:00:00,Italy,North Italy,IT-NO,140.69,186.28,73.7,62.36,entsoe.eu,false,
2021-05-22 16:00:00,Italy,North Italy,IT-NO,136.11,179.0,75.69,61.16,entsoe.eu,false,
2021-05-22 17:00:00,Italy,North Italy,IT-NO,137.87,179.19,76.79,61.95,entsoe.eu,false,
2021-05-22 18:00:00,Italy,North Italy,IT-NO,148.12,191.95,73.92,58.14,entsoe.eu,false,
2021-05-22 19:00:00,Italy,North Italy,IT-NO,147.72,192.36,73.19,57.0,entsoe.eu,false,
2021-05-22 20:00:00,Italy,North Italy,IT-NO,140.51,184.31,74.49,57.59,entsoe.eu,false,
2021-05-22 21:00:00,Italy,North Italy,IT-NO,142.16,188.05,72.99,56.42,entsoe.eu,false,
2021-05-22 22:00:00,Italy,North Italy,IT-NO,154.76,207.02,67.26,48.92,entsoe.eu,false,
2021-05-22 23:00:00,Italy,North Italy,IT-NO,148.7,200.12,68.98,50.55,entsoe.eu,false,
2021-05-23 00:00:00,Italy,North Italy,IT-NO,149.72,201.32,68.8,50.2,entsoe.eu,false,
2021-05-23 01:00:00,Italy,North Italy,IT-NO,155.51,208.2,67.45,48.75,entsoe.eu,false,
2021-05-23 02:00:00,Italy,North Italy,IT-NO,161.06,214.98,66.12,49.02,entsoe.eu,false,
2021-05-23 03:00:00,Italy,North Italy,IT-NO,183.59,242.65,61.11,47.15,entsoe.eu,false,
2021-05-23 04:00:00,Italy,North Italy,IT-NO,178.62,236.86,61.99,47.65,entsoe.eu,false,
2021-05-23 05:00:00,Italy,North Italy,IT-NO,147.95,199.71,69.13,53.09,entsoe.eu,false,
2021-05-23 06:00:00,Italy,North Italy,IT-NO,143.74,195.06,69.84,58.15,entsoe.eu,false,
2021-05-23 07:00:00,Italy,North Italy,IT-NO,132.78,182.93,71.9,63.53,entsoe.eu,false,
2021-05-23 08:00:00,Italy,North Italy,IT-NO,125.63,174.65,73.83,68.15,entsoe.eu,false,
2021-05-23 09:00:00,Italy,North Italy,IT-NO,130.17,180.98,72.67,68.22,entsoe.eu,false,
2021-05-23 10:00:00,Italy,North Italy,IT-NO,130.97,182.62,72.34,69.43,entsoe.eu,false,
2021-05-23 11:00:00,Italy,North Italy,IT-NO,126.54,177.52,73.29,70.05,entsoe.eu,false,
2021-05-23 12:00:00,Italy,North Italy,IT-NO,132.65,184.86,71.76,67.31,entsoe.eu,false,
2021-05-23 13:00:00,Italy,North Italy,IT-NO,125.27,175.46,73.65,68.81,entsoe.eu,false,
2021-05-23 14:00:00,Italy,North Italy,IT-NO,140.59,193.14,70.19,64.23,entsoe.eu,false,
2021-05-23 15:00:00,Italy,North Italy,IT-NO,150.47,202.0,69.29,60.51,entsoe.eu,false,
2021-05-23 16:00:00,Italy,North Italy,IT-NO,153.39,203.22,69.1,57.22,entsoe.eu,false,
2021-05-23 17:00:00,Italy,North Italy,IT-NO,164.43,216.29,66.67,54.12,entsoe.eu,false,
2021-05-23 18:00:00,Italy,North Italy,IT-NO,176.9,232.25,63.25,52.0,entsoe.eu,false,
2021-05-23 19:00:00,Italy,North Italy,IT-NO,166.25,218.51,66.0,52.61,entsoe.eu,false,
2021-05-23 20:00:00,Italy,North Italy,IT-NO,167.92,221.85,64.93,51.04,entsoe.eu,false,
2021-05-23 21:00:00,Italy,North Italy,IT-NO,153.59,205.33,67.83,50.57,entsoe.eu,false,
2021-05-23 22:00:00,Italy,North Italy,IT-NO,134.74,183.15,71.72,51.44,entsoe.eu,false,
2021-05-23 23:00:00,Italy,North Italy,IT-NO,130.59,178.24,72.85,50.38,entsoe.eu,false,
2021-05-24 00:00:00,Italy,North Italy,IT-NO,137.03,185.64,71.49,49.8,entsoe.eu,false,
2021-05-24 01:00:00,Italy,North Italy,IT-NO,131.89,179.44,72.84,50.56,entsoe.eu,false,
2021-05-24 02:00:00,Italy,North Italy,IT-NO,139.88,189.28,70.78,48.17,entsoe.eu,false,
2021-05-24 03:00:00,Italy,North Italy,IT-NO,147.77,198.72,68.91,47.55,entsoe.eu,false,
2021-05-24 04:00:00,Italy,North Italy,IT-NO,166.97,220.16,65.84,48.45,entsoe.eu,false,
2021-05-24 05:00:00,Italy,North Italy,IT-NO,187.04,243.52,62.37,49.07,entsoe.eu,false,
2021-05-24 06:00:00,Italy,North Italy,IT-NO,200.75,255.68,63.04,52.62,entsoe.eu,false,
2021-05-24 07:00:00,Italy,North Italy,IT-NO,203.38,258.89,62.45,52.02,entsoe.eu,false,
2021-05-24 08:00:00,Italy,North Italy,IT-NO,210.72,270.84,58.59,48.04,entsoe.eu,false,
2021-05-24 09:00:00,Italy,North Italy,IT-NO,214.81,278.24,56.15,46.1,entsoe.eu,false,
2021-05-24 10:00:00,Italy,North Italy,IT-NO,211.18,275.86,55.48,45.56,entsoe.eu,false,
2021-05-24 11:00:00,Italy,North Italy,IT-NO,207.65,272.46,55.89,45.78,entsoe.eu,false,
2021-05-24 12:00:00,Italy,North Italy,IT-NO,215.34,281.03,54.65,44.57,entsoe.eu,false,
2021-05-24 13:00:00,Italy,North Italy,IT-NO,225.3,289.0,55.16,45.83,entsoe.eu,false,
2021-05-24 14:00:00,Italy,North Italy,IT-NO,223.55,287.93,54.52,44.84,entsoe.eu,false,
2021-05-24 15:00:00,Italy,North Italy,IT-NO,222.52,288.48,53.02,42.7,entsoe.eu,false,
2021-05-24 16:00:00,Italy,North Italy,IT-NO,205.54,267.56,56.72,45.25,entsoe.eu,false,
2021-05-24 17:00:00,Italy,North Italy,IT-NO,206.48,267.96,56.98,46.56,entsoe.eu,false,
2021-05-24 18:00:00,Italy,North Italy,IT-NO,203.94,265.48,57.0,46.27,entsoe.eu,false,
2021-05-24 19:00:00,Italy,North Italy,IT-NO,198.15,259.86,57.37,45.07,entsoe.eu,false,
2021-05-24 20:00:00,Italy,North Italy,IT-NO,193.33,254.7,58.28,45.12,entsoe.eu,false,
2021-05-24 21:00:00,Italy,North Italy,IT-NO,171.4,227.1,64.33,50.04,entsoe.eu,false,
2021-05-24 22:00:00,Italy,North Italy,IT-NO,156.07,208.41,67.32,49.76,entsoe.eu,false,
2021-05-24 23:00:00,Italy,North Italy,IT-NO,148.42,198.93,69.21,50.37,entsoe.eu,false,
2021-05-25 00:00:00,Italy,North Italy,IT-NO,146.44,196.54,69.81,50.58,entsoe.eu,false,
2021-05-25 01:00:00,Italy,North Italy,IT-NO,150.97,202.48,68.54,48.8,entsoe.eu,false,
2021-05-25 02:00:00,Italy,North Italy,IT-NO,158.36,211.68,66.71,47.85,entsoe.eu,false,
2021-05-25 03:00:00,Italy,North Italy,IT-NO,174.71,231.04,63.41,46.86,entsoe.eu,false,
2021-05-25 04:00:00,Italy,North Italy,IT-NO,188.05,246.18,61.21,47.78,entsoe.eu,false,
2021-05-25 05:00:00,Italy,North Italy,IT-NO,186.49,241.46,63.32,53.68,entsoe.eu,false,
2021-05-25 06:00:00,Italy,North Italy,IT-NO,183.17,238.18,63.93,55.11,entsoe.eu,false,
2021-05-25 07:00:00,Italy,North Italy,IT-NO,177.58,233.99,63.66,56.18,entsoe.eu,false,
2021-05-25 08:00:00,Italy,North Italy,IT-NO,167.88,222.47,66.02,57.31,entsoe.eu,false,
2021-05-25 09:00:00,Italy,North Italy,IT-NO,163.15,217.44,66.74,57.71,entsoe.eu,false,
2021-05-25 10:00:00,Italy,North Italy,IT-NO,148.0,201.93,68.34,58.95,entsoe.eu,false,
2021-05-25 11:00:00,Italy,North Italy,IT-NO,144.12,197.25,69.31,59.21,entsoe.eu,false,
2021-05-25 12:00:00,Italy,North Italy,IT-NO,147.42,200.66,68.85,58.32,entsoe.eu,false,
2021-05-25 13:00:00,Italy,North Italy,IT-NO,156.17,210.67,67.09,55.64,entsoe.eu,false,
2021-05-25 14:00:00,Italy,North Italy,IT-NO,160.3,213.99,67.25,55.3,entsoe.eu,false,
2021-05-25 15:00:00,Italy,North Italy,IT-NO,168.23,223.41,65.67,54.03,entsoe.eu,false,
2021-05-25 16:00:00,Italy,North Italy,IT-NO,184.11,240.92,62.66,51.45,entsoe.eu,false,
2021-05-25 17:00:00,Italy,North Italy,IT-NO,190.37,246.99,61.78,51.39,entsoe.eu,false,
2021-05-25 18:00:00,Italy,North Italy,IT-NO,195.72,251.87,61.89,52.39,entsoe.eu,false,
2021-05-25 19:00:00,Italy,North Italy,IT-NO,193.27,249.56,61.84,51.48,entsoe.eu,false,
2021-05-25 20:00:00,Italy,North Italy,IT-NO,194.47,251.62,61.41,49.78,entsoe.eu,false,
2021-05-25 21:00:00,Italy,North Italy,IT-NO,201.18,264.23,56.99,45.92,entsoe.eu,false,
2021-05-25 22:00:00,Italy,North Italy,IT-NO,204.78,266.04,58.13,46.45,entsoe.eu,false,
2021-05-25 23:00:00,Italy,North Italy,IT-NO,197.95,258.49,58.82,45.05,entsoe.eu,false,
2021-05-26 00:00:00,Italy,North Italy,IT-NO,195.78,257.45,57.99,43.36,entsoe.eu,false,
2021-05-26 01:00:00,Italy,North Italy,IT-NO,202.02,266.0,55.84,41.26,entsoe.eu,false,
2021-05-26 02:00:00,Italy,North Italy,IT-NO,202.9,265.79,56.66,42.38,entsoe.eu,false,
2021-05-26 03:00:00,Italy,North Italy,IT-NO,201.73,264.84,56.52,42.13,entsoe.eu,false,
2021-05-26 04:00:00,Italy,North Italy,IT-NO,198.63,260.72,57.34,45.72,entsoe.eu,false,
2021-05-26 05:00:00,Italy,North Italy,IT-NO,201.66,259.06,60.25,51.72,entsoe.eu,false,
2021-05-26 06:00:00,Italy,North Italy,IT-NO,198.48,253.13,63.19,55.68,entsoe.eu,false,
2021-05-26 07:00:00,Italy,North Italy,IT-NO,191.27,249.4,61.51,53.71,entsoe.eu,false,
2021-05-26 08:00:00,Italy,North Italy,IT-NO,177.71,237.12,61.87,53.29,entsoe.eu,false,
2021-05-26 09:00:00,Italy,North Italy,IT-NO,183.02,242.2,61.88,53.35,entsoe.eu,false,
2021-05-26 10:00:00,Italy,North Italy,IT-NO,177.01,234.52,63.82,55.31,entsoe.eu,false,
2021-05-26 11:00:00,Italy,North Italy,IT-NO,168.22,224.88,64.97,55.34,entsoe.eu,false,
2021-05-26 12:00:00,Italy,North Italy,IT-NO,174.04,232.2,63.33,53.73,entsoe.eu,false,
2021-05-26 13:00:00,Italy,North Italy,IT-NO,183.05,242.87,61.47,51.72,entsoe.eu,false,
2021-05-26 14:00:00,Italy,North Italy,IT-NO,188.66,249.94,59.92,49.67,entsoe.eu,false,
2021-05-26 15:00:00,Italy,North Italy,IT-NO,188.36,247.17,61.41,51.09,entsoe.eu,false,
2021-05-26 16:00:00,Italy,North Italy,IT-NO,203.7,264.77,58.17,47.73,entsoe.eu,false,
2021-05-26 17:00:00,Italy,North Italy,IT-NO,214.14,273.47,58.64,50.12,entsoe.eu,false,
2021-05-26 18:00:00,Italy,North Italy,IT-NO,216.25,274.04,59.8,51.52,entsoe.eu,false,
2021-05-26 19:00:00,Italy,North Italy,IT-NO,215.97,275.96,58.1,49.07,entsoe.eu,false,
2021-05-26 20:00:00,Italy,North Italy,IT-NO,211.45,273.13,57.07,47.21,entsoe.eu,false,
2021-05-26 21:00:00,Italy,North Italy,IT-NO,219.59,285.31,53.92,43.54,entsoe.eu,false,
2021-05-26 22:00:00,Italy,North Italy,IT-NO,223.26,290.98,52.2,40.29,entsoe.eu,false,
2021-05-26 23:00:00,Italy,North Italy,IT-NO,225.43,294.33,51.3,38.29,entsoe.eu,false,
2021-05-27 00:00:00,Italy,North Italy,IT-NO,220.84,289.59,51.92,38.19,entsoe.eu,false,
2021-05-27 01:00:00,Italy,North Italy,IT-NO,220.06,288.27,52.12,37.64,entsoe.eu,false,
2021-05-27 02:00:00,Italy,North Italy,IT-NO,226.05,295.79,50.59,36.46,entsoe.eu,false,
2021-05-27 03:00:00,Italy,North Italy,IT-NO,231.22,301.71,49.6,37.34,entsoe.eu,false,
2021-05-27 04:00:00,Italy,North Italy,IT-NO,223.26,289.3,53.38,43.01,entsoe.eu,false,
2021-05-27 05:00:00,Italy,North Italy,IT-NO,210.26,270.97,57.21,48.94,entsoe.eu,false,
2021-05-27 06:00:00,Italy,North Italy,IT-NO,205.36,263.77,59.85,52.7,entsoe.eu,false,
2021-05-27 07:00:00,Italy,North Italy,IT-NO,200.7,261.48,59.0,51.68,entsoe.eu,false,
2021-05-27 08:00:00,Italy,North Italy,IT-NO,195.27,258.42,57.91,49.52,entsoe.eu,false,
2021-05-27 09:00:00,Italy,North Italy,IT-NO,188.31,250.57,59.15,50.52,entsoe.eu,false,
2021-05-27 10:00:00,Italy,North Italy,IT-NO,185.87,248.03,59.67,51.01,entsoe.eu,false,
2021-05-27 11:00:00,Italy,North Italy,IT-NO,185.23,246.64,60.62,50.85,entsoe.eu,false,
2021-05-27 12:00:00,Italy,North Italy,IT-NO,192.3,253.34,60.44,51.05,entsoe.eu,false,
2021-05-27 13:00:00,Italy,North Italy,IT-NO,191.02,251.7,60.62,50.59,entsoe.eu,false,
2021-05-27 14:00:00,Italy,North Italy,IT-NO,189.46,251.36,59.42,48.83,entsoe.eu,false,
2021-05-27 15:00:00,Italy,North Italy,IT-NO,196.94,257.68,59.4,48.7,entsoe.eu,false,
2021-05-27 16:00:00,Italy,North Italy,IT-NO,198.75,257.74,59.72,49.86,entsoe.eu,false,
2021-05-27 17:00:00,Italy,North Italy,IT-NO,205.93,263.0,60.33,51.51,entsoe.eu,false,
2021-05-27 18:00:00,Italy,North Italy,IT-NO,203.97,259.22,62.03,52.97,entsoe.eu,false,
2021-05-27 19:00:00,Italy,North Italy,IT-NO,202.04,259.91,59.92,50.01,entsoe.eu,false,
2021-05-27 20:00:00,Italy,North Italy,IT-NO,205.74,269.44,55.5,44.77,entsoe.eu,false,
2021-05-27 21:00:00,Italy,North Italy,IT-NO,212.18,275.84,55.89,44.52,entsoe.eu,false,
2021-05-27 22:00:00,Italy,North Italy,IT-NO,208.62,272.79,55.67,39.94,entsoe.eu,false,
2021-05-27 23:00:00,Italy,North Italy,IT-NO,201.46,263.34,57.51,39.41,entsoe.eu,false,
2021-05-28 00:00:00,Italy,North Italy,IT-NO,194.1,254.0,59.17,40.28,entsoe.eu,false,
2021-05-28 01:00:00,Italy,North Italy,IT-NO,188.5,247.61,60.26,40.27,entsoe.eu,false,
2021-05-28 02:00:00,Italy,North Italy,IT-NO,186.77,245.84,60.41,40.64,entsoe.eu,false,
2021-05-28 03:00:00,Italy,North Italy,IT-NO,194.94,255.88,58.23,40.08,entsoe.eu,false,
2021-05-28 04:00:00,Italy,North Italy,IT-NO,203.55,266.25,56.09,42.25,entsoe.eu,false,
2021-05-28 05:00:00,Italy,North Italy,IT-NO,209.24,269.31,57.92,50.62,entsoe.eu,false,
2021-05-28 06:00:00,Italy,North Italy,IT-NO,197.31,252.6,62.49,56.02,entsoe.eu,false,
2021-05-28 07:00:00,Italy,North Italy,IT-NO,173.58,228.19,64.73,55.73,entsoe.eu,false,
2021-05-28 08:00:00,Italy,North Italy,IT-NO,174.52,230.84,64.63,55.01,entsoe.eu,false,
2021-05-28 09:00:00,Italy,North Italy,IT-NO,159.13,213.36,67.43,56.81,entsoe.eu,false,
2021-05-28 10:00:00,Italy,North Italy,IT-NO,151.05,204.84,68.77,58.37,entsoe.eu,false,
2021-05-28 11:00:00,Italy,North Italy,IT-NO,146.06,199.1,69.58,57.88,entsoe.eu,false,
2021-05-28 12:00:00,Italy,North Italy,IT-NO,149.63,202.91,69.16,57.21,entsoe.eu,false,
2021-05-28 13:00:00,Italy,North Italy,IT-NO,158.67,213.14,67.54,54.41,entsoe.eu,false,
2021-05-28 14:00:00,Italy,North Italy,IT-NO,166.38,222.18,65.82,52.49,entsoe.eu,false,
2021-05-28 15:00:00,Italy,North Italy,IT-NO,174.4,230.52,64.5,50.98,entsoe.eu,false,
2021-05-28 16:00:00,Italy,North Italy,IT-NO,183.61,238.62,63.03,50.97,entsoe.eu,false,
2021-05-28 17:00:00,Italy,North Italy,IT-NO,190.28,245.32,61.54,50.46,entsoe.eu,false,
2021-05-28 18:00:00,Italy,North Italy,IT-NO,188.17,242.07,62.97,51.8,entsoe.eu,false,
2021-05-28 19:00:00,Italy,North Italy,IT-NO,187.25,242.68,62.24,51.12,entsoe.eu,false,
2021-05-28 20:00:00,Italy,North Italy,IT-NO,194.68,251.36,60.65,48.69,entsoe.eu,false,
2021-05-28 21:00:00,Italy,North Italy,IT-NO,203.58,266.32,56.82,45.3,entsoe.eu,false,
2021-05-28 22:00:00,Italy,North Italy,IT-NO,173.44,228.68,64.83,47.71,entsoe.eu,false,
2021-05-28 23:00:00,Italy,North Italy,IT-NO,167.28,220.71,66.2,47.7,entsoe.eu,false,
2021-05-29 00:00:00,Italy,North Italy,IT-NO,163.91,216.59,66.78,46.91,entsoe.eu,false,
2021-05-29 01:00:00,Italy,North Italy,IT-NO,160.51,213.02,67.17,46.43,entsoe.eu,false,
2021-05-29 02:00:00,Italy,North Italy,IT-NO,153.37,204.44,68.73,47.07,entsoe.eu,false,
2021-05-29 03:00:00,Italy,North Italy,IT-NO,152.84,203.36,68.97,47.16,entsoe.eu,false,
2021-05-29 04:00:00,Italy,North Italy,IT-NO,150.31,199.56,70.03,48.89,entsoe.eu,false,
2021-05-29 05:00:00,Italy,North Italy,IT-NO,157.23,207.62,68.92,51.96,entsoe.eu,false,
2021-05-29 06:00:00,Italy,North Italy,IT-NO,147.44,195.96,71.38,56.13,entsoe.eu,false,
2021-05-29 07:00:00,Italy,North Italy,IT-NO,138.23,186.14,72.84,58.17,entsoe.eu,false,
2021-05-29 08:00:00,Italy,North Italy,IT-NO,130.37,177.48,74.14,60.65,entsoe.eu,false,
2021-05-29 09:00:00,Italy,North Italy,IT-NO,129.87,179.43,72.68,60.73,entsoe.eu,false,
2021-05-29 10:00:00,Italy,North Italy,IT-NO,136.15,187.71,70.63,61.19,entsoe.eu,false,
2021-05-29 11:00:00,Italy,North Italy,IT-NO,115.31,162.18,75.59,65.03,entsoe.eu,false,
2021-05-29 12:00:00,Italy,North Italy,IT-NO,115.29,161.9,75.75,64.81,entsoe.eu,false,
2021-05-29 13:00:00,Italy,North Italy,IT-NO,120.95,168.54,74.69,61.18,entsoe.eu,false,
2021-05-29 14:00:00,Italy,North Italy,IT-NO,113.43,158.55,76.77,59.99,entsoe.eu,false,
2021-05-29 15:00:00,Italy,North Italy,IT-NO,134.61,182.24,73.2,56.26,entsoe.eu,false,
2021-05-29 16:00:00,Italy,North Italy,IT-NO,150.32,198.19,71.76,56.17,entsoe.eu,false,
2021-05-29 17:00:00,Italy,North Italy,IT-NO,149.82,198.54,69.8,54.99,entsoe.eu,false,
2021-05-29 18:00:00,Italy,North Italy,IT-NO,153.39,202.2,69.98,54.78,entsoe.eu,false,
2021-05-29 19:00:00,Italy,North Italy,IT-NO,156.59,207.18,68.35,53.08,entsoe.eu,false,
2021-05-29 20:00:00,Italy,North Italy,IT-NO,162.27,214.85,66.83,52.67,entsoe.eu,false,
2021-05-29 21:00:00,Italy,North Italy,IT-NO,154.42,204.95,69.4,54.99,entsoe.eu,false,
2021-05-29 22:00:00,Italy,North Italy,IT-NO,147.13,197.74,69.42,51.26,entsoe.eu,false,
2021-05-29 23:00:00,Italy,North Italy,IT-NO,150.71,202.15,68.19,49.47,entsoe.eu,false,
2021-05-30 00:00:00,Italy,North Italy,IT-NO,143.0,192.8,69.82,50.02,entsoe.eu,false,
2021-05-30 01:00:00,Italy,North Italy,IT-NO,151.45,203.28,67.6,47.52,entsoe.eu,false,
2021-05-30 02:00:00,Italy,North Italy,IT-NO,187.21,248.06,59.07,43.52,entsoe.eu,false,
2021-05-30 03:00:00,Italy,North Italy,IT-NO,205.93,271.05,54.91,41.94,entsoe.eu,false,
2021-05-30 04:00:00,Italy,North Italy,IT-NO,193.64,255.7,57.8,44.73,entsoe.eu,false,
2021-05-30 05:00:00,Italy,North Italy,IT-NO,153.52,205.57,67.13,52.78,entsoe.eu,false,
2021-05-30 06:00:00,Italy,North Italy,IT-NO,133.15,182.01,71.63,57.93,entsoe.eu,false,
2021-05-30 07:00:00,Italy,North Italy,IT-NO,113.97,159.47,76.1,63.77,entsoe.eu,false,
2021-05-30 08:00:00,Italy,North Italy,IT-NO,107.04,151.75,77.66,67.43,entsoe.eu,false,
2021-05-30 09:00:00,Italy,North Italy,IT-NO,123.26,172.43,73.97,67.45,entsoe.eu,false,
2021-05-30 10:00:00,Italy,North Italy,IT-NO,138.65,192.24,70.22,67.33,entsoe.eu,false,
2021-05-30 11:00:00,Italy,North Italy,IT-NO,129.74,181.59,72.72,70.51,entsoe.eu,false,
2021-05-30 12:00:00,Italy,North Italy,IT-NO,121.65,171.71,74.6,71.78,entsoe.eu,false,
2021-05-30 13:00:00,Italy,North Italy,IT-NO,132.27,184.61,71.97,68.6,entsoe.eu,false,
2021-05-30 14:00:00,Italy,North Italy,IT-NO,139.13,192.66,69.96,65.28,entsoe.eu,false,
2021-05-30 15:00:00,Italy,North Italy,IT-NO,138.87,190.59,70.18,60.89,entsoe.eu,false,
2021-05-30 16:00:00,Italy,North Italy,IT-NO,159.74,210.8,68.32,57.11,entsoe.eu,false,
2021-05-30 17:00:00,Italy,North Italy,IT-NO,171.2,222.34,67.41,57.24,entsoe.eu,false,
2021-05-30 18:00:00,Italy,North Italy,IT-NO,188.43,240.51,65.59,56.97,entsoe.eu,false,
2021-05-30 19:00:00,Italy,North Italy,IT-NO,177.14,228.47,66.82,55.8,entsoe.eu,false,
2021-05-30 20:00:00,Italy,North Italy,IT-NO,178.57,234.31,63.43,52.04,entsoe.eu,false,
2021-05-30 21:00:00,Italy,North Italy,IT-NO,170.43,224.51,65.32,52.46,entsoe.eu,false,
2021-05-30 22:00:00,Italy,North Italy,IT-NO,143.32,191.39,70.8,53.64,entsoe.eu,false,
2021-05-30 23:00:00,Italy,North Italy,IT-NO,145.09,194.12,69.71,51.55,entsoe.eu,false,
2021-05-31 00:00:00,Italy,North Italy,IT-NO,155.97,207.78,67.06,49.31,entsoe.eu,false,
2021-05-31 01:00:00,Italy,North Italy,IT-NO,158.28,210.55,66.48,48.87,entsoe.eu,false,
2021-05-31 02:00:00,Italy,North Italy,IT-NO,154.05,204.89,67.71,49.83,entsoe.eu,false,
2021-05-31 03:00:00,Italy,North Italy,IT-NO,168.32,222.55,64.26,48.78,entsoe.eu,false,
2021-05-31 04:00:00,Italy,North Italy,IT-NO,175.56,230.55,63.79,51.76,entsoe.eu,false,
2021-05-31 05:00:00,Italy,North Italy,IT-NO,188.78,242.05,64.68,57.27,entsoe.eu,false,
2021-05-31 06:00:00,Italy,North Italy,IT-NO,180.41,228.88,69.02,61.25,entsoe.eu,false,
2021-05-31 07:00:00,Italy,North Italy,IT-NO,172.3,225.47,66.44,56.65,entsoe.eu,false,
2021-05-31 08:00:00,Italy,North Italy,IT-NO,169.3,223.66,66.73,56.08,entsoe.eu,false,
2021-05-31 09:00:00,Italy,North Italy,IT-NO,160.14,213.48,68.69,58.42,entsoe.eu,false,
2021-05-31 10:00:00,Italy,North Italy,IT-NO,145.21,197.07,71.12,61.28,entsoe.eu,false,
2021-05-31 11:00:00,Italy,North Italy,IT-NO,138.51,189.77,71.63,60.29,entsoe.eu,false,
2021-05-31 12:00:00,Italy,North Italy,IT-NO,147.75,200.88,69.4,57.79,entsoe.eu,false,
2021-05-31 13:00:00,Italy,North Italy,IT-NO,155.38,209.58,67.9,55.6,entsoe.eu,false,
2021-05-31 14:00:00,Italy,North Italy,IT-NO,155.14,209.34,67.41,54.48,entsoe.eu,false,
2021-05-31 15:00:00,Italy,North Italy,IT-NO,165.02,219.14,66.64,53.97,entsoe.eu,false,
2021-05-31 16:00:00,Italy,North Italy,IT-NO,186.19,245.78,60.3,50.05,entsoe.eu,false,
2021-05-31 17:00:00,Italy,North Italy,IT-NO,192.31,249.95,60.7,51.95,entsoe.eu,false,
2021-05-31 18:00:00,Italy,North Italy,IT-NO,193.13,249.23,62.13,52.82,entsoe.eu,false,
2021-05-31 19:00:00,Italy,North Italy,IT-NO,196.05,252.24,61.77,51.14,entsoe.eu,false,
2021-05-31 20:00:00,Italy,North Italy,IT-NO,184.29,240.59,62.62,51.33,entsoe.eu,false,
2021-05-31 21:00:00,Italy,North Italy,IT-NO,186.6,244.4,61.87,49.13,entsoe.eu,false,
2021-05-31 22:00:00,Italy,North Italy,IT-NO,168.25,221.52,66.1,49.16,entsoe.eu,false,
2021-05-31 23:00:00,Italy,North Italy,IT-NO,154.76,203.99,68.84,48.44,entsoe.eu,false,
2021-06-01 00:00:00,Italy,North Italy,IT-NO,152.65,201.89,69.04,48.78,entsoe.eu,false,
2021-06-01 01:00:00,Italy,North Italy,IT-NO,152.95,201.97,68.75,47.72,entsoe.eu,false,
2021-06-01 02:00:00,Italy,North Italy,IT-NO,147.98,196.31,69.65,48.11,entsoe.eu,false,
2021-06-01 03:00:00,Italy,North Italy,IT-NO,159.02,210.83,66.27,46.39,entsoe.eu,false,
2021-06-01 04:00:00,Italy,North Italy,IT-NO,187.79,244.88,61.72,50.51,entsoe.eu,false,
2021-06-01 05:00:00,Italy,North Italy,IT-NO,193.75,246.0,64.89,57.62,entsoe.eu,false,
2021-06-01 06:00:00,Italy,North Italy,IT-NO,181.43,231.82,66.62,60.1,entsoe.eu,false,
2021-06-01 07:00:00,Italy,North Italy,IT-NO,167.0,219.54,66.09,57.78,entsoe.eu,false,
2021-06-01 08:00:00,Italy,North Italy,IT-NO,155.69,207.19,68.16,56.61,entsoe.eu,false,
2021-06-01 09:00:00,Italy,North Italy,IT-NO,132.52,180.21,73.14,61.23,entsoe.eu,false,
2021-06-01 10:00:00,Italy,North Italy,IT-NO,128.4,176.75,73.39,61.58,entsoe.eu,false,
2021-06-01 11:00:00,Italy,North Italy,IT-NO,127.73,177.28,72.82,60.54,entsoe.eu,false,
2021-06-01 12:00:00,Italy,North Italy,IT-NO,137.39,187.85,70.69,58.06,entsoe.eu,false,
2021-06-01 13:00:00,Italy,North Italy,IT-NO,148.26,199.84,68.88,56.19,entsoe.eu,false,
2021-06-01 14:00:00,Italy,North Italy,IT-NO,151.17,203.97,68.17,55.59,entsoe.eu,false,
2021-06-01 15:00:00,Italy,North Italy,IT-NO,163.8,217.19,66.13,54.09,entsoe.eu,false,
2021-06-01 16:00:00,Italy,North Italy,IT-NO,178.11,232.73,63.35,53.48,entsoe.eu,false,
2021-06-01 17:00:00,Italy,North Italy,IT-NO,185.72,241.09,62.16,53.33,entsoe.eu,false,
2021-06-01 18:00:00,Italy,North Italy,IT-NO,181.85,237.64,62.28,52.5,entsoe.eu,false,
2021-06-01 19:00:00,Italy,North Italy,IT-NO,192.4,250.12,60.11,49.39,entsoe.eu,false,
2021-06-01 20:00:00,Italy,North Italy,IT-NO,203.35,263.33,57.94,46.45,entsoe.eu,false,
2021-06-01 21:00:00,Italy,North Italy,IT-NO,195.89,255.16,58.93,46.2,entsoe.eu,false,
2021-06-01 22:00:00,Italy,North Italy,IT-NO,191.26,250.05,59.28,44.82,entsoe.eu,false,
2021-06-01 23:00:00,Italy,North Italy,IT-NO,199.26,258.97,57.33,42.39,entsoe.eu,false,
2021-06-02 00:00:00,Italy,North Italy,IT-NO,189.69,245.42,59.95,43.97,entsoe.eu,false,
2021-06-02 01:00:00,Italy,North Italy,IT-NO,193.04,249.92,59.17,42.41,entsoe.eu,false,
2021-06-02 02:00:00,Italy,North Italy,IT-NO,206.55,267.16,56.02,40.51,entsoe.eu,false,
2021-06-02 03:00:00,Italy,North Italy,IT-NO,216.45,281.61,52.84,41.4,entsoe.eu,false,
2021-06-02 04:00:00,Italy,North Italy,IT-NO,228.55,296.75,51.04,44.09,entsoe.eu,false,
2021-06-02 05:00:00,Italy,North Italy,IT-NO,230.93,298.39,51.78,49.8,entsoe.eu,false,
2021-06-02 06:00:00,Italy,North Italy,IT-NO,220.39,286.92,53.54,53.53,entsoe.eu,false,
2021-06-02 07:00:00,Italy,North Italy,IT-NO,198.68,260.99,58.31,57.45,entsoe.eu,false,
2021-06-02 08:00:00,Italy,North Italy,IT-NO,161.7,216.9,66.21,63.22,entsoe.eu,false,
2021-06-02 09:00:00,Italy,North Italy,IT-NO,149.67,204.09,67.76,63.89,entsoe.eu,false,
2021-06-02 10:00:00,Italy,North Italy,IT-NO,141.85,195.06,69.37,67.0,entsoe.eu,false,
2021-06-02 11:00:00,Italy,North Italy,IT-NO,146.12,202.15,68.03,68.02,entsoe.eu,false,
2021-06-02 12:00:00,Italy,North Italy,IT-NO,142.93,197.18,69.27,66.15,entsoe.eu,false,
2021-06-02 13:00:00,Italy,North Italy,IT-NO,146.75,201.05,68.42,65.07,entsoe.eu,false,
2021-06-02 14:00:00,Italy,North Italy,IT-NO,163.92,219.92,65.35,60.85,entsoe.eu,false,
2021-06-02 15:00:00,Italy,North Italy,IT-NO,178.74,235.98,62.86,57.38,entsoe.eu,false,
2021-06-02 16:00:00,Italy,North Italy,IT-NO,193.0,250.65,61.06,56.36,entsoe.eu,false,
2021-06-02 17:00:00,Italy,North Italy,IT-NO,231.22,292.39,56.38,54.12,entsoe.eu,false,
2021-06-02 18:00:00,Italy,North Italy,IT-NO,240.98,306.39,52.49,50.01,entsoe.eu,false,
2021-06-02 19:00:00,Italy,North Italy,IT-NO,231.38,295.93,53.56,48.37,entsoe.eu,false,
2021-06-02 20:00:00,Italy,North Italy,IT-NO,234.72,302.66,51.11,46.06,entsoe.eu,false,
2021-06-02 21:00:00,Italy,North Italy,IT-NO,217.88,281.97,54.98,47.45,entsoe.eu,false,
2021-06-02 22:00:00,Italy,North Italy,IT-NO,186.31,245.48,60.76,46.62,entsoe.eu,false,
2021-06-02 23:00:00,Italy,North Italy,IT-NO,194.37,254.94,58.46,44.56,entsoe.eu,false,
2021-06-03 00:00:00,Italy,North Italy,IT-NO,186.93,247.34,59.85,45.11,entsoe.eu,false,
2021-06-03 01:00:00,Italy,North Italy,IT-NO,183.92,243.01,60.46,44.02,entsoe.eu,false,
2021-06-03 02:00:00,Italy,North Italy,IT-NO,186.12,245.58,60.16,44.62,entsoe.eu,false,
2021-06-03 03:00:00,Italy,North Italy,IT-NO,190.36,249.38,59.51,44.6,entsoe.eu,false,
2021-06-03 04:00:00,Italy,North Italy,IT-NO,199.59,258.99,59.1,45.92,entsoe.eu,false,
2021-06-03 05:00:00,Italy,North Italy,IT-NO,213.33,275.08,56.87,47.48,entsoe.eu,false,
2021-06-03 06:00:00,Italy,North Italy,IT-NO,201.89,259.96,60.99,52.91,entsoe.eu,false,
2021-06-03 07:00:00,Italy,North Italy,IT-NO,197.92,257.18,60.63,53.63,entsoe.eu,false,
2021-06-03 08:00:00,Italy,North Italy,IT-NO,187.34,246.41,61.88,54.27,entsoe.eu,false,
2021-06-03 09:00:00,Italy,North Italy,IT-NO,182.1,240.89,62.79,55.47,entsoe.eu,false,
2021-06-03 10:00:00,Italy,North Italy,IT-NO,169.06,226.28,64.99,57.64,entsoe.eu,false,
2021-06-03 11:00:00,Italy,North Italy,IT-NO,168.85,226.26,65.4,56.97,entsoe.eu,false,
2021-06-03 12:00:00,Italy,North Italy,IT-NO,171.9,228.74,65.35,55.76,entsoe.eu,false,
2021-06-03 13:00:00,Italy,North Italy,IT-NO,182.13,240.74,62.8,53.57,entsoe.eu,false,
2021-06-03 14:00:00,Italy,North Italy,IT-NO,183.35,241.21,63.09,52.81,entsoe.eu,false,
2021-06-03 15:00:00,Italy,North Italy,IT-NO,193.31,252.68,60.72,50.12,entsoe.eu,false,
2021-06-03 16:00:00,Italy,North Italy,IT-NO,198.56,258.26,59.4,49.95,entsoe.eu,false,
2021-06-03 17:00:00,Italy,North Italy,IT-NO,205.85,265.25,59.01,51.07,entsoe.eu,false,
2021-06-03 18:00:00,Italy,North Italy,IT-NO,217.41,278.27,57.3,50.0,entsoe.eu,false,
2021-06-03 19:00:00,Italy,North Italy,IT-NO,221.43,284.8,55.29,47.53,entsoe.eu,false,
2021-06-03 20:00:00,Italy,North Italy,IT-NO,219.02,284.07,54.17,46.54,entsoe.eu,false,
2021-06-03 21:00:00,Italy,North Italy,IT-NO,229.62,297.38,51.86,44.0,entsoe.eu,false,
2021-06-03 22:00:00,Italy,North Italy,IT-NO,222.46,288.3,53.44,42.48,entsoe.eu,false,
2021-06-03 23:00:00,Italy,North Italy,IT-NO,210.05,274.97,54.31,41.18,entsoe.eu,false,
2021-06-04 00:00:00,Italy,North Italy,IT-NO,204.54,268.3,55.62,41.81,entsoe.eu,false,
2021-06-04 01:00:00,Italy,North Italy,IT-NO,181.1,237.98,62.47,45.06,entsoe.eu,false,
2021-06-04 02:00:00,Italy,North Italy,IT-NO,178.77,236.25,62.07,43.61,entsoe.eu,false,
2021-06-04 03:00:00,Italy,North Italy,IT-NO,183.61,242.09,60.73,42.83,entsoe.eu,false,
2021-06-04 04:00:00,Italy,North Italy,IT-NO,200.32,261.94,57.89,45.4,entsoe.eu,false,
2021-06-04 05:00:00,Italy,North Italy,IT-NO,199.94,259.93,58.88,50.38,entsoe.eu,false,
2021-06-04 06:00:00,Italy,North Italy,IT-NO,195.05,251.38,62.17,55.34,entsoe.eu,false,
2021-06-04 07:00:00,Italy,North Italy,IT-NO,190.85,247.45,62.72,56.39,entsoe.eu,false,
2021-06-04 08:00:00,Italy,North Italy,IT-NO,185.96,243.96,62.37,55.43,entsoe.eu,false,
2021-06-04 09:00:00,Italy,North Italy,IT-NO,180.04,237.51,63.59,56.71,entsoe.eu,false,
2021-06-04 10:00:00,Italy,North Italy,IT-NO,180.7,240.02,62.66,56.19,entsoe.eu,false,
2021-06-04 11:00:00,Italy,North Italy,IT-NO,177.59,236.07,63.63,56.36,entsoe.eu,false,
2021-06-04 12:00:00,Italy,North Italy,IT-NO,181.68,241.24,62.62,55.45,entsoe.eu,false,
2021-06-04 13:00:00,Italy,North Italy,IT-NO,185.19,244.95,61.87,54.14,entsoe.eu,false,
2021-06-04 14:00:00,Italy,North Italy,IT-NO,187.23,246.43,61.48,52.86,entsoe.eu,false,
2021-06-04 15:00:00,Italy,North Italy,IT-NO,192.02,251.64,60.24,50.56,entsoe.eu,false,
2021-06-04 16:00:00,Italy,North Italy,IT-NO,204.28,265.7,57.72,48.69,entsoe.eu,false,
2021-06-04 17:00:00,Italy,North Italy,IT-NO,204.71,263.72,59.29,50.73,entsoe.eu,false,
2021-06-04 18:00:00,Italy,North Italy,IT-NO,208.75,268.29,58.61,49.36,entsoe.eu,false,
2021-06-04 19:00:00,Italy,North Italy,IT-NO,207.57,267.7,57.97,48.64,entsoe.eu,false,
2021-06-04 20:00:00,Italy,North Italy,IT-NO,210.53,272.8,56.4,46.83,entsoe.eu,false,
2021-06-04 21:00:00,Italy,North Italy,IT-NO,211.18,273.48,56.33,47.0,entsoe.eu,false,
2021-06-04 22:00:00,Italy,North Italy,IT-NO,193.27,251.97,60.1,48.51,entsoe.eu,false,
2021-06-04 23:00:00,Italy,North Italy,IT-NO,184.86,243.9,60.2,47.46,entsoe.eu,false,
2021-06-05 00:00:00,Italy,North Italy,IT-NO,179.42,237.02,61.55,47.88,entsoe.eu,false,
2021-06-05 01:00:00,Italy,North Italy,IT-NO,179.3,236.97,61.36,46.15,entsoe.eu,false,
2021-06-05 02:00:00,Italy,North Italy,IT-NO,184.45,243.04,60.34,44.92,entsoe.eu,false,
2021-06-05 03:00:00,Italy,North Italy,IT-NO,178.5,236.16,61.41,45.69,entsoe.eu,false,
2021-06-05 04:00:00,Italy,North Italy,IT-NO,174.17,229.07,63.94,48.49,entsoe.eu,false,
2021-06-05 05:00:00,Italy,North Italy,IT-NO,159.46,213.09,65.8,51.83,entsoe.eu,false,
2021-06-05 06:00:00,Italy,North Italy,IT-NO,153.32,202.29,69.94,58.73,entsoe.eu,false,
2021-06-05 07:00:00,Italy,North Italy,IT-NO,141.5,188.07,73.02,61.09,entsoe.eu,false,
2021-06-05 08:00:00,Italy,North Italy,IT-NO,142.68,190.8,71.9,61.95,entsoe.eu,false,
2021-06-05 09:00:00,Italy,North Italy,IT-NO,138.93,190.6,69.81,59.64,entsoe.eu,false,
2021-06-05 10:00:00,Italy,North Italy,IT-NO,113.62,159.72,76.06,65.27,entsoe.eu,false,
2021-06-05 11:00:00,Italy,North Italy,IT-NO,109.35,154.45,76.74,64.81,entsoe.eu,false,
2021-06-05 12:00:00,Italy,North Italy,IT-NO,115.43,161.82,75.13,62.97,entsoe.eu,false,
2021-06-05 13:00:00,Italy,North Italy,IT-NO,107.31,151.84,77.18,63.19,entsoe.eu,false,
2021-06-05 14:00:00,Italy,North Italy,IT-NO,112.47,157.91,75.84,61.35,entsoe.eu,false,
2021-06-05 15:00:00,Italy,North Italy,IT-NO,126.59,172.9,74.17,60.02,entsoe.eu,false,
2021-06-05 16:00:00,Italy,North Italy,IT-NO,163.65,213.22,69.02,57.4,entsoe.eu,false,
2021-06-05 17:00:00,Italy,North Italy,IT-NO,169.94,221.38,66.89,56.81,entsoe.eu,false,
2021-06-05 18:00:00,Italy,North Italy,IT-NO,171.22,223.36,66.18,56.11,entsoe.eu,false,
2021-06-05 19:00:00,Italy,North Italy,IT-NO,176.13,229.44,64.95,55.51,entsoe.eu,false,
2021-06-05 20:00:00,Italy,North Italy,IT-NO,198.33,252.56,63.4,57.1,entsoe.eu,false,
2021-06-05 21:00:00,Italy,North Italy,IT-NO,173.22,227.01,64.94,56.02,entsoe.eu,false,
2021-06-05 22:00:00,Italy,North Italy,IT-NO,149.73,200.9,68.26,54.78,entsoe.eu,false,
2021-06-05 23:00:00,Italy,North Italy,IT-NO,134.29,182.48,71.65,56.74,entsoe.eu,false,
2021-06-06 00:00:00,Italy,North Italy,IT-NO,134.2,182.66,71.45,55.87,entsoe.eu,false,
2021-06-06 01:00:00,Italy,North Italy,IT-NO,123.86,169.51,73.82,55.06,entsoe.eu,false,
2021-06-06 02:00:00,Italy,North Italy,IT-NO,136.64,185.19,70.74,52.94,entsoe.eu,false,
2021-06-06 03:00:00,Italy,North Italy,IT-NO,166.64,222.32,63.69,50.15,entsoe.eu,false,
2021-06-06 04:00:00,Italy,North Italy,IT-NO,156.33,209.55,66.16,51.67,entsoe.eu,false,
2021-06-06 05:00:00,Italy,North Italy,IT-NO,145.78,195.93,69.1,55.21,entsoe.eu,false,
2021-06-06 06:00:00,Italy,North Italy,IT-NO,135.37,184.04,71.4,59.15,entsoe.eu,false,
2021-06-06 07:00:00,Italy,North Italy,IT-NO,123.07,169.33,74.53,64.01,entsoe.eu,false,
2021-06-06 08:00:00,Italy,North Italy,IT-NO,126.54,172.11,75.32,66.59,entsoe.eu,false,
2021-06-06 09:00:00,Italy,North Italy,IT-NO,117.55,163.39,75.85,67.5,entsoe.eu,false,
2021-06-06 10:00:00,Italy,North Italy,IT-NO,113.11,159.2,76.05,69.08,entsoe.eu,false,
2021-06-06 11:00:00,Italy,North Italy,IT-NO,110.87,156.86,76.06,66.86,entsoe.eu,false,
2021-06-06 12:00:00,Italy,North Italy,IT-NO,115.88,162.57,74.89,64.25,entsoe.eu,false,
2021-06-06 13:00:00,Italy,North Italy,IT-NO,120.6,167.69,74.74,65.09,entsoe.eu,false,
2021-06-06 14:00:00,Italy,North Italy,IT-NO,143.21,193.18,70.63,60.18,entsoe.eu,false,
2021-06-06 15:00:00,Italy,North Italy,IT-NO,153.68,203.89,69.31,58.3,entsoe.eu,false,
2021-06-06 16:00:00,Italy,North Italy,IT-NO,161.84,211.4,68.8,59.81,entsoe.eu,false,
2021-06-06 17:00:00,Italy,North Italy,IT-NO,178.58,228.51,67.32,58.21,entsoe.eu,false,
2021-06-06 18:00:00,Italy,North Italy,IT-NO,188.68,242.03,64.11,55.84,entsoe.eu,false,
2021-06-06 19:00:00,Italy,North Italy,IT-NO,196.73,251.45,62.77,55.95,entsoe.eu,false,
2021-06-06 20:00:00,Italy,North Italy,IT-NO,195.34,250.82,62.29,55.54,entsoe.eu,false,
2021-06-06 21:00:00,Italy,North Italy,IT-NO,190.29,246.41,62.09,54.84,entsoe.eu,false,
2021-06-06 22:00:00,Italy,North Italy,IT-NO,177.34,233.15,63.23,52.44,entsoe.eu,false,
2021-06-06 23:00:00,Italy,North Italy,IT-NO,167.48,223.36,64.02,50.63,entsoe.eu,false,
2021-06-07 00:00:00,Italy,North Italy,IT-NO,175.0,232.91,62.0,49.72,entsoe.eu,false,
2021-06-07 01:00:00,Italy,North Italy,IT-NO,164.4,219.94,64.4,50.36,entsoe.eu,false,
2021-06-07 02:00:00,Italy,North Italy,IT-NO,165.54,221.39,64.15,49.83,entsoe.eu,false,
2021-06-07 03:00:00,Italy,North Italy,IT-NO,194.41,257.33,57.08,45.37,entsoe.eu,false,
2021-06-07 04:00:00,Italy,North Italy,IT-NO,196.61,257.37,58.09,48.27,entsoe.eu,false,
2021-06-07 05:00:00,Italy,North Italy,IT-NO,208.15,269.99,56.72,48.44,entsoe.eu,false,
2021-06-07 06:00:00,Italy,North Italy,IT-NO,200.11,256.71,61.48,54.1,entsoe.eu,false,
2021-06-07 07:00:00,Italy,North Italy,IT-NO,196.54,253.32,61.95,55.28,entsoe.eu,false,
2021-06-07 08:00:00,Italy,North Italy,IT-NO,179.01,234.36,64.13,56.28,entsoe.eu,false,
2021-06-07 09:00:00,Italy,North Italy,IT-NO,185.81,243.86,61.84,54.3,entsoe.eu,false,
2021-06-07 10:00:00,Italy,North Italy,IT-NO,188.19,248.29,60.41,53.94,entsoe.eu,false,
2021-06-07 11:00:00,Italy,North Italy,IT-NO,181.6,239.85,62.43,54.69,entsoe.eu,false,
2021-06-07 12:00:00,Italy,North Italy,IT-NO,183.74,242.37,61.89,53.12,entsoe.eu,false,
2021-06-07 13:00:00,Italy,North Italy,IT-NO,188.23,247.31,61.11,50.66,entsoe.eu,false,
2021-06-07 14:00:00,Italy,North Italy,IT-NO,187.87,247.04,60.87,50.16,entsoe.eu,false,
2021-06-07 15:00:00,Italy,North Italy,IT-NO,190.25,249.09,60.7,50.12,entsoe.eu,false,
2021-06-07 16:00:00,Italy,North Italy,IT-NO,199.46,258.77,59.65,50.77,entsoe.eu,false,
2021-06-07 17:00:00,Italy,North Italy,IT-NO,214.91,275.51,57.77,51.15,entsoe.eu,false,
2021-06-07 18:00:00,Italy,North Italy,IT-NO,219.87,280.63,57.23,51.67,entsoe.eu,false,
2021-06-07 19:00:00,Italy,North Italy,IT-NO,223.04,286.08,55.44,50.34,entsoe.eu,false,
2021-06-07 20:00:00,Italy,North Italy,IT-NO,246.2,315.03,49.88,47.37,entsoe.eu,false,
2021-06-07 21:00:00,Italy,North Italy,IT-NO,220.77,289.89,51.03,46.09,entsoe.eu,false,
2021-06-07 22:00:00,Italy,North Italy,IT-NO,213.05,279.83,53.36,44.68,entsoe.eu,false,
2021-06-07 23:00:00,Italy,North Italy,IT-NO,190.97,252.12,59.01,46.78,entsoe.eu,false,
2021-06-08 00:00:00,Italy,North Italy,IT-NO,181.47,241.16,60.8,46.7,entsoe.eu,false,
2021-06-08 01:00:00,Italy,North Italy,IT-NO,184.58,244.94,59.91,45.56,entsoe.eu,false,
2021-06-08 02:00:00,Italy,North Italy,IT-NO,185.96,246.98,59.29,45.21,entsoe.eu,false,
2021-06-08 03:00:00,Italy,North Italy,IT-NO,201.05,265.7,55.52,43.82,entsoe.eu,false,
2021-06-08 04:00:00,Italy,North Italy,IT-NO,213.37,276.04,55.95,49.26,entsoe.eu,false,
2021-06-08 05:00:00,Italy,North Italy,IT-NO,229.11,293.11,54.22,49.39,entsoe.eu,false,
2021-06-08 06:00:00,Italy,North Italy,IT-NO,210.7,268.25,60.3,54.15,entsoe.eu,false,
2021-06-08 07:00:00,Italy,North Italy,IT-NO,202.04,259.4,61.15,55.73,entsoe.eu,false,
2021-06-08 08:00:00,Italy,North Italy,IT-NO,192.4,249.52,62.13,54.81,entsoe.eu,false,
2021-06-08 09:00:00,Italy,North Italy,IT-NO,189.74,248.3,61.28,52.9,entsoe.eu,false,
2021-06-08 10:00:00,Italy,North Italy,IT-NO,184.85,243.96,61.79,54.0,entsoe.eu,false,
2021-06-08 11:00:00,Italy,North Italy,IT-NO,179.83,237.72,63.06,54.11,entsoe.eu,false,
2021-06-08 12:00:00,Italy,North Italy,IT-NO,182.87,240.76,62.8,53.83,entsoe.eu,false,
2021-06-08 13:00:00,Italy,North Italy,IT-NO,177.08,233.72,63.88,53.06,entsoe.eu,false,
2021-06-08 14:00:00,Italy,North Italy,IT-NO,180.61,237.27,63.2,52.15,entsoe.eu,false,
2021-06-08 15:00:00,Italy,North Italy,IT-NO,185.41,241.61,62.91,52.76,entsoe.eu,false,
2021-06-08 16:00:00,Italy,North Italy,IT-NO,197.19,254.52,61.16,52.02,entsoe.eu,false,
2021-06-08 17:00:00,Italy,North Italy,IT-NO,209.28,268.87,58.73,51.23,entsoe.eu,false,
2021-06-08 18:00:00,Italy,North Italy,IT-NO,224.13,285.17,56.92,50.94,entsoe.eu,false,
2021-06-08 19:00:00,Italy,North Italy,IT-NO,226.93,289.72,55.44,49.04,entsoe.eu,false,
2021-06-08 20:00:00,Italy,North Italy,IT-NO,238.39,304.52,52.38,47.91,entsoe.eu,false,
2021-06-08 21:00:00,Italy,North Italy,IT-NO,219.46,284.63,53.97,48.15,entsoe.eu,false,
2021-06-08 22:00:00,Italy,North Italy,IT-NO,200.91,263.73,56.73,45.96,entsoe.eu,false,
2021-06-08 23:00:00,Italy,North Italy,IT-NO,181.76,239.91,61.0,47.65,entsoe.eu,false,
2021-06-09 00:00:00,Italy,North Italy,IT-NO,176.84,233.21,62.28,47.25,entsoe.eu,false,
2021-06-09 01:00:00,Italy,North Italy,IT-NO,181.57,239.85,60.87,46.46,entsoe.eu,false,
2021-06-09 02:00:00,Italy,North Italy,IT-NO,189.8,250.41,58.81,45.66,entsoe.eu,false,
2021-06-09 03:00:00,Italy,North Italy,IT-NO,214.57,281.16,53.25,43.51,entsoe.eu,false,
2021-06-09 04:00:00,Italy,North Italy,IT-NO,228.83,295.75,52.1,46.19,entsoe.eu,false,
2021-06-09 05:00:00,Italy,North Italy,IT-NO,239.28,305.77,52.04,48.45,entsoe.eu,false,
2021-06-09 06:00:00,Italy,North Italy,IT-NO,217.06,278.97,56.72,52.87,entsoe.eu,false,
2021-06-09 07:00:00,Italy,North Italy,IT-NO,200.48,259.66,59.79,55.42,entsoe.eu,false,
2021-06-09 08:00:00,Italy,North Italy,IT-NO,193.37,252.62,60.83,54.44,entsoe.eu,false,
2021-06-09 09:00:00,Italy,North Italy,IT-NO,179.99,238.1,63.06,55.0,entsoe.eu,false,
2021-06-09 10:00:00,Italy,North Italy,IT-NO,173.37,231.22,64.09,56.22,entsoe.eu,false,
2021-06-09 11:00:00,Italy,North Italy,IT-NO,168.15,224.83,65.05,56.05,entsoe.eu,false,
2021-06-09 12:00:00,Italy,North Italy,IT-NO,170.93,228.01,64.39,55.16,entsoe.eu,false,
2021-06-09 13:00:00,Italy,North Italy,IT-NO,174.67,232.14,63.7,54.25,entsoe.eu,false,
2021-06-09 14:00:00,Italy,North Italy,IT-NO,189.23,247.22,62.14,52.89,entsoe.eu,false,
2021-06-09 15:00:00,Italy,North Italy,IT-NO,186.9,244.38,62.19,53.34,entsoe.eu,false,
2021-06-09 16:00:00,Italy,North Italy,IT-NO,195.95,254.34,60.43,51.8,entsoe.eu,false,
2021-06-09 17:00:00,Italy,North Italy,IT-NO,210.65,269.44,58.63,50.67,entsoe.eu,false,
2021-06-09 18:00:00,Italy,North Italy,IT-NO,216.88,276.74,57.42,50.35,entsoe.eu,false,
2021-06-09 19:00:00,Italy,North Italy,IT-NO,219.28,280.3,56.71,50.03,entsoe.eu,false,
2021-06-09 20:00:00,Italy,North Italy,IT-NO,220.87,282.39,56.59,50.78,entsoe.eu,false,
2021-06-09 21:00:00,Italy,North Italy,IT-NO,219.27,284.09,54.14,48.54,entsoe.eu,false,
2021-06-09 22:00:00,Italy,North Italy,IT-NO,192.82,252.58,59.39,48.43,entsoe.eu,false,
2021-06-09 23:00:00,Italy,North Italy,IT-NO,192.66,251.36,59.63,47.32,entsoe.eu,false,
2021-06-10 00:00:00,Italy,North Italy,IT-NO,179.91,235.27,62.68,48.03,entsoe.eu,false,
2021-06-10 01:00:00,Italy,North Italy,IT-NO,177.43,231.63,63.24,47.83,entsoe.eu,false,
2021-06-10 02:00:00,Italy,North Italy,IT-NO,169.96,222.4,64.63,49.36,entsoe.eu,false,
2021-06-10 03:00:00,Italy,North Italy,IT-NO,179.18,235.06,62.46,48.97,entsoe.eu,false,
2021-06-10 04:00:00,Italy,North Italy,IT-NO,189.71,246.93,60.47,49.99,entsoe.eu,false,
2021-06-10 05:00:00,Italy,North Italy,IT-NO,194.17,249.2,62.47,54.07,entsoe.eu,false,
2021-06-10 06:00:00,Italy,North Italy,IT-NO,184.76,236.63,65.56,57.65,entsoe.eu,false,
2021-06-10 07:00:00,Italy,North Italy,IT-NO,181.21,234.45,64.91,57.23,entsoe.eu,false,
2021-06-10 08:00:00,Italy,North Italy,IT-NO,170.43,223.2,66.59,57.69,entsoe.eu,false,
2021-06-10 09:00:00,Italy,North Italy,IT-NO,160.0,212.01,68.4,59.83,entsoe.eu,false,
2021-06-10 10:00:00,Italy,North Italy,IT-NO,154.35,206.46,69.02,61.69,entsoe.eu,false,
2021-06-10 11:00:00,Italy,North Italy,IT-NO,149.34,200.42,70.2,60.98,entsoe.eu,false,
2021-06-10 12:00:00,Italy,North Italy,IT-NO,158.41,211.85,67.72,58.47,entsoe.eu,false,
2021-06-10 13:00:00,Italy,North Italy,IT-NO,169.91,224.38,66.1,57.36,entsoe.eu,false,
2021-06-10 14:00:00,Italy,North Italy,IT-NO,170.81,224.24,66.54,57.99,entsoe.eu,false,
2021-06-10 15:00:00,Italy,North Italy,IT-NO,176.87,231.19,64.71,55.53,entsoe.eu,false,
2021-06-10 16:00:00,Italy,North Italy,IT-NO,196.0,251.94,62.11,54.76,entsoe.eu,false,
2021-06-10 17:00:00,Italy,North Italy,IT-NO,209.36,266.52,60.42,53.2,entsoe.eu,false,
2021-06-10 18:00:00,Italy,North Italy,IT-NO,215.57,274.06,58.93,52.33,entsoe.eu,false,
2021-06-10 19:00:00,Italy,North Italy,IT-NO,214.87,275.15,57.78,50.8,entsoe.eu,false,
2021-06-10 20:00:00,Italy,North Italy,IT-NO,200.68,259.8,59.39,50.79,entsoe.eu,false,
2021-06-10 21:00:00,Italy,North Italy,IT-NO,201.25,261.29,58.49,50.22,entsoe.eu,false,
2021-06-10 22:00:00,Italy,North Italy,IT-NO,190.89,249.82,60.39,49.48,entsoe.eu,false,
2021-06-10 23:00:00,Italy,North Italy,IT-NO,185.66,243.83,61.21,48.4,entsoe.eu,false,
2021-06-11 00:00:00,Italy,North Italy,IT-NO,173.66,228.24,63.97,48.5,entsoe.eu,false,
2021-06-11 01:00:00,Italy,North Italy,IT-NO,168.02,221.88,65.13,48.5,entsoe.eu,false,
2021-06-11 02:00:00,Italy,North Italy,IT-NO,172.94,228.05,63.92,47.91,entsoe.eu,false,
2021-06-11 03:00:00,Italy,North Italy,IT-NO,191.18,250.79,59.79,46.97,entsoe.eu,false,
2021-06-11 04:00:00,Italy,North Italy,IT-NO,184.66,241.07,61.85,51.91,entsoe.eu,false,
2021-06-11 05:00:00,Italy,North Italy,IT-NO,193.9,248.35,63.1,56.0,entsoe.eu,false,
2021-06-11 06:00:00,Italy,North Italy,IT-NO,181.86,232.46,66.83,59.0,entsoe.eu,false,
2021-06-11 07:00:00,Italy,North Italy,IT-NO,171.64,223.38,66.81,59.36,entsoe.eu,false,
2021-06-11 08:00:00,Italy,North Italy,IT-NO,171.18,225.39,65.73,58.44,entsoe.eu,false,
2021-06-11 09:00:00,Italy,North Italy,IT-NO,166.4,220.94,65.99,58.16,entsoe.eu,false,
2021-06-11 10:00:00,Italy,North Italy,IT-NO,161.31,215.91,66.68,58.54,entsoe.eu,false,
2021-06-11 11:00:00,Italy,North Italy,IT-NO,159.53,213.43,67.28,58.03,entsoe.eu,false,
2021-06-11 12:00:00,Italy,North Italy,IT-NO,172.3,228.15,64.99,56.13,entsoe.eu,false,
2021-06-11 13:00:00,Italy,North Italy,IT-NO,169.04,223.97,65.57,56.29,entsoe.eu,false,
2021-06-11 14:00:00,Italy,North Italy,IT-NO,171.32,226.46,64.88,55.08,entsoe.eu,false,
2021-06-11 15:00:00,Italy,North Italy,IT-NO,165.14,219.53,65.13,53.77,entsoe.eu,false,
2021-06-11 16:00:00,Italy,North Italy,IT-NO,177.45,231.57,64.36,53.5,entsoe.eu,false,
2021-06-11 17:00:00,Italy,North Italy,IT-NO,189.05,243.69,63.31,53.87,entsoe.eu,false,
2021-06-11 18:00:00,Italy,North Italy,IT-NO,186.37,242.77,61.91,51.88,entsoe.eu,false,
2021-06-11 19:00:00,Italy,North Italy,IT-NO,194.81,252.71,60.38,51.3,entsoe.eu,false,
2021-06-11 20:00:00,Italy,North Italy,IT-NO,198.89,257.97,59.33,51.58,entsoe.eu,false,
2021-06-11 21:00:00,Italy,North Italy,IT-NO,185.26,242.28,61.66,53.06,entsoe.eu,false,
2021-06-11 22:00:00,Italy,North Italy,IT-NO,154.68,204.68,68.97,56.3,entsoe.eu,false,
2021-06-11 23:00:00,Italy,North Italy,IT-NO,148.15,196.84,70.46,55.38,entsoe.eu,false,
2021-06-12 00:00:00,Italy,North Italy,IT-NO,142.96,190.66,71.4,54.7,entsoe.eu,false,
2021-06-12 01:00:00,Italy,North Italy,IT-NO,148.11,196.41,70.53,52.98,entsoe.eu,false,
2021-06-12 02:00:00,Italy,North Italy,IT-NO,147.57,196.42,70.14,52.15,entsoe.eu,false,
2021-06-12 03:00:00,Italy,North Italy,IT-NO,147.46,196.1,70.46,52.55,entsoe.eu,false,
2021-06-12 04:00:00,Italy,North Italy,IT-NO,152.41,202.34,69.24,52.19,entsoe.eu,false,
2021-06-12 05:00:00,Italy,North Italy,IT-NO,141.67,188.06,73.03,59.56,entsoe.eu,false,
2021-06-12 06:00:00,Italy,North Italy,IT-NO,133.63,178.53,74.76,64.96,entsoe.eu,false,
2021-06-12 07:00:00,Italy,North Italy,IT-NO,153.22,202.48,70.93,63.59,entsoe.eu,false,
2021-06-12 08:00:00,Italy,North Italy,IT-NO,149.05,199.29,70.67,66.09,entsoe.eu,false,
2021-06-12 09:00:00,Italy,North Italy,IT-NO,144.84,196.25,70.62,66.51,entsoe.eu,false,
2021-06-12 10:00:00,Italy,North Italy,IT-NO,136.62,186.52,72.4,68.3,entsoe.eu,false,
2021-06-12 11:00:00,Italy,North Italy,IT-NO,128.68,179.15,72.43,69.26,entsoe.eu,false,
2021-06-12 12:00:00,Italy,North Italy,IT-NO,133.45,185.22,71.36,68.15,entsoe.eu,false,
2021-06-12 13:00:00,Italy,North Italy,IT-NO,134.96,186.89,70.89,67.74,entsoe.eu,false,
2021-06-12 14:00:00,Italy,North Italy,IT-NO,136.71,187.25,71.37,66.83,entsoe.eu,false,
2021-06-12 15:00:00,Italy,North Italy,IT-NO,148.82,199.26,70.13,62.26,entsoe.eu,false,
2021-06-12 16:00:00,Italy,North Italy,IT-NO,156.82,207.43,69.03,60.0,entsoe.eu,false,
2021-06-12 17:00:00,Italy,North Italy,IT-NO,170.68,222.12,67.27,57.78,entsoe.eu,false,
2021-06-12 18:00:00,Italy,North Italy,IT-NO,176.67,229.3,66.07,57.34,entsoe.eu,false,
2021-06-12 19:00:00,Italy,North Italy,IT-NO,178.15,231.62,65.28,56.63,entsoe.eu,false,
2021-06-12 20:00:00,Italy,North Italy,IT-NO,175.01,228.72,65.38,56.56,entsoe.eu,false,
2021-06-12 21:00:00,Italy,North Italy,IT-NO,172.6,226.65,65.27,57.15,entsoe.eu,false,
2021-06-12 22:00:00,Italy,North Italy,IT-NO,148.45,197.76,69.95,57.68,entsoe.eu,false,
2021-06-12 23:00:00,Italy,North Italy,IT-NO,150.0,201.12,68.93,56.26,entsoe.eu,false,
2021-06-13 00:00:00,Italy,North Italy,IT-NO,137.22,185.41,72.07,58.15,entsoe.eu,false,
2021-06-13 01:00:00,Italy,North Italy,IT-NO,118.64,163.59,75.48,60.27,entsoe.eu,false,
2021-06-13 02:00:00,Italy,North Italy,IT-NO,125.42,169.97,75.16,60.24,entsoe.eu,false,
2021-06-13 03:00:00,Italy,North Italy,IT-NO,148.85,199.27,69.26,56.9,entsoe.eu,false,
2021-06-13 04:00:00,Italy,North Italy,IT-NO,146.34,196.32,69.73,57.06,entsoe.eu,false,
2021-06-13 05:00:00,Italy,North Italy,IT-NO,109.13,152.27,77.31,63.23,entsoe.eu,false,
2021-06-13 06:00:00,Italy,North Italy,IT-NO,97.84,139.21,79.67,68.42,entsoe.eu,false,
2021-06-13 07:00:00,Italy,North Italy,IT-NO,95.79,134.92,82.43,75.13,entsoe.eu,false,
2021-06-13 08:00:00,Italy,North Italy,IT-NO,92.08,130.77,83.28,77.51,entsoe.eu,false,
2021-06-13 09:00:00,Italy,North Italy,IT-NO,93.47,134.94,81.44,78.24,entsoe.eu,false,
2021-06-13 10:00:00,Italy,North Italy,IT-NO,117.41,163.9,76.48,76.04,entsoe.eu,false,
2021-06-13 11:00:00,Italy,North Italy,IT-NO,104.51,148.05,79.73,79.43,entsoe.eu,false,
2021-06-13 12:00:00,Italy,North Italy,IT-NO,103.47,146.83,79.99,79.59,entsoe.eu,false,
2021-06-13 13:00:00,Italy,North Italy,IT-NO,97.09,140.85,80.02,77.72,entsoe.eu,false,
2021-06-13 14:00:00,Italy,North Italy,IT-NO,104.94,148.19,79.06,74.57,entsoe.eu,false,
2021-06-13 15:00:00,Italy,North Italy,IT-NO,129.46,172.47,76.51,71.18,entsoe.eu,false,
2021-06-13 16:00:00,Italy,North Italy,IT-NO,134.41,176.81,75.8,67.37,entsoe.eu,false,
2021-06-13 17:00:00,Italy,North Italy,IT-NO,157.12,203.46,71.2,62.5,entsoe.eu,false,
2021-06-13 18:00:00,Italy,North Italy,IT-NO,187.8,238.1,66.45,61.3,entsoe.eu,false,
2021-06-13 19:00:00,Italy,North Italy,IT-NO,206.65,260.71,62.85,60.41,entsoe.eu,false,
2021-06-13 20:00:00,Italy,North Italy,IT-NO,213.32,268.57,61.78,60.04,entsoe.eu,false,
2021-06-13 21:00:00,Italy,North Italy,IT-NO,201.84,258.06,61.3,57.45,entsoe.eu,false,
2021-06-13 22:00:00,Italy,North Italy,IT-NO,182.78,237.56,62.49,54.28,entsoe.eu,false,
2021-06-13 23:00:00,Italy,North Italy,IT-NO,165.91,216.11,64.96,53.7,entsoe.eu,false,
2021-06-14 00:00:00,Italy,North Italy,IT-NO,163.46,214.68,65.25,52.66,entsoe.eu,false,
2021-06-14 01:00:00,Italy,North Italy,IT-NO,161.09,211.68,66.41,52.94,entsoe.eu,false,
2021-06-14 02:00:00,Italy,North Italy,IT-NO,159.44,208.87,67.61,54.56,entsoe.eu,false,
2021-06-14 03:00:00,Italy,North Italy,IT-NO,167.15,218.77,65.69,53.5,entsoe.eu,false,
2021-06-14 04:00:00,Italy,North Italy,IT-NO,179.78,235.11,63.09,53.74,entsoe.eu,false,
2021-06-14 05:00:00,Italy,North Italy,IT-NO,204.02,260.28,61.11,55.59,entsoe.eu,false,
2021-06-14 06:00:00,Italy,North Italy,IT-NO,196.2,249.88,63.76,58.71,entsoe.eu,false,
2021-06-14 07:00:00,Italy,North Italy,IT-NO,176.7,230.65,65.0,59.25,entsoe.eu,false,
2021-06-14 08:00:00,Italy,North Italy,IT-NO,162.19,213.61,68.54,60.3,entsoe.eu,false,
2021-06-14 09:00:00,Italy,North Italy,IT-NO,166.32,219.18,67.82,59.43,entsoe.eu,false,
2021-06-14 10:00:00,Italy,North Italy,IT-NO,169.25,224.46,66.05,59.4,entsoe.eu,false,
2021-06-14 11:00:00,Italy,North Italy,IT-NO,168.31,223.31,66.31,59.07,entsoe.eu,false,
2021-06-14 12:00:00,Italy,North Italy,IT-NO,172.33,228.42,65.21,58.05,entsoe.eu,false,
2021-06-14 13:00:00,Italy,North Italy,IT-NO,175.61,232.16,64.66,56.68,entsoe.eu,false,
2021-06-14 14:00:00,Italy,North Italy,IT-NO,180.22,237.29,63.63,55.15,entsoe.eu,false,
2021-06-14 15:00:00,Italy,North Italy,IT-NO,188.3,246.15,61.81,54.01,entsoe.eu,false,
2021-06-14 16:00:00,Italy,North Italy,IT-NO,206.92,264.88,59.84,52.83,entsoe.eu,false,
2021-06-14 17:00:00,Italy,North Italy,IT-NO,223.62,282.75,57.71,51.06,entsoe.eu,false,
2021-06-14 18:00:00,Italy,North Italy,IT-NO,228.39,288.24,57.26,50.72,entsoe.eu,false,
2021-06-14 19:00:00,Italy,North Italy,IT-NO,227.42,288.51,56.37,50.01,entsoe.eu,false,
2021-06-14 20:00:00,Italy,North Italy,IT-NO,234.8,298.88,53.68,49.0,entsoe.eu,false,
2021-06-14 21:00:00,Italy,North Italy,IT-NO,233.68,302.51,49.9,45.07,entsoe.eu,false,
2021-06-14 22:00:00,Italy,North Italy,IT-NO,213.7,278.2,53.57,45.4,entsoe.eu,false,
2021-06-14 23:00:00,Italy,North Italy,IT-NO,214.93,278.06,53.69,43.38,entsoe.eu,false,
2021-06-15 00:00:00,Italy,North Italy,IT-NO,213.8,275.48,54.08,42.6,entsoe.eu,false,
2021-06-15 01:00:00,Italy,North Italy,IT-NO,205.82,264.75,56.15,42.67,entsoe.eu,false,
2021-06-15 02:00:00,Italy,North Italy,IT-NO,206.18,266.36,55.8,42.58,entsoe.eu,false,
2021-06-15 03:00:00,Italy,North Italy,IT-NO,208.19,270.19,55.02,42.97,entsoe.eu,false,
2021-06-15 04:00:00,Italy,North Italy,IT-NO,224.74,289.08,53.03,45.77,entsoe.eu,false,
2021-06-15 05:00:00,Italy,North Italy,IT-NO,217.43,280.75,53.85,46.86,entsoe.eu,false,
2021-06-15 06:00:00,Italy,North Italy,IT-NO,206.47,265.52,58.12,51.72,entsoe.eu,false,
2021-06-15 07:00:00,Italy,North Italy,IT-NO,195.18,253.41,59.97,54.16,entsoe.eu,false,
2021-06-15 08:00:00,Italy,North Italy,IT-NO,194.41,252.8,60.81,54.93,entsoe.eu,false,
2021-06-15 09:00:00,Italy,North Italy,IT-NO,186.57,244.59,62.04,56.18,entsoe.eu,false,
2021-06-15 10:00:00,Italy,North Italy,IT-NO,181.99,238.64,64.09,58.25,entsoe.eu,false,
2021-06-15 11:00:00,Italy,North Italy,IT-NO,174.61,231.81,64.29,57.22,entsoe.eu,false,
2021-06-15 12:00:00,Italy,North Italy,IT-NO,179.25,237.74,62.94,55.71,entsoe.eu,false,
2021-06-15 13:00:00,Italy,North Italy,IT-NO,181.25,239.09,62.94,55.5,entsoe.eu,false,
2021-06-15 14:00:00,Italy,North Italy,IT-NO,184.9,242.74,61.96,54.34,entsoe.eu,false,
2021-06-15 15:00:00,Italy,North Italy,IT-NO,211.15,276.11,54.18,48.46,entsoe.eu,false,
2021-06-15 16:00:00,Italy,North Italy,IT-NO,227.39,292.14,53.01,47.94,entsoe.eu,false,
2021-06-15 17:00:00,Italy,North Italy,IT-NO,247.61,312.6,51.54,47.37,entsoe.eu,false,
2021-06-15 18:00:00,Italy,North Italy,IT-NO,248.08,313.73,50.93,46.02,entsoe.eu,false,
2021-06-15 19:00:00,Italy,North Italy,IT-NO,248.87,316.7,49.12,43.9,entsoe.eu,false,
2021-06-15 20:00:00,Italy,North Italy,IT-NO,253.75,324.26,47.02,43.24,entsoe.eu,false,
2021-06-15 21:00:00,Italy,North Italy,IT-NO,238.77,307.1,48.88,43.47,entsoe.eu,false,
2021-06-15 22:00:00,Italy,North Italy,IT-NO,223.39,288.63,52.37,42.16,entsoe.eu,false,
2021-06-15 23:00:00,Italy,North Italy,IT-NO,215.17,277.79,54.41,41.98,entsoe.eu,false,
2021-06-16 00:00:00,Italy,North Italy,IT-NO,210.06,272.2,55.34,41.72,entsoe.eu,false,
2021-06-16 01:00:00,Italy,North Italy,IT-NO,212.04,273.71,55.6,41.73,entsoe.eu,false,
2021-06-16 02:00:00,Italy,North Italy,IT-NO,210.53,273.77,54.81,41.01,entsoe.eu,false,
2021-06-16 03:00:00,Italy,North Italy,IT-NO,211.43,275.13,54.06,41.2,entsoe.eu,false,
2021-06-16 04:00:00,Italy,North Italy,IT-NO,229.46,296.49,51.22,43.27,entsoe.eu,false,
2021-06-16 05:00:00,Italy,North Italy,IT-NO,239.58,306.29,51.29,46.75,entsoe.eu,false,
2021-06-16 06:00:00,Italy,North Italy,IT-NO,232.02,292.84,56.55,51.67,entsoe.eu,false,
2021-06-16 07:00:00,Italy,North Italy,IT-NO,215.82,279.63,55.32,50.11,entsoe.eu,false,
2021-06-16 08:00:00,Italy,North Italy,IT-NO,215.85,279.98,55.89,50.47,entsoe.eu,false,
2021-06-16 09:00:00,Italy,North Italy,IT-NO,215.18,281.87,54.28,49.01,entsoe.eu,false,
2021-06-16 10:00:00,Italy,North Italy,IT-NO,213.46,278.33,56.19,51.87,entsoe.eu,false,
2021-06-16 11:00:00,Italy,North Italy,IT-NO,207.73,271.53,57.26,52.1,entsoe.eu,false,
2021-06-16 12:00:00,Italy,North Italy,IT-NO,214.45,279.81,55.49,50.8,entsoe.eu,false,
2021-06-16 13:00:00,Italy,North Italy,IT-NO,208.72,272.01,57.15,50.5,entsoe.eu,false,
2021-06-16 14:00:00,Italy,North Italy,IT-NO,208.93,272.4,56.68,49.4,entsoe.eu,false,
2021-06-16 15:00:00,Italy,North Italy,IT-NO,212.93,277.14,55.01,48.63,entsoe.eu,false,
2021-06-16 16:00:00,Italy,North Italy,IT-NO,250.66,316.04,51.98,48.87,entsoe.eu,false,
2021-06-16 17:00:00,Italy,North Italy,IT-NO,263.66,330.42,50.03,47.38,entsoe.eu,false,
2021-06-16 18:00:00,Italy,North Italy,IT-NO,258.4,324.86,50.44,46.61,entsoe.eu,false,
2021-06-16 19:00:00,Italy,North Italy,IT-NO,252.24,318.74,50.63,46.27,entsoe.eu,false,
2021-06-16 20:00:00,Italy,North Italy,IT-NO,243.08,312.28,48.88,43.69,entsoe.eu,false,
2021-06-16 21:00:00,Italy,North Italy,IT-NO,247.75,318.96,47.22,41.4,entsoe.eu,false,
2021-06-16 22:00:00,Italy,North Italy,IT-NO,227.3,294.13,51.89,43.44,entsoe.eu,false,
2021-06-16 23:00:00,Italy,North Italy,IT-NO,225.37,292.57,51.66,42.4,entsoe.eu,false,
2021-06-17 00:00:00,Italy,North Italy,IT-NO,223.11,289.58,52.26,42.02,entsoe.eu,false,
2021-06-17 01:00:00,Italy,North Italy,IT-NO,219.47,285.14,53.11,42.05,entsoe.eu,false,
2021-06-17 02:00:00,Italy,North Italy,IT-NO,221.01,287.2,52.62,41.46,entsoe.eu,false,
2021-06-17 03:00:00,Italy,North Italy,IT-NO,223.47,290.06,52.33,41.95,entsoe.eu,false,
2021-06-17 04:00:00,Italy,North Italy,IT-NO,230.51,298.67,50.32,41.86,entsoe.eu,false,
2021-06-17 05:00:00,Italy,North Italy,IT-NO,221.28,286.52,53.2,45.49,entsoe.eu,false,
2021-06-17 06:00:00,Italy,North Italy,IT-NO,216.5,280.4,54.75,48.17,entsoe.eu,false,
2021-06-17 07:00:00,Italy,North Italy,IT-NO,215.46,279.79,54.96,49.96,entsoe.eu,false,
2021-06-17 08:00:00,Italy,North Italy,IT-NO,211.88,276.82,55.05,50.18,entsoe.eu,false,
2021-06-17 09:00:00,Italy,North Italy,IT-NO,213.0,277.96,55.44,51.2,entsoe.eu,false,
2021-06-17 10:00:00,Italy,North Italy,IT-NO,217.61,284.38,54.1,51.13,entsoe.eu,false,
2021-06-17 11:00:00,Italy,North Italy,IT-NO,210.13,274.95,56.01,52.18,entsoe.eu,false,
2021-06-17 12:00:00,Italy,North Italy,IT-NO,213.07,278.3,55.51,51.39,entsoe.eu,false,
2021-06-17 13:00:00,Italy,North Italy,IT-NO,208.86,272.95,56.42,51.1,entsoe.eu,false,
2021-06-17 14:00:00,Italy,North Italy,IT-NO,208.93,271.84,57.02,51.29,entsoe.eu,false,
2021-06-17 15:00:00,Italy,North Italy,IT-NO,210.69,273.41,56.53,49.89,entsoe.eu,false,
2021-06-17 16:00:00,Italy,North Italy,IT-NO,223.54,285.38,55.89,49.79,entsoe.eu,false,
2021-06-17 17:00:00,Italy,North Italy,IT-NO,234.0,294.44,56.08,50.24,entsoe.eu,false,
2021-06-17 18:00:00,Italy,North Italy,IT-NO,233.62,295.18,55.49,49.61,entsoe.eu,false,
2021-06-17 19:00:00,Italy,North Italy,IT-NO,225.62,288.45,55.12,48.48,entsoe.eu,false,
2021-06-17 20:00:00,Italy,North Italy,IT-NO,232.81,298.11,53.13,47.13,entsoe.eu,false,
2021-06-17 21:00:00,Italy,North Italy,IT-NO,229.23,294.43,53.38,46.96,entsoe.eu,false,
2021-06-17 22:00:00,Italy,North Italy,IT-NO,227.99,294.71,52.55,44.71,entsoe.eu,false,
2021-06-17 23:00:00,Italy,North Italy,IT-NO,222.99,289.39,53.05,44.48,entsoe.eu,false,
2021-06-18 00:00:00,Italy,North Italy,IT-NO,219.02,285.27,52.94,42.69,entsoe.eu,false,
2021-06-18 01:00:00,Italy,North Italy,IT-NO,216.84,282.46,53.24,42.04,entsoe.eu,false,
2021-06-18 02:00:00,Italy,North Italy,IT-NO,215.52,280.65,53.63,42.15,entsoe.eu,false,
2021-06-18 03:00:00,Italy,North Italy,IT-NO,218.16,285.13,52.6,42.72,entsoe.eu,false,
2021-06-18 04:00:00,Italy,North Italy,IT-NO,215.78,282.31,52.57,43.76,entsoe.eu,false,
2021-06-18 05:00:00,Italy,North Italy,IT-NO,223.05,288.18,53.43,47.24,entsoe.eu,false,
2021-06-18 06:00:00,Italy,North Italy,IT-NO,221.8,282.87,57.01,51.9,entsoe.eu,false,
2021-06-18 07:00:00,Italy,North Italy,IT-NO,203.65,264.8,58.11,52.74,entsoe.eu,false,
2021-06-18 08:00:00,Italy,North Italy,IT-NO,206.88,269.76,57.1,51.26,entsoe.eu,false,
2021-06-18 09:00:00,Italy,North Italy,IT-NO,208.22,272.54,56.26,50.66,entsoe.eu,false,
2021-06-18 10:00:00,Italy,North Italy,IT-NO,200.45,263.42,58.18,52.59,entsoe.eu,false,
2021-06-18 11:00:00,Italy,North Italy,IT-NO,196.31,258.38,59.06,52.76,entsoe.eu,false,
2021-06-18 12:00:00,Italy,North Italy,IT-NO,198.4,261.9,57.65,50.81,entsoe.eu,false,
2021-06-18 13:00:00,Italy,North Italy,IT-NO,202.94,267.25,56.51,49.46,entsoe.eu,false,
2021-06-18 14:00:00,Italy,North Italy,IT-NO,206.98,271.14,56.05,49.1,entsoe.eu,false,
2021-06-18 15:00:00,Italy,North Italy,IT-NO,205.41,268.83,56.55,49.76,entsoe.eu,false,
2021-06-18 16:00:00,Italy,North Italy,IT-NO,207.79,270.85,55.75,48.64,entsoe.eu,false,
2021-06-18 17:00:00,Italy,North Italy,IT-NO,215.9,279.49,54.68,47.4,entsoe.eu,false,
2021-06-18 18:00:00,Italy,North Italy,IT-NO,221.83,286.06,53.98,47.2,entsoe.eu,false,
2021-06-18 19:00:00,Italy,North Italy,IT-NO,221.57,286.65,53.46,46.93,entsoe.eu,false,
2021-06-18 20:00:00,Italy,North Italy,IT-NO,245.3,317.21,47.19,43.29,entsoe.eu,false,
2021-06-18 21:00:00,Italy,North Italy,IT-NO,222.82,287.98,53.6,46.28,entsoe.eu,false,
2021-06-18 22:00:00,Italy,North Italy,IT-NO,188.78,244.58,62.67,52.36,entsoe.eu,false,
2021-06-18 23:00:00,Italy,North Italy,IT-NO,183.88,239.97,62.46,50.1,entsoe.eu,false,
2021-06-19 00:00:00,Italy,North Italy,IT-NO,179.21,233.14,63.95,50.54,entsoe.eu,false,
2021-06-19 01:00:00,Italy,North Italy,IT-NO,157.03,207.05,68.99,52.28,entsoe.eu,false,
2021-06-19 02:00:00,Italy,North Italy,IT-NO,156.87,207.05,68.68,51.63,entsoe.eu,false,
2021-06-19 03:00:00,Italy,North Italy,IT-NO,153.45,203.01,69.15,51.34,entsoe.eu,false,
2021-06-19 04:00:00,Italy,North Italy,IT-NO,149.88,198.74,69.36,51.92,entsoe.eu,false,
2021-06-19 05:00:00,Italy,North Italy,IT-NO,150.82,201.19,68.22,53.31,entsoe.eu,false,
2021-06-19 06:00:00,Italy,North Italy,IT-NO,148.83,199.1,69.67,57.75,entsoe.eu,false,
2021-06-19 07:00:00,Italy,North Italy,IT-NO,154.27,204.82,69.69,58.59,entsoe.eu,false,
2021-06-19 08:00:00,Italy,North Italy,IT-NO,145.19,196.16,70.15,59.55,entsoe.eu,false,
2021-06-19 09:00:00,Italy,North Italy,IT-NO,144.1,195.35,70.18,60.47,entsoe.eu,false,
2021-06-19 10:00:00,Italy,North Italy,IT-NO,154.95,207.95,68.74,61.39,entsoe.eu,false,
2021-06-19 11:00:00,Italy,North Italy,IT-NO,156.57,209.94,68.58,61.74,entsoe.eu,false,
2021-06-19 12:00:00,Italy,North Italy,IT-NO,148.57,200.0,70.64,62.75,entsoe.eu,false,
2021-06-19 13:00:00,Italy,North Italy,IT-NO,152.96,205.3,69.7,61.49,entsoe.eu,false,
2021-06-19 14:00:00,Italy,North Italy,IT-NO,149.63,200.47,70.1,60.22,entsoe.eu,false,
2021-06-19 15:00:00,Italy,North Italy,IT-NO,152.26,202.43,69.46,58.43,entsoe.eu,false,
2021-06-19 16:00:00,Italy,North Italy,IT-NO,167.46,218.1,67.67,57.29,entsoe.eu,false,
2021-06-19 17:00:00,Italy,North Italy,IT-NO,172.71,222.83,67.64,57.7,entsoe.eu,false,
2021-06-19 18:00:00,Italy,North Italy,IT-NO,175.53,224.71,68.15,59.12,entsoe.eu,false,
2021-06-19 19:00:00,Italy,North Italy,IT-NO,174.45,225.02,67.13,58.24,entsoe.eu,false,
2021-06-19 20:00:00,Italy,North Italy,IT-NO,187.72,243.01,63.03,54.48,entsoe.eu,false,
2021-06-19 21:00:00,Italy,North Italy,IT-NO,190.02,245.86,62.35,53.92,entsoe.eu,false,
2021-06-19 22:00:00,Italy,North Italy,IT-NO,161.41,213.91,66.86,54.89,entsoe.eu,false,
2021-06-19 23:00:00,Italy,North Italy,IT-NO,147.59,197.89,69.55,55.07,entsoe.eu,false,
2021-06-20 00:00:00,Italy,North Italy,IT-NO,141.18,191.21,69.84,54.01,entsoe.eu,false,
2021-06-20 01:00:00,Italy,North Italy,IT-NO,129.52,176.67,72.81,55.64,entsoe.eu,false,
2021-06-20 02:00:00,Italy,North Italy,IT-NO,129.08,175.38,73.03,56.19,entsoe.eu,false,
2021-06-20 03:00:00,Italy,North Italy,IT-NO,147.36,198.42,68.08,53.38,entsoe.eu,false,
2021-06-20 04:00:00,Italy,North Italy,IT-NO,136.8,185.38,70.53,54.43,entsoe.eu,false,
2021-06-20 05:00:00,Italy,North Italy,IT-NO,123.69,169.48,73.81,56.49,entsoe.eu,false,
2021-06-20 06:00:00,Italy,North Italy,IT-NO,117.68,162.78,75.25,59.49,entsoe.eu,false,
2021-06-20 07:00:00,Italy,North Italy,IT-NO,112.75,157.38,76.1,61.67,entsoe.eu,false,
2021-06-20 08:00:00,Italy,North Italy,IT-NO,122.8,168.27,75.05,63.1,entsoe.eu,false,
2021-06-20 09:00:00,Italy,North Italy,IT-NO,119.14,164.33,75.67,65.49,entsoe.eu,false,
2021-06-20 10:00:00,Italy,North Italy,IT-NO,121.38,167.85,74.77,65.08,entsoe.eu,false,
2021-06-20 11:00:00,Italy,North Italy,IT-NO,114.39,158.96,76.84,66.86,entsoe.eu,false,
2021-06-20 12:00:00,Italy,North Italy,IT-NO,120.4,166.03,75.61,64.73,entsoe.eu,false,
2021-06-20 13:00:00,Italy,North Italy,IT-NO,116.6,162.93,74.93,61.33,entsoe.eu,false,
2021-06-20 14:00:00,Italy,North Italy,IT-NO,122.79,168.2,74.82,60.68,entsoe.eu,false,
2021-06-20 15:00:00,Italy,North Italy,IT-NO,143.1,188.83,72.7,60.52,entsoe.eu,false,
2021-06-20 16:00:00,Italy,North Italy,IT-NO,171.43,220.36,68.44,60.03,entsoe.eu,false,
2021-06-20 17:00:00,Italy,North Italy,IT-NO,190.47,245.35,62.81,55.32,entsoe.eu,false,
2021-06-20 18:00:00,Italy,North Italy,IT-NO,199.93,256.37,61.37,53.79,entsoe.eu,false,
2021-06-20 19:00:00,Italy,North Italy,IT-NO,200.33,258.26,60.3,53.81,entsoe.eu,false,
2021-06-20 20:00:00,Italy,North Italy,IT-NO,205.54,265.27,58.83,52.9,entsoe.eu,false,
2021-06-20 21:00:00,Italy,North Italy,IT-NO,195.74,253.93,60.5,53.2,entsoe.eu,false,
2021-06-20 22:00:00,Italy,North Italy,IT-NO,162.67,215.42,66.46,52.31,entsoe.eu,false,
2021-06-20 23:00:00,Italy,North Italy,IT-NO,156.65,208.86,67.58,53.32,entsoe.eu,false,
2021-06-21 00:00:00,Italy,North Italy,IT-NO,156.22,208.45,67.52,51.89,entsoe.eu,false,
2021-06-21 01:00:00,Italy,North Italy,IT-NO,153.05,205.56,67.4,50.4,entsoe.eu,false,
2021-06-21 02:00:00,Italy,North Italy,IT-NO,158.89,212.92,65.89,49.35,entsoe.eu,false,
2021-06-21 03:00:00,Italy,North Italy,IT-NO,168.07,223.53,63.99,48.19,entsoe.eu,false,
2021-06-21 04:00:00,Italy,North Italy,IT-NO,183.91,243.87,59.82,47.31,entsoe.eu,false,
2021-06-21 05:00:00,Italy,North Italy,IT-NO,198.79,260.44,57.34,48.6,entsoe.eu,false,
2021-06-21 06:00:00,Italy,North Italy,IT-NO,194.76,255.3,58.61,50.37,entsoe.eu,false,
2021-06-21 07:00:00,Italy,North Italy,IT-NO,195.21,255.94,58.96,51.74,entsoe.eu,false,
2021-06-21 08:00:00,Italy,North Italy,IT-NO,189.62,249.49,60.05,52.07,entsoe.eu,false,
2021-06-21 09:00:00,Italy,North Italy,IT-NO,202.02,264.23,57.82,50.47,entsoe.eu,false,
2021-06-21 10:00:00,Italy,North Italy,IT-NO,201.75,264.93,57.53,50.68,entsoe.eu,false,
2021-06-21 11:00:00,Italy,North Italy,IT-NO,203.35,266.27,57.57,50.12,entsoe.eu,false,
2021-06-21 12:00:00,Italy,North Italy,IT-NO,206.1,267.98,57.99,50.9,entsoe.eu,false,
2021-06-21 13:00:00,Italy,North Italy,IT-NO,203.92,266.88,57.13,49.26,entsoe.eu,false,
2021-06-21 14:00:00,Italy,North Italy,IT-NO,207.86,270.05,57.29,49.28,entsoe.eu,false,
2021-06-21 15:00:00,Italy,North Italy,IT-NO,205.92,265.63,58.98,50.01,entsoe.eu,false,
2021-06-21 16:00:00,Italy,North Italy,IT-NO,203.32,262.42,59.2,49.51,entsoe.eu,false,
2021-06-21 17:00:00,Italy,North Italy,IT-NO,212.98,272.49,58.19,48.79,entsoe.eu,false,
2021-06-21 18:00:00,Italy,North Italy,IT-NO,209.0,269.82,57.19,47.2,entsoe.eu,false,
2021-06-21 19:00:00,Italy,North Italy,IT-NO,213.95,276.18,56.05,46.8,entsoe.eu,false,
2021-06-21 20:00:00,Italy,North Italy,IT-NO,216.18,280.65,54.44,45.92,entsoe.eu,false,
2021-06-21 21:00:00,Italy,North Italy,IT-NO,207.23,268.61,57.52,47.49,entsoe.eu,false,
2021-06-21 22:00:00,Italy,North Italy,IT-NO,194.59,255.23,58.79,45.93,entsoe.eu,false,
2021-06-21 23:00:00,Italy,North Italy,IT-NO,189.91,250.05,59.43,45.3,entsoe.eu,false,
2021-06-22 00:00:00,Italy,North Italy,IT-NO,187.09,247.2,59.54,44.33,entsoe.eu,false,
2021-06-22 01:00:00,Italy,North Italy,IT-NO,186.27,246.48,59.5,44.09,entsoe.eu,false,
2021-06-22 02:00:00,Italy,North Italy,IT-NO,183.61,243.5,59.85,44.87,entsoe.eu,false,
2021-06-22 03:00:00,Italy,North Italy,IT-NO,182.93,242.22,60.15,44.88,entsoe.eu,false,
2021-06-22 04:00:00,Italy,North Italy,IT-NO,202.39,265.39,56.17,44.05,entsoe.eu,false,
2021-06-22 05:00:00,Italy,North Italy,IT-NO,211.42,275.04,55.07,46.33,entsoe.eu,false,
2021-06-22 06:00:00,Italy,North Italy,IT-NO,207.15,267.76,58.11,50.01,entsoe.eu,false,
2021-06-22 07:00:00,Italy,North Italy,IT-NO,202.85,265.43,57.07,49.77,entsoe.eu,false,
2021-06-22 08:00:00,Italy,North Italy,IT-NO,199.9,262.83,57.06,50.33,entsoe.eu,false,
2021-06-22 09:00:00,Italy,North Italy,IT-NO,201.38,263.35,57.93,51.57,entsoe.eu,false,
2021-06-22 10:00:00,Italy,North Italy,IT-NO,203.36,266.59,57.49,51.69,entsoe.eu,false,
2021-06-22 11:00:00,Italy,North Italy,IT-NO,202.9,265.54,57.73,51.06,entsoe.eu,false,
2021-06-22 12:00:00,Italy,North Italy,IT-NO,201.63,264.18,57.68,50.73,entsoe.eu,false,
2021-06-22 13:00:00,Italy,North Italy,IT-NO,202.68,265.31,57.47,50.24,entsoe.eu,false,
2021-06-22 14:00:00,Italy,North Italy,IT-NO,206.46,269.34,56.79,49.42,entsoe.eu,false,
2021-06-22 15:00:00,Italy,North Italy,IT-NO,213.77,275.65,56.9,49.11,entsoe.eu,false,
2021-06-22 16:00:00,Italy,North Italy,IT-NO,224.56,287.34,55.58,48.28,entsoe.eu,false,
2021-06-22 17:00:00,Italy,North Italy,IT-NO,229.57,292.43,55.15,48.2,entsoe.eu,false,
2021-06-22 18:00:00,Italy,North Italy,IT-NO,232.97,296.8,54.22,47.28,entsoe.eu,false,
2021-06-22 19:00:00,Italy,North Italy,IT-NO,220.47,284.76,54.28,46.0,entsoe.eu,false,
2021-06-22 20:00:00,Italy,North Italy,IT-NO,217.98,283.59,53.57,44.94,entsoe.eu,false,
2021-06-22 21:00:00,Italy,North Italy,IT-NO,212.75,276.55,55.41,46.25,entsoe.eu,false,
2021-06-22 22:00:00,Italy,North Italy,IT-NO,199.64,262.59,56.74,45.12,entsoe.eu,false,
2021-06-22 23:00:00,Italy,North Italy,IT-NO,202.55,266.69,55.68,43.17,entsoe.eu,false,
2021-06-23 00:00:00,Italy,North Italy,IT-NO,193.71,255.67,57.82,44.08,entsoe.eu,false,
2021-06-23 01:00:00,Italy,North Italy,IT-NO,196.23,258.88,57.01,43.61,entsoe.eu,false,
2021-06-23 02:00:00,Italy,North Italy,IT-NO,197.12,260.23,56.65,43.43,entsoe.eu,false,
2021-06-23 03:00:00,Italy,North Italy,IT-NO,210.26,276.45,53.59,41.36,entsoe.eu,false,
2021-06-23 04:00:00,Italy,North Italy,IT-NO,224.24,292.48,51.28,42.08,entsoe.eu,false,
2021-06-23 05:00:00,Italy,North Italy,IT-NO,227.41,293.73,52.37,45.53,entsoe.eu,false,
2021-06-23 06:00:00,Italy,North Italy,IT-NO,230.34,293.48,55.11,48.42,entsoe.eu,false,
2021-06-23 07:00:00,Italy,North Italy,IT-NO,215.94,277.47,57.37,49.75,entsoe.eu,false,
2021-06-23 08:00:00,Italy,North Italy,IT-NO,207.93,269.73,57.78,50.25,entsoe.eu,false,
2021-06-23 09:00:00,Italy,North Italy,IT-NO,208.86,271.38,57.27,50.27,entsoe.eu,false,
2021-06-23 10:00:00,Italy,North Italy,IT-NO,209.22,275.06,54.91,48.43,entsoe.eu,false,
2021-06-23 11:00:00,Italy,North Italy,IT-NO,211.81,276.2,56.02,49.29,entsoe.eu,false,
2021-06-23 12:00:00,Italy,North Italy,IT-NO,218.81,286.48,52.74,46.24,entsoe.eu,false,
2021-06-23 13:00:00,Italy,North Italy,IT-NO,229.29,295.62,53.22,46.8,entsoe.eu,false,
2021-06-23 14:00:00,Italy,North Italy,IT-NO,237.57,303.34,52.89,46.16,entsoe.eu,false,
2021-06-23 15:00:00,Italy,North Italy,IT-NO,234.51,299.55,53.41,45.93,entsoe.eu,false,
2021-06-23 16:00:00,Italy,North Italy,IT-NO,233.31,296.51,54.77,47.28,entsoe.eu,false,
2021-06-23 17:00:00,Italy,North Italy,IT-NO,242.6,306.73,53.62,46.93,entsoe.eu,false,
2021-06-23 18:00:00,Italy,North Italy,IT-NO,244.87,313.48,49.69,42.62,entsoe.eu,false,
2021-06-23 19:00:00,Italy,North Italy,IT-NO,237.77,306.36,50.1,42.15,entsoe.eu,false,
2021-06-23 20:00:00,Italy,North Italy,IT-NO,230.7,299.0,50.77,41.5,entsoe.eu,false,
2021-06-23 21:00:00,Italy,North Italy,IT-NO,232.88,302.08,50.2,42.06,entsoe.eu,false,
2021-06-23 22:00:00,Italy,North Italy,IT-NO,221.28,287.68,53.36,42.45,entsoe.eu,false,
2021-06-23 23:00:00,Italy,North Italy,IT-NO,208.46,272.2,56.15,41.96,entsoe.eu,false,
2021-06-24 00:00:00,Italy,North Italy,IT-NO,201.42,263.91,57.51,41.78,entsoe.eu,false,
2021-06-24 01:00:00,Italy,North Italy,IT-NO,208.87,273.17,55.71,40.79,entsoe.eu,false,
2021-06-24 02:00:00,Italy,North Italy,IT-NO,213.46,279.18,54.22,39.55,entsoe.eu,false,
2021-06-24 03:00:00,Italy,North Italy,IT-NO,218.68,285.63,52.85,38.88,entsoe.eu,false,
2021-06-24 04:00:00,Italy,North Italy,IT-NO,231.4,300.22,50.29,39.57,entsoe.eu,false,
2021-06-24 05:00:00,Italy,North Italy,IT-NO,220.03,284.08,54.38,44.98,entsoe.eu,false,
2021-06-24 06:00:00,Italy,North Italy,IT-NO,211.55,274.24,56.19,47.63,entsoe.eu,false,
2021-06-24 07:00:00,Italy,North Italy,IT-NO,214.01,275.83,57.05,49.98,entsoe.eu,false,
2021-06-24 08:00:00,Italy,North Italy,IT-NO,201.63,263.51,57.77,50.71,entsoe.eu,false,
2021-06-24 09:00:00,Italy,North Italy,IT-NO,201.3,262.85,58.23,51.67,entsoe.eu,false,
2021-06-24 10:00:00,Italy,North Italy,IT-NO,205.86,270.19,56.42,50.14,entsoe.eu,false,
2021-06-24 11:00:00,Italy,North Italy,IT-NO,210.05,274.79,55.98,49.27,entsoe.eu,false,
2021-06-24 12:00:00,Italy,North Italy,IT-NO,214.34,280.3,54.46,47.78,entsoe.eu,false,
2021-06-24 13:00:00,Italy,North Italy,IT-NO,213.57,276.9,56.16,48.64,entsoe.eu,false,
2021-06-24 14:00:00,Italy,North Italy,IT-NO,224.95,287.04,56.35,48.79,entsoe.eu,false,
2021-06-24 15:00:00,Italy,North Italy,IT-NO,228.79,292.93,54.25,46.7,entsoe.eu,false,
2021-06-24 16:00:00,Italy,North Italy,IT-NO,238.6,302.67,53.77,46.63,entsoe.eu,false,
2021-06-24 17:00:00,Italy,North Italy,IT-NO,250.94,315.68,52.71,46.27,entsoe.eu,false,
2021-06-24 18:00:00,Italy,North Italy,IT-NO,241.55,308.38,51.46,44.23,entsoe.eu,false,
2021-06-24 19:00:00,Italy,North Italy,IT-NO,231.79,299.1,51.47,42.92,entsoe.eu,false,
2021-06-24 20:00:00,Italy,North Italy,IT-NO,231.83,300.47,50.64,41.9,entsoe.eu,false,
2021-06-24 21:00:00,Italy,North Italy,IT-NO,224.65,291.19,52.77,44.3,entsoe.eu,false,
2021-06-24 22:00:00,Italy,North Italy,IT-NO,208.45,270.7,57.33,46.63,entsoe.eu,false,
2021-06-24 23:00:00,Italy,North Italy,IT-NO,203.41,265.78,57.34,43.83,entsoe.eu,false,
2021-06-25 00:00:00,Italy,North Italy,IT-NO,207.73,269.34,57.67,43.05,entsoe.eu,false,
2021-06-25 01:00:00,Italy,North Italy,IT-NO,202.62,265.43,57.05,41.26,entsoe.eu,false,
2021-06-25 02:00:00,Italy,North Italy,IT-NO,205.53,269.45,56.01,41.0,entsoe.eu,false,
2021-06-25 03:00:00,Italy,North Italy,IT-NO,203.47,267.24,56.17,42.29,entsoe.eu,false,
2021-06-25 04:00:00,Italy,North Italy,IT-NO,221.41,289.91,51.36,41.07,entsoe.eu,false,
2021-06-25 05:00:00,Italy,North Italy,IT-NO,221.4,288.98,51.56,41.95,entsoe.eu,false,
2021-06-25 06:00:00,Italy,North Italy,IT-NO,194.2,254.59,58.48,48.19,entsoe.eu,false,
2021-06-25 07:00:00,Italy,North Italy,IT-NO,190.99,249.72,60.52,50.91,entsoe.eu,false,
2021-06-25 08:00:00,Italy,North Italy,IT-NO,193.97,253.81,59.82,51.22,entsoe.eu,false,
2021-06-25 09:00:00,Italy,North Italy,IT-NO,196.1,256.72,59.35,51.27,entsoe.eu,false,
2021-06-25 10:00:00,Italy,North Italy,IT-NO,198.07,260.35,58.52,50.84,entsoe.eu,false,
2021-06-25 11:00:00,Italy,North Italy,IT-NO,197.8,259.69,58.81,50.64,entsoe.eu,false,
2021-06-25 12:00:00,Italy,North Italy,IT-NO,200.2,262.59,58.2,49.88,entsoe.eu,false,
2021-06-25 13:00:00,Italy,North Italy,IT-NO,200.84,263.1,58.17,49.5,entsoe.eu,false,
2021-06-25 14:00:00,Italy,North Italy,IT-NO,199.64,260.28,59.19,49.03,entsoe.eu,false,
2021-06-25 15:00:00,Italy,North Italy,IT-NO,203.92,264.04,58.92,49.26,entsoe.eu,false,
2021-06-25 16:00:00,Italy,North Italy,IT-NO,204.42,263.62,59.32,49.44,entsoe.eu,false,
2021-06-25 17:00:00,Italy,North Italy,IT-NO,214.47,274.4,58.05,48.86,entsoe.eu,false,
2021-06-25 18:00:00,Italy,North Italy,IT-NO,222.66,285.54,55.37,46.07,entsoe.eu,false,
2021-06-25 19:00:00,Italy,North Italy,IT-NO,224.01,288.08,54.33,44.41,entsoe.eu,false,
2021-06-25 20:00:00,Italy,North Italy,IT-NO,229.84,296.6,52.07,42.75,entsoe.eu,false,
2021-06-25 21:00:00,Italy,North Italy,IT-NO,222.59,288.19,53.31,43.97,entsoe.eu,false,
2021-06-25 22:00:00,Italy,North Italy,IT-NO,207.91,268.63,57.94,46.52,entsoe.eu,false,
2021-06-25 23:00:00,Italy,North Italy,IT-NO,201.45,264.68,56.36,42.26,entsoe.eu,false,
2021-06-26 00:00:00,Italy,North Italy,IT-NO,200.72,262.73,57.52,42.83,entsoe.eu,false,
2021-06-26 01:00:00,Italy,North Italy,IT-NO,210.4,273.53,56.02,41.56,entsoe.eu,false,
2021-06-26 02:00:00,Italy,North Italy,IT-NO,208.66,271.71,56.28,41.62,entsoe.eu,false,
2021-06-26 03:00:00,Italy,North Italy,IT-NO,208.13,271.34,56.25,41.65,entsoe.eu,false,
2021-06-26 04:00:00,Italy,North Italy,IT-NO,203.24,264.79,57.64,43.02,entsoe.eu,false,
2021-06-26 05:00:00,Italy,North Italy,IT-NO,177.71,233.73,62.97,48.54,entsoe.eu,false,
2021-06-26 06:00:00,Italy,North Italy,IT-NO,156.9,207.82,68.11,55.32,entsoe.eu,false,
2021-06-26 07:00:00,Italy,North Italy,IT-NO,144.14,192.44,71.43,58.95,entsoe.eu,false,
2021-06-26 08:00:00,Italy,North Italy,IT-NO,141.46,190.2,72.05,58.34,entsoe.eu,false,
2021-06-26 09:00:00,Italy,North Italy,IT-NO,136.43,184.62,73.02,59.67,entsoe.eu,false,
2021-06-26 10:00:00,Italy,North Italy,IT-NO,128.46,175.67,74.41,61.12,entsoe.eu,false,
2021-06-26 11:00:00,Italy,North Italy,IT-NO,130.02,177.47,74.07,60.55,entsoe.eu,false,
2021-06-26 12:00:00,Italy,North Italy,IT-NO,126.41,172.75,75.06,60.18,entsoe.eu,false,
2021-06-26 13:00:00,Italy,North Italy,IT-NO,135.85,183.37,73.37,58.48,entsoe.eu,false,
2021-06-26 14:00:00,Italy,North Italy,IT-NO,140.37,189.67,71.25,55.62,entsoe.eu,false,
2021-06-26 15:00:00,Italy,North Italy,IT-NO,154.0,204.09,69.46,54.32,entsoe.eu,false,
2021-06-26 16:00:00,Italy,North Italy,IT-NO,170.47,222.03,66.9,53.12,entsoe.eu,false,
2021-06-26 17:00:00,Italy,North Italy,IT-NO,172.85,223.84,66.92,53.99,entsoe.eu,false,
2021-06-26 18:00:00,Italy,North Italy,IT-NO,192.04,247.67,62.26,50.87,entsoe.eu,false,
2021-06-26 19:00:00,Italy,North Italy,IT-NO,188.16,244.06,62.3,50.69,entsoe.eu,false,
2021-06-26 20:00:00,Italy,North Italy,IT-NO,197.71,254.67,61.16,51.1,entsoe.eu,false,
2021-06-26 21:00:00,Italy,North Italy,IT-NO,185.48,242.22,61.97,50.45,entsoe.eu,false,
2021-06-26 22:00:00,Italy,North Italy,IT-NO,176.99,232.56,63.59,48.82,entsoe.eu,false,
2021-06-26 23:00:00,Italy,North Italy,IT-NO,172.5,226.1,64.53,47.17,entsoe.eu,false,
2021-06-27 00:00:00,Italy,North Italy,IT-NO,169.34,223.16,63.88,45.62,entsoe.eu,false,
2021-06-27 01:00:00,Italy,North Italy,IT-NO,164.05,217.25,64.97,44.79,entsoe.eu,false,
2021-06-27 02:00:00,Italy,North Italy,IT-NO,159.59,212.44,65.91,45.02,entsoe.eu,false,
2021-06-27 03:00:00,Italy,North Italy,IT-NO,168.76,223.86,63.55,44.36,entsoe.eu,false,
2021-06-27 04:00:00,Italy,North Italy,IT-NO,168.45,224.32,63.73,44.19,entsoe.eu,false,
2021-06-27 05:00:00,Italy,North Italy,IT-NO,169.94,225.95,63.79,46.37,entsoe.eu,false,
2021-06-27 06:00:00,Italy,North Italy,IT-NO,151.09,202.69,68.58,52.15,entsoe.eu,false,
2021-06-27 07:00:00,Italy,North Italy,IT-NO,161.68,216.67,65.94,54.45,entsoe.eu,false,
2021-06-27 08:00:00,Italy,North Italy,IT-NO,176.1,234.09,63.18,56.38,entsoe.eu,false,
2021-06-27 09:00:00,Italy,North Italy,IT-NO,181.4,240.83,61.77,57.17,entsoe.eu,false,
2021-06-27 10:00:00,Italy,North Italy,IT-NO,169.23,228.94,62.76,56.76,entsoe.eu,false,
2021-06-27 11:00:00,Italy,North Italy,IT-NO,162.41,220.28,64.68,58.41,entsoe.eu,false,
2021-06-27 12:00:00,Italy,North Italy,IT-NO,164.09,220.35,65.67,58.96,entsoe.eu,false,
2021-06-27 13:00:00,Italy,North Italy,IT-NO,171.79,228.92,63.93,55.4,entsoe.eu,false,
2021-06-27 14:00:00,Italy,North Italy,IT-NO,182.74,241.22,61.96,53.17,entsoe.eu,false,
2021-06-27 15:00:00,Italy,North Italy,IT-NO,179.36,235.87,63.22,52.25,entsoe.eu,false,
2021-06-27 16:00:00,Italy,North Italy,IT-NO,182.93,237.63,64.5,53.47,entsoe.eu,false,
2021-06-27 17:00:00,Italy,North Italy,IT-NO,189.42,244.74,63.28,52.3,entsoe.eu,false,
2021-06-27 18:00:00,Italy,North Italy,IT-NO,189.95,245.35,63.06,52.02,entsoe.eu,false,
2021-06-27 19:00:00,Italy,North Italy,IT-NO,190.68,246.6,62.33,50.27,entsoe.eu,false,
2021-06-27 20:00:00,Italy,North Italy,IT-NO,197.44,255.9,60.25,48.62,entsoe.eu,false,
2021-06-27 21:00:00,Italy,North Italy,IT-NO,192.59,251.33,60.12,48.12,entsoe.eu,false,
2021-06-27 22:00:00,Italy,North Italy,IT-NO,157.79,210.9,66.65,49.42,entsoe.eu,false,
2021-06-27 23:00:00,Italy,North Italy,IT-NO,159.11,210.94,66.31,44.9,entsoe.eu,false,
2021-06-28 00:00:00,Italy,North Italy,IT-NO,164.36,217.14,65.21,43.56,entsoe.eu,false,
2021-06-28 01:00:00,Italy,North Italy,IT-NO,161.52,214.53,65.65,43.43,entsoe.eu,false,
2021-06-28 02:00:00,Italy,North Italy,IT-NO,172.3,228.25,62.92,41.73,entsoe.eu,false,
2021-06-28 03:00:00,Italy,North Italy,IT-NO,177.17,234.79,61.75,42.14,entsoe.eu,false,
2021-06-28 04:00:00,Italy,North Italy,IT-NO,199.74,263.61,55.93,41.7,entsoe.eu,false,
2021-06-28 05:00:00,Italy,North Italy,IT-NO,210.62,276.32,53.81,43.53,entsoe.eu,false,
2021-06-28 06:00:00,Italy,North Italy,IT-NO,199.24,261.04,57.59,47.66,entsoe.eu,false,
2021-06-28 07:00:00,Italy,North Italy,IT-NO,192.05,252.0,59.66,49.72,entsoe.eu,false,
2021-06-28 08:00:00,Italy,North Italy,IT-NO,192.91,253.0,60.03,49.84,entsoe.eu,false,
2021-06-28 09:00:00,Italy,North Italy,IT-NO,192.97,253.92,59.62,50.26,entsoe.eu,false,
2021-06-28 10:00:00,Italy,North Italy,IT-NO,192.25,254.26,59.18,51.02,entsoe.eu,false,
2021-06-28 11:00:00,Italy,North Italy,IT-NO,194.38,257.39,58.21,49.45,entsoe.eu,false,
2021-06-28 12:00:00,Italy,North Italy,IT-NO,194.85,256.68,58.74,50.1,entsoe.eu,false,
2021-06-28 13:00:00,Italy,North Italy,IT-NO,200.55,262.76,57.84,48.73,entsoe.eu,false,
2021-06-28 14:00:00,Italy,North Italy,IT-NO,200.94,261.68,58.84,49.45,entsoe.eu,false,
2021-06-28 15:00:00,Italy,North Italy,IT-NO,204.26,265.1,58.26,49.17,entsoe.eu,false,
2021-06-28 16:00:00,Italy,North Italy,IT-NO,208.98,269.79,57.8,49.22,entsoe.eu,false,
2021-06-28 17:00:00,Italy,North Italy,IT-NO,223.39,286.23,55.33,47.45,entsoe.eu,false,
2021-06-28 18:00:00,Italy,North Italy,IT-NO,222.56,285.71,55.02,45.86,entsoe.eu,false,
2021-06-28 19:00:00,Italy,North Italy,IT-NO,222.53,286.93,53.94,44.42,entsoe.eu,false,
2021-06-28 20:00:00,Italy,North Italy,IT-NO,226.42,293.34,52.21,43.01,entsoe.eu,false,
2021-06-28 21:00:00,Italy,North Italy,IT-NO,221.33,286.79,53.54,43.25,entsoe.eu,false,
2021-06-28 22:00:00,Italy,North Italy,IT-NO,215.68,280.13,55.32,40.21,entsoe.eu,false,
2021-06-28 23:00:00,Italy,North Italy,IT-NO,203.68,266.53,57.02,38.46,entsoe.eu,false,
2021-06-29 00:00:00,Italy,North Italy,IT-NO,208.71,272.69,55.74,37.37,entsoe.eu,false,
2021-06-29 01:00:00,Italy,North Italy,IT-NO,203.02,265.77,56.91,37.28,entsoe.eu,false,
2021-06-29 02:00:00,Italy,North Italy,IT-NO,195.04,256.09,58.44,38.31,entsoe.eu,false,
2021-06-29 03:00:00,Italy,North Italy,IT-NO,190.61,251.28,59.13,39.5,entsoe.eu,false,
2021-06-29 04:00:00,Italy,North Italy,IT-NO,203.04,267.2,55.55,40.95,entsoe.eu,false,
2021-06-29 05:00:00,Italy,North Italy,IT-NO,195.27,255.79,58.22,45.1,entsoe.eu,false,
2021-06-29 06:00:00,Italy,North Italy,IT-NO,198.01,257.5,59.39,48.7,entsoe.eu,false,
2021-06-29 07:00:00,Italy,North Italy,IT-NO,194.36,255.5,58.64,48.79,entsoe.eu,false,
2021-06-29 08:00:00,Italy,North Italy,IT-NO,187.11,247.29,59.64,49.91,entsoe.eu,false,
2021-06-29 09:00:00,Italy,North Italy,IT-NO,188.27,247.99,60.26,51.21,entsoe.eu,false,
2021-06-29 10:00:00,Italy,North Italy,IT-NO,189.38,249.77,59.94,51.13,entsoe.eu,false,
2021-06-29 11:00:00,Italy,North Italy,IT-NO,193.03,253.37,59.76,50.94,entsoe.eu,false,
2021-06-29 12:00:00,Italy,North Italy,IT-NO,198.2,258.11,59.62,50.14,entsoe.eu,false,
2021-06-29 13:00:00,Italy,North Italy,IT-NO,207.41,269.34,57.52,48.42,entsoe.eu,false,
2021-06-29 14:00:00,Italy,North Italy,IT-NO,200.39,258.31,60.85,50.78,entsoe.eu,false,
2021-06-29 15:00:00,Italy,North Italy,IT-NO,202.06,262.96,58.06,47.49,entsoe.eu,false,
2021-06-29 16:00:00,Italy,North Italy,IT-NO,219.38,280.86,56.65,46.73,entsoe.eu,false,
2021-06-29 17:00:00,Italy,North Italy,IT-NO,223.67,285.41,56.18,46.36,entsoe.eu,false,
2021-06-29 18:00:00,Italy,North Italy,IT-NO,222.09,286.03,54.58,44.43,entsoe.eu,false,
2021-06-29 19:00:00,Italy,North Italy,IT-NO,221.04,284.41,55.3,45.39,entsoe.eu,false,
2021-06-29 20:00:00,Italy,North Italy,IT-NO,220.84,287.1,53.02,41.44,entsoe.eu,false,
2021-06-29 21:00:00,Italy,North Italy,IT-NO,219.79,285.91,53.09,39.82,entsoe.eu,false,
2021-06-29 22:00:00,Italy,North Italy,IT-NO,216.67,282.55,53.92,39.17,entsoe.eu,false,
2021-06-29 23:00:00,Italy,North Italy,IT-NO,206.57,269.96,56.3,39.48,entsoe.eu,false,
2021-06-30 00:00:00,Italy,North Italy,IT-NO,204.88,266.69,57.03,38.82,entsoe.eu,false,
2021-06-30 01:00:00,Italy,North Italy,IT-NO,198.61,259.72,57.99,38.83,entsoe.eu,false,
2021-06-30 02:00:00,Italy,North Italy,IT-NO,194.36,254.97,58.77,39.64,entsoe.eu,false,
2021-06-30 03:00:00,Italy,North Italy,IT-NO,198.16,260.33,57.47,39.2,entsoe.eu,false,
2021-06-30 04:00:00,Italy,North Italy,IT-NO,212.03,277.3,54.06,38.66,entsoe.eu,false,
2021-06-30 05:00:00,Italy,North Italy,IT-NO,219.34,286.22,52.46,41.77,entsoe.eu,false,
2021-06-30 06:00:00,Italy,North Italy,IT-NO,196.76,257.35,58.24,48.38,entsoe.eu,false,
2021-06-30 07:00:00,Italy,North Italy,IT-NO,194.09,254.15,59.14,50.91,entsoe.eu,false,
2021-06-30 08:00:00,Italy,North Italy,IT-NO,193.92,253.94,59.58,52.05,entsoe.eu,false,
2021-06-30 09:00:00,Italy,North Italy,IT-NO,188.24,248.32,59.87,52.02,entsoe.eu,false,
2021-06-30 10:00:00,Italy,North Italy,IT-NO,201.17,264.69,57.03,49.71,entsoe.eu,false,
2021-06-30 11:00:00,Italy,North Italy,IT-NO,196.85,260.48,57.33,49.14,entsoe.eu,false,
2021-06-30 12:00:00,Italy,North Italy,IT-NO,201.42,265.35,56.68,48.92,entsoe.eu,false,
2021-06-30 13:00:00,Italy,North Italy,IT-NO,206.35,272.2,54.64,47.01,entsoe.eu,false,
2021-06-30 14:00:00,Italy,North Italy,IT-NO,209.59,276.25,53.86,46.12,entsoe.eu,false,
2021-06-30 15:00:00,Italy,North Italy,IT-NO,213.53,280.62,53.07,45.11,entsoe.eu,false,
2021-06-30 16:00:00,Italy,North Italy,IT-NO,217.7,284.5,52.82,44.04,entsoe.eu,false,
2021-06-30 17:00:00,Italy,North Italy,IT-NO,228.65,297.07,50.81,42.44,entsoe.eu,false,
2021-06-30 18:00:00,Italy,North Italy,IT-NO,226.84,293.5,52.2,43.21,entsoe.eu,false,
2021-06-30 19:00:00,Italy,North Italy,IT-NO,239.76,309.79,49.17,40.87,entsoe.eu,false,
2021-06-30 20:00:00,Italy,North Italy,IT-NO,250.94,325.19,45.89,37.92,entsoe.eu,false,
2021-06-30 21:00:00,Italy,North Italy,IT-NO,237.24,306.61,50.34,40.28,entsoe.eu,false,
2021-06-30 22:00:00,Italy,North Italy,IT-NO,227.81,295.55,51.42,38.65,entsoe.eu,false,
2021-06-30 23:00:00,Italy,North Italy,IT-NO,221.96,286.8,53.52,39.73,entsoe.eu,false,
2021-07-01 00:00:00,Italy,North Italy,IT-NO,211.08,273.06,55.74,39.16,entsoe.eu,false,
2021-07-01 01:00:00,Italy,North Italy,IT-NO,205.02,265.71,57.59,37.95,entsoe.eu,false,
2021-07-01 02:00:00,Italy,North Italy,IT-NO,201.28,261.81,57.97,37.9,entsoe.eu,false,
2021-07-01 03:00:00,Italy,North Italy,IT-NO,200.85,260.61,58.28,40.09,entsoe.eu,false,
2021-07-01 04:00:00,Italy,North Italy,IT-NO,212.09,274.25,56.02,40.49,entsoe.eu,false,
2021-07-01 05:00:00,Italy,North Italy,IT-NO,223.88,291.89,51.24,41.0,entsoe.eu,false,
2021-07-01 06:00:00,Italy,North Italy,IT-NO,224.79,289.9,53.73,45.87,entsoe.eu,false,
2021-07-01 07:00:00,Italy,North Italy,IT-NO,211.13,274.3,56.21,48.41,entsoe.eu,false,
2021-07-01 08:00:00,Italy,North Italy,IT-NO,201.42,263.28,57.96,49.58,entsoe.eu,false,
2021-07-01 09:00:00,Italy,North Italy,IT-NO,196.52,258.31,58.53,49.97,entsoe.eu,false,
2021-07-01 10:00:00,Italy,North Italy,IT-NO,199.98,263.87,57.22,48.93,entsoe.eu,false,
2021-07-01 11:00:00,Italy,North Italy,IT-NO,204.62,269.18,56.51,48.2,entsoe.eu,false,
2021-07-01 12:00:00,Italy,North Italy,IT-NO,213.76,279.72,54.87,46.51,entsoe.eu,false,
2021-07-01 13:00:00,Italy,North Italy,IT-NO,211.97,277.51,55.15,47.11,entsoe.eu,false,
2021-07-01 14:00:00,Italy,North Italy,IT-NO,210.35,274.24,56.0,46.99,entsoe.eu,false,
2021-07-01 15:00:00,Italy,North Italy,IT-NO,225.62,292.93,52.23,44.17,entsoe.eu,false,
2021-07-01 16:00:00,Italy,North Italy,IT-NO,213.13,276.96,55.06,45.67,entsoe.eu,false,
2021-07-01 17:00:00,Italy,North Italy,IT-NO,223.15,289.74,52.09,43.71,entsoe.eu,false,
2021-07-01 18:00:00,Italy,North Italy,IT-NO,231.21,297.74,51.72,43.3,entsoe.eu,false,
2021-07-01 19:00:00,Italy,North Italy,IT-NO,235.28,302.98,50.71,41.98,entsoe.eu,false,
2021-07-01 20:00:00,Italy,North Italy,IT-NO,247.11,319.16,47.03,39.52,entsoe.eu,false,
2021-07-01 21:00:00,Italy,North Italy,IT-NO,238.09,308.99,48.44,38.91,entsoe.eu,false,
2021-07-01 22:00:00,Italy,North Italy,IT-NO,213.06,276.51,55.04,45.76,entsoe.eu,false,
2021-07-01 23:00:00,Italy,North Italy,IT-NO,228.14,295.24,51.17,40.69,entsoe.eu,false,
2021-07-02 00:00:00,Italy,North Italy,IT-NO,232.69,299.66,50.46,38.65,entsoe.eu,false,
2021-07-02 01:00:00,Italy,North Italy,IT-NO,220.29,285.39,53.55,37.65,entsoe.eu,false,
2021-07-02 02:00:00,Italy,North Italy,IT-NO,213.72,276.62,55.47,37.99,entsoe.eu,false,
2021-07-02 03:00:00,Italy,North Italy,IT-NO,213.63,277.38,55.06,38.36,entsoe.eu,false,
2021-07-02 04:00:00,Italy,North Italy,IT-NO,196.81,257.1,58.46,44.71,entsoe.eu,false,
2021-07-02 05:00:00,Italy,North Italy,IT-NO,201.75,262.42,58.14,48.1,entsoe.eu,false,
2021-07-02 06:00:00,Italy,North Italy,IT-NO,201.84,262.06,58.59,50.36,entsoe.eu,false,
2021-07-02 07:00:00,Italy,North Italy,IT-NO,190.99,250.9,59.67,51.37,entsoe.eu,false,
2021-07-02 08:00:00,Italy,North Italy,IT-NO,182.09,240.45,61.72,52.75,entsoe.eu,false,
2021-07-02 09:00:00,Italy,North Italy,IT-NO,180.93,240.75,60.98,52.18,entsoe.eu,false,
2021-07-02 10:00:00,Italy,North Italy,IT-NO,183.6,242.74,61.82,54.35,entsoe.eu,false,
2021-07-02 11:00:00,Italy,North Italy,IT-NO,180.2,238.5,63.0,54.46,entsoe.eu,false,
2021-07-02 12:00:00,Italy,North Italy,IT-NO,185.52,245.72,60.98,52.45,entsoe.eu,false,
2021-07-02 13:00:00,Italy,North Italy,IT-NO,193.85,254.27,60.17,52.13,entsoe.eu,false,
2021-07-02 14:00:00,Italy,North Italy,IT-NO,189.6,248.16,61.57,52.15,entsoe.eu,false,
2021-07-02 15:00:00,Italy,North Italy,IT-NO,195.89,256.12,59.62,50.06,entsoe.eu,false,
2021-07-02 16:00:00,Italy,North Italy,IT-NO,192.66,251.86,59.99,49.3,entsoe.eu,false,
2021-07-02 17:00:00,Italy,North Italy,IT-NO,205.17,264.34,59.26,49.66,entsoe.eu,false,
2021-07-02 18:00:00,Italy,North Italy,IT-NO,204.81,263.15,59.87,49.96,entsoe.eu,false,
2021-07-02 19:00:00,Italy,North Italy,IT-NO,201.01,260.5,58.98,47.79,entsoe.eu,false,
2021-07-02 20:00:00,Italy,North Italy,IT-NO,206.34,269.04,56.37,45.49,entsoe.eu,false,
2021-07-02 21:00:00,Italy,North Italy,IT-NO,206.59,269.41,56.46,45.03,entsoe.eu,false,
2021-07-02 22:00:00,Italy,North Italy,IT-NO,196.16,257.01,58.9,46.37,entsoe.eu,false,
2021-07-02 23:00:00,Italy,North Italy,IT-NO,194.22,253.83,59.62,44.27,entsoe.eu,false,
2021-07-03 00:00:00,Italy,North Italy,IT-NO,187.51,244.14,61.56,44.29,entsoe.eu,false,
2021-07-03 01:00:00,Italy,North Italy,IT-NO,187.81,245.26,60.52,41.57,entsoe.eu,false,
2021-07-03 02:00:00,Italy,North Italy,IT-NO,192.65,251.17,59.37,40.9,entsoe.eu,false,
2021-07-03 03:00:00,Italy,North Italy,IT-NO,194.56,252.61,59.31,40.42,entsoe.eu,false,
2021-07-03 04:00:00,Italy,North Italy,IT-NO,184.59,240.39,62.4,44.85,entsoe.eu,false,
2021-07-03 05:00:00,Italy,North Italy,IT-NO,180.46,236.65,62.64,47.27,entsoe.eu,false,
2021-07-03 06:00:00,Italy,North Italy,IT-NO,166.75,218.93,67.08,53.13,entsoe.eu,false,
2021-07-03 07:00:00,Italy,North Italy,IT-NO,172.07,225.93,66.46,53.52,entsoe.eu,false,
2021-07-03 08:00:00,Italy,North Italy,IT-NO,168.73,222.38,67.1,54.19,entsoe.eu,false,
2021-07-03 09:00:00,Italy,North Italy,IT-NO,166.48,221.98,66.37,54.15,entsoe.eu,false,
2021-07-03 10:00:00,Italy,North Italy,IT-NO,159.42,213.89,68.21,56.19,entsoe.eu,false,
2021-07-03 11:00:00,Italy,North Italy,IT-NO,150.17,203.14,69.9,56.64,entsoe.eu,false,
2021-07-03 12:00:00,Italy,North Italy,IT-NO,151.22,205.08,69.12,55.63,entsoe.eu,false,
2021-07-03 13:00:00,Italy,North Italy,IT-NO,155.97,210.53,67.74,52.45,entsoe.eu,false,
2021-07-03 14:00:00,Italy,North Italy,IT-NO,159.87,215.09,66.08,50.07,entsoe.eu,false,
2021-07-03 15:00:00,Italy,North Italy,IT-NO,167.95,222.91,65.61,50.47,entsoe.eu,false,
2021-07-03 16:00:00,Italy,North Italy,IT-NO,171.1,224.82,65.49,51.38,entsoe.eu,false,
2021-07-03 17:00:00,Italy,North Italy,IT-NO,172.74,225.31,65.95,53.02,entsoe.eu,false,
2021-07-03 18:00:00,Italy,North Italy,IT-NO,173.71,225.98,66.17,54.24,entsoe.eu,false,
2021-07-03 19:00:00,Italy,North Italy,IT-NO,165.86,216.84,67.68,54.33,entsoe.eu,false,
2021-07-03 20:00:00,Italy,North Italy,IT-NO,171.93,226.33,64.81,52.18,entsoe.eu,false,
2021-07-03 21:00:00,Italy,North Italy,IT-NO,177.82,234.5,62.82,48.66,entsoe.eu,false,
2021-07-03 22:00:00,Italy,North Italy,IT-NO,165.41,220.5,65.44,47.24,entsoe.eu,false,
2021-07-03 23:00:00,Italy,North Italy,IT-NO,159.31,211.08,67.53,45.31,entsoe.eu,false,
2021-07-04 00:00:00,Italy,North Italy,IT-NO,165.56,216.2,66.64,41.5,entsoe.eu,false,
2021-07-04 01:00:00,Italy,North Italy,IT-NO,164.5,215.27,66.81,40.51,entsoe.eu,false,
2021-07-04 02:00:00,Italy,North Italy,IT-NO,157.4,207.98,68.53,41.92,entsoe.eu,false,
2021-07-04 03:00:00,Italy,North Italy,IT-NO,150.31,198.67,70.22,43.42,entsoe.eu,false,
2021-07-04 04:00:00,Italy,North Italy,IT-NO,146.91,194.34,70.83,43.69,entsoe.eu,false,
2021-07-04 05:00:00,Italy,North Italy,IT-NO,136.66,183.37,72.76,45.54,entsoe.eu,false,
2021-07-04 06:00:00,Italy,North Italy,IT-NO,141.63,191.45,71.25,50.25,entsoe.eu,false,
2021-07-04 07:00:00,Italy,North Italy,IT-NO,155.13,209.91,66.84,50.55,entsoe.eu,false,
2021-07-04 08:00:00,Italy,North Italy,IT-NO,170.27,227.5,64.19,52.82,entsoe.eu,false,
2021-07-04 09:00:00,Italy,North Italy,IT-NO,170.19,226.58,64.99,54.08,entsoe.eu,false,
2021-07-04 10:00:00,Italy,North Italy,IT-NO,177.26,235.55,63.44,53.39,entsoe.eu,false,
2021-07-04 11:00:00,Italy,North Italy,IT-NO,173.55,230.72,64.19,52.61,entsoe.eu,false,
2021-07-04 12:00:00,Italy,North Italy,IT-NO,170.96,227.9,64.46,52.71,entsoe.eu,false,
2021-07-04 13:00:00,Italy,North Italy,IT-NO,176.45,234.7,62.7,50.29,entsoe.eu,false,
2021-07-04 14:00:00,Italy,North Italy,IT-NO,188.74,249.57,59.93,47.94,entsoe.eu,false,
2021-07-04 15:00:00,Italy,North Italy,IT-NO,178.99,238.41,61.51,47.12,entsoe.eu,false,
2021-07-04 16:00:00,Italy,North Italy,IT-NO,173.96,230.83,63.44,47.73,entsoe.eu,false,
2021-07-04 17:00:00,Italy,North Italy,IT-NO,182.74,239.36,62.77,48.55,entsoe.eu,false,
2021-07-04 18:00:00,Italy,North Italy,IT-NO,188.77,246.56,61.65,49.87,entsoe.eu,false,
2021-07-04 19:00:00,Italy,North Italy,IT-NO,181.73,239.34,62.27,50.53,entsoe.eu,false,
2021-07-04 20:00:00,Italy,North Italy,IT-NO,187.56,248.21,59.53,48.6,entsoe.eu,false,
2021-07-04 21:00:00,Italy,North Italy,IT-NO,190.74,249.56,60.29,47.86,entsoe.eu,false,
2021-07-04 22:00:00,Italy,North Italy,IT-NO,193.53,252.84,59.83,43.99,entsoe.eu,false,
2021-07-04 23:00:00,Italy,North Italy,IT-NO,193.67,251.07,60.37,42.51,entsoe.eu,false,
2021-07-05 00:00:00,Italy,North Italy,IT-NO,187.54,245.52,61.51,42.63,entsoe.eu,false,
2021-07-05 01:00:00,Italy,North Italy,IT-NO,180.02,236.52,62.67,41.55,entsoe.eu,false,
2021-07-05 02:00:00,Italy,North Italy,IT-NO,191.41,248.6,60.2,40.2,entsoe.eu,false,
2021-07-05 03:00:00,Italy,North Italy,IT-NO,206.7,267.54,56.58,39.68,entsoe.eu,false,
2021-07-05 04:00:00,Italy,North Italy,IT-NO,210.04,272.65,54.68,42.03,entsoe.eu,false,
2021-07-05 05:00:00,Italy,North Italy,IT-NO,227.69,294.28,52.35,44.61,entsoe.eu,false,
2021-07-05 06:00:00,Italy,North Italy,IT-NO,203.89,265.66,57.38,48.39,entsoe.eu,false,
2021-07-05 07:00:00,Italy,North Italy,IT-NO,213.04,274.59,57.45,50.75,entsoe.eu,false,
2021-07-05 08:00:00,Italy,North Italy,IT-NO,199.92,262.12,57.64,49.24,entsoe.eu,false,
2021-07-05 09:00:00,Italy,North Italy,IT-NO,203.87,265.56,58.2,49.81,entsoe.eu,false,
2021-07-05 10:00:00,Italy,North Italy,IT-NO,200.18,263.63,57.52,47.84,entsoe.eu,false,
2021-07-05 11:00:00,Italy,North Italy,IT-NO,193.24,254.96,59.51,48.12,entsoe.eu,false,
2021-07-05 12:00:00,Italy,North Italy,IT-NO,196.07,256.64,60.3,47.9,entsoe.eu,false,
2021-07-05 13:00:00,Italy,North Italy,IT-NO,197.63,257.54,60.46,47.53,entsoe.eu,false,
2021-07-05 14:00:00,Italy,North Italy,IT-NO,202.63,263.09,59.52,46.64,entsoe.eu,false,
2021-07-05 15:00:00,Italy,North Italy,IT-NO,214.56,277.32,56.67,45.8,entsoe.eu,false,
2021-07-05 16:00:00,Italy,North Italy,IT-NO,220.89,286.22,53.73,43.47,entsoe.eu,false,
2021-07-05 17:00:00,Italy,North Italy,IT-NO,223.36,287.49,54.08,45.07,entsoe.eu,false,
2021-07-05 18:00:00,Italy,North Italy,IT-NO,217.75,279.31,56.32,46.5,entsoe.eu,false,
2021-07-05 19:00:00,Italy,North Italy,IT-NO,221.08,283.77,55.33,44.14,entsoe.eu,false,
2021-07-05 20:00:00,Italy,North Italy,IT-NO,244.72,314.32,49.22,39.62,entsoe.eu,false,
2021-07-05 21:00:00,Italy,North Italy,IT-NO,242.14,312.07,49.47,37.45,entsoe.eu,false,
2021-07-05 22:00:00,Italy,North Italy,IT-NO,220.02,283.36,54.86,40.01,entsoe.eu,false,
2021-07-05 23:00:00,Italy,North Italy,IT-NO,216.4,279.07,55.77,37.85,entsoe.eu,false,
2021-07-06 00:00:00,Italy,North Italy,IT-NO,213.11,274.94,56.46,36.69,entsoe.eu,false,
2021-07-06 01:00:00,Italy,North Italy,IT-NO,208.81,270.04,57.47,36.98,entsoe.eu,false,
2021-07-06 02:00:00,Italy,North Italy,IT-NO,217.72,281.78,55.09,35.74,entsoe.eu,false,
2021-07-06 03:00:00,Italy,North Italy,IT-NO,218.39,281.66,55.13,35.92,entsoe.eu,false,
2021-07-06 04:00:00,Italy,North Italy,IT-NO,220.48,283.03,55.45,39.91,entsoe.eu,false,
2021-07-06 05:00:00,Italy,North Italy,IT-NO,229.26,292.59,54.49,41.92,entsoe.eu,false,
2021-07-06 06:00:00,Italy,North Italy,IT-NO,219.93,282.0,56.64,45.8,entsoe.eu,false,
2021-07-06 07:00:00,Italy,North Italy,IT-NO,215.67,277.05,57.79,47.48,entsoe.eu,false,
2021-07-06 08:00:00,Italy,North Italy,IT-NO,213.45,274.81,58.17,48.04,entsoe.eu,false,
2021-07-06 09:00:00,Italy,North Italy,IT-NO,211.21,272.63,58.4,48.67,entsoe.eu,false,
2021-07-06 10:00:00,Italy,North Italy,IT-NO,206.98,268.39,58.93,49.15,entsoe.eu,false,
2021-07-06 11:00:00,Italy,North Italy,IT-NO,208.43,270.05,58.3,47.62,entsoe.eu,false,
2021-07-06 12:00:00,Italy,North Italy,IT-NO,221.36,285.68,55.38,44.8,entsoe.eu,false,
2021-07-06 13:00:00,Italy,North Italy,IT-NO,224.53,288.84,55.21,45.02,entsoe.eu,false,
2021-07-06 14:00:00,Italy,North Italy,IT-NO,218.87,281.49,56.43,45.32,entsoe.eu,false,
2021-07-06 15:00:00,Italy,North Italy,IT-NO,223.22,284.73,56.86,45.57,entsoe.eu,false,
2021-07-06 16:00:00,Italy,North Italy,IT-NO,228.51,292.51,54.44,43.64,entsoe.eu,false,
2021-07-06 17:00:00,Italy,North Italy,IT-NO,228.98,291.34,55.37,45.35,entsoe.eu,false,
2021-07-06 18:00:00,Italy,North Italy,IT-NO,231.5,294.51,54.75,44.36,entsoe.eu,false,
2021-07-06 19:00:00,Italy,North Italy,IT-NO,222.13,285.49,54.9,43.07,entsoe.eu,false,
2021-07-06 20:00:00,Italy,North Italy,IT-NO,221.81,286.14,54.46,42.74,entsoe.eu,false,
2021-07-06 21:00:00,Italy,North Italy,IT-NO,228.32,293.89,53.16,40.02,entsoe.eu,false,
2021-07-06 22:00:00,Italy,North Italy,IT-NO,222.51,285.37,54.9,39.25,entsoe.eu,false,
2021-07-06 23:00:00,Italy,North Italy,IT-NO,219.77,281.66,55.83,38.83,entsoe.eu,false,
2021-07-07 00:00:00,Italy,North Italy,IT-NO,226.38,291.18,53.97,36.85,entsoe.eu,false,
2021-07-07 01:00:00,Italy,North Italy,IT-NO,217.38,281.19,55.34,36.23,entsoe.eu,false,
2021-07-07 02:00:00,Italy,North Italy,IT-NO,216.1,279.85,55.43,36.24,entsoe.eu,false,
2021-07-07 03:00:00,Italy,North Italy,IT-NO,223.21,287.41,53.94,35.67,entsoe.eu,false,
2021-07-07 04:00:00,Italy,North Italy,IT-NO,220.0,284.16,54.64,39.34,entsoe.eu,false,
2021-07-07 05:00:00,Italy,North Italy,IT-NO,222.78,287.62,53.81,40.56,entsoe.eu,false,
2021-07-07 06:00:00,Italy,North Italy,IT-NO,216.43,278.26,56.58,45.41,entsoe.eu,false,
2021-07-07 07:00:00,Italy,North Italy,IT-NO,210.18,271.47,57.59,46.89,entsoe.eu,false,
2021-07-07 08:00:00,Italy,North Italy,IT-NO,207.09,268.11,58.14,46.99,entsoe.eu,false,
2021-07-07 09:00:00,Italy,North Italy,IT-NO,203.58,264.27,58.85,48.26,entsoe.eu,false,
2021-07-07 10:00:00,Italy,North Italy,IT-NO,210.72,274.56,56.49,46.77,entsoe.eu,false,
2021-07-07 11:00:00,Italy,North Italy,IT-NO,214.79,279.08,56.01,46.24,entsoe.eu,false,
2021-07-07 12:00:00,Italy,North Italy,IT-NO,214.98,277.79,56.77,47.42,entsoe.eu,false,
2021-07-07 13:00:00,Italy,North Italy,IT-NO,219.67,281.31,57.29,47.25,entsoe.eu,false,
2021-07-07 14:00:00,Italy,North Italy,IT-NO,215.8,276.19,58.13,46.93,entsoe.eu,false,
2021-07-07 15:00:00,Italy,North Italy,IT-NO,218.33,278.75,57.67,46.59,entsoe.eu,false,
2021-07-07 16:00:00,Italy,North Italy,IT-NO,216.07,276.02,57.64,46.37,entsoe.eu,false,
2021-07-07 17:00:00,Italy,North Italy,IT-NO,222.95,284.52,55.92,45.85,entsoe.eu,false,
2021-07-07 18:00:00,Italy,North Italy,IT-NO,232.46,295.12,54.58,44.58,entsoe.eu,false,
2021-07-07 19:00:00,Italy,North Italy,IT-NO,230.15,293.85,53.8,42.17,entsoe.eu,false,
2021-07-07 20:00:00,Italy,North Italy,IT-NO,228.9,292.87,53.96,41.65,entsoe.eu,false,
2021-07-07 21:00:00,Italy,North Italy,IT-NO,209.06,270.32,57.01,42.68,entsoe.eu,false,
2021-07-07 22:00:00,Italy,North Italy,IT-NO,227.65,293.97,52.65,38.94,entsoe.eu,false,
2021-07-07 23:00:00,Italy,North Italy,IT-NO,218.61,284.46,53.41,37.16,entsoe.eu,false,
2021-07-08 00:00:00,Italy,North Italy,IT-NO,220.5,286.7,52.98,36.19,entsoe.eu,false,
2021-07-08 01:00:00,Italy,North Italy,IT-NO,213.31,277.57,55.06,36.21,entsoe.eu,false,
2021-07-08 02:00:00,Italy,North Italy,IT-NO,204.66,267.61,56.79,38.07,entsoe.eu,false,
2021-07-08 03:00:00,Italy,North Italy,IT-NO,210.33,273.35,55.91,37.18,entsoe.eu,false,
2021-07-08 04:00:00,Italy,North Italy,IT-NO,235.68,303.81,50.55,37.44,entsoe.eu,false,
2021-07-08 05:00:00,Italy,North Italy,IT-NO,235.42,303.1,50.74,40.33,entsoe.eu,false,
2021-07-08 06:00:00,Italy,North Italy,IT-NO,224.31,287.84,54.51,43.92,entsoe.eu,false,
2021-07-08 07:00:00,Italy,North Italy,IT-NO,214.61,276.58,56.36,45.43,entsoe.eu,false,
2021-07-08 08:00:00,Italy,North Italy,IT-NO,206.34,267.88,57.29,46.5,entsoe.eu,false,
2021-07-08 09:00:00,Italy,North Italy,IT-NO,206.12,267.16,57.95,47.89,entsoe.eu,false,
2021-07-08 10:00:00,Italy,North Italy,IT-NO,206.28,269.86,56.13,45.47,entsoe.eu,false,
2021-07-08 11:00:00,Italy,North Italy,IT-NO,215.52,281.3,54.06,43.82,entsoe.eu,false,
2021-07-08 12:00:00,Italy,North Italy,IT-NO,222.9,288.42,53.76,43.52,entsoe.eu,false,
2021-07-08 13:00:00,Italy,North Italy,IT-NO,227.13,293.78,52.45,42.61,entsoe.eu,false,
2021-07-08 14:00:00,Italy,North Italy,IT-NO,224.91,290.64,53.12,43.34,entsoe.eu,false,
2021-07-08 15:00:00,Italy,North Italy,IT-NO,223.93,288.4,53.81,43.46,entsoe.eu,false,
2021-07-08 16:00:00,Italy,North Italy,IT-NO,222.78,286.24,54.45,44.63,entsoe.eu,false,
2021-07-08 17:00:00,Italy,North Italy,IT-NO,226.85,289.88,54.46,45.14,entsoe.eu,false,
2021-07-08 18:00:00,Italy,North Italy,IT-NO,223.76,287.38,54.06,43.99,entsoe.eu,false,
2021-07-08 19:00:00,Italy,North Italy,IT-NO,230.82,297.07,51.82,41.89,entsoe.eu,false,
2021-07-08 20:00:00,Italy,North Italy,IT-NO,235.09,303.43,50.23,39.81,entsoe.eu,false,
2021-07-08 21:00:00,Italy,North Italy,IT-NO,231.84,298.48,52.0,41.3,entsoe.eu,false,
2021-07-08 22:00:00,Italy,North Italy,IT-NO,204.54,266.33,57.39,42.68,entsoe.eu,false,
2021-07-08 23:00:00,Italy,North Italy,IT-NO,200.71,260.59,58.95,41.56,entsoe.eu,false,
2021-07-09 00:00:00,Italy,North Italy,IT-NO,203.51,263.94,58.03,39.79,entsoe.eu,false,
2021-07-09 01:00:00,Italy,North Italy,IT-NO,204.05,263.98,58.24,39.11,entsoe.eu,false,
2021-07-09 02:00:00,Italy,North Italy,IT-NO,204.38,264.97,57.7,39.21,entsoe.eu,false,
2021-07-09 03:00:00,Italy,North Italy,IT-NO,213.92,277.1,55.19,38.35,entsoe.eu,false,
2021-07-09 04:00:00,Italy,North Italy,IT-NO,222.18,285.31,54.59,38.96,entsoe.eu,false,
2021-07-09 05:00:00,Italy,North Italy,IT-NO,225.4,290.02,53.69,42.66,entsoe.eu,false,
2021-07-09 06:00:00,Italy,North Italy,IT-NO,200.65,258.0,60.53,49.27,entsoe.eu,false,
2021-07-09 07:00:00,Italy,North Italy,IT-NO,204.53,262.71,59.98,50.8,entsoe.eu,false,
2021-07-09 08:00:00,Italy,North Italy,IT-NO,196.35,254.06,61.25,52.79,entsoe.eu,false,
2021-07-09 09:00:00,Italy,North Italy,IT-NO,185.53,239.87,64.8,55.79,entsoe.eu,false,
2021-07-09 10:00:00,Italy,North Italy,IT-NO,202.9,264.07,59.33,52.38,entsoe.eu,false,
2021-07-09 11:00:00,Italy,North Italy,IT-NO,185.35,245.11,61.56,52.62,entsoe.eu,false,
2021-07-09 12:00:00,Italy,North Italy,IT-NO,187.52,246.57,61.83,52.2,entsoe.eu,false,
2021-07-09 13:00:00,Italy,North Italy,IT-NO,195.44,256.06,59.99,50.4,entsoe.eu,false,
2021-07-09 14:00:00,Italy,North Italy,IT-NO,188.22,245.07,63.07,52.39,entsoe.eu,false,
2021-07-09 15:00:00,Italy,North Italy,IT-NO,178.49,235.52,62.95,51.46,entsoe.eu,false,
2021-07-09 16:00:00,Italy,North Italy,IT-NO,190.16,249.65,59.78,48.69,entsoe.eu,false,
2021-07-09 17:00:00,Italy,North Italy,IT-NO,211.33,271.51,57.89,48.21,entsoe.eu,false,
2021-07-09 18:00:00,Italy,North Italy,IT-NO,223.56,285.94,55.63,46.42,entsoe.eu,false,
2021-07-09 19:00:00,Italy,North Italy,IT-NO,211.36,274.65,55.49,44.72,entsoe.eu,false,
2021-07-09 20:00:00,Italy,North Italy,IT-NO,229.6,296.79,51.87,43.87,entsoe.eu,false,
2021-07-09 21:00:00,Italy,North Italy,IT-NO,228.18,295.41,52.23,42.62,entsoe.eu,false,
2021-07-09 22:00:00,Italy,North Italy,IT-NO,200.5,260.99,58.73,48.43,entsoe.eu,false,
2021-07-09 23:00:00,Italy,North Italy,IT-NO,200.95,262.27,58.21,46.24,entsoe.eu,false,
2021-07-10 00:00:00,Italy,North Italy,IT-NO,203.92,265.04,58.28,45.52,entsoe.eu,false,
2021-07-10 01:00:00,Italy,North Italy,IT-NO,204.39,265.15,58.52,44.82,entsoe.eu,false,
2021-07-10 02:00:00,Italy,North Italy,IT-NO,208.12,269.37,57.5,43.53,entsoe.eu,false,
2021-07-10 03:00:00,Italy,North Italy,IT-NO,202.68,262.7,58.0,43.79,entsoe.eu,false,
2021-07-10 04:00:00,Italy,North Italy,IT-NO,192.95,250.22,60.64,47.1,entsoe.eu,false,
2021-07-10 05:00:00,Italy,North Italy,IT-NO,182.83,237.04,64.41,50.71,entsoe.eu,false,
2021-07-10 06:00:00,Italy,North Italy,IT-NO,169.89,220.27,68.46,56.7,entsoe.eu,false,
2021-07-10 07:00:00,Italy,North Italy,IT-NO,166.6,217.59,68.6,58.19,entsoe.eu,false,
2021-07-10 08:00:00,Italy,North Italy,IT-NO,154.65,204.72,70.61,60.22,entsoe.eu,false,
2021-07-10 09:00:00,Italy,North Italy,IT-NO,152.74,203.6,70.56,60.14,entsoe.eu,false,
2021-07-10 10:00:00,Italy,North Italy,IT-NO,153.48,205.79,69.91,60.83,entsoe.eu,false,
2021-07-10 11:00:00,Italy,North Italy,IT-NO,140.23,191.33,71.73,61.13,entsoe.eu,false,
2021-07-10 12:00:00,Italy,North Italy,IT-NO,138.93,189.23,72.3,60.79,entsoe.eu,false,
2021-07-10 13:00:00,Italy,North Italy,IT-NO,142.58,192.7,72.13,59.99,entsoe.eu,false,
2021-07-10 14:00:00,Italy,North Italy,IT-NO,154.43,206.61,69.49,57.1,entsoe.eu,false,
2021-07-10 15:00:00,Italy,North Italy,IT-NO,159.72,211.28,68.94,55.83,entsoe.eu,false,
2021-07-10 16:00:00,Italy,North Italy,IT-NO,167.5,220.01,66.77,54.8,entsoe.eu,false,
2021-07-10 17:00:00,Italy,North Italy,IT-NO,177.04,230.52,64.83,53.12,entsoe.eu,false,
2021-07-10 18:00:00,Italy,North Italy,IT-NO,191.3,244.22,64.39,54.53,entsoe.eu,false,
2021-07-10 19:00:00,Italy,North Italy,IT-NO,188.27,241.95,63.89,54.68,entsoe.eu,false,
2021-07-10 20:00:00,Italy,North Italy,IT-NO,194.35,249.01,63.05,54.38,entsoe.eu,false,
2021-07-10 21:00:00,Italy,North Italy,IT-NO,188.67,245.23,61.92,52.39,entsoe.eu,false,
2021-07-10 22:00:00,Italy,North Italy,IT-NO,179.89,237.58,62.24,48.38,entsoe.eu,false,
2021-07-10 23:00:00,Italy,North Italy,IT-NO,179.87,236.79,63.07,46.39,entsoe.eu,false,
2021-07-11 00:00:00,Italy,North Italy,IT-NO,174.45,228.04,65.61,47.51,entsoe.eu,false,
2021-07-11 01:00:00,Italy,North Italy,IT-NO,172.38,224.47,65.98,45.71,entsoe.eu,false,
2021-07-11 02:00:00,Italy,North Italy,IT-NO,168.58,220.32,66.23,46.48,entsoe.eu,false,
2021-07-11 03:00:00,Italy,North Italy,IT-NO,176.32,228.06,64.69,45.44,entsoe.eu,false,
2021-07-11 04:00:00,Italy,North Italy,IT-NO,168.2,218.08,66.53,46.06,entsoe.eu,false,
2021-07-11 05:00:00,Italy,North Italy,IT-NO,146.75,194.32,71.14,51.11,entsoe.eu,false,
2021-07-11 06:00:00,Italy,North Italy,IT-NO,115.04,158.54,77.63,59.49,entsoe.eu,false,
2021-07-11 07:00:00,Italy,North Italy,IT-NO,97.86,138.91,81.16,64.12,entsoe.eu,false,
2021-07-11 08:00:00,Italy,North Italy,IT-NO,88.68,127.99,83.11,66.09,entsoe.eu,false,
2021-07-11 09:00:00,Italy,North Italy,IT-NO,91.33,132.05,82.2,66.81,entsoe.eu,false,
2021-07-11 10:00:00,Italy,North Italy,IT-NO,98.05,140.08,81.1,67.21,entsoe.eu,false,
2021-07-11 11:00:00,Italy,North Italy,IT-NO,91.92,132.69,82.63,67.28,entsoe.eu,false,
2021-07-11 12:00:00,Italy,North Italy,IT-NO,90.13,130.85,82.81,67.49,entsoe.eu,false,
2021-07-11 13:00:00,Italy,North Italy,IT-NO,94.07,135.05,82.05,65.1,entsoe.eu,false,
2021-07-11 14:00:00,Italy,North Italy,IT-NO,102.78,144.79,80.74,63.2,entsoe.eu,false,
2021-07-11 15:00:00,Italy,North Italy,IT-NO,116.92,159.43,79.27,61.9,entsoe.eu,false,
2021-07-11 16:00:00,Italy,North Italy,IT-NO,134.05,177.41,76.57,60.75,entsoe.eu,false,
2021-07-11 17:00:00,Italy,North Italy,IT-NO,149.76,197.06,71.74,57.75,entsoe.eu,false,
2021-07-11 18:00:00,Italy,North Italy,IT-NO,173.05,223.69,67.58,55.89,entsoe.eu,false,
2021-07-11 19:00:00,Italy,North Italy,IT-NO,164.1,213.89,68.52,56.26,entsoe.eu,false,
2021-07-11 20:00:00,Italy,North Italy,IT-NO,177.86,229.55,66.49,56.03,entsoe.eu,false,
2021-07-11 21:00:00,Italy,North Italy,IT-NO,187.88,244.85,61.86,52.12,entsoe.eu,false,
2021-07-11 22:00:00,Italy,North Italy,IT-NO,182.94,240.38,62.02,46.43,entsoe.eu,false,
2021-07-11 23:00:00,Italy,North Italy,IT-NO,189.64,247.59,61.25,44.21,entsoe.eu,false,
2021-07-12 00:00:00,Italy,North Italy,IT-NO,181.93,237.13,63.15,45.12,entsoe.eu,false,
2021-07-12 01:00:00,Italy,North Italy,IT-NO,173.94,228.44,64.62,45.6,entsoe.eu,false,
2021-07-12 02:00:00,Italy,North Italy,IT-NO,177.95,233.28,63.69,44.2,entsoe.eu,false,
2021-07-12 03:00:00,Italy,North Italy,IT-NO,192.45,252.27,59.47,41.16,entsoe.eu,false,
2021-07-12 04:00:00,Italy,North Italy,IT-NO,211.3,276.06,54.94,41.52,entsoe.eu,false,
2021-07-12 05:00:00,Italy,North Italy,IT-NO,213.55,276.43,55.7,46.28,entsoe.eu,false,
2021-07-12 06:00:00,Italy,North Italy,IT-NO,208.84,268.48,58.63,50.54,entsoe.eu,false,
2021-07-12 07:00:00,Italy,North Italy,IT-NO,207.03,267.59,58.44,50.72,entsoe.eu,false,
2021-07-12 08:00:00,Italy,North Italy,IT-NO,205.21,266.17,58.62,50.71,entsoe.eu,false,
2021-07-12 09:00:00,Italy,North Italy,IT-NO,206.94,267.23,59.38,51.38,entsoe.eu,false,
2021-07-12 10:00:00,Italy,North Italy,IT-NO,210.49,273.89,57.24,49.44,entsoe.eu,false,
2021-07-12 11:00:00,Italy,North Italy,IT-NO,210.33,275.47,55.79,47.71,entsoe.eu,false,
2021-07-12 12:00:00,Italy,North Italy,IT-NO,212.67,276.24,56.63,49.17,entsoe.eu,false,
2021-07-12 13:00:00,Italy,North Italy,IT-NO,216.76,279.62,56.73,49.06,entsoe.eu,false,
2021-07-12 14:00:00,Italy,North Italy,IT-NO,216.47,278.75,56.76,48.5,entsoe.eu,false,
2021-07-12 15:00:00,Italy,North Italy,IT-NO,214.56,276.21,56.75,48.22,entsoe.eu,false,
2021-07-12 16:00:00,Italy,North Italy,IT-NO,217.29,278.47,56.63,48.16,entsoe.eu,false,
2021-07-12 17:00:00,Italy,North Italy,IT-NO,232.38,295.92,53.93,46.5,entsoe.eu,false,
2021-07-12 18:00:00,Italy,North Italy,IT-NO,225.82,289.69,54.03,45.25,entsoe.eu,false,
2021-07-12 19:00:00,Italy,North Italy,IT-NO,222.32,285.67,54.67,44.84,entsoe.eu,false,
2021-07-12 20:00:00,Italy,North Italy,IT-NO,227.12,293.34,52.62,42.13,entsoe.eu,false,
2021-07-12 21:00:00,Italy,North Italy,IT-NO,225.2,290.67,53.35,42.44,entsoe.eu,false,
2021-07-12 22:00:00,Italy,North Italy,IT-NO,209.75,272.46,56.7,42.74,entsoe.eu,false,
2021-07-12 23:00:00,Italy,North Italy,IT-NO,204.34,266.53,57.56,41.48,entsoe.eu,false,
2021-07-13 00:00:00,Italy,North Italy,IT-NO,204.38,267.3,57.16,40.64,entsoe.eu,false,
2021-07-13 01:00:00,Italy,North Italy,IT-NO,198.46,260.06,58.34,39.92,entsoe.eu,false,
2021-07-13 02:00:00,Italy,North Italy,IT-NO,196.96,258.46,58.38,39.98,entsoe.eu,false,
2021-07-13 03:00:00,Italy,North Italy,IT-NO,202.51,264.85,57.32,39.54,entsoe.eu,false,
2021-07-13 04:00:00,Italy,North Italy,IT-NO,211.6,276.14,54.62,39.01,entsoe.eu,false,
2021-07-13 05:00:00,Italy,North Italy,IT-NO,224.75,292.04,51.72,39.71,entsoe.eu,false,
2021-07-13 06:00:00,Italy,North Italy,IT-NO,210.39,271.67,56.94,46.26,entsoe.eu,false,
2021-07-13 07:00:00,Italy,North Italy,IT-NO,219.24,280.16,56.98,48.12,entsoe.eu,false,
2021-07-13 08:00:00,Italy,North Italy,IT-NO,219.55,281.39,56.37,48.02,entsoe.eu,false,
2021-07-13 09:00:00,Italy,North Italy,IT-NO,224.34,287.12,55.49,47.56,entsoe.eu,false,
2021-07-13 10:00:00,Italy,North Italy,IT-NO,220.22,284.52,54.8,46.61,entsoe.eu,false,
2021-07-13 11:00:00,Italy,North Italy,IT-NO,222.17,286.5,54.6,45.36,entsoe.eu,false,
2021-07-13 12:00:00,Italy,North Italy,IT-NO,217.12,280.55,55.5,45.7,entsoe.eu,false,
2021-07-13 13:00:00,Italy,North Italy,IT-NO,212.79,274.91,56.68,46.26,entsoe.eu,false,
2021-07-13 14:00:00,Italy,North Italy,IT-NO,215.43,278.39,56.0,45.6,entsoe.eu,false,
2021-07-13 15:00:00,Italy,North Italy,IT-NO,216.35,279.39,55.85,45.78,entsoe.eu,false,
2021-07-13 16:00:00,Italy,North Italy,IT-NO,216.32,279.43,55.66,45.65,entsoe.eu,false,
2021-07-13 17:00:00,Italy,North Italy,IT-NO,219.75,283.41,54.9,44.47,entsoe.eu,false,
2021-07-13 18:00:00,Italy,North Italy,IT-NO,230.13,294.93,53.5,43.66,entsoe.eu,false,
2021-07-13 19:00:00,Italy,North Italy,IT-NO,233.29,300.36,51.43,41.02,entsoe.eu,false,
2021-07-13 20:00:00,Italy,North Italy,IT-NO,235.06,304.05,50.31,39.88,entsoe.eu,false,
2021-07-13 21:00:00,Italy,North Italy,IT-NO,229.1,296.58,52.16,39.66,entsoe.eu,false,
2021-07-13 22:00:00,Italy,North Italy,IT-NO,197.36,258.06,58.86,41.67,entsoe.eu,false,
2021-07-13 23:00:00,Italy,North Italy,IT-NO,183.98,241.6,62.02,43.21,entsoe.eu,false,
2021-07-14 00:00:00,Italy,North Italy,IT-NO,177.47,233.52,63.46,43.1,entsoe.eu,false,
2021-07-14 01:00:00,Italy,North Italy,IT-NO,183.71,241.32,62.11,42.27,entsoe.eu,false,
2021-07-14 02:00:00,Italy,North Italy,IT-NO,187.63,246.3,61.12,42.06,entsoe.eu,false,
2021-07-14 03:00:00,Italy,North Italy,IT-NO,196.24,257.02,58.97,41.45,entsoe.eu,false,
2021-07-14 04:00:00,Italy,North Italy,IT-NO,208.07,271.56,55.82,40.94,entsoe.eu,false,
2021-07-14 05:00:00,Italy,North Italy,IT-NO,213.63,277.86,54.82,43.72,entsoe.eu,false,
2021-07-14 06:00:00,Italy,North Italy,IT-NO,211.93,274.3,56.5,46.63,entsoe.eu,false,
2021-07-14 07:00:00,Italy,North Italy,IT-NO,211.78,273.82,56.95,46.97,entsoe.eu,false,
2021-07-14 08:00:00,Italy,North Italy,IT-NO,210.6,272.1,57.72,47.97,entsoe.eu,false,
2021-07-14 09:00:00,Italy,North Italy,IT-NO,186.24,242.66,63.09,51.69,entsoe.eu,false,
2021-07-14 10:00:00,Italy,North Italy,IT-NO,182.89,239.52,63.19,51.3,entsoe.eu,false,
2021-07-14 11:00:00,Italy,North Italy,IT-NO,178.04,234.26,63.89,51.96,entsoe.eu,false,
2021-07-14 12:00:00,Italy,North Italy,IT-NO,185.81,243.53,62.4,50.74,entsoe.eu,false,
2021-07-14 13:00:00,Italy,North Italy,IT-NO,197.26,256.3,60.68,49.13,entsoe.eu,false,
2021-07-14 14:00:00,Italy,North Italy,IT-NO,199.25,258.44,60.42,49.17,entsoe.eu,false,
2021-07-14 15:00:00,Italy,North Italy,IT-NO,197.55,256.24,60.59,49.1,entsoe.eu,false,
2021-07-14 16:00:00,Italy,North Italy,IT-NO,209.07,270.85,57.26,46.46,entsoe.eu,false,
2021-07-14 17:00:00,Italy,North Italy,IT-NO,207.81,268.62,57.7,46.74,entsoe.eu,false,
2021-07-14 18:00:00,Italy,North Italy,IT-NO,208.9,270.24,57.21,46.24,entsoe.eu,false,
2021-07-14 19:00:00,Italy,North Italy,IT-NO,209.33,271.77,56.31,44.76,entsoe.eu,false,
2021-07-14 20:00:00,Italy,North Italy,IT-NO,210.65,275.27,55.16,43.07,entsoe.eu,false,
2021-07-14 21:00:00,Italy,North Italy,IT-NO,207.78,271.04,56.22,41.66,entsoe.eu,false,
2021-07-14 22:00:00,Italy,North Italy,IT-NO,188.72,247.42,61.26,43.86,entsoe.eu,false,
2021-07-14 23:00:00,Italy,North Italy,IT-NO,189.54,248.51,61.35,43.85,entsoe.eu,false,
2021-07-15 00:00:00,Italy,North Italy,IT-NO,185.3,243.2,62.56,44.88,entsoe.eu,false,
2021-07-15 01:00:00,Italy,North Italy,IT-NO,182.72,240.31,63.06,45.59,entsoe.eu,false,
2021-07-15 02:00:00,Italy,North Italy,IT-NO,182.61,240.33,62.85,45.52,entsoe.eu,false,
2021-07-15 03:00:00,Italy,North Italy,IT-NO,186.69,245.31,61.64,44.67,entsoe.eu,false,
2021-07-15 04:00:00,Italy,North Italy,IT-NO,214.0,279.03,54.62,40.85,entsoe.eu,false,
2021-07-15 05:00:00,Italy,North Italy,IT-NO,212.38,275.47,55.89,44.84,entsoe.eu,false,
2021-07-15 06:00:00,Italy,North Italy,IT-NO,207.8,266.8,59.38,49.89,entsoe.eu,false,
2021-07-15 07:00:00,Italy,North Italy,IT-NO,208.38,267.8,59.26,49.64,entsoe.eu,false,
2021-07-15 08:00:00,Italy,North Italy,IT-NO,203.57,262.5,60.02,49.91,entsoe.eu,false,
2021-07-15 09:00:00,Italy,North Italy,IT-NO,198.89,257.57,60.44,50.8,entsoe.eu,false,
2021-07-15 10:00:00,Italy,North Italy,IT-NO,188.89,246.64,62.17,52.02,entsoe.eu,false,
2021-07-15 11:00:00,Italy,North Italy,IT-NO,193.32,252.75,60.83,50.23,entsoe.eu,false,
2021-07-15 12:00:00,Italy,North Italy,IT-NO,203.3,263.96,59.27,49.68,entsoe.eu,false,
2021-07-15 13:00:00,Italy,North Italy,IT-NO,210.21,271.63,58.1,48.18,entsoe.eu,false,
2021-07-15 14:00:00,Italy,North Italy,IT-NO,214.78,276.55,57.44,47.33,entsoe.eu,false,
2021-07-15 15:00:00,Italy,North Italy,IT-NO,216.89,277.94,57.57,47.69,entsoe.eu,false,
2021-07-15 16:00:00,Italy,North Italy,IT-NO,210.68,270.84,58.22,48.7,entsoe.eu,false,
2021-07-15 17:00:00,Italy,North Italy,IT-NO,205.6,263.99,59.55,49.72,entsoe.eu,false,
2021-07-15 18:00:00,Italy,North Italy,IT-NO,208.34,268.66,57.84,48.01,entsoe.eu,false,
2021-07-15 19:00:00,Italy,North Italy,IT-NO,209.57,270.29,57.53,46.43,entsoe.eu,false,
2021-07-15 20:00:00,Italy,North Italy,IT-NO,210.87,274.53,55.74,43.9,entsoe.eu,false,
2021-07-15 21:00:00,Italy,North Italy,IT-NO,208.29,271.6,56.35,42.77,entsoe.eu,false,
2021-07-15 22:00:00,Italy,North Italy,IT-NO,212.11,276.81,55.04,40.23,entsoe.eu,false,
2021-07-15 23:00:00,Italy,North Italy,IT-NO,206.35,269.75,56.39,39.88,entsoe.eu,false,
2021-07-16 00:00:00,Italy,North Italy,IT-NO,199.55,261.01,58.26,40.85,entsoe.eu,false,
2021-07-16 01:00:00,Italy,North Italy,IT-NO,207.11,270.44,56.46,40.58,entsoe.eu,false,
2021-07-16 02:00:00,Italy,North Italy,IT-NO,202.57,264.88,57.53,41.6,entsoe.eu,false,
2021-07-16 03:00:00,Italy,North Italy,IT-NO,205.9,268.92,56.52,40.86,entsoe.eu,false,
2021-07-16 04:00:00,Italy,North Italy,IT-NO,217.91,283.09,53.87,40.83,entsoe.eu,false,
2021-07-16 05:00:00,Italy,North Italy,IT-NO,212.14,273.07,57.11,45.84,entsoe.eu,false,
2021-07-16 06:00:00,Italy,North Italy,IT-NO,202.12,256.65,62.57,52.5,entsoe.eu,false,
2021-07-16 07:00:00,Italy,North Italy,IT-NO,206.57,262.25,61.69,53.14,entsoe.eu,false,
2021-07-16 08:00:00,Italy,North Italy,IT-NO,207.72,264.4,61.25,53.64,entsoe.eu,false,
2021-07-16 09:00:00,Italy,North Italy,IT-NO,202.23,259.69,60.97,52.48,entsoe.eu,false,
2021-07-16 10:00:00,Italy,North Italy,IT-NO,199.51,260.21,59.16,49.98,entsoe.eu,false,
2021-07-16 11:00:00,Italy,North Italy,IT-NO,205.18,267.84,57.56,47.58,entsoe.eu,false,
2021-07-16 12:00:00,Italy,North Italy,IT-NO,206.12,268.63,57.57,48.17,entsoe.eu,false,
2021-07-16 13:00:00,Italy,North Italy,IT-NO,214.79,278.82,55.67,45.35,entsoe.eu,false,
2021-07-16 14:00:00,Italy,North Italy,IT-NO,216.65,280.71,55.43,44.21,entsoe.eu,false,
2021-07-16 15:00:00,Italy,North Italy,IT-NO,217.11,280.85,55.09,44.33,entsoe.eu,false,
2021-07-16 16:00:00,Italy,North Italy,IT-NO,203.47,265.55,56.84,45.58,entsoe.eu,false,
2021-07-16 17:00:00,Italy,North Italy,IT-NO,205.94,267.32,57.3,47.33,entsoe.eu,false,
2021-07-16 18:00:00,Italy,North Italy,IT-NO,208.28,270.28,56.71,46.34,entsoe.eu,false,
2021-07-16 19:00:00,Italy,North Italy,IT-NO,209.03,271.38,56.39,45.68,entsoe.eu,false,
2021-07-16 20:00:00,Italy,North Italy,IT-NO,208.2,271.83,55.8,43.76,entsoe.eu,false,
2021-07-16 21:00:00,Italy,North Italy,IT-NO,211.7,275.92,55.28,42.17,entsoe.eu,false,
2021-07-16 22:00:00,Italy,North Italy,IT-NO,193.84,253.39,59.43,47.92,entsoe.eu,false,
2021-07-16 23:00:00,Italy,North Italy,IT-NO,198.78,260.75,57.32,43.4,entsoe.eu,false,
2021-07-17 00:00:00,Italy,North Italy,IT-NO,199.15,260.95,57.5,41.87,entsoe.eu,false,
2021-07-17 01:00:00,Italy,North Italy,IT-NO,196.56,257.49,58.32,39.27,entsoe.eu,false,
2021-07-17 02:00:00,Italy,North Italy,IT-NO,197.23,258.95,57.93,38.86,entsoe.eu,false,
2021-07-17 03:00:00,Italy,North Italy,IT-NO,201.67,264.84,56.72,38.62,entsoe.eu,false,
2021-07-17 04:00:00,Italy,North Italy,IT-NO,182.61,240.03,61.9,43.95,entsoe.eu,false,
2021-07-17 05:00:00,Italy,North Italy,IT-NO,174.54,230.64,63.37,45.83,entsoe.eu,false,
2021-07-17 06:00:00,Italy,North Italy,IT-NO,167.16,220.3,66.21,50.19,entsoe.eu,false,
2021-07-17 07:00:00,Italy,North Italy,IT-NO,165.07,217.17,67.47,51.98,entsoe.eu,false,
2021-07-17 08:00:00,Italy,North Italy,IT-NO,163.48,215.6,67.56,52.77,entsoe.eu,false,
2021-07-17 09:00:00,Italy,North Italy,IT-NO,153.53,204.93,68.87,54.56,entsoe.eu,false,
2021-07-17 10:00:00,Italy,North Italy,IT-NO,155.91,209.92,67.33,52.21,entsoe.eu,false,
2021-07-17 11:00:00,Italy,North Italy,IT-NO,151.39,204.41,68.17,50.99,entsoe.eu,false,
2021-07-17 12:00:00,Italy,North Italy,IT-NO,145.04,197.14,69.52,52.84,entsoe.eu,false,
2021-07-17 13:00:00,Italy,North Italy,IT-NO,142.34,193.72,70.25,54.21,entsoe.eu,false,
2021-07-17 14:00:00,Italy,North Italy,IT-NO,152.0,204.58,68.6,52.92,entsoe.eu,false,
2021-07-17 15:00:00,Italy,North Italy,IT-NO,162.93,216.69,66.63,51.71,entsoe.eu,false,
2021-07-17 16:00:00,Italy,North Italy,IT-NO,165.01,218.73,66.37,51.4,entsoe.eu,false,
2021-07-17 17:00:00,Italy,North Italy,IT-NO,172.77,227.49,64.79,51.54,entsoe.eu,false,
2021-07-17 18:00:00,Italy,North Italy,IT-NO,183.62,240.94,62.01,50.35,entsoe.eu,false,
2021-07-17 19:00:00,Italy,North Italy,IT-NO,185.58,242.52,62.2,49.93,entsoe.eu,false,
2021-07-17 20:00:00,Italy,North Italy,IT-NO,183.02,241.36,61.4,49.35,entsoe.eu,false,
2021-07-17 21:00:00,Italy,North Italy,IT-NO,177.1,233.41,63.52,50.08,entsoe.eu,false,
2021-07-17 22:00:00,Italy,North Italy,IT-NO,179.77,236.95,62.03,48.54,entsoe.eu,false,
2021-07-17 23:00:00,Italy,North Italy,IT-NO,187.67,247.53,60.07,45.16,entsoe.eu,false,
2021-07-18 00:00:00,Italy,North Italy,IT-NO,192.22,253.36,58.98,43.32,entsoe.eu,false,
2021-07-18 01:00:00,Italy,North Italy,IT-NO,157.31,210.09,67.28,46.48,entsoe.eu,false,
2021-07-18 02:00:00,Italy,North Italy,IT-NO,137.5,185.5,72.1,49.61,entsoe.eu,false,
2021-07-18 03:00:00,Italy,North Italy,IT-NO,133.82,180.8,72.95,50.0,entsoe.eu,false,
2021-07-18 04:00:00,Italy,North Italy,IT-NO,129.98,176.42,73.58,49.74,entsoe.eu,false,
2021-07-18 05:00:00,Italy,North Italy,IT-NO,133.39,181.14,72.78,50.37,entsoe.eu,false,
2021-07-18 06:00:00,Italy,North Italy,IT-NO,119.94,165.1,75.75,54.39,entsoe.eu,false,
2021-07-18 07:00:00,Italy,North Italy,IT-NO,126.47,172.86,75.05,58.11,entsoe.eu,false,
2021-07-18 08:00:00,Italy,North Italy,IT-NO,126.1,171.91,75.74,61.33,entsoe.eu,false,
2021-07-18 09:00:00,Italy,North Italy,IT-NO,110.04,153.77,78.35,64.12,entsoe.eu,false,
2021-07-18 10:00:00,Italy,North Italy,IT-NO,109.62,154.88,78.0,66.5,entsoe.eu,false,
2021-07-18 11:00:00,Italy,North Italy,IT-NO,104.15,148.75,79.25,67.37,entsoe.eu,false,
2021-07-18 12:00:00,Italy,North Italy,IT-NO,112.57,159.12,77.27,65.28,entsoe.eu,false,
2021-07-18 13:00:00,Italy,North Italy,IT-NO,119.44,167.33,75.78,62.96,entsoe.eu,false,
2021-07-18 14:00:00,Italy,North Italy,IT-NO,136.7,187.03,72.21,58.81,entsoe.eu,false,
2021-07-18 15:00:00,Italy,North Italy,IT-NO,138.55,184.44,74.8,61.15,entsoe.eu,false,
2021-07-18 16:00:00,Italy,North Italy,IT-NO,144.03,192.59,71.45,55.04,entsoe.eu,false,
2021-07-18 17:00:00,Italy,North Italy,IT-NO,159.83,211.06,68.04,53.88,entsoe.eu,false,
2021-07-18 18:00:00,Italy,North Italy,IT-NO,173.15,226.44,65.37,51.92,entsoe.eu,false,
2021-07-18 19:00:00,Italy,North Italy,IT-NO,204.97,263.73,60.24,55.24,entsoe.eu,false,
2021-07-18 20:00:00,Italy,North Italy,IT-NO,190.5,246.42,62.87,51.9,entsoe.eu,false,
2021-07-18 21:00:00,Italy,North Italy,IT-NO,183.56,240.48,62.58,50.73,entsoe.eu,false,
2021-07-18 22:00:00,Italy,North Italy,IT-NO,159.62,209.95,68.55,50.08,entsoe.eu,false,
2021-07-18 23:00:00,Italy,North Italy,IT-NO,155.49,203.99,69.18,48.98,entsoe.eu,false,
2021-07-19 00:00:00,Italy,North Italy,IT-NO,159.86,209.59,68.19,47.33,entsoe.eu,false,
2021-07-19 01:00:00,Italy,North Italy,IT-NO,165.64,217.91,66.48,46.17,entsoe.eu,false,
2021-07-19 02:00:00,Italy,North Italy,IT-NO,168.75,222.06,65.87,45.49,entsoe.eu,false,
2021-07-19 03:00:00,Italy,North Italy,IT-NO,181.64,238.79,62.18,42.96,entsoe.eu,false,
2021-07-19 04:00:00,Italy,North Italy,IT-NO,215.73,279.79,55.15,42.8,entsoe.eu,false,
2021-07-19 05:00:00,Italy,North Italy,IT-NO,223.24,287.79,54.36,45.2,entsoe.eu,false,
2021-07-19 06:00:00,Italy,North Italy,IT-NO,204.98,265.12,58.71,49.53,entsoe.eu,false,
2021-07-19 07:00:00,Italy,North Italy,IT-NO,202.53,262.37,59.52,52.13,entsoe.eu,false,
2021-07-19 08:00:00,Italy,North Italy,IT-NO,201.52,263.39,58.2,51.36,entsoe.eu,false,
2021-07-19 09:00:00,Italy,North Italy,IT-NO,199.63,262.14,58.05,51.06,entsoe.eu,false,
2021-07-19 10:00:00,Italy,North Italy,IT-NO,200.08,262.96,58.38,50.77,entsoe.eu,false,
2021-07-19 11:00:00,Italy,North Italy,IT-NO,207.49,271.31,57.14,48.78,entsoe.eu,false,
2021-07-19 12:00:00,Italy,North Italy,IT-NO,208.98,272.8,56.96,48.85,entsoe.eu,false,
2021-07-19 13:00:00,Italy,North Italy,IT-NO,212.13,275.95,56.65,47.78,entsoe.eu,false,
2021-07-19 14:00:00,Italy,North Italy,IT-NO,219.83,285.03,55.15,46.25,entsoe.eu,false,
2021-07-19 15:00:00,Italy,North Italy,IT-NO,222.49,287.07,55.04,46.54,entsoe.eu,false,
2021-07-19 16:00:00,Italy,North Italy,IT-NO,223.11,286.56,55.3,46.51,entsoe.eu,false,
2021-07-19 17:00:00,Italy,North Italy,IT-NO,230.28,294.29,54.29,45.93,entsoe.eu,false,
2021-07-19 18:00:00,Italy,North Italy,IT-NO,242.15,308.52,51.87,44.09,entsoe.eu,false,
2021-07-19 19:00:00,Italy,North Italy,IT-NO,245.53,313.61,50.38,42.53,entsoe.eu,false,
2021-07-19 20:00:00,Italy,North Italy,IT-NO,256.73,328.95,46.86,40.76,entsoe.eu,false,
2021-07-19 21:00:00,Italy,North Italy,IT-NO,244.21,315.13,48.61,39.22,entsoe.eu,false,
2021-07-19 22:00:00,Italy,North Italy,IT-NO,225.18,291.48,53.52,42.03,entsoe.eu,false,
2021-07-19 23:00:00,Italy,North Italy,IT-NO,229.95,298.08,51.94,37.63,entsoe.eu,false,
2021-07-20 00:00:00,Italy,North Italy,IT-NO,228.62,296.57,51.68,36.61,entsoe.eu,false,
2021-07-20 01:00:00,Italy,North Italy,IT-NO,230.42,299.06,51.08,35.12,entsoe.eu,false,
2021-07-20 02:00:00,Italy,North Italy,IT-NO,233.2,302.97,50.31,34.69,entsoe.eu,false,
2021-07-20 03:00:00,Italy,North Italy,IT-NO,231.95,300.92,51.04,35.91,entsoe.eu,false,
2021-07-20 04:00:00,Italy,North Italy,IT-NO,223.18,288.18,54.06,42.34,entsoe.eu,false,
2021-07-20 05:00:00,Italy,North Italy,IT-NO,229.29,293.56,54.18,44.9,entsoe.eu,false,
2021-07-20 06:00:00,Italy,North Italy,IT-NO,224.41,286.66,56.12,47.77,entsoe.eu,false,
2021-07-20 07:00:00,Italy,North Italy,IT-NO,217.11,279.92,56.4,48.98,entsoe.eu,false,
2021-07-20 08:00:00,Italy,North Italy,IT-NO,216.56,279.63,56.73,49.43,entsoe.eu,false,
2021-07-20 09:00:00,Italy,North Italy,IT-NO,219.71,281.94,57.69,50.23,entsoe.eu,false,
2021-07-20 10:00:00,Italy,North Italy,IT-NO,214.43,278.97,56.67,49.71,entsoe.eu,false,
2021-07-20 11:00:00,Italy,North Italy,IT-NO,213.56,277.62,56.97,49.6,entsoe.eu,false,
2021-07-20 12:00:00,Italy,North Italy,IT-NO,219.38,284.14,56.0,48.75,entsoe.eu,false,
2021-07-20 13:00:00,Italy,North Italy,IT-NO,230.13,296.32,54.14,47.84,entsoe.eu,false,
2021-07-20 14:00:00,Italy,North Italy,IT-NO,233.2,299.68,53.57,46.63,entsoe.eu,false,
2021-07-20 15:00:00,Italy,North Italy,IT-NO,238.01,304.17,53.08,46.14,entsoe.eu,false,
2021-07-20 16:00:00,Italy,North Italy,IT-NO,242.97,309.73,51.85,45.66,entsoe.eu,false,
2021-07-20 17:00:00,Italy,North Italy,IT-NO,253.51,320.3,51.08,44.78,entsoe.eu,false,
2021-07-20 18:00:00,Italy,North Italy,IT-NO,253.66,323.05,48.93,41.79,entsoe.eu,false,
2021-07-20 19:00:00,Italy,North Italy,IT-NO,253.43,324.73,47.45,40.28,entsoe.eu,false,
2021-07-20 20:00:00,Italy,North Italy,IT-NO,247.03,319.32,47.19,40.19,entsoe.eu,false,
2021-07-20 21:00:00,Italy,North Italy,IT-NO,246.87,317.77,48.41,39.07,entsoe.eu,false,
2021-07-20 22:00:00,Italy,North Italy,IT-NO,229.64,295.89,52.66,39.16,entsoe.eu,false,
2021-07-20 23:00:00,Italy,North Italy,IT-NO,228.27,293.77,53.19,36.95,entsoe.eu,false,
2021-07-21 00:00:00,Italy,North Italy,IT-NO,230.5,295.86,52.74,35.32,entsoe.eu,false,
2021-07-21 01:00:00,Italy,North Italy,IT-NO,230.63,295.74,52.63,35.21,entsoe.eu,false,
2021-07-21 02:00:00,Italy,North Italy,IT-NO,225.62,290.0,53.47,35.67,entsoe.eu,false,
2021-07-21 03:00:00,Italy,North Italy,IT-NO,230.21,294.72,52.41,35.1,entsoe.eu,false,
2021-07-21 04:00:00,Italy,North Italy,IT-NO,234.48,300.87,50.98,37.71,entsoe.eu,false,
2021-07-21 05:00:00,Italy,North Italy,IT-NO,234.7,300.93,52.04,42.45,entsoe.eu,false,
2021-07-21 06:00:00,Italy,North Italy,IT-NO,229.74,295.36,53.16,44.72,entsoe.eu,false,
2021-07-21 07:00:00,Italy,North Italy,IT-NO,222.12,285.8,55.56,47.71,entsoe.eu,false,
2021-07-21 08:00:00,Italy,North Italy,IT-NO,222.35,288.09,54.52,46.18,entsoe.eu,false,
2021-07-21 09:00:00,Italy,North Italy,IT-NO,225.99,293.74,53.16,45.58,entsoe.eu,false,
2021-07-21 10:00:00,Italy,North Italy,IT-NO,229.29,298.52,52.39,44.48,entsoe.eu,false,
2021-07-21 11:00:00,Italy,North Italy,IT-NO,226.37,294.81,53.21,44.77,entsoe.eu,false,
2021-07-21 12:00:00,Italy,North Italy,IT-NO,226.6,294.78,53.05,44.93,entsoe.eu,false,
2021-07-21 13:00:00,Italy,North Italy,IT-NO,229.58,299.28,51.48,43.25,entsoe.eu,false,
2021-07-21 14:00:00,Italy,North Italy,IT-NO,227.78,296.01,52.26,44.31,entsoe.eu,false,
2021-07-21 15:00:00,Italy,North Italy,IT-NO,236.59,305.45,50.86,42.61,entsoe.eu,false,
2021-07-21 16:00:00,Italy,North Italy,IT-NO,240.52,308.78,50.6,42.69,entsoe.eu,false,
2021-07-21 17:00:00,Italy,North Italy,IT-NO,241.66,308.73,51.07,42.59,entsoe.eu,false,
2021-07-21 18:00:00,Italy,North Italy,IT-NO,246.83,315.06,49.85,41.41,entsoe.eu,false,
2021-07-21 19:00:00,Italy,North Italy,IT-NO,255.52,326.31,47.51,40.12,entsoe.eu,false,
2021-07-21 20:00:00,Italy,North Italy,IT-NO,270.01,345.89,43.06,37.5,entsoe.eu,false,
2021-07-21 21:00:00,Italy,North Italy,IT-NO,251.14,322.2,46.73,37.59,entsoe.eu,false,
2021-07-21 22:00:00,Italy,North Italy,IT-NO,240.34,308.33,49.84,37.9,entsoe.eu,false,
2021-07-21 23:00:00,Italy,North Italy,IT-NO,248.72,318.71,47.93,34.52,entsoe.eu,false,
2021-07-22 00:00:00,Italy,North Italy,IT-NO,244.4,312.4,49.22,34.9,entsoe.eu,false,
2021-07-22 01:00:00,Italy,North Italy,IT-NO,237.47,303.78,50.94,34.12,entsoe.eu,false,
2021-07-22 02:00:00,Italy,North Italy,IT-NO,237.31,304.67,50.49,33.71,entsoe.eu,false,
2021-07-22 03:00:00,Italy,North Italy,IT-NO,236.74,302.0,51.07,34.2,entsoe.eu,false,
2021-07-22 04:00:00,Italy,North Italy,IT-NO,231.23,295.77,52.0,38.9,entsoe.eu,false,
2021-07-22 05:00:00,Italy,North Italy,IT-NO,246.15,314.14,49.79,41.44,entsoe.eu,false,
2021-07-22 06:00:00,Italy,North Italy,IT-NO,233.83,299.65,52.32,44.09,entsoe.eu,false,
2021-07-22 07:00:00,Italy,North Italy,IT-NO,229.49,294.66,53.1,45.92,entsoe.eu,false,
2021-07-22 08:00:00,Italy,North Italy,IT-NO,228.82,295.41,52.78,45.82,entsoe.eu,false,
2021-07-22 09:00:00,Italy,North Italy,IT-NO,219.62,286.12,53.83,46.73,entsoe.eu,false,
2021-07-22 10:00:00,Italy,North Italy,IT-NO,218.65,286.09,54.23,46.47,entsoe.eu,false,
2021-07-22 11:00:00,Italy,North Italy,IT-NO,212.14,278.14,55.89,47.46,entsoe.eu,false,
2021-07-22 12:00:00,Italy,North Italy,IT-NO,221.15,288.92,53.87,45.94,entsoe.eu,false,
2021-07-22 13:00:00,Italy,North Italy,IT-NO,226.92,295.42,52.5,44.65,entsoe.eu,false,
2021-07-22 14:00:00,Italy,North Italy,IT-NO,223.66,290.63,53.5,46.26,entsoe.eu,false,
2021-07-22 15:00:00,Italy,North Italy,IT-NO,224.44,291.29,52.69,44.84,entsoe.eu,false,
2021-07-22 16:00:00,Italy,North Italy,IT-NO,225.66,292.01,52.46,44.45,entsoe.eu,false,
2021-07-22 17:00:00,Italy,North Italy,IT-NO,234.0,299.33,52.64,44.37,entsoe.eu,false,
2021-07-22 18:00:00,Italy,North Italy,IT-NO,231.63,296.78,52.96,43.87,entsoe.eu,false,
2021-07-22 19:00:00,Italy,North Italy,IT-NO,239.24,306.68,50.84,42.62,entsoe.eu,false,
2021-07-22 20:00:00,Italy,North Italy,IT-NO,241.34,311.6,48.93,40.44,entsoe.eu,false,
2021-07-22 21:00:00,Italy,North Italy,IT-NO,243.02,312.68,49.07,39.55,entsoe.eu,false,
2021-07-22 22:00:00,Italy,North Italy,IT-NO,245.71,316.13,48.29,37.02,entsoe.eu,false,
2021-07-22 23:00:00,Italy,North Italy,IT-NO,243.68,313.5,48.78,35.79,entsoe.eu,false,
2021-07-23 00:00:00,Italy,North Italy,IT-NO,239.28,307.13,49.96,35.67,entsoe.eu,false,
2021-07-23 01:00:00,Italy,North Italy,IT-NO,235.18,301.93,50.63,35.78,entsoe.eu,false,
2021-07-23 02:00:00,Italy,North Italy,IT-NO,231.81,299.16,51.2,36.06,entsoe.eu,false,
2021-07-23 03:00:00,Italy,North Italy,IT-NO,234.65,301.39,50.56,35.9,entsoe.eu,false,
2021-07-23 04:00:00,Italy,North Italy,IT-NO,229.8,295.08,52.09,39.73,entsoe.eu,false,
2021-07-23 05:00:00,Italy,North Italy,IT-NO,229.62,295.11,52.84,43.26,entsoe.eu,false,
2021-07-23 06:00:00,Italy,North Italy,IT-NO,227.54,291.47,54.53,46.79,entsoe.eu,false,
2021-07-23 07:00:00,Italy,North Italy,IT-NO,222.63,286.22,55.37,48.75,entsoe.eu,false,
2021-07-23 08:00:00,Italy,North Italy,IT-NO,215.31,278.81,55.96,49.41,entsoe.eu,false,
2021-07-23 09:00:00,Italy,North Italy,IT-NO,214.12,278.9,55.7,48.78,entsoe.eu,false,
2021-07-23 10:00:00,Italy,North Italy,IT-NO,218.92,285.42,54.87,46.91,entsoe.eu,false,
2021-07-23 11:00:00,Italy,North Italy,IT-NO,224.88,292.08,53.76,44.86,entsoe.eu,false,
2021-07-23 12:00:00,Italy,North Italy,IT-NO,226.96,295.42,52.97,45.28,entsoe.eu,false,
2021-07-23 13:00:00,Italy,North Italy,IT-NO,229.78,297.77,52.66,44.13,entsoe.eu,false,
2021-07-23 14:00:00,Italy,North Italy,IT-NO,227.39,293.39,53.73,44.98,entsoe.eu,false,
2021-07-23 15:00:00,Italy,North Italy,IT-NO,229.88,295.54,53.48,44.15,entsoe.eu,false,
2021-07-23 16:00:00,Italy,North Italy,IT-NO,233.37,298.51,53.12,44.32,entsoe.eu,false,
2021-07-23 17:00:00,Italy,North Italy,IT-NO,238.38,303.93,52.42,44.32,entsoe.eu,false,
2021-07-23 18:00:00,Italy,North Italy,IT-NO,238.69,304.21,52.48,44.61,entsoe.eu,false,
2021-07-23 19:00:00,Italy,North Italy,IT-NO,242.32,310.69,50.18,41.29,entsoe.eu,false,
2021-07-23 20:00:00,Italy,North Italy,IT-NO,233.88,301.59,51.33,41.83,entsoe.eu,false,
2021-07-23 21:00:00,Italy,North Italy,IT-NO,222.23,286.52,54.67,44.12,entsoe.eu,false,
2021-07-23 22:00:00,Italy,North Italy,IT-NO,189.72,247.32,61.27,48.28,entsoe.eu,false,
2021-07-23 23:00:00,Italy,North Italy,IT-NO,184.3,242.13,61.65,45.57,entsoe.eu,false,
2021-07-24 00:00:00,Italy,North Italy,IT-NO,193.62,252.83,60.13,41.69,entsoe.eu,false,
2021-07-24 01:00:00,Italy,North Italy,IT-NO,200.2,261.41,58.48,39.05,entsoe.eu,false,
2021-07-24 02:00:00,Italy,North Italy,IT-NO,195.51,256.78,58.65,39.47,entsoe.eu,false,
2021-07-24 03:00:00,Italy,North Italy,IT-NO,198.06,259.81,57.7,38.83,entsoe.eu,false,
2021-07-24 04:00:00,Italy,North Italy,IT-NO,177.42,234.6,61.98,44.01,entsoe.eu,false,
2021-07-24 05:00:00,Italy,North Italy,IT-NO,171.04,226.37,64.05,47.86,entsoe.eu,false,
2021-07-24 06:00:00,Italy,North Italy,IT-NO,163.86,216.87,66.57,53.0,entsoe.eu,false,
2021-07-24 07:00:00,Italy,North Italy,IT-NO,158.39,210.9,67.3,54.79,entsoe.eu,false,
2021-07-24 08:00:00,Italy,North Italy,IT-NO,153.0,204.8,68.57,56.38,entsoe.eu,false,
2021-07-24 09:00:00,Italy,North Italy,IT-NO,149.81,202.94,68.17,56.02,entsoe.eu,false,
2021-07-24 10:00:00,Italy,North Italy,IT-NO,149.34,201.16,69.56,57.11,entsoe.eu,false,
2021-07-24 11:00:00,Italy,North Italy,IT-NO,157.14,212.05,66.93,53.06,entsoe.eu,false,
2021-07-24 12:00:00,Italy,North Italy,IT-NO,161.6,218.04,65.67,51.56,entsoe.eu,false,
2021-07-24 13:00:00,Italy,North Italy,IT-NO,165.66,222.48,64.65,50.67,entsoe.eu,false,
2021-07-24 14:00:00,Italy,North Italy,IT-NO,168.37,224.08,64.84,51.05,entsoe.eu,false,
2021-07-24 15:00:00,Italy,North Italy,IT-NO,173.96,230.92,63.28,50.25,entsoe.eu,false,
2021-07-24 16:00:00,Italy,North Italy,IT-NO,177.1,232.73,63.44,51.42,entsoe.eu,false,
2021-07-24 17:00:00,Italy,North Italy,IT-NO,177.47,232.25,63.83,52.95,entsoe.eu,false,
2021-07-24 18:00:00,Italy,North Italy,IT-NO,181.11,237.96,62.08,50.72,entsoe.eu,false,
2021-07-24 19:00:00,Italy,North Italy,IT-NO,192.91,252.57,59.53,48.15,entsoe.eu,false,
2021-07-24 20:00:00,Italy,North Italy,IT-NO,180.92,238.31,61.96,49.52,entsoe.eu,false,
2021-07-24 21:00:00,Italy,North Italy,IT-NO,176.04,232.93,63.15,49.4,entsoe.eu,false,
2021-07-24 22:00:00,Italy,North Italy,IT-NO,184.11,241.46,62.43,45.97,entsoe.eu,false,
2021-07-24 23:00:00,Italy,North Italy,IT-NO,179.93,237.6,62.61,42.32,entsoe.eu,false,
2021-07-25 00:00:00,Italy,North Italy,IT-NO,181.28,239.6,62.28,41.29,entsoe.eu,false,
2021-07-25 01:00:00,Italy,North Italy,IT-NO,179.82,238.31,62.2,40.46,entsoe.eu,false,
2021-07-25 02:00:00,Italy,North Italy,IT-NO,179.01,237.95,61.84,40.08,entsoe.eu,false,
2021-07-25 03:00:00,Italy,North Italy,IT-NO,178.63,235.53,62.28,40.69,entsoe.eu,false,
2021-07-25 04:00:00,Italy,North Italy,IT-NO,171.62,227.22,63.91,42.13,entsoe.eu,false,
2021-07-25 05:00:00,Italy,North Italy,IT-NO,161.96,214.09,66.98,45.55,entsoe.eu,false,
2021-07-25 06:00:00,Italy,North Italy,IT-NO,152.05,204.7,67.81,47.42,entsoe.eu,false,
2021-07-25 07:00:00,Italy,North Italy,IT-NO,147.36,199.52,69.1,50.86,entsoe.eu,false,
2021-07-25 08:00:00,Italy,North Italy,IT-NO,141.07,192.88,70.02,52.9,entsoe.eu,false,
2021-07-25 09:00:00,Italy,North Italy,IT-NO,138.7,190.41,70.42,53.33,entsoe.eu,false,
2021-07-25 10:00:00,Italy,North Italy,IT-NO,160.13,216.87,65.31,50.06,entsoe.eu,false,
2021-07-25 11:00:00,Italy,North Italy,IT-NO,156.33,212.56,65.97,51.05,entsoe.eu,false,
2021-07-25 12:00:00,Italy,North Italy,IT-NO,150.27,205.46,67.06,53.28,entsoe.eu,false,
2021-07-25 13:00:00,Italy,North Italy,IT-NO,156.1,212.16,65.71,52.53,entsoe.eu,false,
2021-07-25 14:00:00,Italy,North Italy,IT-NO,163.3,220.61,64.49,50.36,entsoe.eu,false,
2021-07-25 15:00:00,Italy,North Italy,IT-NO,169.9,227.93,63.23,48.77,entsoe.eu,false,
2021-07-25 16:00:00,Italy,North Italy,IT-NO,173.66,231.62,62.74,48.36,entsoe.eu,false,
2021-07-25 17:00:00,Italy,North Italy,IT-NO,182.46,240.36,61.51,49.37,entsoe.eu,false,
2021-07-25 18:00:00,Italy,North Italy,IT-NO,188.14,245.97,61.35,50.44,entsoe.eu,false,
2021-07-25 19:00:00,Italy,North Italy,IT-NO,182.14,237.86,63.05,51.54,entsoe.eu,false,
2021-07-25 20:00:00,Italy,North Italy,IT-NO,184.01,243.06,60.47,48.54,entsoe.eu,false,
2021-07-25 21:00:00,Italy,North Italy,IT-NO,199.75,263.06,56.93,44.59,entsoe.eu,false,
2021-07-25 22:00:00,Italy,North Italy,IT-NO,182.19,241.18,61.37,43.82,entsoe.eu,false,
2021-07-25 23:00:00,Italy,North Italy,IT-NO,175.57,232.56,62.95,43.1,entsoe.eu,false,
2021-07-26 00:00:00,Italy,North Italy,IT-NO,177.1,233.28,62.89,42.09,entsoe.eu,false,
2021-07-26 01:00:00,Italy,North Italy,IT-NO,177.93,233.71,62.91,40.93,entsoe.eu,false,
2021-07-26 02:00:00,Italy,North Italy,IT-NO,179.39,236.1,62.42,41.55,entsoe.eu,false,
2021-07-26 03:00:00,Italy,North Italy,IT-NO,194.43,254.69,58.93,39.92,entsoe.eu,false,
2021-07-26 04:00:00,Italy,North Italy,IT-NO,198.26,258.59,57.97,42.92,entsoe.eu,false,
2021-07-26 05:00:00,Italy,North Italy,IT-NO,204.39,265.34,57.59,46.47,entsoe.eu,false,
2021-07-26 06:00:00,Italy,North Italy,IT-NO,212.91,275.56,56.09,47.46,entsoe.eu,false,
2021-07-26 07:00:00,Italy,North Italy,IT-NO,213.8,277.04,55.77,47.82,entsoe.eu,false,
2021-07-26 08:00:00,Italy,North Italy,IT-NO,229.02,296.44,52.26,49.14,entsoe.eu,false,
2021-07-26 09:00:00,Italy,North Italy,IT-NO,211.68,276.24,55.17,47.45,entsoe.eu,false,
2021-07-26 10:00:00,Italy,North Italy,IT-NO,207.47,270.49,56.95,49.37,entsoe.eu,false,
2021-07-26 11:00:00,Italy,North Italy,IT-NO,200.75,262.8,58.08,49.28,entsoe.eu,false,
2021-07-26 12:00:00,Italy,North Italy,IT-NO,203.42,265.01,58.13,48.82,entsoe.eu,false,
2021-07-26 13:00:00,Italy,North Italy,IT-NO,213.07,275.1,57.07,48.01,entsoe.eu,false,
2021-07-26 14:00:00,Italy,North Italy,IT-NO,216.81,277.82,57.59,48.73,entsoe.eu,false,
2021-07-26 15:00:00,Italy,North Italy,IT-NO,210.83,273.32,56.39,47.57,entsoe.eu,false,
2021-07-26 16:00:00,Italy,North Italy,IT-NO,202.21,262.13,58.68,48.99,entsoe.eu,false,
2021-07-26 17:00:00,Italy,North Italy,IT-NO,203.17,263.38,58.25,48.09,entsoe.eu,false,
2021-07-26 18:00:00,Italy,North Italy,IT-NO,205.3,266.89,56.9,46.89,entsoe.eu,false,
2021-07-26 19:00:00,Italy,North Italy,IT-NO,210.52,273.8,55.34,46.21,entsoe.eu,false,
2021-07-26 20:00:00,Italy,North Italy,IT-NO,217.83,283.31,53.66,44.09,entsoe.eu,false,
2021-07-26 21:00:00,Italy,North Italy,IT-NO,224.08,292.06,51.6,41.06,entsoe.eu,false,
2021-07-26 22:00:00,Italy,North Italy,IT-NO,218.84,286.83,52.28,38.41,entsoe.eu,false,
2021-07-26 23:00:00,Italy,North Italy,IT-NO,205.33,269.8,55.66,39.71,entsoe.eu,false,
2021-07-27 00:00:00,Italy,North Italy,IT-NO,198.56,261.47,57.25,39.37,entsoe.eu,false,
2021-07-27 01:00:00,Italy,North Italy,IT-NO,195.55,257.55,58.15,39.01,entsoe.eu,false,
2021-07-27 02:00:00,Italy,North Italy,IT-NO,201.99,265.67,56.49,37.46,entsoe.eu,false,
2021-07-27 03:00:00,Italy,North Italy,IT-NO,207.26,272.0,55.21,37.33,entsoe.eu,false,
2021-07-27 04:00:00,Italy,North Italy,IT-NO,209.25,274.84,54.15,40.09,entsoe.eu,false,
2021-07-27 05:00:00,Italy,North Italy,IT-NO,218.84,283.92,53.78,44.16,entsoe.eu,false,
2021-07-27 06:00:00,Italy,North Italy,IT-NO,208.6,269.43,57.64,48.25,entsoe.eu,false,
2021-07-27 07:00:00,Italy,North Italy,IT-NO,215.8,276.74,57.62,50.21,entsoe.eu,false,
2021-07-27 08:00:00,Italy,North Italy,IT-NO,221.3,285.02,55.4,48.66,entsoe.eu,false,
2021-07-27 09:00:00,Italy,North Italy,IT-NO,221.54,285.59,55.29,49.07,entsoe.eu,false,
2021-07-27 10:00:00,Italy,North Italy,IT-NO,214.67,279.51,55.31,48.27,entsoe.eu,false,
2021-07-27 11:00:00,Italy,North Italy,IT-NO,212.7,278.67,54.52,46.64,entsoe.eu,false,
2021-07-27 12:00:00,Italy,North Italy,IT-NO,213.87,279.8,54.31,46.34,entsoe.eu,false,
2021-07-27 13:00:00,Italy,North Italy,IT-NO,219.15,283.4,55.1,47.42,entsoe.eu,false,
2021-07-27 14:00:00,Italy,North Italy,IT-NO,224.84,289.15,54.56,47.37,entsoe.eu,false,
2021-07-27 15:00:00,Italy,North Italy,IT-NO,230.24,294.93,53.76,46.61,entsoe.eu,false,
2021-07-27 16:00:00,Italy,North Italy,IT-NO,222.94,284.65,56.27,48.11,entsoe.eu,false,
2021-07-27 17:00:00,Italy,North Italy,IT-NO,217.84,278.05,57.6,49.5,entsoe.eu,false,
2021-07-27 18:00:00,Italy,North Italy,IT-NO,235.05,302.49,51.58,48.94,entsoe.eu,false,
2021-07-27 19:00:00,Italy,North Italy,IT-NO,216.56,280.29,54.79,45.86,entsoe.eu,false,
2021-07-27 20:00:00,Italy,North Italy,IT-NO,221.22,287.54,52.98,43.65,entsoe.eu,false,
2021-07-27 21:00:00,Italy,North Italy,IT-NO,228.62,297.0,51.24,41.56,entsoe.eu,false,
2021-07-27 22:00:00,Italy,North Italy,IT-NO,205.43,270.08,55.29,40.17,entsoe.eu,false,
2021-07-27 23:00:00,Italy,North Italy,IT-NO,199.23,262.42,56.59,38.53,entsoe.eu,false,
2021-07-28 00:00:00,Italy,North Italy,IT-NO,193.96,256.19,57.67,38.75,entsoe.eu,false,
2021-07-28 01:00:00,Italy,North Italy,IT-NO,189.4,250.27,59.04,39.69,entsoe.eu,false,
2021-07-28 02:00:00,Italy,North Italy,IT-NO,188.7,249.66,59.0,40.84,entsoe.eu,false,
2021-07-28 03:00:00,Italy,North Italy,IT-NO,193.78,256.02,57.64,40.48,entsoe.eu,false,
2021-07-28 04:00:00,Italy,North Italy,IT-NO,212.05,278.07,53.71,40.32,entsoe.eu,false,
2021-07-28 05:00:00,Italy,North Italy,IT-NO,216.4,283.19,52.6,42.13,entsoe.eu,false,
2021-07-28 06:00:00,Italy,North Italy,IT-NO,225.1,289.75,54.22,45.9,entsoe.eu,false,
2021-07-28 07:00:00,Italy,North Italy,IT-NO,216.86,279.17,56.77,48.34,entsoe.eu,false,
2021-07-28 08:00:00,Italy,North Italy,IT-NO,210.75,275.2,55.34,46.74,entsoe.eu,false,
2021-07-28 09:00:00,Italy,North Italy,IT-NO,212.55,277.07,55.43,47.06,entsoe.eu,false,
2021-07-28 10:00:00,Italy,North Italy,IT-NO,213.15,279.66,53.93,44.8,entsoe.eu,false,
2021-07-28 11:00:00,Italy,North Italy,IT-NO,216.53,281.86,54.48,44.84,entsoe.eu,false,
2021-07-28 12:00:00,Italy,North Italy,IT-NO,220.61,283.53,56.3,46.73,entsoe.eu,false,
2021-07-28 13:00:00,Italy,North Italy,IT-NO,219.29,281.64,56.67,46.96,entsoe.eu,false,
2021-07-28 14:00:00,Italy,North Italy,IT-NO,218.32,280.67,56.71,47.16,entsoe.eu,false,
2021-07-28 15:00:00,Italy,North Italy,IT-NO,222.33,286.59,54.78,45.25,entsoe.eu,false,
2021-07-28 16:00:00,Italy,North Italy,IT-NO,231.79,298.4,52.23,43.26,entsoe.eu,false,
2021-07-28 17:00:00,Italy,North Italy,IT-NO,238.67,306.47,50.68,43.22,entsoe.eu,false,
2021-07-28 18:00:00,Italy,North Italy,IT-NO,231.82,298.99,51.35,42.72,entsoe.eu,false,
2021-07-28 19:00:00,Italy,North Italy,IT-NO,227.96,294.84,51.74,41.27,entsoe.eu,false,
2021-07-28 20:00:00,Italy,North Italy,IT-NO,229.31,297.59,50.84,40.88,entsoe.eu,false,
2021-07-28 21:00:00,Italy,North Italy,IT-NO,230.48,298.64,51.1,39.93,entsoe.eu,false,
2021-07-28 22:00:00,Italy,North Italy,IT-NO,210.47,275.4,54.74,38.71,entsoe.eu,false,
2021-07-28 23:00:00,Italy,North Italy,IT-NO,201.7,264.95,56.6,38.98,entsoe.eu,false,
2021-07-29 00:00:00,Italy,North Italy,IT-NO,194.18,255.72,58.33,39.48,entsoe.eu,false,
2021-07-29 01:00:00,Italy,North Italy,IT-NO,195.2,257.16,57.97,38.93,entsoe.eu,false,
2021-07-29 02:00:00,Italy,North Italy,IT-NO,199.13,262.15,57.0,38.4,entsoe.eu,false,
2021-07-29 03:00:00,Italy,North Italy,IT-NO,206.66,271.36,55.07,37.41,entsoe.eu,false,
2021-07-29 04:00:00,Italy,North Italy,IT-NO,217.09,283.22,53.61,38.54,entsoe.eu,false,
2021-07-29 05:00:00,Italy,North Italy,IT-NO,223.95,290.72,52.71,40.14,entsoe.eu,false,
2021-07-29 06:00:00,Italy,North Italy,IT-NO,214.69,279.51,54.87,43.92,entsoe.eu,false,
2021-07-29 07:00:00,Italy,North Italy,IT-NO,209.83,273.7,55.91,46.47,entsoe.eu,false,
2021-07-29 08:00:00,Italy,North Italy,IT-NO,207.3,269.77,57.15,48.51,entsoe.eu,false,
2021-07-29 09:00:00,Italy,North Italy,IT-NO,208.28,272.1,56.35,47.82,entsoe.eu,false,
2021-07-29 10:00:00,Italy,North Italy,IT-NO,198.0,259.95,58.81,50.12,entsoe.eu,false,
2021-07-29 11:00:00,Italy,North Italy,IT-NO,199.21,261.7,58.43,49.24,entsoe.eu,false,
2021-07-29 12:00:00,Italy,North Italy,IT-NO,206.87,271.13,56.62,48.08,entsoe.eu,false,
2021-07-29 13:00:00,Italy,North Italy,IT-NO,212.83,278.28,55.18,46.3,entsoe.eu,false,
2021-07-29 14:00:00,Italy,North Italy,IT-NO,221.24,288.14,53.45,44.41,entsoe.eu,false,
2021-07-29 15:00:00,Italy,North Italy,IT-NO,221.78,287.13,54.29,45.37,entsoe.eu,false,
2021-07-29 16:00:00,Italy,North Italy,IT-NO,226.02,291.65,53.74,45.14,entsoe.eu,false,
2021-07-29 17:00:00,Italy,North Italy,IT-NO,237.11,305.27,50.86,43.19,entsoe.eu,false,
2021-07-29 18:00:00,Italy,North Italy,IT-NO,227.96,292.54,53.95,45.16,entsoe.eu,false,
2021-07-29 19:00:00,Italy,North Italy,IT-NO,247.06,317.21,48.63,40.9,entsoe.eu,false,
2021-07-29 20:00:00,Italy,North Italy,IT-NO,242.92,313.8,48.63,39.92,entsoe.eu,false,
2021-07-29 21:00:00,Italy,North Italy,IT-NO,231.03,299.94,50.76,40.33,entsoe.eu,false,
2021-07-29 22:00:00,Italy,North Italy,IT-NO,204.25,268.2,56.2,40.39,entsoe.eu,false,
2021-07-29 23:00:00,Italy,North Italy,IT-NO,204.23,268.08,56.23,38.12,entsoe.eu,false,
2021-07-30 00:00:00,Italy,North Italy,IT-NO,196.71,259.42,57.81,38.86,entsoe.eu,false,
2021-07-30 01:00:00,Italy,North Italy,IT-NO,197.32,259.24,58.36,38.75,entsoe.eu,false,
2021-07-30 02:00:00,Italy,North Italy,IT-NO,192.87,255.13,58.49,39.14,entsoe.eu,false,
2021-07-30 03:00:00,Italy,North Italy,IT-NO,201.05,264.69,56.74,39.23,entsoe.eu,false,
2021-07-30 04:00:00,Italy,North Italy,IT-NO,216.45,281.82,54.35,40.76,entsoe.eu,false,
2021-07-30 05:00:00,Italy,North Italy,IT-NO,224.53,290.7,53.02,42.57,entsoe.eu,false,
2021-07-30 06:00:00,Italy,North Italy,IT-NO,217.92,281.7,55.36,46.43,entsoe.eu,false,
2021-07-30 07:00:00,Italy,North Italy,IT-NO,210.45,272.62,57.22,48.52,entsoe.eu,false,
2021-07-30 08:00:00,Italy,North Italy,IT-NO,208.14,270.67,57.19,48.42,entsoe.eu,false,
2021-07-30 09:00:00,Italy,North Italy,IT-NO,205.0,267.1,57.85,49.69,entsoe.eu,false,
2021-07-30 10:00:00,Italy,North Italy,IT-NO,207.02,270.86,57.08,48.62,entsoe.eu,false,
2021-07-30 11:00:00,Italy,North Italy,IT-NO,205.35,268.89,57.2,48.56,entsoe.eu,false,
2021-07-30 12:00:00,Italy,North Italy,IT-NO,204.92,268.78,56.89,48.27,entsoe.eu,false,
2021-07-30 13:00:00,Italy,North Italy,IT-NO,208.63,274.07,55.37,47.12,entsoe.eu,false,
2021-07-30 14:00:00,Italy,North Italy,IT-NO,206.36,269.38,57.05,48.73,entsoe.eu,false,
2021-07-30 15:00:00,Italy,North Italy,IT-NO,216.5,281.81,54.34,46.27,entsoe.eu,false,
2021-07-30 16:00:00,Italy,North Italy,IT-NO,226.95,294.18,51.87,44.06,entsoe.eu,false,
2021-07-30 17:00:00,Italy,North Italy,IT-NO,235.78,304.29,50.31,42.78,entsoe.eu,false,
2021-07-30 18:00:00,Italy,North Italy,IT-NO,241.68,311.3,49.14,41.29,entsoe.eu,false,
2021-07-30 19:00:00,Italy,North Italy,IT-NO,243.85,314.47,48.28,40.15,entsoe.eu,false,
2021-07-30 20:00:00,Italy,North Italy,IT-NO,248.81,321.51,46.63,37.17,entsoe.eu,false,
2021-07-30 21:00:00,Italy,North Italy,IT-NO,241.07,312.17,48.19,37.95,entsoe.eu,false,
2021-07-30 22:00:00,Italy,North Italy,IT-NO,191.16,251.47,58.85,42.75,entsoe.eu,false,
2021-07-30 23:00:00,Italy,North Italy,IT-NO,188.0,247.63,59.94,42.52,entsoe.eu,false,
2021-07-31 00:00:00,Italy,North Italy,IT-NO,176.61,234.52,62.22,42.94,entsoe.eu,false,
2021-07-31 01:00:00,Italy,North Italy,IT-NO,179.39,238.43,61.31,41.67,entsoe.eu,false,
2021-07-31 02:00:00,Italy,North Italy,IT-NO,182.17,242.21,60.48,41.85,entsoe.eu,false,
2021-07-31 03:00:00,Italy,North Italy,IT-NO,178.62,236.62,62.11,43.09,entsoe.eu,false,
2021-07-31 04:00:00,Italy,North Italy,IT-NO,167.16,222.29,64.92,46.4,entsoe.eu,false,
2021-07-31 05:00:00,Italy,North Italy,IT-NO,168.69,223.73,64.76,49.71,entsoe.eu,false,
2021-07-31 06:00:00,Italy,North Italy,IT-NO,161.29,214.7,66.54,53.05,entsoe.eu,false,
2021-07-31 07:00:00,Italy,North Italy,IT-NO,148.8,200.31,69.23,56.71,entsoe.eu,false,
2021-07-31 08:00:00,Italy,North Italy,IT-NO,154.62,208.29,67.46,56.51,entsoe.eu,false,
2021-07-31 09:00:00,Italy,North Italy,IT-NO,158.29,214.0,66.25,56.04,entsoe.eu,false,
2021-07-31 10:00:00,Italy,North Italy,IT-NO,161.68,218.72,65.71,55.96,entsoe.eu,false,
2021-07-31 11:00:00,Italy,North Italy,IT-NO,153.04,207.6,67.76,56.4,entsoe.eu,false,
2021-07-31 12:00:00,Italy,North Italy,IT-NO,153.63,206.83,68.75,56.94,entsoe.eu,false,
2021-07-31 13:00:00,Italy,North Italy,IT-NO,173.75,231.63,63.77,52.04,entsoe.eu,false,
2021-07-31 14:00:00,Italy,North Italy,IT-NO,183.2,242.83,61.34,49.44,entsoe.eu,false,
2021-07-31 15:00:00,Italy,North Italy,IT-NO,182.62,239.73,62.71,50.25,entsoe.eu,false,
2021-07-31 16:00:00,Italy,North Italy,IT-NO,173.23,226.35,65.62,50.69,entsoe.eu,false,
2021-07-31 17:00:00,Italy,North Italy,IT-NO,173.85,226.81,65.38,51.01,entsoe.eu,false,
2021-07-31 18:00:00,Italy,North Italy,IT-NO,169.38,221.6,66.09,51.23,entsoe.eu,false,
2021-07-31 19:00:00,Italy,North Italy,IT-NO,175.57,230.41,63.79,50.5,entsoe.eu,false,
2021-07-31 20:00:00,Italy,North Italy,IT-NO,180.26,235.19,64.02,49.27,entsoe.eu,false,
2021-07-31 21:00:00,Italy,North Italy,IT-NO,176.93,231.37,64.35,49.81,entsoe.eu,false,
2021-07-31 22:00:00,Italy,North Italy,IT-NO,151.62,202.87,68.34,48.33,entsoe.eu,false,
2021-07-31 23:00:00,Italy,North Italy,IT-NO,140.6,190.02,70.8,48.8,entsoe.eu,false,
2021-08-01 00:00:00,Italy,North Italy,IT-NO,137.25,185.68,71.88,49.68,entsoe.eu,false,
2021-08-01 01:00:00,Italy,North Italy,IT-NO,134.57,182.63,72.43,50.11,entsoe.eu,false,
2021-08-01 02:00:00,Italy,North Italy,IT-NO,129.19,176.42,73.6,52.4,entsoe.eu,false,
2021-08-01 03:00:00,Italy,North Italy,IT-NO,128.06,174.34,74.04,52.24,entsoe.eu,false,
2021-08-01 04:00:00,Italy,North Italy,IT-NO,131.82,179.25,72.8,51.23,entsoe.eu,false,
2021-08-01 05:00:00,Italy,North Italy,IT-NO,134.24,181.61,72.22,50.51,entsoe.eu,false,
2021-08-01 06:00:00,Italy,North Italy,IT-NO,124.93,172.25,73.18,51.56,entsoe.eu,false,
2021-08-01 07:00:00,Italy,North Italy,IT-NO,112.11,157.27,75.83,55.34,entsoe.eu,false,
2021-08-01 08:00:00,Italy,North Italy,IT-NO,107.24,151.41,76.86,56.15,entsoe.eu,false,
2021-08-01 09:00:00,Italy,North Italy,IT-NO,92.96,134.04,80.13,59.51,entsoe.eu,false,
2021-08-01 10:00:00,Italy,North Italy,IT-NO,85.93,125.42,82.54,65.09,entsoe.eu,false,
2021-08-01 11:00:00,Italy,North Italy,IT-NO,83.3,122.97,82.57,64.05,entsoe.eu,false,
2021-08-01 12:00:00,Italy,North Italy,IT-NO,87.09,127.61,81.62,63.06,entsoe.eu,false,
2021-08-01 13:00:00,Italy,North Italy,IT-NO,86.42,126.31,81.96,62.32,entsoe.eu,false,
2021-08-01 14:00:00,Italy,North Italy,IT-NO,96.59,138.26,79.93,61.27,entsoe.eu,false,
2021-08-01 15:00:00,Italy,North Italy,IT-NO,115.16,159.6,76.46,58.9,entsoe.eu,false,
2021-08-01 16:00:00,Italy,North Italy,IT-NO,142.07,189.91,72.03,57.95,entsoe.eu,false,
2021-08-01 17:00:00,Italy,North Italy,IT-NO,164.6,215.73,67.87,55.8,entsoe.eu,false,
2021-08-01 18:00:00,Italy,North Italy,IT-NO,177.24,232.17,64.24,52.54,entsoe.eu,false,
2021-08-01 19:00:00,Italy,North Italy,IT-NO,173.28,226.62,65.63,54.74,entsoe.eu,false,
2021-08-01 20:00:00,Italy,North Italy,IT-NO,178.35,233.7,64.17,52.46,entsoe.eu,false,
2021-08-01 21:00:00,Italy,North Italy,IT-NO,159.56,210.91,67.86,54.2,entsoe.eu,false,
2021-08-01 22:00:00,Italy,North Italy,IT-NO,151.12,201.45,69.69,54.88,entsoe.eu,false,
2021-08-01 23:00:00,Italy,North Italy,IT-NO,152.6,203.15,69.38,52.42,entsoe.eu,false,
2021-08-02 00:00:00,Italy,North Italy,IT-NO,151.66,202.85,69.13,51.21,entsoe.eu,false,
2021-08-02 01:00:00,Italy,North Italy,IT-NO,146.05,194.88,70.93,50.6,entsoe.eu,false,
2021-08-02 02:00:00,Italy,North Italy,IT-NO,145.41,194.13,70.95,50.41,entsoe.eu,false,
2021-08-02 03:00:00,Italy,North Italy,IT-NO,160.33,211.62,67.88,49.36,entsoe.eu,false,
2021-08-02 04:00:00,Italy,North Italy,IT-NO,181.17,236.77,63.46,49.25,entsoe.eu,false,
2021-08-02 05:00:00,Italy,North Italy,IT-NO,199.17,259.45,58.77,49.45,entsoe.eu,false,
2021-08-02 06:00:00,Italy,North Italy,IT-NO,204.15,264.28,59.19,51.78,entsoe.eu,false,
2021-08-02 07:00:00,Italy,North Italy,IT-NO,189.74,248.6,61.43,54.7,entsoe.eu,false,
2021-08-02 08:00:00,Italy,North Italy,IT-NO,170.55,225.15,66.0,59.2,entsoe.eu,false,
2021-08-02 09:00:00,Italy,North Italy,IT-NO,157.44,209.93,68.71,61.35,entsoe.eu,false,
2021-08-02 10:00:00,Italy,North Italy,IT-NO,159.35,215.98,65.79,57.96,entsoe.eu,false,
2021-08-02 11:00:00,Italy,North Italy,IT-NO,163.08,220.86,64.52,55.92,entsoe.eu,false,
2021-08-02 12:00:00,Italy,North Italy,IT-NO,180.38,239.11,62.87,54.17,entsoe.eu,false,
2021-08-02 13:00:00,Italy,North Italy,IT-NO,191.43,253.44,59.43,50.24,entsoe.eu,false,
2021-08-02 14:00:00,Italy,North Italy,IT-NO,187.51,247.26,60.96,51.33,entsoe.eu,false,
2021-08-02 15:00:00,Italy,North Italy,IT-NO,193.25,254.01,59.67,50.38,entsoe.eu,false,
2021-08-02 16:00:00,Italy,North Italy,IT-NO,205.59,268.02,57.38,49.11,entsoe.eu,false,
2021-08-02 17:00:00,Italy,North Italy,IT-NO,218.94,284.16,54.2,47.05,entsoe.eu,false,
2021-08-02 18:00:00,Italy,North Italy,IT-NO,236.59,304.91,50.89,44.6,entsoe.eu,false,
2021-08-02 19:00:00,Italy,North Italy,IT-NO,238.83,308.69,49.66,43.24,entsoe.eu,false,
2021-08-02 20:00:00,Italy,North Italy,IT-NO,229.99,301.25,49.46,42.25,entsoe.eu,false,
2021-08-02 21:00:00,Italy,North Italy,IT-NO,220.83,289.89,51.85,43.01,entsoe.eu,false,
2021-08-02 22:00:00,Italy,North Italy,IT-NO,218.67,286.74,53.1,43.22,entsoe.eu,false,
2021-08-02 23:00:00,Italy,North Italy,IT-NO,204.65,269.07,56.7,44.41,entsoe.eu,false,
2021-08-03 00:00:00,Italy,North Italy,IT-NO,199.29,264.7,56.37,42.75,entsoe.eu,false,
2021-08-03 01:00:00,Italy,North Italy,IT-NO,194.64,258.29,57.95,43.6,entsoe.eu,false,
2021-08-03 02:00:00,Italy,North Italy,IT-NO,200.14,265.06,56.59,42.37,entsoe.eu,false,
2021-08-03 03:00:00,Italy,North Italy,IT-NO,208.86,274.83,54.92,41.14,entsoe.eu,false,
2021-08-03 04:00:00,Italy,North Italy,IT-NO,214.29,278.75,55.33,45.36,entsoe.eu,false,
2021-08-03 05:00:00,Italy,North Italy,IT-NO,212.95,275.97,56.26,48.11,entsoe.eu,false,
2021-08-03 06:00:00,Italy,North Italy,IT-NO,197.42,254.26,62.19,54.93,entsoe.eu,false,
2021-08-03 07:00:00,Italy,North Italy,IT-NO,185.04,239.91,64.66,58.66,entsoe.eu,false,
2021-08-03 08:00:00,Italy,North Italy,IT-NO,176.08,230.03,66.13,60.55,entsoe.eu,false,
2021-08-03 09:00:00,Italy,North Italy,IT-NO,172.36,226.94,65.96,59.47,entsoe.eu,false,
2021-08-03 10:00:00,Italy,North Italy,IT-NO,180.05,237.49,63.7,57.03,entsoe.eu,false,
2021-08-03 11:00:00,Italy,North Italy,IT-NO,180.08,240.56,61.23,54.01,entsoe.eu,false,
2021-08-03 12:00:00,Italy,North Italy,IT-NO,187.19,246.78,61.69,54.74,entsoe.eu,false,
2021-08-03 13:00:00,Italy,North Italy,IT-NO,186.08,244.46,62.22,54.3,entsoe.eu,false,
2021-08-03 14:00:00,Italy,North Italy,IT-NO,190.26,249.64,60.66,52.87,entsoe.eu,false,
2021-08-03 15:00:00,Italy,North Italy,IT-NO,193.02,250.72,61.35,53.68,entsoe.eu,false,
2021-08-03 16:00:00,Italy,North Italy,IT-NO,199.74,256.93,61.31,53.45,entsoe.eu,false,
2021-08-03 17:00:00,Italy,North Italy,IT-NO,212.32,271.7,58.8,51.51,entsoe.eu,false,
2021-08-03 18:00:00,Italy,North Italy,IT-NO,219.79,279.93,57.92,51.43,entsoe.eu,false,
2021-08-03 19:00:00,Italy,North Italy,IT-NO,209.43,269.83,58.31,50.7,entsoe.eu,false,
2021-08-03 20:00:00,Italy,North Italy,IT-NO,218.38,283.52,54.61,46.89,entsoe.eu,false,
2021-08-03 21:00:00,Italy,North Italy,IT-NO,210.47,276.27,54.84,46.03,entsoe.eu,false,
2021-08-03 22:00:00,Italy,North Italy,IT-NO,188.04,250.11,59.1,46.59,entsoe.eu,false,
2021-08-03 23:00:00,Italy,North Italy,IT-NO,188.27,250.94,58.71,44.04,entsoe.eu,false,
2021-08-04 00:00:00,Italy,North Italy,IT-NO,186.19,248.31,59.31,44.36,entsoe.eu,false,
2021-08-04 01:00:00,Italy,North Italy,IT-NO,190.84,254.14,58.18,43.54,entsoe.eu,false,
2021-08-04 02:00:00,Italy,North Italy,IT-NO,195.14,259.47,57.13,42.68,entsoe.eu,false,
2021-08-04 03:00:00,Italy,North Italy,IT-NO,201.05,265.82,56.19,42.67,entsoe.eu,false,
2021-08-04 04:00:00,Italy,North Italy,IT-NO,210.7,275.88,54.75,44.03,entsoe.eu,false,
2021-08-04 05:00:00,Italy,North Italy,IT-NO,197.48,258.25,58.46,49.09,entsoe.eu,false,
2021-08-04 06:00:00,Italy,North Italy,IT-NO,225.43,290.28,53.61,47.73,entsoe.eu,false,
2021-08-04 07:00:00,Italy,North Italy,IT-NO,203.64,264.29,58.58,51.83,entsoe.eu,false,
2021-08-04 08:00:00,Italy,North Italy,IT-NO,189.99,250.1,59.79,52.63,entsoe.eu,false,
2021-08-04 09:00:00,Italy,North Italy,IT-NO,192.01,253.12,59.13,51.89,entsoe.eu,false,
2021-08-04 10:00:00,Italy,North Italy,IT-NO,199.55,263.03,57.04,49.91,entsoe.eu,false,
2021-08-04 11:00:00,Italy,North Italy,IT-NO,206.82,272.32,55.41,47.52,entsoe.eu,false,
2021-08-04 12:00:00,Italy,North Italy,IT-NO,210.02,275.67,54.95,46.95,entsoe.eu,false,
2021-08-04 13:00:00,Italy,North Italy,IT-NO,206.6,270.98,55.73,46.67,entsoe.eu,false,
2021-08-04 14:00:00,Italy,North Italy,IT-NO,207.13,270.52,56.22,46.96,entsoe.eu,false,
2021-08-04 15:00:00,Italy,North Italy,IT-NO,213.94,277.66,55.35,46.13,entsoe.eu,false,
2021-08-04 16:00:00,Italy,North Italy,IT-NO,212.33,275.42,55.69,46.53,entsoe.eu,false,
2021-08-04 17:00:00,Italy,North Italy,IT-NO,219.5,282.17,55.79,48.42,entsoe.eu,false,
2021-08-04 18:00:00,Italy,North Italy,IT-NO,220.17,285.02,54.18,46.84,entsoe.eu,false,
2021-08-04 19:00:00,Italy,North Italy,IT-NO,216.88,281.85,54.45,45.77,entsoe.eu,false,
2021-08-04 20:00:00,Italy,North Italy,IT-NO,214.11,281.64,52.94,43.62,entsoe.eu,false,
2021-08-04 21:00:00,Italy,North Italy,IT-NO,200.78,265.42,55.92,45.56,entsoe.eu,false,
2021-08-04 22:00:00,Italy,North Italy,IT-NO,184.34,245.57,59.87,47.1,entsoe.eu,false,
2021-08-04 23:00:00,Italy,North Italy,IT-NO,164.08,219.97,64.95,49.7,entsoe.eu,false,
2021-08-05 00:00:00,Italy,North Italy,IT-NO,161.93,217.49,65.22,48.8,entsoe.eu,false,
2021-08-05 01:00:00,Italy,North Italy,IT-NO,164.28,219.63,65.24,48.41,entsoe.eu,false,
2021-08-05 02:00:00,Italy,North Italy,IT-NO,168.32,225.26,63.65,46.87,entsoe.eu,false,
2021-08-05 03:00:00,Italy,North Italy,IT-NO,183.88,244.33,60.03,44.69,entsoe.eu,false,
2021-08-05 04:00:00,Italy,North Italy,IT-NO,186.28,244.81,60.88,47.63,entsoe.eu,false,
2021-08-05 05:00:00,Italy,North Italy,IT-NO,194.69,253.05,60.48,50.8,entsoe.eu,false,
2021-08-05 06:00:00,Italy,North Italy,IT-NO,194.63,250.2,63.01,54.69,entsoe.eu,false,
2021-08-05 07:00:00,Italy,North Italy,IT-NO,179.51,233.69,65.12,56.72,entsoe.eu,false,
2021-08-05 08:00:00,Italy,North Italy,IT-NO,166.65,221.3,65.78,56.83,entsoe.eu,false,
2021-08-05 09:00:00,Italy,North Italy,IT-NO,167.73,223.96,64.62,56.13,entsoe.eu,false,
2021-08-05 10:00:00,Italy,North Italy,IT-NO,161.91,218.46,65.47,56.31,entsoe.eu,false,
2021-08-05 11:00:00,Italy,North Italy,IT-NO,158.37,213.66,66.52,57.3,entsoe.eu,false,
2021-08-05 12:00:00,Italy,North Italy,IT-NO,165.71,222.09,64.96,55.33,entsoe.eu,false,
2021-08-05 13:00:00,Italy,North Italy,IT-NO,168.55,225.67,64.2,54.48,entsoe.eu,false,
2021-08-05 14:00:00,Italy,North Italy,IT-NO,164.46,219.21,65.84,55.62,entsoe.eu,false,
2021-08-05 15:00:00,Italy,North Italy,IT-NO,175.89,231.66,64.14,54.65,entsoe.eu,false,
2021-08-05 16:00:00,Italy,North Italy,IT-NO,182.72,239.17,62.88,53.86,entsoe.eu,false,
2021-08-05 17:00:00,Italy,North Italy,IT-NO,191.45,248.57,61.66,52.95,entsoe.eu,false,
2021-08-05 18:00:00,Italy,North Italy,IT-NO,187.33,244.22,62.05,53.15,entsoe.eu,false,
2021-08-05 19:00:00,Italy,North Italy,IT-NO,188.61,246.73,61.1,51.8,entsoe.eu,false,
2021-08-05 20:00:00,Italy,North Italy,IT-NO,186.49,246.18,60.55,50.39,entsoe.eu,false,
2021-08-05 21:00:00,Italy,North Italy,IT-NO,187.83,248.95,59.26,48.23,entsoe.eu,false,
2021-08-05 22:00:00,Italy,North Italy,IT-NO,177.02,235.11,62.38,48.91,entsoe.eu,false,
2021-08-05 23:00:00,Italy,North Italy,IT-NO,165.97,222.12,65.01,50.82,entsoe.eu,false,
2021-08-06 00:00:00,Italy,North Italy,IT-NO,167.28,224.15,64.65,50.13,entsoe.eu,false,
2021-08-06 01:00:00,Italy,North Italy,IT-NO,169.69,227.35,64.11,50.16,entsoe.eu,false,
2021-08-06 02:00:00,Italy,North Italy,IT-NO,164.13,220.45,65.27,50.42,entsoe.eu,false,
2021-08-06 03:00:00,Italy,North Italy,IT-NO,163.37,219.81,64.84,51.04,entsoe.eu,false,
2021-08-06 04:00:00,Italy,North Italy,IT-NO,163.34,217.18,65.95,53.74,entsoe.eu,false,
2021-08-06 05:00:00,Italy,North Italy,IT-NO,173.83,228.74,64.27,54.72,entsoe.eu,false,
2021-08-06 06:00:00,Italy,North Italy,IT-NO,179.94,233.93,65.08,57.86,entsoe.eu,false,
2021-08-06 07:00:00,Italy,North Italy,IT-NO,159.26,209.12,69.89,62.35,entsoe.eu,false,
2021-08-06 08:00:00,Italy,North Italy,IT-NO,146.27,195.06,71.61,63.89,entsoe.eu,false,
2021-08-06 09:00:00,Italy,North Italy,IT-NO,142.69,193.13,70.75,63.14,entsoe.eu,false,
2021-08-06 10:00:00,Italy,North Italy,IT-NO,144.52,197.14,69.3,60.34,entsoe.eu,false,
2021-08-06 11:00:00,Italy,North Italy,IT-NO,137.4,187.67,71.76,61.72,entsoe.eu,false,
2021-08-06 12:00:00,Italy,North Italy,IT-NO,137.03,187.25,71.84,62.01,entsoe.eu,false,
2021-08-06 13:00:00,Italy,North Italy,IT-NO,141.68,192.72,70.84,61.41,entsoe.eu,false,
2021-08-06 14:00:00,Italy,North Italy,IT-NO,143.93,195.55,69.62,59.49,entsoe.eu,false,
2021-08-06 15:00:00,Italy,North Italy,IT-NO,153.85,206.07,68.33,57.84,entsoe.eu,false,
2021-08-06 16:00:00,Italy,North Italy,IT-NO,171.36,226.76,64.52,54.92,entsoe.eu,false,
2021-08-06 17:00:00,Italy,North Italy,IT-NO,183.82,240.22,62.39,52.91,entsoe.eu,false,
2021-08-06 18:00:00,Italy,North Italy,IT-NO,184.17,240.37,62.56,53.45,entsoe.eu,false,
2021-08-06 19:00:00,Italy,North Italy,IT-NO,186.58,243.87,61.81,52.45,entsoe.eu,false,
2021-08-06 20:00:00,Italy,North Italy,IT-NO,179.92,238.57,61.42,50.25,entsoe.eu,false,
2021-08-06 21:00:00,Italy,North Italy,IT-NO,183.69,243.22,60.99,49.02,entsoe.eu,false,
2021-08-06 22:00:00,Italy,North Italy,IT-NO,155.23,207.96,67.37,50.18,entsoe.eu,false,
2021-08-06 23:00:00,Italy,North Italy,IT-NO,146.9,198.12,69.23,50.59,entsoe.eu,false,
2021-08-07 00:00:00,Italy,North Italy,IT-NO,149.72,201.51,68.99,48.48,entsoe.eu,false,
2021-08-07 01:00:00,Italy,North Italy,IT-NO,144.6,195.4,70.21,50.55,entsoe.eu,false,
2021-08-07 02:00:00,Italy,North Italy,IT-NO,146.29,195.67,71.51,53.11,entsoe.eu,false,
2021-08-07 03:00:00,Italy,North Italy,IT-NO,143.99,191.94,72.61,53.53,entsoe.eu,false,
2021-08-07 04:00:00,Italy,North Italy,IT-NO,135.33,182.26,73.26,53.61,entsoe.eu,false,
2021-08-07 05:00:00,Italy,North Italy,IT-NO,130.66,177.26,73.82,55.55,entsoe.eu,false,
2021-08-07 06:00:00,Italy,North Italy,IT-NO,128.73,174.72,74.27,58.82,entsoe.eu,false,
2021-08-07 07:00:00,Italy,North Italy,IT-NO,118.08,163.03,75.92,61.52,entsoe.eu,false,
2021-08-07 08:00:00,Italy,North Italy,IT-NO,107.58,150.25,78.46,64.12,entsoe.eu,false,
2021-08-07 09:00:00,Italy,North Italy,IT-NO,102.67,145.52,78.86,64.87,entsoe.eu,false,
2021-08-07 10:00:00,Italy,North Italy,IT-NO,104.92,148.84,78.36,63.75,entsoe.eu,false,
2021-08-07 11:00:00,Italy,North Italy,IT-NO,102.43,145.96,78.92,64.79,entsoe.eu,false,
2021-08-07 12:00:00,Italy,North Italy,IT-NO,109.75,154.61,77.47,63.93,entsoe.eu,false,
2021-08-07 13:00:00,Italy,North Italy,IT-NO,115.5,161.41,76.26,62.41,entsoe.eu,false,
2021-08-07 14:00:00,Italy,North Italy,IT-NO,119.7,166.01,75.29,61.6,entsoe.eu,false,
2021-08-07 15:00:00,Italy,North Italy,IT-NO,128.91,177.31,72.92,60.63,entsoe.eu,false,
2021-08-07 16:00:00,Italy,North Italy,IT-NO,140.45,188.01,72.49,59.98,entsoe.eu,false,
2021-08-07 17:00:00,Italy,North Italy,IT-NO,152.5,201.15,70.66,59.2,entsoe.eu,false,
2021-08-07 18:00:00,Italy,North Italy,IT-NO,154.53,203.42,70.54,58.2,entsoe.eu,false,
2021-08-07 19:00:00,Italy,North Italy,IT-NO,150.57,198.43,71.66,59.3,entsoe.eu,false,
2021-08-07 20:00:00,Italy,North Italy,IT-NO,148.13,195.18,72.44,59.07,entsoe.eu,false,
2021-08-07 21:00:00,Italy,North Italy,IT-NO,147.89,196.46,71.16,57.12,entsoe.eu,false,
2021-08-07 22:00:00,Italy,North Italy,IT-NO,135.14,181.94,73.53,57.21,entsoe.eu,false,
2021-08-07 23:00:00,Italy,North Italy,IT-NO,131.47,177.61,74.5,56.34,entsoe.eu,false,
2021-08-08 00:00:00,Italy,North Italy,IT-NO,131.92,179.3,74.02,56.17,entsoe.eu,false,
2021-08-08 01:00:00,Italy,North Italy,IT-NO,132.95,182.09,72.92,55.12,entsoe.eu,false,
2021-08-08 02:00:00,Italy,North Italy,IT-NO,132.44,181.22,73.3,54.95,entsoe.eu,false,
2021-08-08 03:00:00,Italy,North Italy,IT-NO,133.69,181.98,73.45,54.33,entsoe.eu,false,
2021-08-08 04:00:00,Italy,North Italy,IT-NO,124.0,170.65,74.94,55.42,entsoe.eu,false,
2021-08-08 05:00:00,Italy,North Italy,IT-NO,136.45,185.16,72.43,55.83,entsoe.eu,false,
2021-08-08 06:00:00,Italy,North Italy,IT-NO,117.98,163.42,76.37,61.8,entsoe.eu,false,
2021-08-08 07:00:00,Italy,North Italy,IT-NO,107.94,151.55,78.59,67.12,entsoe.eu,false,
2021-08-08 08:00:00,Italy,North Italy,IT-NO,97.86,140.75,80.23,70.69,entsoe.eu,false,
2021-08-08 09:00:00,Italy,North Italy,IT-NO,90.26,131.52,81.8,73.58,entsoe.eu,false,
2021-08-08 10:00:00,Italy,North Italy,IT-NO,110.99,157.62,76.94,71.24,entsoe.eu,false,
2021-08-08 11:00:00,Italy,North Italy,IT-NO,107.37,153.3,77.9,71.38,entsoe.eu,false,
2021-08-08 12:00:00,Italy,North Italy,IT-NO,114.19,161.47,76.17,69.7,entsoe.eu,false,
2021-08-08 13:00:00,Italy,North Italy,IT-NO,127.96,177.59,72.89,66.45,entsoe.eu,false,
2021-08-08 14:00:00,Italy,North Italy,IT-NO,130.66,178.47,73.99,65.38,entsoe.eu,false,
2021-08-08 15:00:00,Italy,North Italy,IT-NO,129.65,177.11,74.03,62.81,entsoe.eu,false,
2021-08-08 16:00:00,Italy,North Italy,IT-NO,138.17,185.13,73.62,61.69,entsoe.eu,false,
2021-08-08 17:00:00,Italy,North Italy,IT-NO,155.45,204.73,70.32,58.99,entsoe.eu,false,
2021-08-08 18:00:00,Italy,North Italy,IT-NO,164.66,215.58,68.5,57.09,entsoe.eu,false,
2021-08-08 19:00:00,Italy,North Italy,IT-NO,160.92,211.99,68.3,57.47,entsoe.eu,false,
2021-08-08 20:00:00,Italy,North Italy,IT-NO,149.38,199.65,69.9,57.85,entsoe.eu,false,
2021-08-08 21:00:00,Italy,North Italy,IT-NO,147.82,197.01,71.0,58.65,entsoe.eu,false,
2021-08-08 22:00:00,Italy,North Italy,IT-NO,146.4,197.15,70.11,53.71,entsoe.eu,false,
2021-08-08 23:00:00,Italy,North Italy,IT-NO,141.67,191.39,71.23,52.75,entsoe.eu,false,
2021-08-09 00:00:00,Italy,North Italy,IT-NO,126.53,173.66,74.31,53.77,entsoe.eu,false,
2021-08-09 01:00:00,Italy,North Italy,IT-NO,120.47,166.32,75.57,54.05,entsoe.eu,false,
2021-08-09 02:00:00,Italy,North Italy,IT-NO,126.19,173.38,74.3,52.94,entsoe.eu,false,
2021-08-09 03:00:00,Italy,North Italy,IT-NO,135.98,182.36,74.15,53.6,entsoe.eu,false,
2021-08-09 04:00:00,Italy,North Italy,IT-NO,135.95,182.66,74.12,56.69,entsoe.eu,false,
2021-08-09 05:00:00,Italy,North Italy,IT-NO,144.63,192.63,71.79,58.49,entsoe.eu,false,
2021-08-09 06:00:00,Italy,North Italy,IT-NO,145.95,195.15,71.06,61.15,entsoe.eu,false,
2021-08-09 07:00:00,Italy,North Italy,IT-NO,138.42,186.85,72.77,63.99,entsoe.eu,false,
2021-08-09 08:00:00,Italy,North Italy,IT-NO,124.84,170.89,75.76,66.2,entsoe.eu,false,
2021-08-09 09:00:00,Italy,North Italy,IT-NO,120.08,166.36,76.04,66.6,entsoe.eu,false,
2021-08-09 10:00:00,Italy,North Italy,IT-NO,127.38,175.63,74.39,64.41,entsoe.eu,false,
2021-08-09 11:00:00,Italy,North Italy,IT-NO,132.33,181.37,73.49,63.86,entsoe.eu,false,
2021-08-09 12:00:00,Italy,North Italy,IT-NO,126.43,173.5,75.27,65.5,entsoe.eu,false,
2021-08-09 13:00:00,Italy,North Italy,IT-NO,129.14,175.4,75.44,64.3,entsoe.eu,false,
2021-08-09 14:00:00,Italy,North Italy,IT-NO,133.08,179.09,74.98,64.97,entsoe.eu,false,
2021-08-09 15:00:00,Italy,North Italy,IT-NO,145.78,193.76,72.2,61.68,entsoe.eu,false,
2021-08-09 16:00:00,Italy,North Italy,IT-NO,162.94,212.04,69.91,60.44,entsoe.eu,false,
2021-08-09 17:00:00,Italy,North Italy,IT-NO,177.3,227.35,68.13,60.48,entsoe.eu,false,
2021-08-09 18:00:00,Italy,North Italy,IT-NO,178.52,227.74,68.73,60.55,entsoe.eu,false,
2021-08-09 19:00:00,Italy,North Italy,IT-NO,178.59,231.24,66.17,57.64,entsoe.eu,false,
2021-08-09 20:00:00,Italy,North Italy,IT-NO,172.81,225.75,66.54,57.25,entsoe.eu,false,
2021-08-09 21:00:00,Italy,North Italy,IT-NO,166.07,219.11,67.37,56.7,entsoe.eu,false,
2021-08-09 22:00:00,Italy,North Italy,IT-NO,143.54,191.55,72.83,57.32,entsoe.eu,false,
2021-08-09 23:00:00,Italy,North Italy,IT-NO,135.18,183.75,72.72,55.22,entsoe.eu,false,
2021-08-10 00:00:00,Italy,North Italy,IT-NO,135.08,184.15,72.47,53.22,entsoe.eu,false,
2021-08-10 01:00:00,Italy,North Italy,IT-NO,131.32,179.76,73.09,52.89,entsoe.eu,false,
2021-08-10 02:00:00,Italy,North Italy,IT-NO,132.14,180.04,73.63,53.94,entsoe.eu,false,
2021-08-10 03:00:00,Italy,North Italy,IT-NO,138.11,187.15,71.71,54.55,entsoe.eu,false,
2021-08-10 04:00:00,Italy,North Italy,IT-NO,143.39,191.61,71.72,56.41,entsoe.eu,false,
2021-08-10 05:00:00,Italy,North Italy,IT-NO,147.67,196.24,70.87,60.39,entsoe.eu,false,
2021-08-10 06:00:00,Italy,North Italy,IT-NO,160.14,207.02,71.97,64.32,entsoe.eu,false,
2021-08-10 07:00:00,Italy,North Italy,IT-NO,122.74,168.05,75.08,65.49,entsoe.eu,false,
2021-08-10 08:00:00,Italy,North Italy,IT-NO,120.61,165.39,76.2,67.45,entsoe.eu,false,
2021-08-10 09:00:00,Italy,North Italy,IT-NO,124.58,170.46,75.38,65.82,entsoe.eu,false,
2021-08-10 10:00:00,Italy,North Italy,IT-NO,125.74,172.98,75.03,65.4,entsoe.eu,false,
2021-08-10 11:00:00,Italy,North Italy,IT-NO,127.12,176.09,73.77,63.89,entsoe.eu,false,
2021-08-10 12:00:00,Italy,North Italy,IT-NO,127.64,176.39,73.8,64.34,entsoe.eu,false,
2021-08-10 13:00:00,Italy,North Italy,IT-NO,133.51,182.54,72.67,63.93,entsoe.eu,false,
2021-08-10 14:00:00,Italy,North Italy,IT-NO,134.02,184.14,71.65,62.14,entsoe.eu,false,
2021-08-10 15:00:00,Italy,North Italy,IT-NO,151.63,202.3,69.63,61.49,entsoe.eu,false,
2021-08-10 16:00:00,Italy,North Italy,IT-NO,163.07,212.09,69.96,61.75,entsoe.eu,false,
2021-08-10 17:00:00,Italy,North Italy,IT-NO,183.41,232.13,69.1,61.11,entsoe.eu,false,
2021-08-10 18:00:00,Italy,North Italy,IT-NO,183.95,234.02,67.8,60.06,entsoe.eu,false,
2021-08-10 19:00:00,Italy,North Italy,IT-NO,193.43,246.51,65.01,58.46,entsoe.eu,false,
2021-08-10 20:00:00,Italy,North Italy,IT-NO,175.05,230.23,64.38,57.7,entsoe.eu,false,
2021-08-10 21:00:00,Italy,North Italy,IT-NO,174.7,231.09,63.54,56.72,entsoe.eu,false,
2021-08-10 22:00:00,Italy,North Italy,IT-NO,171.21,227.7,64.68,54.95,entsoe.eu,false,
2021-08-10 23:00:00,Italy,North Italy,IT-NO,202.61,266.07,57.22,46.24,entsoe.eu,false,
2021-08-11 00:00:00,Italy,North Italy,IT-NO,162.68,218.62,66.39,52.76,entsoe.eu,false,
2021-08-11 01:00:00,Italy,North Italy,IT-NO,153.16,207.9,67.71,51.95,entsoe.eu,false,
2021-08-11 02:00:00,Italy,North Italy,IT-NO,146.78,200.04,68.9,52.55,entsoe.eu,false,
2021-08-11 03:00:00,Italy,North Italy,IT-NO,156.63,211.4,66.78,52.91,entsoe.eu,false,
2021-08-11 04:00:00,Italy,North Italy,IT-NO,175.3,231.97,63.58,53.12,entsoe.eu,false,
2021-08-11 05:00:00,Italy,North Italy,IT-NO,194.14,247.85,64.8,58.06,entsoe.eu,false,
2021-08-11 06:00:00,Italy,North Italy,IT-NO,191.01,243.74,65.75,59.85,entsoe.eu,false,
2021-08-11 07:00:00,Italy,North Italy,IT-NO,181.38,235.48,65.74,61.49,entsoe.eu,false,
2021-08-11 08:00:00,Italy,North Italy,IT-NO,166.53,219.99,67.69,62.21,entsoe.eu,false,
2021-08-11 09:00:00,Italy,North Italy,IT-NO,150.46,202.21,70.07,63.95,entsoe.eu,false,
2021-08-11 10:00:00,Italy,North Italy,IT-NO,148.05,200.25,70.26,64.85,entsoe.eu,false,
2021-08-11 11:00:00,Italy,North Italy,IT-NO,146.29,198.53,70.15,64.37,entsoe.eu,false,
2021-08-11 12:00:00,Italy,North Italy,IT-NO,149.45,202.56,69.17,62.78,entsoe.eu,false,
2021-08-11 13:00:00,Italy,North Italy,IT-NO,159.22,214.74,66.54,60.79,entsoe.eu,false,
2021-08-11 14:00:00,Italy,North Italy,IT-NO,161.8,213.86,68.8,61.74,entsoe.eu,false,
2021-08-11 15:00:00,Italy,North Italy,IT-NO,176.5,231.27,65.37,59.31,entsoe.eu,false,
2021-08-11 16:00:00,Italy,North Italy,IT-NO,190.21,247.5,62.03,55.71,entsoe.eu,false,
2021-08-11 17:00:00,Italy,North Italy,IT-NO,202.39,259.4,61.35,54.5,entsoe.eu,false,
2021-08-11 18:00:00,Italy,North Italy,IT-NO,203.51,260.44,61.38,54.46,entsoe.eu,false,
2021-08-11 19:00:00,Italy,North Italy,IT-NO,210.75,269.27,59.95,54.03,entsoe.eu,false,
2021-08-11 20:00:00,Italy,North Italy,IT-NO,211.5,271.47,59.01,54.18,entsoe.eu,false,
2021-08-11 21:00:00,Italy,North Italy,IT-NO,197.99,259.72,58.43,52.67,entsoe.eu,false,
2021-08-11 22:00:00,Italy,North Italy,IT-NO,191.95,251.47,61.13,53.31,entsoe.eu,false,
2021-08-11 23:00:00,Italy,North Italy,IT-NO,191.15,252.11,60.27,51.48,entsoe.eu,false,
2021-08-12 00:00:00,Italy,North Italy,IT-NO,196.01,258.65,58.88,49.1,entsoe.eu,false,
2021-08-12 01:00:00,Italy,North Italy,IT-NO,187.18,248.06,60.84,49.1,entsoe.eu,false,
2021-08-12 02:00:00,Italy,North Italy,IT-NO,185.88,246.29,61.13,48.59,entsoe.eu,false,
2021-08-12 03:00:00,Italy,North Italy,IT-NO,179.62,237.81,62.83,51.32,entsoe.eu,false,
2021-08-12 04:00:00,Italy,North Italy,IT-NO,190.47,250.23,60.38,49.87,entsoe.eu,false,
2021-08-12 05:00:00,Italy,North Italy,IT-NO,214.44,274.78,58.48,54.01,entsoe.eu,false,
2021-08-12 06:00:00,Italy,North Italy,IT-NO,216.24,277.88,57.68,55.03,entsoe.eu,false,
2021-08-12 07:00:00,Italy,North Italy,IT-NO,187.66,247.36,61.18,56.96,entsoe.eu,false,
2021-08-12 08:00:00,Italy,North Italy,IT-NO,167.0,222.6,66.07,60.65,entsoe.eu,false,
2021-08-12 09:00:00,Italy,North Italy,IT-NO,154.56,209.16,67.73,62.47,entsoe.eu,false,
2021-08-12 10:00:00,Italy,North Italy,IT-NO,165.42,222.71,65.26,60.57,entsoe.eu,false,
2021-08-12 11:00:00,Italy,North Italy,IT-NO,165.42,223.02,64.72,60.34,entsoe.eu,false,
2021-08-12 12:00:00,Italy,North Italy,IT-NO,169.76,226.63,64.92,60.44,entsoe.eu,false,
2021-08-12 13:00:00,Italy,North Italy,IT-NO,176.57,233.39,64.5,59.67,entsoe.eu,false,
2021-08-12 14:00:00,Italy,North Italy,IT-NO,180.93,237.4,64.03,59.2,entsoe.eu,false,
2021-08-12 15:00:00,Italy,North Italy,IT-NO,188.64,246.28,62.25,56.88,entsoe.eu,false,
2021-08-12 16:00:00,Italy,North Italy,IT-NO,206.49,267.47,58.28,52.46,entsoe.eu,false,
2021-08-12 17:00:00,Italy,North Italy,IT-NO,217.7,278.73,57.39,51.39,entsoe.eu,false,
2021-08-12 18:00:00,Italy,North Italy,IT-NO,223.89,286.85,55.57,50.01,entsoe.eu,false,
2021-08-12 19:00:00,Italy,North Italy,IT-NO,219.45,282.54,55.85,50.54,entsoe.eu,false,
2021-08-12 20:00:00,Italy,North Italy,IT-NO,225.06,290.75,53.77,50.32,entsoe.eu,false,
2021-08-12 21:00:00,Italy,North Italy,IT-NO,221.51,288.93,53.15,48.24,entsoe.eu,false,
2021-08-12 22:00:00,Italy,North Italy,IT-NO,193.19,254.3,59.23,53.24,entsoe.eu,false,
2021-08-12 23:00:00,Italy,North Italy,IT-NO,194.36,258.07,57.39,49.75,entsoe.eu,false,
2021-08-13 00:00:00,Italy,North Italy,IT-NO,200.95,266.83,55.76,47.08,entsoe.eu,false,
2021-08-13 01:00:00,Italy,North Italy,IT-NO,201.5,267.54,55.61,46.14,entsoe.eu,false,
2021-08-13 02:00:00,Italy,North Italy,IT-NO,188.12,250.8,58.68,48.7,entsoe.eu,false,
2021-08-13 03:00:00,Italy,North Italy,IT-NO,185.16,246.54,59.58,49.91,entsoe.eu,false,
2021-08-13 04:00:00,Italy,North Italy,IT-NO,206.94,272.23,55.27,48.22,entsoe.eu,false,
2021-08-13 05:00:00,Italy,North Italy,IT-NO,207.29,270.31,57.03,50.68,entsoe.eu,false,
2021-08-13 06:00:00,Italy,North Italy,IT-NO,206.53,269.82,56.46,52.16,entsoe.eu,false,
2021-08-13 07:00:00,Italy,North Italy,IT-NO,192.32,252.57,60.38,56.49,entsoe.eu,false,
2021-08-13 08:00:00,Italy,North Italy,IT-NO,178.92,238.26,62.1,57.88,entsoe.eu,false,
2021-08-13 09:00:00,Italy,North Italy,IT-NO,178.9,238.02,62.52,58.73,entsoe.eu,false,
2021-08-13 10:00:00,Italy,North Italy,IT-NO,167.63,224.83,64.63,60.5,entsoe.eu,false,
2021-08-13 11:00:00,Italy,North Italy,IT-NO,162.83,219.1,65.8,61.85,entsoe.eu,false,
2021-08-13 12:00:00,Italy,North Italy,IT-NO,164.22,219.8,66.22,61.88,entsoe.eu,false,
2021-08-13 13:00:00,Italy,North Italy,IT-NO,159.08,214.2,66.83,60.99,entsoe.eu,false,
2021-08-13 14:00:00,Italy,North Italy,IT-NO,169.78,226.6,64.33,58.41,entsoe.eu,false,
2021-08-13 15:00:00,Italy,North Italy,IT-NO,175.99,232.84,63.44,57.49,entsoe.eu,false,
2021-08-13 16:00:00,Italy,North Italy,IT-NO,181.15,237.57,63.01,56.75,entsoe.eu,false,
2021-08-13 17:00:00,Italy,North Italy,IT-NO,196.86,256.24,59.79,54.29,entsoe.eu,false,
2021-08-13 18:00:00,Italy,North Italy,IT-NO,201.24,261.03,59.17,53.78,entsoe.eu,false,
2021-08-13 19:00:00,Italy,North Italy,IT-NO,207.22,267.53,58.57,54.21,entsoe.eu,false,
2021-08-13 20:00:00,Italy,North Italy,IT-NO,216.1,280.96,54.64,49.8,entsoe.eu,false,
2021-08-13 21:00:00,Italy,North Italy,IT-NO,213.07,278.1,54.65,48.87,entsoe.eu,false,
2021-08-13 22:00:00,Italy,North Italy,IT-NO,187.86,247.08,61.19,51.22,entsoe.eu,false,
2021-08-13 23:00:00,Italy,North Italy,IT-NO,166.47,221.98,65.77,51.58,entsoe.eu,false,
2021-08-14 00:00:00,Italy,North Italy,IT-NO,180.28,239.45,62.23,46.16,entsoe.eu,false,
2021-08-14 01:00:00,Italy,North Italy,IT-NO,173.66,230.57,64.05,46.54,entsoe.eu,false,
2021-08-14 02:00:00,Italy,North Italy,IT-NO,167.9,221.53,66.32,47.49,entsoe.eu,false,
2021-08-14 03:00:00,Italy,North Italy,IT-NO,173.11,227.43,65.6,47.48,entsoe.eu,false,
2021-08-14 04:00:00,Italy,North Italy,IT-NO,174.4,229.7,64.5,47.65,entsoe.eu,false,
2021-08-14 05:00:00,Italy,North Italy,IT-NO,164.42,218.12,66.54,51.09,entsoe.eu,false,
2021-08-14 06:00:00,Italy,North Italy,IT-NO,155.41,208.12,68.2,55.23,entsoe.eu,false,
2021-08-14 07:00:00,Italy,North Italy,IT-NO,134.2,182.79,73.33,60.17,entsoe.eu,false,
2021-08-14 08:00:00,Italy,North Italy,IT-NO,126.28,173.86,75.47,63.29,entsoe.eu,false,
2021-08-14 09:00:00,Italy,North Italy,IT-NO,126.57,175.95,74.25,63.0,entsoe.eu,false,
2021-08-14 10:00:00,Italy,North Italy,IT-NO,125.92,175.29,74.53,65.07,entsoe.eu,false,
2021-08-14 11:00:00,Italy,North Italy,IT-NO,120.61,168.4,75.88,66.78,entsoe.eu,false,
2021-08-14 12:00:00,Italy,North Italy,IT-NO,127.07,176.52,74.16,64.89,entsoe.eu,false,
2021-08-14 13:00:00,Italy,North Italy,IT-NO,139.3,190.33,71.94,62.33,entsoe.eu,false,
2021-08-14 14:00:00,Italy,North Italy,IT-NO,152.17,205.86,68.64,59.06,entsoe.eu,false,
2021-08-14 15:00:00,Italy,North Italy,IT-NO,166.73,218.95,68.14,60.33,entsoe.eu,false,
2021-08-14 16:00:00,Italy,North Italy,IT-NO,175.64,225.41,68.48,62.18,entsoe.eu,false,
2021-08-14 17:00:00,Italy,North Italy,IT-NO,198.94,251.59,64.91,59.41,entsoe.eu,false,
2021-08-14 18:00:00,Italy,North Italy,IT-NO,203.84,257.14,63.99,58.23,entsoe.eu,false,
2021-08-14 19:00:00,Italy,North Italy,IT-NO,204.86,257.43,64.52,59.22,entsoe.eu,false,
2021-08-14 20:00:00,Italy,North Italy,IT-NO,202.61,258.97,61.79,56.16,entsoe.eu,false,
2021-08-14 21:00:00,Italy,North Italy,IT-NO,200.43,260.05,59.65,53.46,entsoe.eu,false,
2021-08-14 22:00:00,Italy,North Italy,IT-NO,192.02,252.66,59.32,49.38,entsoe.eu,false,
2021-08-14 23:00:00,Italy,North Italy,IT-NO,190.09,250.43,59.68,48.61,entsoe.eu,false,
2021-08-15 00:00:00,Italy,North Italy,IT-NO,189.2,248.72,60.37,46.58,entsoe.eu,false,
2021-08-15 01:00:00,Italy,North Italy,IT-NO,202.63,266.05,56.83,42.42,entsoe.eu,false,
2021-08-15 02:00:00,Italy,North Italy,IT-NO,214.26,278.86,54.71,44.27,entsoe.eu,false,
2021-08-15 03:00:00,Italy,North Italy,IT-NO,244.55,309.97,53.02,49.27,entsoe.eu,false,
2021-08-15 04:00:00,Italy,North Italy,IT-NO,234.62,300.39,52.88,50.39,entsoe.eu,false,
2021-08-15 05:00:00,Italy,North Italy,IT-NO,238.39,305.13,52.12,49.6,entsoe.eu,false,
2021-08-15 06:00:00,Italy,North Italy,IT-NO,217.99,284.14,53.84,51.63,entsoe.eu,false,
2021-08-15 07:00:00,Italy,North Italy,IT-NO,173.6,231.6,63.18,56.88,entsoe.eu,false,
2021-08-15 08:00:00,Italy,North Italy,IT-NO,150.65,205.04,67.75,61.71,entsoe.eu,false,
2021-08-15 09:00:00,Italy,North Italy,IT-NO,138.37,190.46,70.36,64.84,entsoe.eu,false,
2021-08-15 10:00:00,Italy,North Italy,IT-NO,142.15,195.65,69.22,66.24,entsoe.eu,false,
2021-08-15 11:00:00,Italy,North Italy,IT-NO,148.5,204.17,67.84,64.03,entsoe.eu,false,
2021-08-15 12:00:00,Italy,North Italy,IT-NO,150.19,205.46,67.6,64.12,entsoe.eu,false,
2021-08-15 13:00:00,Italy,North Italy,IT-NO,155.42,211.41,66.08,62.78,entsoe.eu,false,
2021-08-15 14:00:00,Italy,North Italy,IT-NO,168.96,226.96,63.15,60.1,entsoe.eu,false,
2021-08-15 15:00:00,Italy,North Italy,IT-NO,176.24,235.24,61.35,57.4,entsoe.eu,false,
2021-08-15 16:00:00,Italy,North Italy,IT-NO,196.41,253.34,61.57,56.94,entsoe.eu,false,
2021-08-15 17:00:00,Italy,North Italy,IT-NO,209.18,266.46,60.32,56.06,entsoe.eu,false,
2021-08-15 18:00:00,Italy,North Italy,IT-NO,218.79,276.49,59.11,55.08,entsoe.eu,false,
2021-08-15 19:00:00,Italy,North Italy,IT-NO,231.03,289.17,58.37,55.32,entsoe.eu,false,
2021-08-15 20:00:00,Italy,North Italy,IT-NO,227.89,289.54,55.97,52.44,entsoe.eu,false,
2021-08-15 21:00:00,Italy,North Italy,IT-NO,220.76,283.72,55.08,50.01,entsoe.eu,false,
2021-08-15 22:00:00,Italy,North Italy,IT-NO,214.42,278.43,55.49,43.36,entsoe.eu,false,
2021-08-15 23:00:00,Italy,North Italy,IT-NO,210.29,273.22,57.03,44.41,entsoe.eu,false,
2021-08-16 00:00:00,Italy,North Italy,IT-NO,197.76,256.69,60.41,48.29,entsoe.eu,false,
2021-08-16 01:00:00,Italy,North Italy,IT-NO,189.68,247.01,62.1,48.98,entsoe.eu,false,
2021-08-16 02:00:00,Italy,North Italy,IT-NO,195.35,253.9,60.78,48.17,entsoe.eu,false,
2021-08-16 03:00:00,Italy,North Italy,IT-NO,208.13,268.79,58.33,45.64,entsoe.eu,false,
2021-08-16 04:00:00,Italy,North Italy,IT-NO,203.29,267.19,56.75,48.36,entsoe.eu,false,
2021-08-16 05:00:00,Italy,North Italy,IT-NO,184.59,242.99,61.36,52.8,entsoe.eu,false,
2021-08-16 06:00:00,Italy,North Italy,IT-NO,174.67,230.27,64.32,57.38,entsoe.eu,false,
2021-08-16 07:00:00,Italy,North Italy,IT-NO,179.98,235.35,64.53,59.02,entsoe.eu,false,
2021-08-16 08:00:00,Italy,North Italy,IT-NO,164.24,217.99,66.81,61.21,entsoe.eu,false,
2021-08-16 09:00:00,Italy,North Italy,IT-NO,156.13,209.29,68.09,62.81,entsoe.eu,false,
2021-08-16 10:00:00,Italy,North Italy,IT-NO,158.01,211.97,67.45,62.61,entsoe.eu,false,
2021-08-16 11:00:00,Italy,North Italy,IT-NO,163.53,218.41,66.41,61.55,entsoe.eu,false,
2021-08-16 12:00:00,Italy,North Italy,IT-NO,161.29,214.28,67.69,63.4,entsoe.eu,false,
2021-08-16 13:00:00,Italy,North Italy,IT-NO,172.84,228.51,65.01,61.02,entsoe.eu,false,
2021-08-16 14:00:00,Italy,North Italy,IT-NO,185.05,241.61,63.43,58.62,entsoe.eu,false,
2021-08-16 15:00:00,Italy,North Italy,IT-NO,199.45,260.3,58.72,53.67,entsoe.eu,false,
2021-08-16 16:00:00,Italy,North Italy,IT-NO,213.63,274.58,57.84,52.95,entsoe.eu,false,
2021-08-16 17:00:00,Italy,North Italy,IT-NO,220.07,277.85,59.9,55.61,entsoe.eu,false,
2021-08-16 18:00:00,Italy,North Italy,IT-NO,227.06,285.48,59.33,54.38,entsoe.eu,false,
2021-08-16 19:00:00,Italy,North Italy,IT-NO,212.81,272.54,58.65,51.88,entsoe.eu,false,
2021-08-16 20:00:00,Italy,North Italy,IT-NO,204.96,268.02,56.77,47.53,entsoe.eu,false,
2021-08-16 21:00:00,Italy,North Italy,IT-NO,202.55,266.14,57.23,47.54,entsoe.eu,false,
2021-08-16 22:00:00,Italy,North Italy,IT-NO,180.85,237.46,62.94,46.45,entsoe.eu,false,
2021-08-16 23:00:00,Italy,North Italy,IT-NO,181.63,237.88,63.18,45.05,entsoe.eu,false,
2021-08-17 00:00:00,Italy,North Italy,IT-NO,183.48,240.65,62.67,44.02,entsoe.eu,false,
2021-08-17 01:00:00,Italy,North Italy,IT-NO,183.25,240.73,62.53,42.38,entsoe.eu,false,
2021-08-17 02:00:00,Italy,North Italy,IT-NO,179.3,235.67,63.39,43.82,entsoe.eu,false,
2021-08-17 03:00:00,Italy,North Italy,IT-NO,178.2,233.91,63.63,43.95,entsoe.eu,false,
2021-08-17 04:00:00,Italy,North Italy,IT-NO,185.97,243.57,61.83,46.43,entsoe.eu,false,
2021-08-17 05:00:00,Italy,North Italy,IT-NO,174.54,228.8,65.15,50.34,entsoe.eu,false,
2021-08-17 06:00:00,Italy,North Italy,IT-NO,165.46,218.21,67.06,54.71,entsoe.eu,false,
2021-08-17 07:00:00,Italy,North Italy,IT-NO,149.18,199.14,70.58,58.68,entsoe.eu,false,
2021-08-17 08:00:00,Italy,North Italy,IT-NO,141.67,192.62,70.96,59.04,entsoe.eu,false,
2021-08-17 09:00:00,Italy,North Italy,IT-NO,137.38,188.43,71.49,60.08,entsoe.eu,false,
2021-08-17 10:00:00,Italy,North Italy,IT-NO,132.49,182.79,72.43,61.68,entsoe.eu,false,
2021-08-17 11:00:00,Italy,North Italy,IT-NO,128.83,178.32,73.05,61.75,entsoe.eu,false,
2021-08-17 12:00:00,Italy,North Italy,IT-NO,131.94,182.15,72.17,60.05,entsoe.eu,false,
2021-08-17 13:00:00,Italy,North Italy,IT-NO,137.54,187.68,71.64,59.05,entsoe.eu,false,
2021-08-17 14:00:00,Italy,North Italy,IT-NO,149.83,200.78,69.95,58.02,entsoe.eu,false,
2021-08-17 15:00:00,Italy,North Italy,IT-NO,152.0,202.0,70.06,57.29,entsoe.eu,false,
2021-08-17 16:00:00,Italy,North Italy,IT-NO,183.45,236.77,65.22,54.93,entsoe.eu,false,
2021-08-17 17:00:00,Italy,North Italy,IT-NO,197.75,250.99,64.41,55.49,entsoe.eu,false,
2021-08-17 18:00:00,Italy,North Italy,IT-NO,202.67,256.56,63.12,53.81,entsoe.eu,false,
2021-08-17 19:00:00,Italy,North Italy,IT-NO,203.4,256.83,63.21,53.41,entsoe.eu,false,
2021-08-17 20:00:00,Italy,North Italy,IT-NO,207.9,267.02,58.93,48.03,entsoe.eu,false,
2021-08-17 21:00:00,Italy,North Italy,IT-NO,217.71,279.33,56.77,44.09,entsoe.eu,false,
2021-08-17 22:00:00,Italy,North Italy,IT-NO,206.84,267.84,58.1,42.73,entsoe.eu,false,
2021-08-17 23:00:00,Italy,North Italy,IT-NO,210.4,273.81,56.22,39.0,entsoe.eu,false,
2021-08-18 00:00:00,Italy,North Italy,IT-NO,205.79,268.14,57.43,39.41,entsoe.eu,false,
2021-08-18 01:00:00,Italy,North Italy,IT-NO,193.92,253.02,60.63,40.06,entsoe.eu,false,
2021-08-18 02:00:00,Italy,North Italy,IT-NO,183.17,239.39,63.31,41.43,entsoe.eu,false,
2021-08-18 03:00:00,Italy,North Italy,IT-NO,195.98,253.72,61.02,40.48,entsoe.eu,false,
2021-08-18 04:00:00,Italy,North Italy,IT-NO,194.6,249.62,62.64,45.02,entsoe.eu,false,
2021-08-18 05:00:00,Italy,North Italy,IT-NO,177.26,231.6,64.69,49.53,entsoe.eu,false,
2021-08-18 06:00:00,Italy,North Italy,IT-NO,167.12,219.55,67.13,55.31,entsoe.eu,false,
2021-08-18 07:00:00,Italy,North Italy,IT-NO,156.48,208.07,68.8,58.79,entsoe.eu,false,
2021-08-18 08:00:00,Italy,North Italy,IT-NO,153.79,204.84,69.9,60.19,entsoe.eu,false,
2021-08-18 09:00:00,Italy,North Italy,IT-NO,147.08,197.53,71.24,61.43,entsoe.eu,false,
2021-08-18 10:00:00,Italy,North Italy,IT-NO,147.68,199.59,70.62,61.0,entsoe.eu,false,
2021-08-18 11:00:00,Italy,North Italy,IT-NO,145.97,198.79,69.81,59.71,entsoe.eu,false,
2021-08-18 12:00:00,Italy,North Italy,IT-NO,146.61,199.08,69.98,60.29,entsoe.eu,false,
2021-08-18 13:00:00,Italy,North Italy,IT-NO,151.01,203.49,69.47,59.05,entsoe.eu,false,
2021-08-18 14:00:00,Italy,North Italy,IT-NO,154.23,206.26,69.24,58.73,entsoe.eu,false,
2021-08-18 15:00:00,Italy,North Italy,IT-NO,159.36,210.26,69.04,59.11,entsoe.eu,false,
2021-08-18 16:00:00,Italy,North Italy,IT-NO,163.53,212.43,69.98,61.05,entsoe.eu,false,
2021-08-18 17:00:00,Italy,North Italy,IT-NO,186.48,234.04,69.76,62.37,entsoe.eu,false,
2021-08-18 18:00:00,Italy,North Italy,IT-NO,197.42,248.01,66.24,58.2,entsoe.eu,false,
2021-08-18 19:00:00,Italy,North Italy,IT-NO,189.49,238.56,67.61,58.53,entsoe.eu,false,
2021-08-18 20:00:00,Italy,North Italy,IT-NO,186.58,240.46,64.17,53.82,entsoe.eu,false,
2021-08-18 21:00:00,Italy,North Italy,IT-NO,198.53,256.21,60.98,48.79,entsoe.eu,false,
2021-08-18 22:00:00,Italy,North Italy,IT-NO,198.04,257.35,59.97,41.64,entsoe.eu,false,
2021-08-18 23:00:00,Italy,North Italy,IT-NO,196.69,254.99,60.24,40.22,entsoe.eu,false,
2021-08-19 00:00:00,Italy,North Italy,IT-NO,192.14,250.22,60.85,39.63,entsoe.eu,false,
2021-08-19 01:00:00,Italy,North Italy,IT-NO,184.24,241.56,61.94,39.21,entsoe.eu,false,
2021-08-19 02:00:00,Italy,North Italy,IT-NO,183.08,240.31,62.03,38.83,entsoe.eu,false,
2021-08-19 03:00:00,Italy,North Italy,IT-NO,192.59,251.69,59.98,38.34,entsoe.eu,false,
2021-08-19 04:00:00,Italy,North Italy,IT-NO,197.44,256.97,58.71,40.42,entsoe.eu,false,
2021-08-19 05:00:00,Italy,North Italy,IT-NO,183.4,239.9,62.83,49.22,entsoe.eu,false,
2021-08-19 06:00:00,Italy,North Italy,IT-NO,181.22,238.29,62.86,52.11,entsoe.eu,false,
2021-08-19 07:00:00,Italy,North Italy,IT-NO,167.22,223.24,64.63,54.3,entsoe.eu,false,
2021-08-19 08:00:00,Italy,North Italy,IT-NO,160.12,215.44,66.05,56.89,entsoe.eu,false,
2021-08-19 09:00:00,Italy,North Italy,IT-NO,156.23,210.56,67.33,58.4,entsoe.eu,false,
2021-08-19 10:00:00,Italy,North Italy,IT-NO,149.48,203.21,68.61,59.69,entsoe.eu,false,
2021-08-19 11:00:00,Italy,North Italy,IT-NO,143.66,196.42,69.72,60.44,entsoe.eu,false,
2021-08-19 12:00:00,Italy,North Italy,IT-NO,144.16,197.09,69.43,59.46,entsoe.eu,false,
2021-08-19 13:00:00,Italy,North Italy,IT-NO,151.19,204.54,68.35,57.86,entsoe.eu,false,
2021-08-19 14:00:00,Italy,North Italy,IT-NO,156.9,210.58,67.26,56.14,entsoe.eu,false,
2021-08-19 15:00:00,Italy,North Italy,IT-NO,165.35,220.8,65.18,54.3,entsoe.eu,false,
2021-08-19 16:00:00,Italy,North Italy,IT-NO,178.27,234.28,63.41,54.07,entsoe.eu,false,
2021-08-19 17:00:00,Italy,North Italy,IT-NO,191.82,245.11,64.65,54.93,entsoe.eu,false,
2021-08-19 18:00:00,Italy,North Italy,IT-NO,217.46,272.31,61.91,53.89,entsoe.eu,false,
2021-08-19 19:00:00,Italy,North Italy,IT-NO,208.89,266.69,59.88,51.06,entsoe.eu,false,
2021-08-19 20:00:00,Italy,North Italy,IT-NO,207.82,267.52,58.73,48.53,entsoe.eu,false,
2021-08-19 21:00:00,Italy,North Italy,IT-NO,201.79,261.97,58.75,45.99,entsoe.eu,false,
2021-08-19 22:00:00,Italy,North Italy,IT-NO,185.51,242.28,63.05,44.36,entsoe.eu,false,
2021-08-19 23:00:00,Italy,North Italy,IT-NO,184.37,240.94,63.33,41.08,entsoe.eu,false,
2021-08-20 00:00:00,Italy,North Italy,IT-NO,184.02,240.44,63.27,41.01,entsoe.eu,false,
2021-08-20 01:00:00,Italy,North Italy,IT-NO,182.68,239.73,62.92,40.36,entsoe.eu,false,
2021-08-20 02:00:00,Italy,North Italy,IT-NO,179.86,237.02,63.27,39.98,entsoe.eu,false,
2021-08-20 03:00:00,Italy,North Italy,IT-NO,179.02,235.49,63.49,40.42,entsoe.eu,false,
2021-08-20 04:00:00,Italy,North Italy,IT-NO,211.16,275.79,55.26,40.67,entsoe.eu,false,
2021-08-20 05:00:00,Italy,North Italy,IT-NO,181.43,238.31,62.58,50.1,entsoe.eu,false,
2021-08-20 06:00:00,Italy,North Italy,IT-NO,191.61,249.83,61.25,52.4,entsoe.eu,false,
2021-08-20 07:00:00,Italy,North Italy,IT-NO,186.64,244.41,62.08,54.15,entsoe.eu,false,
2021-08-20 08:00:00,Italy,North Italy,IT-NO,170.48,225.66,65.41,56.07,entsoe.eu,false,
2021-08-20 09:00:00,Italy,North Italy,IT-NO,157.54,212.38,67.11,57.14,entsoe.eu,false,
2021-08-20 10:00:00,Italy,North Italy,IT-NO,148.32,201.27,69.56,59.12,entsoe.eu,false,
2021-08-20 11:00:00,Italy,North Italy,IT-NO,143.86,196.33,70.31,57.9,entsoe.eu,false,
2021-08-20 12:00:00,Italy,North Italy,IT-NO,144.95,197.09,70.58,57.71,entsoe.eu,false,
2021-08-20 13:00:00,Italy,North Italy,IT-NO,148.63,201.0,69.98,56.14,entsoe.eu,false,
2021-08-20 14:00:00,Italy,North Italy,IT-NO,152.36,205.54,68.36,54.79,entsoe.eu,false,
2021-08-20 15:00:00,Italy,North Italy,IT-NO,156.88,210.16,67.16,55.42,entsoe.eu,false,
2021-08-20 16:00:00,Italy,North Italy,IT-NO,163.46,213.9,68.5,57.54,entsoe.eu,false,
2021-08-20 17:00:00,Italy,North Italy,IT-NO,180.71,231.49,67.3,56.24,entsoe.eu,false,
2021-08-20 18:00:00,Italy,North Italy,IT-NO,199.17,250.78,65.8,56.07,entsoe.eu,false,
2021-08-20 19:00:00,Italy,North Italy,IT-NO,194.19,247.81,64.41,55.4,entsoe.eu,false,
2021-08-20 20:00:00,Italy,North Italy,IT-NO,187.01,244.04,62.01,53.34,entsoe.eu,false,
2021-08-20 21:00:00,Italy,North Italy,IT-NO,195.81,254.52,60.14,50.42,entsoe.eu,false,
2021-08-20 22:00:00,Italy,North Italy,IT-NO,190.75,249.54,60.93,46.2,entsoe.eu,false,
2021-08-20 23:00:00,Italy,North Italy,IT-NO,180.93,236.14,64.35,45.71,entsoe.eu,false,
2021-08-21 00:00:00,Italy,North Italy,IT-NO,179.62,233.16,65.28,44.7,entsoe.eu,false,
2021-08-21 01:00:00,Italy,North Italy,IT-NO,172.24,224.28,67.2,43.97,entsoe.eu,false,
2021-08-21 02:00:00,Italy,North Italy,IT-NO,165.51,216.43,68.19,43.09,entsoe.eu,false,
2021-08-21 03:00:00,Italy,North Italy,IT-NO,171.95,223.54,66.73,42.52,entsoe.eu,false,
2021-08-21 04:00:00,Italy,North Italy,IT-NO,181.62,237.3,63.47,42.07,entsoe.eu,false,
2021-08-21 05:00:00,Italy,North Italy,IT-NO,170.42,225.32,65.12,45.61,entsoe.eu,false,
2021-08-21 06:00:00,Italy,North Italy,IT-NO,157.68,212.5,66.93,51.22,entsoe.eu,false,
2021-08-21 07:00:00,Italy,North Italy,IT-NO,145.45,198.0,70.05,55.73,entsoe.eu,false,
2021-08-21 08:00:00,Italy,North Italy,IT-NO,136.9,185.52,73.6,59.87,entsoe.eu,false,
2021-08-21 09:00:00,Italy,North Italy,IT-NO,135.2,183.97,74.27,61.44,entsoe.eu,false,
2021-08-21 10:00:00,Italy,North Italy,IT-NO,139.03,188.61,73.58,61.6,entsoe.eu,false,
2021-08-21 11:00:00,Italy,North Italy,IT-NO,134.48,183.75,74.03,61.5,entsoe.eu,false,
2021-08-21 12:00:00,Italy,North Italy,IT-NO,135.66,184.95,73.86,60.74,entsoe.eu,false,
2021-08-21 13:00:00,Italy,North Italy,IT-NO,137.44,187.06,73.19,58.83,entsoe.eu,false,
2021-08-21 14:00:00,Italy,North Italy,IT-NO,136.81,185.7,72.94,57.79,entsoe.eu,false,
2021-08-21 15:00:00,Italy,North Italy,IT-NO,150.2,200.38,70.17,55.1,entsoe.eu,false,
2021-08-21 16:00:00,Italy,North Italy,IT-NO,162.21,211.86,68.85,57.74,entsoe.eu,false,
2021-08-21 17:00:00,Italy,North Italy,IT-NO,185.31,237.61,65.6,56.67,entsoe.eu,false,
2021-08-21 18:00:00,Italy,North Italy,IT-NO,187.63,240.49,65.23,55.92,entsoe.eu,false,
2021-08-21 19:00:00,Italy,North Italy,IT-NO,177.52,231.36,64.91,54.84,entsoe.eu,false,
2021-08-21 20:00:00,Italy,North Italy,IT-NO,176.76,231.34,64.36,54.21,entsoe.eu,false,
2021-08-21 21:00:00,Italy,North Italy,IT-NO,189.34,245.59,62.84,50.47,entsoe.eu,false,
2021-08-21 22:00:00,Italy,North Italy,IT-NO,169.89,221.4,68.11,50.92,entsoe.eu,false,
2021-08-21 23:00:00,Italy,North Italy,IT-NO,169.13,220.39,68.53,46.71,entsoe.eu,false,
2021-08-22 00:00:00,Italy,North Italy,IT-NO,177.67,229.35,67.68,42.69,entsoe.eu,false,
2021-08-22 01:00:00,Italy,North Italy,IT-NO,169.68,221.95,67.71,42.22,entsoe.eu,false,
2021-08-22 02:00:00,Italy,North Italy,IT-NO,178.31,233.64,64.75,41.69,entsoe.eu,false,
2021-08-22 03:00:00,Italy,North Italy,IT-NO,204.19,266.44,57.82,39.66,entsoe.eu,false,
2021-08-22 04:00:00,Italy,North Italy,IT-NO,205.96,267.94,57.75,39.91,entsoe.eu,false,
2021-08-22 05:00:00,Italy,North Italy,IT-NO,182.58,238.75,63.17,42.62,entsoe.eu,false,
2021-08-22 06:00:00,Italy,North Italy,IT-NO,160.24,212.16,67.8,49.52,entsoe.eu,false,
2021-08-22 07:00:00,Italy,North Italy,IT-NO,142.93,191.65,71.9,55.39,entsoe.eu,false,
2021-08-22 08:00:00,Italy,North Italy,IT-NO,139.31,188.05,72.54,57.11,entsoe.eu,false,
2021-08-22 09:00:00,Italy,North Italy,IT-NO,128.76,176.56,74.04,59.53,entsoe.eu,false,
2021-08-22 10:00:00,Italy,North Italy,IT-NO,130.56,179.42,73.39,59.69,entsoe.eu,false,
2021-08-22 11:00:00,Italy,North Italy,IT-NO,128.95,177.83,73.66,58.44,entsoe.eu,false,
2021-08-22 12:00:00,Italy,North Italy,IT-NO,127.75,176.46,73.88,58.72,entsoe.eu,false,
2021-08-22 13:00:00,Italy,North Italy,IT-NO,134.73,184.51,72.29,56.57,entsoe.eu,false,
2021-08-22 14:00:00,Italy,North Italy,IT-NO,154.65,207.8,68.12,52.26,entsoe.eu,false,
2021-08-22 15:00:00,Italy,North Italy,IT-NO,166.31,220.67,65.84,52.49,entsoe.eu,false,
2021-08-22 16:00:00,Italy,North Italy,IT-NO,182.66,238.71,62.69,50.63,entsoe.eu,false,
2021-08-22 17:00:00,Italy,North Italy,IT-NO,190.57,247.14,61.47,51.47,entsoe.eu,false,
2021-08-22 18:00:00,Italy,North Italy,IT-NO,203.35,260.8,60.63,52.06,entsoe.eu,false,
2021-08-22 19:00:00,Italy,North Italy,IT-NO,202.3,260.45,60.54,52.8,entsoe.eu,false,
2021-08-22 20:00:00,Italy,North Italy,IT-NO,194.77,253.18,60.72,51.63,entsoe.eu,false,
2021-08-22 21:00:00,Italy,North Italy,IT-NO,203.05,264.31,58.4,46.89,entsoe.eu,false,
2021-08-22 22:00:00,Italy,North Italy,IT-NO,200.7,261.1,59.08,40.79,entsoe.eu,false,
2021-08-22 23:00:00,Italy,North Italy,IT-NO,183.84,240.11,62.92,40.64,entsoe.eu,false,
2021-08-23 00:00:00,Italy,North Italy,IT-NO,172.82,224.47,66.73,43.59,entsoe.eu,false,
2021-08-23 01:00:00,Italy,North Italy,IT-NO,169.78,221.62,66.81,42.32,entsoe.eu,false,
2021-08-23 02:00:00,Italy,North Italy,IT-NO,174.96,228.67,65.55,41.75,entsoe.eu,false,
2021-08-23 03:00:00,Italy,North Italy,IT-NO,185.08,241.41,63.03,41.36,entsoe.eu,false,
2021-08-23 04:00:00,Italy,North Italy,IT-NO,202.6,262.64,58.34,42.18,entsoe.eu,false,
2021-08-23 05:00:00,Italy,North Italy,IT-NO,195.12,253.7,60.31,47.64,entsoe.eu,false,
2021-08-23 06:00:00,Italy,North Italy,IT-NO,210.51,268.66,60.27,50.36,entsoe.eu,false,
2021-08-23 07:00:00,Italy,North Italy,IT-NO,205.99,265.15,59.69,49.81,entsoe.eu,false,
2021-08-23 08:00:00,Italy,North Italy,IT-NO,190.47,248.0,62.26,52.86,entsoe.eu,false,
2021-08-23 09:00:00,Italy,North Italy,IT-NO,177.13,232.24,65.0,54.59,entsoe.eu,false,
2021-08-23 10:00:00,Italy,North Italy,IT-NO,176.69,235.78,62.57,52.68,entsoe.eu,false,
2021-08-23 11:00:00,Italy,North Italy,IT-NO,187.38,248.63,60.42,49.58,entsoe.eu,false,
2021-08-23 12:00:00,Italy,North Italy,IT-NO,192.91,253.03,60.87,50.3,entsoe.eu,false,
2021-08-23 13:00:00,Italy,North Italy,IT-NO,187.63,246.07,62.18,50.56,entsoe.eu,false,
2021-08-23 14:00:00,Italy,North Italy,IT-NO,196.48,257.02,59.94,48.58,entsoe.eu,false,
2021-08-23 15:00:00,Italy,North Italy,IT-NO,193.48,251.87,61.43,50.7,entsoe.eu,false,
2021-08-23 16:00:00,Italy,North Italy,IT-NO,196.14,252.74,62.29,52.22,entsoe.eu,false,
2021-08-23 17:00:00,Italy,North Italy,IT-NO,209.46,264.88,62.31,53.02,entsoe.eu,false,
2021-08-23 18:00:00,Italy,North Italy,IT-NO,216.86,272.13,62.16,53.59,entsoe.eu,false,
2021-08-23 19:00:00,Italy,North Italy,IT-NO,205.73,261.64,62.32,52.28,entsoe.eu,false,
2021-08-23 20:00:00,Italy,North Italy,IT-NO,198.61,259.86,58.23,46.42,entsoe.eu,false,
2021-08-23 21:00:00,Italy,North Italy,IT-NO,214.43,278.47,55.68,42.64,entsoe.eu,false,
2021-08-23 22:00:00,Italy,North Italy,IT-NO,217.09,281.76,54.94,36.89,entsoe.eu,false,
2021-08-23 23:00:00,Italy,North Italy,IT-NO,217.64,281.73,55.23,36.36,entsoe.eu,false,
2021-08-24 00:00:00,Italy,North Italy,IT-NO,224.23,289.64,53.82,36.14,entsoe.eu,false,
2021-08-24 01:00:00,Italy,North Italy,IT-NO,220.48,284.97,54.64,36.93,entsoe.eu,false,
2021-08-24 02:00:00,Italy,North Italy,IT-NO,212.88,276.08,56.5,38.06,entsoe.eu,false,
2021-08-24 03:00:00,Italy,North Italy,IT-NO,227.42,293.64,53.36,37.28,entsoe.eu,false,
2021-08-24 04:00:00,Italy,North Italy,IT-NO,215.1,278.58,55.3,42.4,entsoe.eu,false,
2021-08-24 05:00:00,Italy,North Italy,IT-NO,213.97,275.61,56.89,45.86,entsoe.eu,false,
2021-08-24 06:00:00,Italy,North Italy,IT-NO,208.25,265.68,60.83,51.28,entsoe.eu,false,
2021-08-24 07:00:00,Italy,North Italy,IT-NO,198.25,256.93,60.79,52.08,entsoe.eu,false,
2021-08-24 08:00:00,Italy,North Italy,IT-NO,180.81,238.57,62.58,53.25,entsoe.eu,false,
2021-08-24 09:00:00,Italy,North Italy,IT-NO,172.79,229.24,64.08,53.19,entsoe.eu,false,
2021-08-24 10:00:00,Italy,North Italy,IT-NO,185.32,245.52,61.03,50.88,entsoe.eu,false,
2021-08-24 11:00:00,Italy,North Italy,IT-NO,182.96,242.23,61.72,49.73,entsoe.eu,false,
2021-08-24 12:00:00,Italy,North Italy,IT-NO,189.12,249.93,60.2,48.53,entsoe.eu,false,
2021-08-24 13:00:00,Italy,North Italy,IT-NO,198.75,259.08,59.9,48.91,entsoe.eu,false,
2021-08-24 14:00:00,Italy,North Italy,IT-NO,205.9,266.79,58.99,47.99,entsoe.eu,false,
2021-08-24 15:00:00,Italy,North Italy,IT-NO,212.66,275.23,56.82,46.83,entsoe.eu,false,
2021-08-24 16:00:00,Italy,North Italy,IT-NO,221.85,281.29,58.5,50.1,entsoe.eu,false,
2021-08-24 17:00:00,Italy,North Italy,IT-NO,225.67,286.08,57.7,49.84,entsoe.eu,false,
2021-08-24 18:00:00,Italy,North Italy,IT-NO,229.28,290.65,56.63,48.81,entsoe.eu,false,
2021-08-24 19:00:00,Italy,North Italy,IT-NO,222.91,283.9,57.16,48.14,entsoe.eu,false,
2021-08-24 20:00:00,Italy,North Italy,IT-NO,214.97,277.99,55.99,45.3,entsoe.eu,false,
2021-08-24 21:00:00,Italy,North Italy,IT-NO,225.11,290.63,53.89,41.31,entsoe.eu,false,
2021-08-24 22:00:00,Italy,North Italy,IT-NO,225.21,290.36,54.09,35.69,entsoe.eu,false,
2021-08-24 23:00:00,Italy,North Italy,IT-NO,223.59,288.29,54.42,35.76,entsoe.eu,false,
2021-08-25 00:00:00,Italy,North Italy,IT-NO,214.97,276.07,57.82,39.06,entsoe.eu,false,
2021-08-25 01:00:00,Italy,North Italy,IT-NO,207.05,268.05,58.5,38.47,entsoe.eu,false,
2021-08-25 02:00:00,Italy,North Italy,IT-NO,216.18,278.87,56.71,36.2,entsoe.eu,false,
2021-08-25 03:00:00,Italy,North Italy,IT-NO,218.19,280.83,56.24,36.73,entsoe.eu,false,
2021-08-25 04:00:00,Italy,North Italy,IT-NO,218.87,283.11,54.52,40.43,entsoe.eu,false,
2021-08-25 05:00:00,Italy,North Italy,IT-NO,219.25,282.13,55.94,44.73,entsoe.eu,false,
2021-08-25 06:00:00,Italy,North Italy,IT-NO,216.28,277.99,57.28,48.29,entsoe.eu,false,
2021-08-25 07:00:00,Italy,North Italy,IT-NO,211.88,272.11,59.17,50.67,entsoe.eu,false,
2021-08-25 08:00:00,Italy,North Italy,IT-NO,202.72,263.35,59.76,50.97,entsoe.eu,false,
2021-08-25 09:00:00,Italy,North Italy,IT-NO,191.69,251.3,61.56,52.58,entsoe.eu,false,
2021-08-25 10:00:00,Italy,North Italy,IT-NO,184.74,244.81,62.11,53.39,entsoe.eu,false,
2021-08-25 11:00:00,Italy,North Italy,IT-NO,179.53,238.4,63.22,53.1,entsoe.eu,false,
2021-08-25 12:00:00,Italy,North Italy,IT-NO,188.91,249.16,61.47,51.43,entsoe.eu,false,
2021-08-25 13:00:00,Italy,North Italy,IT-NO,191.34,251.51,61.03,50.61,entsoe.eu,false,
2021-08-25 14:00:00,Italy,North Italy,IT-NO,189.95,247.89,62.2,51.9,entsoe.eu,false,
2021-08-25 15:00:00,Italy,North Italy,IT-NO,198.34,256.75,60.98,50.04,entsoe.eu,false,
2021-08-25 16:00:00,Italy,North Italy,IT-NO,219.85,281.27,57.18,48.42,entsoe.eu,false,
2021-08-25 17:00:00,Italy,North Italy,IT-NO,226.96,287.62,57.26,49.82,entsoe.eu,false,
2021-08-25 18:00:00,Italy,North Italy,IT-NO,229.67,291.08,56.44,48.93,entsoe.eu,false,
2021-08-25 19:00:00,Italy,North Italy,IT-NO,207.31,265.23,60.31,50.04,entsoe.eu,false,
2021-08-25 20:00:00,Italy,North Italy,IT-NO,206.15,266.24,58.97,47.21,entsoe.eu,false,
2021-08-25 21:00:00,Italy,North Italy,IT-NO,211.12,273.12,57.46,43.45,entsoe.eu,false,
2021-08-25 22:00:00,Italy,North Italy,IT-NO,216.22,278.39,57.15,38.01,entsoe.eu,false,
2021-08-25 23:00:00,Italy,North Italy,IT-NO,213.89,276.33,57.18,36.99,entsoe.eu,false,
2021-08-26 00:00:00,Italy,North Italy,IT-NO,213.21,275.92,57.01,36.16,entsoe.eu,false,
2021-08-26 01:00:00,Italy,North Italy,IT-NO,208.44,269.78,58.35,36.54,entsoe.eu,false,
2021-08-26 02:00:00,Italy,North Italy,IT-NO,204.25,263.97,59.91,37.19,entsoe.eu,false,
2021-08-26 03:00:00,Italy,North Italy,IT-NO,209.15,269.47,58.64,38.04,entsoe.eu,false,
2021-08-26 04:00:00,Italy,North Italy,IT-NO,209.4,269.98,58.0,42.81,entsoe.eu,false,
2021-08-26 05:00:00,Italy,North Italy,IT-NO,220.59,283.53,55.58,44.4,entsoe.eu,false,
2021-08-26 06:00:00,Italy,North Italy,IT-NO,220.45,282.39,56.66,47.01,entsoe.eu,false,
2021-08-26 07:00:00,Italy,North Italy,IT-NO,222.55,288.68,54.21,51.33,entsoe.eu,false,
2021-08-26 08:00:00,Italy,North Italy,IT-NO,195.22,255.42,59.81,50.71,entsoe.eu,false,
2021-08-26 09:00:00,Italy,North Italy,IT-NO,197.14,259.84,58.14,49.64,entsoe.eu,false,
2021-08-26 10:00:00,Italy,North Italy,IT-NO,195.87,258.16,59.01,50.45,entsoe.eu,false,
2021-08-26 11:00:00,Italy,North Italy,IT-NO,189.55,249.45,61.41,50.92,entsoe.eu,false,
2021-08-26 12:00:00,Italy,North Italy,IT-NO,195.16,257.26,59.3,48.64,entsoe.eu,false,
2021-08-26 13:00:00,Italy,North Italy,IT-NO,197.52,259.0,59.52,48.06,entsoe.eu,false,
2021-08-26 14:00:00,Italy,North Italy,IT-NO,192.93,253.71,60.26,47.93,entsoe.eu,false,
2021-08-26 15:00:00,Italy,North Italy,IT-NO,214.0,279.11,55.25,44.11,entsoe.eu,false,
2021-08-26 16:00:00,Italy,North Italy,IT-NO,226.96,290.3,55.34,46.69,entsoe.eu,false,
2021-08-26 17:00:00,Italy,North Italy,IT-NO,232.83,295.69,55.61,47.76,entsoe.eu,false,
2021-08-26 18:00:00,Italy,North Italy,IT-NO,234.1,298.75,54.14,45.84,entsoe.eu,false,
2021-08-26 19:00:00,Italy,North Italy,IT-NO,238.44,306.44,51.14,42.91,entsoe.eu,false,
2021-08-26 20:00:00,Italy,North Italy,IT-NO,243.31,311.78,50.62,41.52,entsoe.eu,false,
2021-08-26 21:00:00,Italy,North Italy,IT-NO,239.69,309.26,50.53,40.36,entsoe.eu,false,
2021-08-26 22:00:00,Italy,North Italy,IT-NO,225.8,290.58,55.22,37.5,entsoe.eu,false,
2021-08-26 23:00:00,Italy,North Italy,IT-NO,215.92,277.65,58.08,37.21,entsoe.eu,false,
2021-08-27 00:00:00,Italy,North Italy,IT-NO,218.91,281.49,57.53,36.14,entsoe.eu,false,
2021-08-27 01:00:00,Italy,North Italy,IT-NO,215.1,276.82,58.32,36.06,entsoe.eu,false,
2021-08-27 02:00:00,Italy,North Italy,IT-NO,215.57,277.83,57.59,34.67,entsoe.eu,false,
2021-08-27 03:00:00,Italy,North Italy,IT-NO,218.93,281.69,56.59,34.08,entsoe.eu,false,
2021-08-27 04:00:00,Italy,North Italy,IT-NO,228.4,294.6,53.09,37.33,entsoe.eu,false,
2021-08-27 05:00:00,Italy,North Italy,IT-NO,233.26,302.55,50.52,39.4,entsoe.eu,false,
2021-08-27 06:00:00,Italy,North Italy,IT-NO,231.28,296.89,53.73,44.53,entsoe.eu,false,
2021-08-27 07:00:00,Italy,North Italy,IT-NO,229.41,295.77,53.33,44.73,entsoe.eu,false,
2021-08-27 08:00:00,Italy,North Italy,IT-NO,224.41,292.75,52.31,43.32,entsoe.eu,false,
2021-08-27 09:00:00,Italy,North Italy,IT-NO,223.44,291.59,52.81,43.17,entsoe.eu,false,
2021-08-27 10:00:00,Italy,North Italy,IT-NO,227.08,297.25,51.89,41.72,entsoe.eu,false,
2021-08-27 11:00:00,Italy,North Italy,IT-NO,219.5,288.01,53.7,42.04,entsoe.eu,false,
2021-08-27 12:00:00,Italy,North Italy,IT-NO,217.81,286.25,53.87,42.43,entsoe.eu,false,
2021-08-27 13:00:00,Italy,North Italy,IT-NO,212.66,279.51,55.34,43.11,entsoe.eu,false,
2021-08-27 14:00:00,Italy,North Italy,IT-NO,200.81,264.71,57.71,44.92,entsoe.eu,false,
2021-08-27 15:00:00,Italy,North Italy,IT-NO,207.3,271.73,56.22,43.52,entsoe.eu,false,
2021-08-27 16:00:00,Italy,North Italy,IT-NO,217.92,283.13,54.56,44.02,entsoe.eu,false,
2021-08-27 17:00:00,Italy,North Italy,IT-NO,224.58,291.14,53.05,44.53,entsoe.eu,false,
2021-08-27 18:00:00,Italy,North Italy,IT-NO,217.57,282.24,54.73,45.09,entsoe.eu,false,
2021-08-27 19:00:00,Italy,North Italy,IT-NO,221.68,286.43,54.81,44.72,entsoe.eu,false,
2021-08-27 20:00:00,Italy,North Italy,IT-NO,231.06,300.31,51.37,39.91,entsoe.eu,false,
2021-08-27 21:00:00,Italy,North Italy,IT-NO,237.67,307.95,50.74,37.56,entsoe.eu,false,
2021-08-27 22:00:00,Italy,North Italy,IT-NO,199.56,258.52,60.99,42.25,entsoe.eu,false,
2021-08-27 23:00:00,Italy,North Italy,IT-NO,201.44,260.41,60.86,38.92,entsoe.eu,false,
2021-08-28 00:00:00,Italy,North Italy,IT-NO,199.86,259.55,60.47,37.01,entsoe.eu,false,
2021-08-28 01:00:00,Italy,North Italy,IT-NO,205.28,266.22,59.27,35.05,entsoe.eu,false,
2021-08-28 02:00:00,Italy,North Italy,IT-NO,207.75,268.87,58.99,35.05,entsoe.eu,false,
2021-08-28 03:00:00,Italy,North Italy,IT-NO,203.72,263.87,59.89,35.62,entsoe.eu,false,
2021-08-28 04:00:00,Italy,North Italy,IT-NO,201.41,260.81,59.99,35.98,entsoe.eu,false,
2021-08-28 05:00:00,Italy,North Italy,IT-NO,193.9,249.93,63.03,40.94,entsoe.eu,false,
2021-08-28 06:00:00,Italy,North Italy,IT-NO,177.79,231.41,65.32,45.36,entsoe.eu,false,
2021-08-28 07:00:00,Italy,North Italy,IT-NO,165.66,217.75,67.52,48.63,entsoe.eu,false,
2021-08-28 08:00:00,Italy,North Italy,IT-NO,160.75,212.54,68.53,49.14,entsoe.eu,false,
2021-08-28 09:00:00,Italy,North Italy,IT-NO,155.76,206.74,70.11,51.55,entsoe.eu,false,
2021-08-28 10:00:00,Italy,North Italy,IT-NO,134.02,181.78,74.29,55.84,entsoe.eu,false,
2021-08-28 11:00:00,Italy,North Italy,IT-NO,121.85,167.52,76.75,57.85,entsoe.eu,false,
2021-08-28 12:00:00,Italy,North Italy,IT-NO,129.1,176.33,75.15,55.64,entsoe.eu,false,
2021-08-28 13:00:00,Italy,North Italy,IT-NO,134.19,181.96,74.53,55.08,entsoe.eu,false,
2021-08-28 14:00:00,Italy,North Italy,IT-NO,147.52,197.7,71.74,52.63,entsoe.eu,false,
2021-08-28 15:00:00,Italy,North Italy,IT-NO,155.51,206.11,70.14,50.5,entsoe.eu,false,
2021-08-28 16:00:00,Italy,North Italy,IT-NO,178.73,232.77,65.83,49.24,entsoe.eu,false,
2021-08-28 17:00:00,Italy,North Italy,IT-NO,197.12,254.37,61.46,48.3,entsoe.eu,false,
2021-08-28 18:00:00,Italy,North Italy,IT-NO,197.87,255.25,61.3,48.49,entsoe.eu,false,
2021-08-28 19:00:00,Italy,North Italy,IT-NO,202.46,260.83,60.65,47.45,entsoe.eu,false,
2021-08-28 20:00:00,Italy,North Italy,IT-NO,207.13,266.91,59.54,44.98,entsoe.eu,false,
2021-08-28 21:00:00,Italy,North Italy,IT-NO,215.06,276.7,57.8,43.07,entsoe.eu,false,
2021-08-28 22:00:00,Italy,North Italy,IT-NO,189.21,244.46,64.2,41.54,entsoe.eu,false,
2021-08-28 23:00:00,Italy,North Italy,IT-NO,181.97,236.96,65.22,38.97,entsoe.eu,false,
2021-08-29 00:00:00,Italy,North Italy,IT-NO,180.0,234.32,65.5,37.39,entsoe.eu,false,
2021-08-29 01:00:00,Italy,North Italy,IT-NO,178.95,233.42,65.65,36.59,entsoe.eu,false,
2021-08-29 02:00:00,Italy,North Italy,IT-NO,174.95,228.59,66.63,37.29,entsoe.eu,false,
2021-08-29 03:00:00,Italy,North Italy,IT-NO,182.42,237.65,65.0,37.67,entsoe.eu,false,
2021-08-29 04:00:00,Italy,North Italy,IT-NO,181.97,237.47,64.92,38.78,entsoe.eu,false,
2021-08-29 05:00:00,Italy,North Italy,IT-NO,163.02,214.91,68.8,41.27,entsoe.eu,false,
2021-08-29 06:00:00,Italy,North Italy,IT-NO,155.55,207.44,69.48,47.75,entsoe.eu,false,
2021-08-29 07:00:00,Italy,North Italy,IT-NO,131.9,179.42,74.32,54.05,entsoe.eu,false,
2021-08-29 08:00:00,Italy,North Italy,IT-NO,126.88,173.97,75.28,55.96,entsoe.eu,false,
2021-08-29 09:00:00,Italy,North Italy,IT-NO,118.14,163.88,77.19,59.5,entsoe.eu,false,
2021-08-29 10:00:00,Italy,North Italy,IT-NO,118.31,164.02,77.14,60.27,entsoe.eu,false,
2021-08-29 11:00:00,Italy,North Italy,IT-NO,114.6,160.91,77.36,61.86,entsoe.eu,false,
2021-08-29 12:00:00,Italy,North Italy,IT-NO,118.12,166.11,76.34,62.51,entsoe.eu,false,
2021-08-29 13:00:00,Italy,North Italy,IT-NO,122.8,171.85,75.47,60.49,entsoe.eu,false,
2021-08-29 14:00:00,Italy,North Italy,IT-NO,128.97,176.8,75.17,57.59,entsoe.eu,false,
2021-08-29 15:00:00,Italy,North Italy,IT-NO,142.95,191.85,72.71,54.26,entsoe.eu,false,
2021-08-29 16:00:00,Italy,North Italy,IT-NO,169.54,221.82,67.72,50.46,entsoe.eu,false,
2021-08-29 17:00:00,Italy,North Italy,IT-NO,185.56,238.23,66.2,51.62,entsoe.eu,false,
2021-08-29 18:00:00,Italy,North Italy,IT-NO,198.13,249.99,65.95,51.91,entsoe.eu,false,
2021-08-29 19:00:00,Italy,North Italy,IT-NO,198.04,253.64,63.23,49.63,entsoe.eu,false,
2021-08-29 20:00:00,Italy,North Italy,IT-NO,197.34,254.41,62.52,48.51,entsoe.eu,false,
2021-08-29 21:00:00,Italy,North Italy,IT-NO,200.59,259.02,61.81,44.06,entsoe.eu,false,
2021-08-29 22:00:00,Italy,North Italy,IT-NO,186.11,241.14,64.51,40.03,entsoe.eu,false,
2021-08-29 23:00:00,Italy,North Italy,IT-NO,182.0,236.34,65.06,37.99,entsoe.eu,false,
2021-08-30 00:00:00,Italy,North Italy,IT-NO,182.7,237.6,64.94,37.86,entsoe.eu,false,
2021-08-30 01:00:00,Italy,North Italy,IT-NO,184.61,240.65,64.01,35.71,entsoe.eu,false,
2021-08-30 02:00:00,Italy,North Italy,IT-NO,190.78,248.26,62.26,33.92,entsoe.eu,false,
2021-08-30 03:00:00,Italy,North Italy,IT-NO,201.43,261.15,59.67,34.56,entsoe.eu,false,
2021-08-30 04:00:00,Italy,North Italy,IT-NO,218.23,283.02,54.12,37.55,entsoe.eu,false,
2021-08-30 05:00:00,Italy,North Italy,IT-NO,231.86,298.78,51.61,39.68,entsoe.eu,false,
2021-08-30 06:00:00,Italy,North Italy,IT-NO,228.89,291.11,55.68,45.09,entsoe.eu,false,
2021-08-30 07:00:00,Italy,North Italy,IT-NO,227.6,293.44,53.16,43.47,entsoe.eu,false,
2021-08-30 08:00:00,Italy,North Italy,IT-NO,218.64,285.55,52.89,42.31,entsoe.eu,false,
2021-08-30 09:00:00,Italy,North Italy,IT-NO,216.55,283.35,53.53,43.99,entsoe.eu,false,
2021-08-30 10:00:00,Italy,North Italy,IT-NO,220.06,289.1,52.35,43.81,entsoe.eu,false,
2021-08-30 11:00:00,Italy,North Italy,IT-NO,213.49,279.51,55.04,45.44,entsoe.eu,false,
2021-08-30 12:00:00,Italy,North Italy,IT-NO,214.72,281.85,54.11,43.31,entsoe.eu,false,
2021-08-30 13:00:00,Italy,North Italy,IT-NO,224.27,293.18,51.82,41.24,entsoe.eu,false,
2021-08-30 14:00:00,Italy,North Italy,IT-NO,232.59,301.29,51.26,40.11,entsoe.eu,false,
2021-08-30 15:00:00,Italy,North Italy,IT-NO,230.66,298.85,51.4,40.81,entsoe.eu,false,
2021-08-30 16:00:00,Italy,North Italy,IT-NO,239.38,305.5,52.31,42.95,entsoe.eu,false,
2021-08-30 17:00:00,Italy,North Italy,IT-NO,249.42,314.65,52.52,44.03,entsoe.eu,false,
2021-08-30 18:00:00,Italy,North Italy,IT-NO,254.33,320.84,51.29,43.79,entsoe.eu,false,
2021-08-30 19:00:00,Italy,North Italy,IT-NO,243.44,309.63,52.02,42.44,entsoe.eu,false,
2021-08-30 20:00:00,Italy,North Italy,IT-NO,246.62,318.83,47.52,36.21,entsoe.eu,false,
2021-08-30 21:00:00,Italy,North Italy,IT-NO,256.42,329.08,46.35,32.84,entsoe.eu,false,
2021-08-30 22:00:00,Italy,North Italy,IT-NO,251.37,322.31,48.15,30.05,entsoe.eu,false,
2021-08-30 23:00:00,Italy,North Italy,IT-NO,253.88,324.57,47.65,28.37,entsoe.eu,false,
2021-08-31 00:00:00,Italy,North Italy,IT-NO,249.52,322.71,47.51,28.17,entsoe.eu,false,
2021-08-31 01:00:00,Italy,North Italy,IT-NO,244.6,313.18,49.58,28.06,entsoe.eu,false,
2021-08-31 02:00:00,Italy,North Italy,IT-NO,248.26,318.13,48.55,27.31,entsoe.eu,false,
2021-08-31 03:00:00,Italy,North Italy,IT-NO,257.22,329.66,46.49,27.13,entsoe.eu,false,
2021-08-31 04:00:00,Italy,North Italy,IT-NO,251.48,322.96,46.73,31.68,entsoe.eu,false,
2021-08-31 05:00:00,Italy,North Italy,IT-NO,252.99,325.69,46.26,35.37,entsoe.eu,false,
2021-08-31 06:00:00,Italy,North Italy,IT-NO,246.78,312.36,52.27,43.6,entsoe.eu,false,
2021-08-31 07:00:00,Italy,North Italy,IT-NO,229.58,296.54,52.3,43.08,entsoe.eu,false,
2021-08-31 08:00:00,Italy,North Italy,IT-NO,233.84,303.8,50.09,41.12,entsoe.eu,false,
2021-08-31 09:00:00,Italy,North Italy,IT-NO,235.55,306.72,49.62,41.19,entsoe.eu,false,
2021-08-31 10:00:00,Italy,North Italy,IT-NO,233.01,304.67,49.95,41.29,entsoe.eu,false,
2021-08-31 11:00:00,Italy,North Italy,IT-NO,234.79,306.72,49.65,39.84,entsoe.eu,false,
2021-08-31 12:00:00,Italy,North Italy,IT-NO,238.82,310.82,49.09,39.16,entsoe.eu,false,
2021-08-31 13:00:00,Italy,North Italy,IT-NO,239.16,310.69,49.21,38.9,entsoe.eu,false,
2021-08-31 14:00:00,Italy,North Italy,IT-NO,246.57,318.73,48.05,36.7,entsoe.eu,false,
2021-08-31 15:00:00,Italy,North Italy,IT-NO,250.96,322.88,47.47,36.53,entsoe.eu,false,
2021-08-31 16:00:00,Italy,North Italy,IT-NO,252.49,322.94,48.15,39.39,entsoe.eu,false,
2021-08-31 17:00:00,Italy,North Italy,IT-NO,256.09,325.72,48.51,40.86,entsoe.eu,false,
2021-08-31 18:00:00,Italy,North Italy,IT-NO,256.7,325.95,48.65,40.78,entsoe.eu,false,
2021-08-31 19:00:00,Italy,North Italy,IT-NO,246.6,317.54,47.96,38.45,entsoe.eu,false,
2021-08-31 20:00:00,Italy,North Italy,IT-NO,259.77,334.11,45.17,33.56,entsoe.eu,false,
2021-08-31 21:00:00,Italy,North Italy,IT-NO,271.99,348.65,42.97,30.27,entsoe.eu,false,
2021-08-31 22:00:00,Italy,North Italy,IT-NO,262.07,337.29,44.0,29.57,entsoe.eu,false,
2021-08-31 23:00:00,Italy,North Italy,IT-NO,261.79,336.54,44.37,29.01,entsoe.eu,false,
2021-09-01 00:00:00,Italy,North Italy,IT-NO,270.89,346.36,42.75,25.69,entsoe.eu,false,
2021-09-01 01:00:00,Italy,North Italy,IT-NO,258.74,331.31,46.26,26.44,entsoe.eu,false,
2021-09-01 02:00:00,Italy,North Italy,IT-NO,254.63,326.64,47.0,27.59,entsoe.eu,false,
2021-09-01 03:00:00,Italy,North Italy,IT-NO,263.8,337.73,44.95,26.89,entsoe.eu,false,
2021-09-01 04:00:00,Italy,North Italy,IT-NO,258.0,331.78,44.7,30.63,entsoe.eu,false,
2021-09-01 05:00:00,Italy,North Italy,IT-NO,247.69,320.0,46.65,36.34,entsoe.eu,false,
2021-09-01 06:00:00,Italy,North Italy,IT-NO,240.85,308.17,51.24,42.8,entsoe.eu,false,
2021-09-01 07:00:00,Italy,North Italy,IT-NO,238.94,307.49,50.74,43.44,entsoe.eu,false,
2021-09-01 08:00:00,Italy,North Italy,IT-NO,237.2,309.79,48.21,40.49,entsoe.eu,false,
2021-09-01 09:00:00,Italy,North Italy,IT-NO,241.25,314.34,48.0,40.54,entsoe.eu,false,
2021-09-01 10:00:00,Italy,North Italy,IT-NO,243.94,318.38,47.53,39.39,entsoe.eu,false,
2021-09-01 11:00:00,Italy,North Italy,IT-NO,238.18,310.85,49.07,39.72,entsoe.eu,false,
2021-09-01 12:00:00,Italy,North Italy,IT-NO,246.7,321.25,47.01,37.68,entsoe.eu,false,
2021-09-01 13:00:00,Italy,North Italy,IT-NO,252.41,328.18,45.56,36.05,entsoe.eu,false,
2021-09-01 14:00:00,Italy,North Italy,IT-NO,245.65,319.95,46.74,36.71,entsoe.eu,false,
2021-09-01 15:00:00,Italy,North Italy,IT-NO,251.14,325.95,45.6,35.5,entsoe.eu,false,
2021-09-01 16:00:00,Italy,North Italy,IT-NO,249.87,321.79,47.71,39.67,entsoe.eu,false,
2021-09-01 17:00:00,Italy,North Italy,IT-NO,259.95,329.22,49.18,42.9,entsoe.eu,false,
2021-09-01 18:00:00,Italy,North Italy,IT-NO,258.64,328.94,48.65,42.19,entsoe.eu,false,
2021-09-01 19:00:00,Italy,North Italy,IT-NO,251.68,326.9,45.35,36.7,entsoe.eu,false,
2021-09-01 20:00:00,Italy,North Italy,IT-NO,264.53,339.24,44.3,32.86,entsoe.eu,false,
2021-09-01 21:00:00,Italy,North Italy,IT-NO,262.32,334.75,45.13,32.22,entsoe.eu,false,
2021-09-01 22:00:00,Italy,North Italy,IT-NO,240.55,306.1,51.6,32.42,entsoe.eu,false,
2021-09-01 23:00:00,Italy,North Italy,IT-NO,247.15,313.22,50.39,29.86,entsoe.eu,false,
2021-09-02 00:00:00,Italy,North Italy,IT-NO,246.46,312.79,50.51,29.43,entsoe.eu,false,
2021-09-02 01:00:00,Italy,North Italy,IT-NO,244.35,311.13,51.12,29.72,entsoe.eu,false,
2021-09-02 02:00:00,Italy,North Italy,IT-NO,247.86,315.05,50.11,29.23,entsoe.eu,false,
2021-09-02 03:00:00,Italy,North Italy,IT-NO,259.54,328.78,48.04,29.18,entsoe.eu,false,
2021-09-02 04:00:00,Italy,North Italy,IT-NO,240.44,305.97,51.13,36.18,entsoe.eu,false,
2021-09-02 05:00:00,Italy,North Italy,IT-NO,243.31,310.05,50.83,39.68,entsoe.eu,false,
2021-09-02 06:00:00,Italy,North Italy,IT-NO,241.73,304.47,54.79,46.05,entsoe.eu,false,
2021-09-02 07:00:00,Italy,North Italy,IT-NO,227.55,291.9,54.57,45.54,entsoe.eu,false,
2021-09-02 08:00:00,Italy,North Italy,IT-NO,218.48,284.91,54.04,44.88,entsoe.eu,false,
2021-09-02 09:00:00,Italy,North Italy,IT-NO,225.45,292.94,53.34,43.87,entsoe.eu,false,
2021-09-02 10:00:00,Italy,North Italy,IT-NO,230.12,300.02,52.18,43.76,entsoe.eu,false,
2021-09-02 11:00:00,Italy,North Italy,IT-NO,235.1,306.15,50.95,42.7,entsoe.eu,false,
2021-09-02 12:00:00,Italy,North Italy,IT-NO,240.4,311.84,49.91,42.0,entsoe.eu,false,
2021-09-02 13:00:00,Italy,North Italy,IT-NO,240.24,311.77,49.57,40.96,entsoe.eu,false,
2021-09-02 14:00:00,Italy,North Italy,IT-NO,233.99,303.62,51.16,41.46,entsoe.eu,false,
2021-09-02 15:00:00,Italy,North Italy,IT-NO,238.91,308.07,50.63,41.44,entsoe.eu,false,
2021-09-02 16:00:00,Italy,North Italy,IT-NO,239.5,303.27,54.14,45.23,entsoe.eu,false,
2021-09-02 17:00:00,Italy,North Italy,IT-NO,242.5,308.37,52.09,43.4,entsoe.eu,false,
2021-09-02 18:00:00,Italy,North Italy,IT-NO,247.74,312.94,52.4,44.44,entsoe.eu,false,
2021-09-02 19:00:00,Italy,North Italy,IT-NO,236.55,303.82,51.42,41.95,entsoe.eu,false,
2021-09-02 20:00:00,Italy,North Italy,IT-NO,238.93,307.9,50.55,39.26,entsoe.eu,false,
2021-09-02 21:00:00,Italy,North Italy,IT-NO,259.68,330.62,47.48,34.8,entsoe.eu,false,
2021-09-02 22:00:00,Italy,North Italy,IT-NO,260.44,331.9,47.19,30.65,entsoe.eu,false,
2021-09-02 23:00:00,Italy,North Italy,IT-NO,264.59,336.47,46.03,28.04,entsoe.eu,false,
2021-09-03 00:00:00,Italy,North Italy,IT-NO,261.16,332.42,46.98,28.42,entsoe.eu,false,
2021-09-03 01:00:00,Italy,North Italy,IT-NO,249.71,318.0,49.79,29.28,entsoe.eu,false,
2021-09-03 02:00:00,Italy,North Italy,IT-NO,252.73,323.23,48.37,27.96,entsoe.eu,false,
2021-09-03 03:00:00,Italy,North Italy,IT-NO,253.91,326.17,47.61,27.86,entsoe.eu,false,
2021-09-03 04:00:00,Italy,North Italy,IT-NO,254.11,326.76,46.17,31.26,entsoe.eu,false,
2021-09-03 05:00:00,Italy,North Italy,IT-NO,266.64,340.3,45.23,35.72,entsoe.eu,false,
2021-09-03 06:00:00,Italy,North Italy,IT-NO,251.49,323.26,47.62,40.79,entsoe.eu,false,
2021-09-03 07:00:00,Italy,North Italy,IT-NO,266.02,340.05,46.07,40.81,entsoe.eu,false,
2021-09-03 08:00:00,Italy,North Italy,IT-NO,262.24,337.37,46.06,39.92,entsoe.eu,false,
2021-09-03 09:00:00,Italy,North Italy,IT-NO,254.8,330.2,46.61,40.59,entsoe.eu,false,
2021-09-03 10:00:00,Italy,North Italy,IT-NO,256.92,334.71,45.06,39.24,entsoe.eu,false,
2021-09-03 11:00:00,Italy,North Italy,IT-NO,256.47,333.59,45.58,38.66,entsoe.eu,false,
2021-09-03 12:00:00,Italy,North Italy,IT-NO,253.77,328.84,47.14,40.3,entsoe.eu,false,
2021-09-03 13:00:00,Italy,North Italy,IT-NO,258.01,331.47,47.9,41.08,entsoe.eu,false,
2021-09-03 14:00:00,Italy,North Italy,IT-NO,262.89,338.11,45.76,37.59,entsoe.eu,false,
2021-09-03 15:00:00,Italy,North Italy,IT-NO,262.72,337.0,45.91,38.19,entsoe.eu,false,
2021-09-03 16:00:00,Italy,North Italy,IT-NO,250.26,321.62,47.89,38.93,entsoe.eu,false,
2021-09-03 17:00:00,Italy,North Italy,IT-NO,254.64,322.16,50.73,42.3,entsoe.eu,false,
2021-09-03 18:00:00,Italy,North Italy,IT-NO,260.08,328.05,49.99,41.87,entsoe.eu,false,
2021-09-03 19:00:00,Italy,North Italy,IT-NO,243.65,315.12,48.03,37.63,entsoe.eu,false,
2021-09-03 20:00:00,Italy,North Italy,IT-NO,258.59,333.16,45.46,33.39,entsoe.eu,false,
2021-09-03 21:00:00,Italy,North Italy,IT-NO,270.06,346.03,44.36,31.48,entsoe.eu,false,
2021-09-03 22:00:00,Italy,North Italy,IT-NO,261.67,333.61,48.25,34.57,entsoe.eu,false,
2021-09-03 23:00:00,Italy,North Italy,IT-NO,263.84,337.63,46.27,30.01,entsoe.eu,false,
2021-09-04 00:00:00,Italy,North Italy,IT-NO,260.36,334.16,46.28,28.76,entsoe.eu,false,
2021-09-04 01:00:00,Italy,North Italy,IT-NO,256.6,329.51,47.0,27.72,entsoe.eu,false,
2021-09-04 02:00:00,Italy,North Italy,IT-NO,257.05,330.97,46.42,27.85,entsoe.eu,false,
2021-09-04 03:00:00,Italy,North Italy,IT-NO,260.92,335.5,45.81,27.31,entsoe.eu,false,
2021-09-04 04:00:00,Italy,North Italy,IT-NO,249.39,320.05,49.1,32.81,entsoe.eu,false,
2021-09-04 05:00:00,Italy,North Italy,IT-NO,238.27,304.84,52.46,36.99,entsoe.eu,false,
2021-09-04 06:00:00,Italy,North Italy,IT-NO,226.6,289.5,56.35,43.17,entsoe.eu,false,
2021-09-04 07:00:00,Italy,North Italy,IT-NO,213.83,277.92,56.73,44.24,entsoe.eu,false,
2021-09-04 08:00:00,Italy,North Italy,IT-NO,211.34,277.31,56.04,44.15,entsoe.eu,false,
2021-09-04 09:00:00,Italy,North Italy,IT-NO,215.33,283.34,55.15,42.75,entsoe.eu,false,
2021-09-04 10:00:00,Italy,North Italy,IT-NO,201.86,266.95,58.75,46.82,entsoe.eu,false,
2021-09-04 11:00:00,Italy,North Italy,IT-NO,190.5,253.22,61.68,49.59,entsoe.eu,false,
2021-09-04 12:00:00,Italy,North Italy,IT-NO,189.48,251.61,62.14,49.11,entsoe.eu,false,
2021-09-04 13:00:00,Italy,North Italy,IT-NO,211.72,279.11,56.03,42.82,entsoe.eu,false,
2021-09-04 14:00:00,Italy,North Italy,IT-NO,230.61,301.6,51.69,38.69,entsoe.eu,false,
2021-09-04 15:00:00,Italy,North Italy,IT-NO,241.19,312.42,50.04,36.48,entsoe.eu,false,
2021-09-04 16:00:00,Italy,North Italy,IT-NO,247.88,318.92,49.22,38.05,entsoe.eu,false,
2021-09-04 17:00:00,Italy,North Italy,IT-NO,242.36,309.07,52.02,42.59,entsoe.eu,false,
2021-09-04 18:00:00,Italy,North Italy,IT-NO,240.26,306.82,52.24,42.82,entsoe.eu,false,
2021-09-04 19:00:00,Italy,North Italy,IT-NO,254.48,327.65,47.02,36.04,entsoe.eu,false,
2021-09-04 20:00:00,Italy,North Italy,IT-NO,264.66,339.21,45.97,33.68,entsoe.eu,false,
2021-09-04 21:00:00,Italy,North Italy,IT-NO,278.16,355.57,43.36,30.89,entsoe.eu,false,
2021-09-04 22:00:00,Italy,North Italy,IT-NO,227.52,289.55,58.33,38.29,entsoe.eu,false,
2021-09-04 23:00:00,Italy,North Italy,IT-NO,228.68,291.8,57.4,36.24,entsoe.eu,false,
2021-09-05 00:00:00,Italy,North Italy,IT-NO,226.15,290.74,56.22,32.8,entsoe.eu,false,
2021-09-05 01:00:00,Italy,North Italy,IT-NO,221.53,285.14,56.92,31.22,entsoe.eu,false,
2021-09-05 02:00:00,Italy,North Italy,IT-NO,223.86,288.22,56.09,29.32,entsoe.eu,false,
2021-09-05 03:00:00,Italy,North Italy,IT-NO,225.78,289.84,56.13,29.97,entsoe.eu,false,
2021-09-05 04:00:00,Italy,North Italy,IT-NO,218.28,280.18,58.0,33.07,entsoe.eu,false,
2021-09-05 05:00:00,Italy,North Italy,IT-NO,213.51,273.59,58.98,35.3,entsoe.eu,false,
2021-09-05 06:00:00,Italy,North Italy,IT-NO,190.39,248.57,62.64,40.38,entsoe.eu,false,
2021-09-05 07:00:00,Italy,North Italy,IT-NO,167.85,222.9,67.16,47.72,entsoe.eu,false,
2021-09-05 08:00:00,Italy,North Italy,IT-NO,158.06,211.97,69.07,51.86,entsoe.eu,false,
2021-09-05 09:00:00,Italy,North Italy,IT-NO,153.67,207.48,69.89,53.36,entsoe.eu,false,
2021-09-05 10:00:00,Italy,North Italy,IT-NO,147.51,200.02,71.59,55.56,entsoe.eu,false,
2021-09-05 11:00:00,Italy,North Italy,IT-NO,123.67,172.85,75.97,58.46,entsoe.eu,false,
2021-09-05 12:00:00,Italy,North Italy,IT-NO,122.27,170.9,76.31,56.9,entsoe.eu,false,
2021-09-05 13:00:00,Italy,North Italy,IT-NO,145.61,198.93,71.15,52.99,entsoe.eu,false,
2021-09-05 14:00:00,Italy,North Italy,IT-NO,158.43,211.6,69.98,50.89,entsoe.eu,false,
2021-09-05 15:00:00,Italy,North Italy,IT-NO,187.06,243.27,64.99,45.19,entsoe.eu,false,
2021-09-05 16:00:00,Italy,North Italy,IT-NO,200.13,258.69,61.44,44.11,entsoe.eu,false,
2021-09-05 17:00:00,Italy,North Italy,IT-NO,217.4,272.97,62.23,51.21,entsoe.eu,false,
2021-09-05 18:00:00,Italy,North Italy,IT-NO,226.42,280.86,62.56,53.74,entsoe.eu,false,
2021-09-05 19:00:00,Italy,North Italy,IT-NO,221.91,281.93,58.42,46.81,entsoe.eu,false,
2021-09-05 20:00:00,Italy,North Italy,IT-NO,230.2,296.02,53.89,40.92,entsoe.eu,false,
2021-09-05 21:00:00,Italy,North Italy,IT-NO,252.8,321.73,50.62,36.13,entsoe.eu,false,
2021-09-05 22:00:00,Italy,North Italy,IT-NO,251.22,315.71,52.87,32.48,entsoe.eu,false,
2021-09-05 23:00:00,Italy,North Italy,IT-NO,245.95,308.33,54.88,32.0,entsoe.eu,false,
2021-09-06 00:00:00,Italy,North Italy,IT-NO,240.08,301.51,55.93,31.97,entsoe.eu,false,
2021-09-06 01:00:00,Italy,North Italy,IT-NO,243.25,307.0,53.81,30.2,entsoe.eu,false,
2021-09-06 02:00:00,Italy,North Italy,IT-NO,247.22,312.84,52.31,29.49,entsoe.eu,false,
2021-09-06 03:00:00,Italy,North Italy,IT-NO,262.54,332.83,48.02,27.4,entsoe.eu,false,
2021-09-06 04:00:00,Italy,North Italy,IT-NO,261.23,336.49,44.01,30.0,entsoe.eu,false,
2021-09-06 05:00:00,Italy,North Italy,IT-NO,277.97,359.32,38.82,28.73,entsoe.eu,false,
2021-09-06 06:00:00,Italy,North Italy,IT-NO,271.58,346.29,44.48,37.66,entsoe.eu,false,
2021-09-06 07:00:00,Italy,North Italy,IT-NO,252.55,323.86,48.5,41.42,entsoe.eu,false,
2021-09-06 08:00:00,Italy,North Italy,IT-NO,244.06,316.58,48.78,41.09,entsoe.eu,false,
2021-09-06 09:00:00,Italy,North Italy,IT-NO,243.4,315.73,49.11,40.93,entsoe.eu,false,
2021-09-06 10:00:00,Italy,North Italy,IT-NO,240.27,313.66,49.14,41.33,entsoe.eu,false,
2021-09-06 11:00:00,Italy,North Italy,IT-NO,239.92,313.06,49.18,40.71,entsoe.eu,false,
2021-09-06 12:00:00,Italy,North Italy,IT-NO,252.31,328.55,45.99,38.68,entsoe.eu,false,
2021-09-06 13:00:00,Italy,North Italy,IT-NO,248.92,323.72,46.97,38.45,entsoe.eu,false,
2021-09-06 14:00:00,Italy,North Italy,IT-NO,249.61,324.0,46.93,37.85,entsoe.eu,false,
2021-09-06 15:00:00,Italy,North Italy,IT-NO,261.05,337.58,43.97,35.03,entsoe.eu,false,
2021-09-06 16:00:00,Italy,North Italy,IT-NO,281.03,356.69,43.37,36.11,entsoe.eu,false,
2021-09-06 17:00:00,Italy,North Italy,IT-NO,278.64,352.65,44.47,37.42,entsoe.eu,false,
2021-09-06 18:00:00,Italy,North Italy,IT-NO,278.8,350.87,46.11,39.1,entsoe.eu,false,
2021-09-06 19:00:00,Italy,North Italy,IT-NO,282.75,360.53,41.71,33.7,entsoe.eu,false,
2021-09-06 20:00:00,Italy,North Italy,IT-NO,269.45,347.68,42.23,30.13,entsoe.eu,false,
2021-09-06 21:00:00,Italy,North Italy,IT-NO,279.25,355.63,42.43,27.01,entsoe.eu,false,
2021-09-06 22:00:00,Italy,North Italy,IT-NO,274.86,350.26,42.92,25.54,entsoe.eu,false,
2021-09-06 23:00:00,Italy,North Italy,IT-NO,275.68,350.69,42.69,24.03,entsoe.eu,false,
2021-09-07 00:00:00,Italy,North Italy,IT-NO,273.85,352.11,41.98,23.16,entsoe.eu,false,
2021-09-07 01:00:00,Italy,North Italy,IT-NO,268.2,341.69,44.83,23.81,entsoe.eu,false,
2021-09-07 02:00:00,Italy,North Italy,IT-NO,260.99,334.77,45.98,24.58,entsoe.eu,false,
2021-09-07 03:00:00,Italy,North Italy,IT-NO,264.13,340.72,44.33,24.46,entsoe.eu,false,
2021-09-07 04:00:00,Italy,North Italy,IT-NO,256.53,333.09,43.61,30.25,entsoe.eu,false,
2021-09-07 05:00:00,Italy,North Italy,IT-NO,281.39,357.72,42.85,35.85,entsoe.eu,false,
2021-09-07 06:00:00,Italy,North Italy,IT-NO,275.55,348.04,46.22,40.45,entsoe.eu,false,
2021-09-07 07:00:00,Italy,North Italy,IT-NO,255.71,328.91,46.86,39.76,entsoe.eu,false,
2021-09-07 08:00:00,Italy,North Italy,IT-NO,252.15,324.78,47.55,39.34,entsoe.eu,false,
2021-09-07 09:00:00,Italy,North Italy,IT-NO,260.1,335.74,44.91,35.93,entsoe.eu,false,
2021-09-07 10:00:00,Italy,North Italy,IT-NO,255.97,331.32,46.4,36.88,entsoe.eu,false,
2021-09-07 11:00:00,Italy,North Italy,IT-NO,251.88,326.67,47.06,36.99,entsoe.eu,false,
2021-09-07 12:00:00,Italy,North Italy,IT-NO,257.13,332.86,45.67,35.83,entsoe.eu,false,
2021-09-07 13:00:00,Italy,North Italy,IT-NO,256.2,331.63,45.48,36.18,entsoe.eu,false,
2021-09-07 14:00:00,Italy,North Italy,IT-NO,255.95,330.56,45.72,34.5,entsoe.eu,false,
2021-09-07 15:00:00,Italy,North Italy,IT-NO,252.1,325.92,45.88,35.38,entsoe.eu,false,
2021-09-07 16:00:00,Italy,North Italy,IT-NO,257.73,331.79,44.75,34.55,entsoe.eu,false,
2021-09-07 17:00:00,Italy,North Italy,IT-NO,273.85,345.27,46.43,38.12,entsoe.eu,false,
2021-09-07 18:00:00,Italy,North Italy,IT-NO,265.65,338.43,45.86,37.65,entsoe.eu,false,
2021-09-07 19:00:00,Italy,North Italy,IT-NO,262.31,338.21,43.53,32.61,entsoe.eu,false,
2021-09-07 20:00:00,Italy,North Italy,IT-NO,265.35,340.49,44.35,30.19,entsoe.eu,false,
2021-09-07 21:00:00,Italy,North Italy,IT-NO,278.51,353.47,42.95,28.08,entsoe.eu,false,
2021-09-07 22:00:00,Italy,North Italy,IT-NO,272.26,347.59,43.64,25.07,entsoe.eu,false,
2021-09-07 23:00:00,Italy,North Italy,IT-NO,277.74,354.34,42.23,22.95,entsoe.eu,false,
2021-09-08 00:00:00,Italy,North Italy,IT-NO,274.18,349.56,43.31,22.93,entsoe.eu,false,
2021-09-08 01:00:00,Italy,North Italy,IT-NO,267.45,341.03,45.04,23.19,entsoe.eu,false,
2021-09-08 02:00:00,Italy,North Italy,IT-NO,267.26,340.87,45.06,23.15,entsoe.eu,false,
2021-09-08 03:00:00,Italy,North Italy,IT-NO,273.63,348.83,43.48,23.17,entsoe.eu,false,
2021-09-08 04:00:00,Italy,North Italy,IT-NO,260.69,334.62,44.63,30.93,entsoe.eu,false,
2021-09-08 05:00:00,Italy,North Italy,IT-NO,278.66,355.05,42.63,34.88,entsoe.eu,false,
2021-09-08 06:00:00,Italy,North Italy,IT-NO,266.75,339.85,45.97,38.25,entsoe.eu,false,
2021-09-08 07:00:00,Italy,North Italy,IT-NO,262.91,337.94,45.05,37.42,entsoe.eu,false,
2021-09-08 08:00:00,Italy,North Italy,IT-NO,257.56,332.88,45.21,36.79,entsoe.eu,false,
2021-09-08 09:00:00,Italy,North Italy,IT-NO,258.2,334.88,45.3,37.51,entsoe.eu,false,
2021-09-08 10:00:00,Italy,North Italy,IT-NO,245.33,319.32,48.33,39.72,entsoe.eu,false,
2021-09-08 11:00:00,Italy,North Italy,IT-NO,241.55,314.45,49.42,40.5,entsoe.eu,false,
2021-09-08 12:00:00,Italy,North Italy,IT-NO,253.06,328.9,46.61,38.91,entsoe.eu,false,
2021-09-08 13:00:00,Italy,North Italy,IT-NO,258.38,335.03,45.23,37.6,entsoe.eu,false,
2021-09-08 14:00:00,Italy,North Italy,IT-NO,262.12,339.35,44.08,34.56,entsoe.eu,false,
2021-09-08 15:00:00,Italy,North Italy,IT-NO,268.67,347.3,42.02,32.67,entsoe.eu,false,
2021-09-08 16:00:00,Italy,North Italy,IT-NO,273.43,349.23,43.45,34.42,entsoe.eu,false,
2021-09-08 17:00:00,Italy,North Italy,IT-NO,271.71,346.34,44.22,35.65,entsoe.eu,false,
2021-09-08 18:00:00,Italy,North Italy,IT-NO,270.61,342.68,46.07,37.39,entsoe.eu,false,
2021-09-08 19:00:00,Italy,North Italy,IT-NO,267.84,345.13,42.61,31.67,entsoe.eu,false,
2021-09-08 20:00:00,Italy,North Italy,IT-NO,283.27,361.79,40.93,27.83,entsoe.eu,false,
2021-09-08 21:00:00,Italy,North Italy,IT-NO,287.02,366.54,40.41,27.55,entsoe.eu,false,
2021-09-08 22:00:00,Italy,North Italy,IT-NO,273.58,349.84,43.06,27.79,entsoe.eu,false,
2021-09-08 23:00:00,Italy,North Italy,IT-NO,282.69,361.04,41.17,25.29,entsoe.eu,false,
2021-09-09 00:00:00,Italy,North Italy,IT-NO,279.83,357.28,42.07,25.2,entsoe.eu,false,
2021-09-09 01:00:00,Italy,North Italy,IT-NO,277.36,357.81,40.52,25.52,entsoe.eu,false,
2021-09-09 02:00:00,Italy,North Italy,IT-NO,277.19,358.18,40.34,25.87,entsoe.eu,false,
2021-09-09 03:00:00,Italy,North Italy,IT-NO,283.09,365.59,38.86,24.62,entsoe.eu,false,
2021-09-09 04:00:00,Italy,North Italy,IT-NO,268.82,344.73,44.04,32.6,entsoe.eu,false,
2021-09-09 05:00:00,Italy,North Italy,IT-NO,266.2,340.08,45.46,35.79,entsoe.eu,false,
2021-09-09 06:00:00,Italy,North Italy,IT-NO,261.45,332.97,47.84,39.76,entsoe.eu,false,
2021-09-09 07:00:00,Italy,North Italy,IT-NO,256.64,326.22,49.28,40.99,entsoe.eu,false,
2021-09-09 08:00:00,Italy,North Italy,IT-NO,252.92,322.72,49.89,41.89,entsoe.eu,false,
2021-09-09 09:00:00,Italy,North Italy,IT-NO,242.71,314.6,49.11,41.37,entsoe.eu,false,
2021-09-09 10:00:00,Italy,North Italy,IT-NO,248.9,324.13,47.24,39.92,entsoe.eu,false,
2021-09-09 11:00:00,Italy,North Italy,IT-NO,246.46,320.62,47.97,39.79,entsoe.eu,false,
2021-09-09 12:00:00,Italy,North Italy,IT-NO,250.19,324.61,47.57,39.08,entsoe.eu,false,
2021-09-09 13:00:00,Italy,North Italy,IT-NO,254.96,330.47,46.52,38.08,entsoe.eu,false,
2021-09-09 14:00:00,Italy,North Italy,IT-NO,255.76,330.9,46.14,37.21,entsoe.eu,false,
2021-09-09 15:00:00,Italy,North Italy,IT-NO,248.42,321.38,47.04,37.93,entsoe.eu,false,
2021-09-09 16:00:00,Italy,North Italy,IT-NO,254.96,325.73,47.78,38.91,entsoe.eu,false,
2021-09-09 17:00:00,Italy,North Italy,IT-NO,266.55,334.1,50.05,42.96,entsoe.eu,false,
2021-09-09 18:00:00,Italy,North Italy,IT-NO,254.32,324.26,48.61,40.71,entsoe.eu,false,
2021-09-09 19:00:00,Italy,North Italy,IT-NO,262.78,338.31,44.18,35.22,entsoe.eu,false,
2021-09-09 20:00:00,Italy,North Italy,IT-NO,262.79,337.87,45.29,34.01,entsoe.eu,false,
2021-09-09 21:00:00,Italy,North Italy,IT-NO,284.09,362.35,42.15,28.78,entsoe.eu,false,
2021-09-09 22:00:00,Italy,North Italy,IT-NO,272.69,348.47,44.85,27.49,entsoe.eu,false,
2021-09-09 23:00:00,Italy,North Italy,IT-NO,270.19,344.84,45.31,25.95,entsoe.eu,false,
2021-09-10 00:00:00,Italy,North Italy,IT-NO,270.44,345.81,44.96,25.03,entsoe.eu,false,
2021-09-10 01:00:00,Italy,North Italy,IT-NO,270.89,346.7,44.6,24.19,entsoe.eu,false,
2021-09-10 02:00:00,Italy,North Italy,IT-NO,269.75,346.01,44.37,24.21,entsoe.eu,false,
2021-09-10 03:00:00,Italy,North Italy,IT-NO,268.28,344.47,44.68,24.84,entsoe.eu,false,
2021-09-10 04:00:00,Italy,North Italy,IT-NO,281.19,362.21,39.52,27.6,entsoe.eu,false,
2021-09-10 05:00:00,Italy,North Italy,IT-NO,279.36,359.35,39.85,31.04,entsoe.eu,false,
2021-09-10 06:00:00,Italy,North Italy,IT-NO,272.58,348.55,43.62,36.65,entsoe.eu,false,
2021-09-10 07:00:00,Italy,North Italy,IT-NO,272.7,349.12,43.87,38.72,entsoe.eu,false,
2021-09-10 08:00:00,Italy,North Italy,IT-NO,266.76,343.48,44.24,39.4,entsoe.eu,false,
2021-09-10 09:00:00,Italy,North Italy,IT-NO,262.49,339.09,44.93,38.44,entsoe.eu,false,
2021-09-10 10:00:00,Italy,North Italy,IT-NO,263.94,342.33,44.11,38.16,entsoe.eu,false,
2021-09-10 11:00:00,Italy,North Italy,IT-NO,255.63,331.52,46.46,38.32,entsoe.eu,false,
2021-09-10 12:00:00,Italy,North Italy,IT-NO,259.62,336.61,45.23,35.84,entsoe.eu,false,
2021-09-10 13:00:00,Italy,North Italy,IT-NO,267.87,345.43,43.97,33.38,entsoe.eu,false,
2021-09-10 14:00:00,Italy,North Italy,IT-NO,259.13,333.17,46.53,35.19,entsoe.eu,false,
2021-09-10 15:00:00,Italy,North Italy,IT-NO,263.63,336.56,46.63,37.32,entsoe.eu,false,
2021-09-10 16:00:00,Italy,North Italy,IT-NO,265.09,338.04,46.08,36.82,entsoe.eu,false,
2021-09-10 17:00:00,Italy,North Italy,IT-NO,258.33,329.01,47.88,38.9,entsoe.eu,false,
2021-09-10 18:00:00,Italy,North Italy,IT-NO,266.98,340.13,45.61,37.91,entsoe.eu,false,
2021-09-10 19:00:00,Italy,North Italy,IT-NO,278.41,357.18,41.28,32.11,entsoe.eu,false,
2021-09-10 20:00:00,Italy,North Italy,IT-NO,287.69,369.78,38.76,28.74,entsoe.eu,false,
2021-09-10 21:00:00,Italy,North Italy,IT-NO,286.67,366.31,40.98,28.62,entsoe.eu,false,
2021-09-10 22:00:00,Italy,North Italy,IT-NO,262.87,337.51,46.25,30.16,entsoe.eu,false,
2021-09-10 23:00:00,Italy,North Italy,IT-NO,261.15,333.56,47.62,28.69,entsoe.eu,false,
2021-09-11 00:00:00,Italy,North Italy,IT-NO,270.4,343.4,46.32,27.64,entsoe.eu,false,
2021-09-11 01:00:00,Italy,North Italy,IT-NO,258.28,328.38,49.61,28.13,entsoe.eu,false,
2021-09-11 02:00:00,Italy,North Italy,IT-NO,257.22,327.97,49.39,27.4,entsoe.eu,false,
2021-09-11 03:00:00,Italy,North Italy,IT-NO,262.93,335.05,47.81,26.52,entsoe.eu,false,
2021-09-11 04:00:00,Italy,North Italy,IT-NO,257.07,330.38,47.66,26.55,entsoe.eu,false,
2021-09-11 05:00:00,Italy,North Italy,IT-NO,248.69,321.17,48.32,28.99,entsoe.eu,false,
2021-09-11 06:00:00,Italy,North Italy,IT-NO,237.24,307.22,50.74,37.1,entsoe.eu,false,
2021-09-11 07:00:00,Italy,North Italy,IT-NO,231.91,301.21,51.67,41.02,entsoe.eu,false,
2021-09-11 08:00:00,Italy,North Italy,IT-NO,213.63,280.69,55.15,42.18,entsoe.eu,false,
2021-09-11 09:00:00,Italy,North Italy,IT-NO,199.17,262.95,58.96,44.78,entsoe.eu,false,
2021-09-11 10:00:00,Italy,North Italy,IT-NO,199.92,263.34,59.65,46.11,entsoe.eu,false,
2021-09-11 11:00:00,Italy,North Italy,IT-NO,191.85,253.72,61.26,46.81,entsoe.eu,false,
2021-09-11 12:00:00,Italy,North Italy,IT-NO,193.8,256.0,61.07,46.4,entsoe.eu,false,
2021-09-11 13:00:00,Italy,North Italy,IT-NO,202.89,265.97,59.86,44.73,entsoe.eu,false,
2021-09-11 14:00:00,Italy,North Italy,IT-NO,217.34,283.03,56.64,40.43,entsoe.eu,false,
2021-09-11 15:00:00,Italy,North Italy,IT-NO,228.61,296.74,53.35,36.83,entsoe.eu,false,
2021-09-11 16:00:00,Italy,North Italy,IT-NO,231.98,298.57,53.55,41.19,entsoe.eu,false,
2021-09-11 17:00:00,Italy,North Italy,IT-NO,233.86,298.95,54.14,42.76,entsoe.eu,false,
2021-09-11 18:00:00,Italy,North Italy,IT-NO,232.17,297.59,53.75,43.23,entsoe.eu,false,
2021-09-11 19:00:00,Italy,North Italy,IT-NO,248.72,319.96,48.71,37.88,entsoe.eu,false,
2021-09-11 20:00:00,Italy,North Italy,IT-NO,259.82,335.06,45.77,33.54,entsoe.eu,false,
2021-09-11 21:00:00,Italy,North Italy,IT-NO,277.45,355.85,42.81,30.54,entsoe.eu,false,
2021-09-11 22:00:00,Italy,North Italy,IT-NO,266.95,341.74,45.06,30.89,entsoe.eu,false,
2021-09-11 23:00:00,Italy,North Italy,IT-NO,276.34,351.63,43.62,27.12,entsoe.eu,false,
2021-09-12 00:00:00,Italy,North Italy,IT-NO,272.09,346.95,44.52,26.45,entsoe.eu,false,
2021-09-12 01:00:00,Italy,North Italy,IT-NO,255.33,323.28,49.67,27.08,entsoe.eu,false,
2021-09-12 02:00:00,Italy,North Italy,IT-NO,253.75,321.89,49.95,27.22,entsoe.eu,false,
2021-09-12 03:00:00,Italy,North Italy,IT-NO,265.27,335.89,47.17,27.15,entsoe.eu,false,
2021-09-12 04:00:00,Italy,North Italy,IT-NO,260.65,330.27,47.57,27.62,entsoe.eu,false,
2021-09-12 05:00:00,Italy,North Italy,IT-NO,236.56,300.62,53.67,29.88,entsoe.eu,false,
2021-09-12 06:00:00,Italy,North Italy,IT-NO,214.18,275.74,58.18,35.48,entsoe.eu,false,
2021-09-12 07:00:00,Italy,North Italy,IT-NO,199.66,260.49,60.51,41.11,entsoe.eu,false,
2021-09-12 08:00:00,Italy,North Italy,IT-NO,178.75,236.34,64.86,47.19,entsoe.eu,false,
2021-09-12 09:00:00,Italy,North Italy,IT-NO,172.94,231.24,65.08,49.8,entsoe.eu,false,
2021-09-12 10:00:00,Italy,North Italy,IT-NO,187.54,250.87,60.71,50.06,entsoe.eu,false,
2021-09-12 11:00:00,Italy,North Italy,IT-NO,171.01,231.32,64.24,52.78,entsoe.eu,false,
2021-09-12 12:00:00,Italy,North Italy,IT-NO,171.39,231.96,64.05,52.48,entsoe.eu,false,
2021-09-12 13:00:00,Italy,North Italy,IT-NO,177.64,238.49,63.15,48.82,entsoe.eu,false,
2021-09-12 14:00:00,Italy,North Italy,IT-NO,197.06,259.98,60.08,44.37,entsoe.eu,false,
2021-09-12 15:00:00,Italy,North Italy,IT-NO,224.58,291.69,54.39,38.5,entsoe.eu,false,
2021-09-12 16:00:00,Italy,North Italy,IT-NO,230.48,295.87,53.98,38.36,entsoe.eu,false,
2021-09-12 17:00:00,Italy,North Italy,IT-NO,228.59,290.61,56.45,45.49,entsoe.eu,false,
2021-09-12 18:00:00,Italy,North Italy,IT-NO,230.54,293.88,55.21,45.67,entsoe.eu,false,
2021-09-12 19:00:00,Italy,North Italy,IT-NO,246.18,313.82,51.03,41.49,entsoe.eu,false,
2021-09-12 20:00:00,Italy,North Italy,IT-NO,259.89,329.45,49.01,38.45,entsoe.eu,false,
2021-09-12 21:00:00,Italy,North Italy,IT-NO,270.95,343.57,45.74,33.18,entsoe.eu,false,
2021-09-12 22:00:00,Italy,North Italy,IT-NO,253.45,319.12,51.19,29.48,entsoe.eu,false,
2021-09-12 23:00:00,Italy,North Italy,IT-NO,254.52,319.92,51.83,27.51,entsoe.eu,false,
2021-09-13 00:00:00,Italy,North Italy,IT-NO,251.92,317.11,52.17,27.25,entsoe.eu,false,
2021-09-13 01:00:00,Italy,North Italy,IT-NO,248.89,313.98,52.65,27.24,entsoe.eu,false,
2021-09-13 02:00:00,Italy,North Italy,IT-NO,252.39,320.14,50.65,25.39,entsoe.eu,false,
2021-09-13 03:00:00,Italy,North Italy,IT-NO,257.68,327.48,49.22,25.47,entsoe.eu,false,
2021-09-13 04:00:00,Italy,North Italy,IT-NO,273.19,347.81,44.09,30.1,entsoe.eu,false,
2021-09-13 05:00:00,Italy,North Italy,IT-NO,276.1,351.39,43.43,33.81,entsoe.eu,false,
2021-09-13 06:00:00,Italy,North Italy,IT-NO,268.74,344.4,43.85,36.38,entsoe.eu,false,
2021-09-13 07:00:00,Italy,North Italy,IT-NO,268.46,345.27,43.37,37.07,entsoe.eu,false,
2021-09-13 08:00:00,Italy,North Italy,IT-NO,263.91,341.34,43.87,37.21,entsoe.eu,false,
2021-09-13 09:00:00,Italy,North Italy,IT-NO,257.96,335.67,44.33,35.04,entsoe.eu,false,
2021-09-13 10:00:00,Italy,North Italy,IT-NO,253.4,329.97,45.68,35.91,entsoe.eu,false,
2021-09-13 11:00:00,Italy,North Italy,IT-NO,245.34,318.93,48.37,37.34,entsoe.eu,false,
2021-09-13 12:00:00,Italy,North Italy,IT-NO,250.95,324.96,47.54,36.47,entsoe.eu,false,
2021-09-13 13:00:00,Italy,North Italy,IT-NO,264.04,341.46,43.97,33.89,entsoe.eu,false,
2021-09-13 14:00:00,Italy,North Italy,IT-NO,262.91,338.06,45.38,34.94,entsoe.eu,false,
2021-09-13 15:00:00,Italy,North Italy,IT-NO,261.7,336.09,45.44,36.41,entsoe.eu,false,
2021-09-13 16:00:00,Italy,North Italy,IT-NO,265.52,341.31,43.49,34.95,entsoe.eu,false,
2021-09-13 17:00:00,Italy,North Italy,IT-NO,279.68,350.44,47.02,39.4,entsoe.eu,false,
2021-09-13 18:00:00,Italy,North Italy,IT-NO,270.52,342.64,46.31,38.41,entsoe.eu,false,
2021-09-13 19:00:00,Italy,North Italy,IT-NO,257.27,331.37,45.4,35.97,entsoe.eu,false,
2021-09-13 20:00:00,Italy,North Italy,IT-NO,264.43,340.65,43.96,32.73,entsoe.eu,false,
2021-09-13 21:00:00,Italy,North Italy,IT-NO,280.71,357.68,42.22,27.62,entsoe.eu,false,
2021-09-13 22:00:00,Italy,North Italy,IT-NO,286.67,364.66,40.7,24.66,entsoe.eu,false,
2021-09-13 23:00:00,Italy,North Italy,IT-NO,288.89,366.6,40.41,23.16,entsoe.eu,false,
2021-09-14 00:00:00,Italy,North Italy,IT-NO,289.25,367.55,40.42,21.98,entsoe.eu,false,
2021-09-14 01:00:00,Italy,North Italy,IT-NO,285.24,362.08,41.41,21.39,entsoe.eu,false,
2021-09-14 02:00:00,Italy,North Italy,IT-NO,280.69,357.6,41.96,22.19,entsoe.eu,false,
2021-09-14 03:00:00,Italy,North Italy,IT-NO,279.26,358.1,40.98,22.81,entsoe.eu,false,
2021-09-14 04:00:00,Italy,North Italy,IT-NO,277.87,358.0,39.38,26.11,entsoe.eu,false,
2021-09-14 05:00:00,Italy,North Italy,IT-NO,293.15,371.74,40.53,32.41,entsoe.eu,false,
2021-09-14 06:00:00,Italy,North Italy,IT-NO,259.17,331.02,47.27,38.19,entsoe.eu,false,
2021-09-14 07:00:00,Italy,North Italy,IT-NO,253.94,325.85,48.0,40.19,entsoe.eu,false,
2021-09-14 08:00:00,Italy,North Italy,IT-NO,257.53,332.1,46.47,39.06,entsoe.eu,false,
2021-09-14 09:00:00,Italy,North Italy,IT-NO,264.27,339.4,45.87,40.45,entsoe.eu,false,
2021-09-14 10:00:00,Italy,North Italy,IT-NO,264.91,342.31,44.32,39.63,entsoe.eu,false,
2021-09-14 11:00:00,Italy,North Italy,IT-NO,266.34,344.84,43.32,36.75,entsoe.eu,false,
2021-09-14 12:00:00,Italy,North Italy,IT-NO,271.67,349.7,42.99,35.96,entsoe.eu,false,
2021-09-14 13:00:00,Italy,North Italy,IT-NO,274.93,353.04,42.38,34.34,entsoe.eu,false,
2021-09-14 14:00:00,Italy,North Italy,IT-NO,277.0,352.58,43.53,35.24,entsoe.eu,false,
2021-09-14 15:00:00,Italy,North Italy,IT-NO,271.62,346.19,44.26,36.37,entsoe.eu,false,
2021-09-14 16:00:00,Italy,North Italy,IT-NO,277.72,349.7,45.92,38.4,entsoe.eu,false,
2021-09-14 17:00:00,Italy,North Italy,IT-NO,274.32,345.98,46.39,38.44,entsoe.eu,false,
2021-09-14 18:00:00,Italy,North Italy,IT-NO,278.26,348.88,46.97,39.52,entsoe.eu,false,
2021-09-14 19:00:00,Italy,North Italy,IT-NO,276.04,353.24,42.29,32.89,entsoe.eu,false,
2021-09-14 20:00:00,Italy,North Italy,IT-NO,304.14,388.36,35.77,26.57,entsoe.eu,false,
2021-09-14 21:00:00,Italy,North Italy,IT-NO,319.26,405.49,33.23,22.85,entsoe.eu,false,
2021-09-14 22:00:00,Italy,North Italy,IT-NO,298.45,377.66,39.24,24.76,entsoe.eu,false,
2021-09-14 23:00:00,Italy,North Italy,IT-NO,303.66,382.52,38.69,22.57,entsoe.eu,false,
2021-09-15 00:00:00,Italy,North Italy,IT-NO,301.46,380.16,39.27,21.76,entsoe.eu,false,
2021-09-15 01:00:00,Italy,North Italy,IT-NO,304.59,385.28,37.92,20.8,entsoe.eu,false,
2021-09-15 02:00:00,Italy,North Italy,IT-NO,299.56,379.91,38.67,21.97,entsoe.eu,false,
2021-09-15 03:00:00,Italy,North Italy,IT-NO,301.14,382.5,37.81,21.84,entsoe.eu,false,
2021-09-15 04:00:00,Italy,North Italy,IT-NO,298.6,381.4,36.84,23.2,entsoe.eu,false,
2021-09-15 05:00:00,Italy,North Italy,IT-NO,309.63,392.42,36.49,29.26,entsoe.eu,false,
2021-09-15 06:00:00,Italy,North Italy,IT-NO,305.69,383.01,41.12,35.71,entsoe.eu,false,
2021-09-15 07:00:00,Italy,North Italy,IT-NO,304.12,380.36,42.17,37.9,entsoe.eu,false,
2021-09-15 08:00:00,Italy,North Italy,IT-NO,294.54,371.42,42.01,36.84,entsoe.eu,false,
2021-09-15 09:00:00,Italy,North Italy,IT-NO,293.88,371.91,41.3,36.18,entsoe.eu,false,
2021-09-15 10:00:00,Italy,North Italy,IT-NO,274.49,354.27,40.89,33.77,entsoe.eu,false,
2021-09-15 11:00:00,Italy,North Italy,IT-NO,273.55,352.81,41.43,33.49,entsoe.eu,false,
2021-09-15 12:00:00,Italy,North Italy,IT-NO,264.48,340.33,44.43,35.08,entsoe.eu,false,
2021-09-15 13:00:00,Italy,North Italy,IT-NO,273.63,349.76,43.36,33.0,entsoe.eu,false,
2021-09-15 14:00:00,Italy,North Italy,IT-NO,275.78,352.26,42.97,33.35,entsoe.eu,false,
2021-09-15 15:00:00,Italy,North Italy,IT-NO,279.24,354.6,43.31,34.6,entsoe.eu,false,
2021-09-15 16:00:00,Italy,North Italy,IT-NO,278.63,352.74,43.93,35.12,entsoe.eu,false,
2021-09-15 17:00:00,Italy,North Italy,IT-NO,280.14,352.3,45.53,36.62,entsoe.eu,false,
2021-09-15 18:00:00,Italy,North Italy,IT-NO,280.35,352.28,45.66,36.91,entsoe.eu,false,
2021-09-15 19:00:00,Italy,North Italy,IT-NO,307.07,387.72,38.25,29.54,entsoe.eu,false,
2021-09-15 20:00:00,Italy,North Italy,IT-NO,314.97,398.3,35.72,23.88,entsoe.eu,false,
2021-09-15 21:00:00,Italy,North Italy,IT-NO,313.69,395.86,36.5,23.77,entsoe.eu,false,
2021-09-15 22:00:00,Italy,North Italy,IT-NO,316.13,396.31,37.94,23.89,entsoe.eu,false,
2021-09-15 23:00:00,Italy,North Italy,IT-NO,312.69,390.18,40.06,24.25,entsoe.eu,false,
2021-09-16 00:00:00,Italy,North Italy,IT-NO,318.06,397.1,38.75,23.23,entsoe.eu,false,
2021-09-16 01:00:00,Italy,North Italy,IT-NO,317.58,394.55,39.73,22.87,entsoe.eu,false,
2021-09-16 02:00:00,Italy,North Italy,IT-NO,318.25,396.06,39.44,22.89,entsoe.eu,false,
2021-09-16 03:00:00,Italy,North Italy,IT-NO,320.44,399.65,38.94,22.73,entsoe.eu,false,
2021-09-16 04:00:00,Italy,North Italy,IT-NO,321.44,403.52,36.53,21.66,entsoe.eu,false,
2021-09-16 05:00:00,Italy,North Italy,IT-NO,316.89,399.12,36.57,26.56,entsoe.eu,false,
2021-09-16 06:00:00,Italy,North Italy,IT-NO,300.33,378.01,40.63,32.2,entsoe.eu,false,
2021-09-16 07:00:00,Italy,North Italy,IT-NO,298.91,375.57,41.7,33.59,entsoe.eu,false,
2021-09-16 08:00:00,Italy,North Italy,IT-NO,301.75,381.19,39.26,30.1,entsoe.eu,false,
2021-09-16 09:00:00,Italy,North Italy,IT-NO,303.37,382.45,39.73,30.21,entsoe.eu,false,
2021-09-16 10:00:00,Italy,North Italy,IT-NO,304.31,384.62,39.22,30.19,entsoe.eu,false,
2021-09-16 11:00:00,Italy,North Italy,IT-NO,302.79,383.71,38.78,30.03,entsoe.eu,false,
2021-09-16 12:00:00,Italy,North Italy,IT-NO,291.68,370.02,41.37,31.4,entsoe.eu,false,
2021-09-16 13:00:00,Italy,North Italy,IT-NO,298.58,377.23,40.5,29.59,entsoe.eu,false,
2021-09-16 14:00:00,Italy,North Italy,IT-NO,300.91,379.22,40.44,29.3,entsoe.eu,false,
2021-09-16 15:00:00,Italy,North Italy,IT-NO,298.67,377.28,40.09,29.5,entsoe.eu,false,
2021-09-16 16:00:00,Italy,North Italy,IT-NO,295.47,369.12,43.87,34.0,entsoe.eu,false,
2021-09-16 17:00:00,Italy,North Italy,IT-NO,281.74,352.57,46.66,37.53,entsoe.eu,false,
2021-09-16 18:00:00,Italy,North Italy,IT-NO,290.3,366.04,42.33,33.62,entsoe.eu,false,
2021-09-16 19:00:00,Italy,North Italy,IT-NO,299.83,378.77,39.96,28.43,entsoe.eu,false,
2021-09-16 20:00:00,Italy,North Italy,IT-NO,306.79,385.8,39.18,26.88,entsoe.eu,false,
2021-09-16 21:00:00,Italy,North Italy,IT-NO,292.91,365.73,44.75,30.38,entsoe.eu,false,
2021-09-16 22:00:00,Italy,North Italy,IT-NO,286.63,356.18,47.63,29.61,entsoe.eu,false,
2021-09-16 23:00:00,Italy,North Italy,IT-NO,291.14,358.33,48.33,28.39,entsoe.eu,false,
2021-09-17 00:00:00,Italy,North Italy,IT-NO,287.84,355.29,48.69,29.14,entsoe.eu,false,
2021-09-17 01:00:00,Italy,North Italy,IT-NO,287.18,355.94,48.52,29.01,entsoe.eu,false,
2021-09-17 02:00:00,Italy,North Italy,IT-NO,282.72,351.66,48.79,28.63,entsoe.eu,false,
2021-09-17 03:00:00,Italy,North Italy,IT-NO,290.09,360.55,46.85,27.35,entsoe.eu,false,
2021-09-17 04:00:00,Italy,North Italy,IT-NO,304.98,381.94,41.06,26.38,entsoe.eu,false,
2021-09-17 05:00:00,Italy,North Italy,IT-NO,309.78,388.12,39.63,31.85,entsoe.eu,false,
2021-09-17 06:00:00,Italy,North Italy,IT-NO,284.8,357.15,45.19,36.37,entsoe.eu,false,
2021-09-17 07:00:00,Italy,North Italy,IT-NO,277.2,349.94,45.59,36.47,entsoe.eu,false,
2021-09-17 08:00:00,Italy,North Italy,IT-NO,274.2,347.26,45.95,36.06,entsoe.eu,false,
2021-09-17 09:00:00,Italy,North Italy,IT-NO,263.74,336.16,47.49,36.66,entsoe.eu,false,
2021-09-17 10:00:00,Italy,North Italy,IT-NO,255.64,327.12,49.12,37.76,entsoe.eu,false,
2021-09-17 11:00:00,Italy,North Italy,IT-NO,247.65,316.24,51.63,39.12,entsoe.eu,false,
2021-09-17 12:00:00,Italy,North Italy,IT-NO,265.35,335.77,49.11,37.27,entsoe.eu,false,
2021-09-17 13:00:00,Italy,North Italy,IT-NO,265.59,336.45,48.59,36.57,entsoe.eu,false,
2021-09-17 14:00:00,Italy,North Italy,IT-NO,267.77,339.26,47.5,34.2,entsoe.eu,false,
2021-09-17 15:00:00,Italy,North Italy,IT-NO,267.89,339.12,46.85,32.92,entsoe.eu,false,
2021-09-17 16:00:00,Italy,North Italy,IT-NO,272.33,343.17,46.7,35.05,entsoe.eu,false,
2021-09-17 17:00:00,Italy,North Italy,IT-NO,274.18,343.36,48.25,37.63,entsoe.eu,false,
2021-09-17 18:00:00,Italy,North Italy,IT-NO,281.15,351.05,47.35,38.34,entsoe.eu,false,
2021-09-17 19:00:00,Italy,North Italy,IT-NO,300.84,376.55,41.95,32.59,entsoe.eu,false,
2021-09-17 20:00:00,Italy,North Italy,IT-NO,303.49,380.25,41.3,30.4,entsoe.eu,false,
2021-09-17 21:00:00,Italy,North Italy,IT-NO,301.2,374.59,43.46,30.2,entsoe.eu,false,
2021-09-17 22:00:00,Italy,North Italy,IT-NO,275.83,340.68,51.47,33.84,entsoe.eu,false,
2021-09-17 23:00:00,Italy,North Italy,IT-NO,283.17,348.34,50.93,31.21,entsoe.eu,false,
2021-09-18 00:00:00,Italy,North Italy,IT-NO,287.62,352.37,50.97,29.48,entsoe.eu,false,
2021-09-18 01:00:00,Italy,North Italy,IT-NO,276.31,339.7,52.58,29.76,entsoe.eu,false,
2021-09-18 02:00:00,Italy,North Italy,IT-NO,272.64,336.17,53.08,30.06,entsoe.eu,false,
2021-09-18 03:00:00,Italy,North Italy,IT-NO,272.44,336.1,53.23,29.95,entsoe.eu,false,
2021-09-18 04:00:00,Italy,North Italy,IT-NO,270.25,334.88,52.1,32.44,entsoe.eu,false,
2021-09-18 05:00:00,Italy,North Italy,IT-NO,252.88,315.65,54.38,35.32,entsoe.eu,false,
2021-09-18 06:00:00,Italy,North Italy,IT-NO,240.64,300.22,57.54,42.88,entsoe.eu,false,
2021-09-18 07:00:00,Italy,North Italy,IT-NO,236.99,298.5,56.59,42.94,entsoe.eu,false,
2021-09-18 08:00:00,Italy,North Italy,IT-NO,230.02,290.94,57.87,44.72,entsoe.eu,false,
2021-09-18 09:00:00,Italy,North Italy,IT-NO,234.43,297.52,56.74,43.49,entsoe.eu,false,
2021-09-18 10:00:00,Italy,North Italy,IT-NO,219.92,280.53,59.96,46.97,entsoe.eu,false,
2021-09-18 11:00:00,Italy,North Italy,IT-NO,213.23,272.94,61.53,48.65,entsoe.eu,false,
2021-09-18 12:00:00,Italy,North Italy,IT-NO,211.89,270.81,61.7,47.5,entsoe.eu,false,
2021-09-18 13:00:00,Italy,North Italy,IT-NO,220.49,280.64,60.19,44.72,entsoe.eu,false,
2021-09-18 14:00:00,Italy,North Italy,IT-NO,243.23,307.77,55.08,39.83,entsoe.eu,false,
2021-09-18 15:00:00,Italy,North Italy,IT-NO,250.61,315.86,52.93,37.02,entsoe.eu,false,
2021-09-18 16:00:00,Italy,North Italy,IT-NO,256.46,319.63,53.7,39.15,entsoe.eu,false,
2021-09-18 17:00:00,Italy,North Italy,IT-NO,248.86,307.62,57.3,44.93,entsoe.eu,false,
2021-09-18 18:00:00,Italy,North Italy,IT-NO,254.88,314.75,56.18,45.4,entsoe.eu,false,
2021-09-18 19:00:00,Italy,North Italy,IT-NO,263.34,327.92,52.38,37.67,entsoe.eu,false,
2021-09-18 20:00:00,Italy,North Italy,IT-NO,275.45,342.88,49.62,34.19,entsoe.eu,false,
2021-09-18 21:00:00,Italy,North Italy,IT-NO,286.08,354.45,48.02,32.27,entsoe.eu,false,
2021-09-18 22:00:00,Italy,North Italy,IT-NO,286.5,356.11,47.56,32.4,entsoe.eu,false,
2021-09-18 23:00:00,Italy,North Italy,IT-NO,285.17,355.57,46.63,30.26,entsoe.eu,false,
2021-09-19 00:00:00,Italy,North Italy,IT-NO,287.26,358.25,46.09,28.66,entsoe.eu,false,
2021-09-19 01:00:00,Italy,North Italy,IT-NO,280.61,350.73,47.41,28.41,entsoe.eu,false,
2021-09-19 02:00:00,Italy,North Italy,IT-NO,278.72,347.74,48.16,28.64,entsoe.eu,false,
2021-09-19 03:00:00,Italy,North Italy,IT-NO,278.71,347.36,47.9,28.53,entsoe.eu,false,
2021-09-19 04:00:00,Italy,North Italy,IT-NO,274.62,342.33,48.51,30.08,entsoe.eu,false,
2021-09-19 05:00:00,Italy,North Italy,IT-NO,264.12,329.37,51.48,33.34,entsoe.eu,false,
2021-09-19 06:00:00,Italy,North Italy,IT-NO,251.27,314.78,54.24,39.65,entsoe.eu,false,
2021-09-19 07:00:00,Italy,North Italy,IT-NO,247.99,311.72,54.62,44.41,entsoe.eu,false,
2021-09-19 08:00:00,Italy,North Italy,IT-NO,241.43,304.29,56.18,47.93,entsoe.eu,false,
2021-09-19 09:00:00,Italy,North Italy,IT-NO,254.69,323.52,50.79,41.61,entsoe.eu,false,
2021-09-19 10:00:00,Italy,North Italy,IT-NO,260.61,330.55,50.14,42.96,entsoe.eu,false,
2021-09-19 11:00:00,Italy,North Italy,IT-NO,252.9,320.58,52.4,44.08,entsoe.eu,false,
2021-09-19 12:00:00,Italy,North Italy,IT-NO,251.92,319.03,52.22,41.79,entsoe.eu,false,
2021-09-19 13:00:00,Italy,North Italy,IT-NO,259.95,327.44,51.44,41.72,entsoe.eu,false,
2021-09-19 14:00:00,Italy,North Italy,IT-NO,262.7,331.47,50.03,39.56,entsoe.eu,false,
2021-09-19 15:00:00,Italy,North Italy,IT-NO,261.78,329.2,50.75,39.11,entsoe.eu,false,
2021-09-19 16:00:00,Italy,North Italy,IT-NO,272.78,341.59,48.7,37.57,entsoe.eu,false,
2021-09-19 17:00:00,Italy,North Italy,IT-NO,271.14,338.02,50.03,39.39,entsoe.eu,false,
2021-09-19 18:00:00,Italy,North Italy,IT-NO,269.01,332.76,52.82,42.79,entsoe.eu,false,
2021-09-19 19:00:00,Italy,North Italy,IT-NO,255.32,320.51,52.23,38.93,entsoe.eu,false,
2021-09-19 20:00:00,Italy,North Italy,IT-NO,254.56,320.49,51.74,36.45,entsoe.eu,false,
2021-09-19 21:00:00,Italy,North Italy,IT-NO,261.05,327.71,50.48,35.51,entsoe.eu,false,
2021-09-19 22:00:00,Italy,North Italy,IT-NO,252.09,313.37,54.01,35.91,entsoe.eu,false,
2021-09-19 23:00:00,Italy,North Italy,IT-NO,249.49,310.25,54.49,36.13,entsoe.eu,false,
2021-09-20 00:00:00,Italy,North Italy,IT-NO,248.29,309.33,54.68,35.85,entsoe.eu,false,
2021-09-20 01:00:00,Italy,North Italy,IT-NO,245.57,307.66,54.9,35.12,entsoe.eu,false,
2021-09-20 02:00:00,Italy,North Italy,IT-NO,254.02,318.97,52.27,32.66,entsoe.eu,false,
2021-09-20 03:00:00,Italy,North Italy,IT-NO,275.49,344.42,48.3,30.5,entsoe.eu,false,
2021-09-20 04:00:00,Italy,North Italy,IT-NO,298.69,376.51,40.38,27.36,entsoe.eu,false,
2021-09-20 05:00:00,Italy,North Italy,IT-NO,312.43,392.26,38.24,30.47,entsoe.eu,false,
2021-09-20 06:00:00,Italy,North Italy,IT-NO,301.81,377.96,41.74,34.73,entsoe.eu,false,
2021-09-20 07:00:00,Italy,North Italy,IT-NO,290.27,364.92,43.87,37.93,entsoe.eu,false,
2021-09-20 08:00:00,Italy,North Italy,IT-NO,274.06,346.75,46.51,39.09,entsoe.eu,false,
2021-09-20 09:00:00,Italy,North Italy,IT-NO,256.75,328.59,48.37,38.97,entsoe.eu,false,
2021-09-20 10:00:00,Italy,North Italy,IT-NO,275.39,352.16,43.68,36.46,entsoe.eu,false,
2021-09-20 11:00:00,Italy,North Italy,IT-NO,274.41,350.4,44.08,35.31,entsoe.eu,false,
2021-09-20 12:00:00,Italy,North Italy,IT-NO,271.79,345.88,45.23,35.02,entsoe.eu,false,
2021-09-20 13:00:00,Italy,North Italy,IT-NO,282.77,358.27,43.25,32.67,entsoe.eu,false,
2021-09-20 14:00:00,Italy,North Italy,IT-NO,287.3,362.83,43.0,32.39,entsoe.eu,false,
2021-09-20 15:00:00,Italy,North Italy,IT-NO,301.18,376.44,42.26,32.91,entsoe.eu,false,
2021-09-20 16:00:00,Italy,North Italy,IT-NO,314.13,389.23,41.43,33.26,entsoe.eu,false,
2021-09-20 17:00:00,Italy,North Italy,IT-NO,297.74,368.25,45.78,37.57,entsoe.eu,false,
2021-09-20 18:00:00,Italy,North Italy,IT-NO,291.39,360.35,47.23,38.55,entsoe.eu,false,
2021-09-20 19:00:00,Italy,North Italy,IT-NO,303.38,377.7,41.85,31.04,entsoe.eu,false,
2021-09-20 20:00:00,Italy,North Italy,IT-NO,299.08,371.71,43.52,29.98,entsoe.eu,false,
2021-09-20 21:00:00,Italy,North Italy,IT-NO,307.69,381.0,41.43,28.47,entsoe.eu,false,
2021-09-20 22:00:00,Italy,North Italy,IT-NO,296.98,367.58,43.8,29.7,entsoe.eu,false,
2021-09-20 23:00:00,Italy,North Italy,IT-NO,308.21,381.35,40.24,25.89,entsoe.eu,false,
2021-09-21 00:00:00,Italy,North Italy,IT-NO,312.17,387.35,39.19,24.03,entsoe.eu,false,
2021-09-21 01:00:00,Italy,North Italy,IT-NO,309.46,384.48,39.6,23.7,entsoe.eu,false,
2021-09-21 02:00:00,Italy,North Italy,IT-NO,315.38,392.44,37.72,22.37,entsoe.eu,false,
2021-09-21 03:00:00,Italy,North Italy,IT-NO,318.29,396.98,36.53,22.4,entsoe.eu,false,
2021-09-21 04:00:00,Italy,North Italy,IT-NO,313.38,390.47,38.9,26.56,entsoe.eu,false,
2021-09-21 05:00:00,Italy,North Italy,IT-NO,301.24,377.19,40.91,31.37,entsoe.eu,false,
2021-09-21 06:00:00,Italy,North Italy,IT-NO,292.61,366.84,42.99,34.94,entsoe.eu,false,
2021-09-21 07:00:00,Italy,North Italy,IT-NO,279.02,351.8,44.95,37.25,entsoe.eu,false,
2021-09-21 08:00:00,Italy,North Italy,IT-NO,274.14,347.33,45.04,35.23,entsoe.eu,false,
2021-09-21 09:00:00,Italy,North Italy,IT-NO,274.06,347.61,45.01,34.85,entsoe.eu,false,
2021-09-21 10:00:00,Italy,North Italy,IT-NO,274.59,348.35,45.1,34.08,entsoe.eu,false,
2021-09-21 11:00:00,Italy,North Italy,IT-NO,274.05,347.93,45.18,34.31,entsoe.eu,false,
2021-09-21 12:00:00,Italy,North Italy,IT-NO,280.07,356.32,43.24,32.62,entsoe.eu,false,
2021-09-21 13:00:00,Italy,North Italy,IT-NO,291.45,370.12,40.47,30.07,entsoe.eu,false,
2021-09-21 14:00:00,Italy,North Italy,IT-NO,294.02,372.87,39.94,29.46,entsoe.eu,false,
2021-09-21 15:00:00,Italy,North Italy,IT-NO,298.21,376.61,40.09,29.83,entsoe.eu,false,
2021-09-21 16:00:00,Italy,North Italy,IT-NO,300.47,376.83,41.14,31.47,entsoe.eu,false,
2021-09-21 17:00:00,Italy,North Italy,IT-NO,300.11,374.94,42.23,34.18,entsoe.eu,false,
2021-09-21 18:00:00,Italy,North Italy,IT-NO,309.29,387.04,39.65,32.91,entsoe.eu,false,
2021-09-21 19:00:00,Italy,North Italy,IT-NO,310.41,388.81,38.62,28.29,entsoe.eu,false,
2021-09-21 20:00:00,Italy,North Italy,IT-NO,312.84,389.55,39.76,27.25,entsoe.eu,false,
2021-09-21 21:00:00,Italy,North Italy,IT-NO,322.32,401.27,37.38,24.97,entsoe.eu,false,
2021-09-21 22:00:00,Italy,North Italy,IT-NO,302.56,376.22,41.64,25.56,entsoe.eu,false,
2021-09-21 23:00:00,Italy,North Italy,IT-NO,298.39,369.44,43.32,25.14,entsoe.eu,false,
2021-09-22 00:00:00,Italy,North Italy,IT-NO,287.98,356.29,46.26,26.02,entsoe.eu,false,
2021-09-22 01:00:00,Italy,North Italy,IT-NO,275.92,341.35,48.71,25.59,entsoe.eu,false,
2021-09-22 02:00:00,Italy,North Italy,IT-NO,274.47,342.15,47.87,24.46,entsoe.eu,false,
2021-09-22 03:00:00,Italy,North Italy,IT-NO,288.98,360.37,44.55,23.87,entsoe.eu,false,
2021-09-22 04:00:00,Italy,North Italy,IT-NO,293.46,368.71,42.04,25.9,entsoe.eu,false,
2021-09-22 05:00:00,Italy,North Italy,IT-NO,309.23,387.17,39.86,31.67,entsoe.eu,false,
2021-09-22 06:00:00,Italy,North Italy,IT-NO,292.36,366.45,43.58,35.19,entsoe.eu,false,
2021-09-22 07:00:00,Italy,North Italy,IT-NO,280.53,355.05,44.12,35.66,entsoe.eu,false,
2021-09-22 08:00:00,Italy,North Italy,IT-NO,272.67,346.27,45.73,36.29,entsoe.eu,false,
2021-09-22 09:00:00,Italy,North Italy,IT-NO,267.55,340.47,46.72,36.17,entsoe.eu,false,
2021-09-22 10:00:00,Italy,North Italy,IT-NO,262.6,335.27,47.73,36.81,entsoe.eu,false,
2021-09-22 11:00:00,Italy,North Italy,IT-NO,259.36,330.99,48.56,37.7,entsoe.eu,false,
2021-09-22 12:00:00,Italy,North Italy,IT-NO,271.84,344.9,46.32,34.77,entsoe.eu,false,
2021-09-22 13:00:00,Italy,North Italy,IT-NO,274.19,346.44,46.75,34.79,entsoe.eu,false,
2021-09-22 14:00:00,Italy,North Italy,IT-NO,283.46,356.04,45.85,34.6,entsoe.eu,false,
2021-09-22 15:00:00,Italy,North Italy,IT-NO,289.16,363.84,43.61,32.31,entsoe.eu,false,
2021-09-22 16:00:00,Italy,North Italy,IT-NO,285.78,360.35,43.37,33.36,entsoe.eu,false,
2021-09-22 17:00:00,Italy,North Italy,IT-NO,291.01,362.96,44.97,35.65,entsoe.eu,false,
2021-09-22 18:00:00,Italy,North Italy,IT-NO,296.73,369.83,43.73,35.21,entsoe.eu,false,
2021-09-22 19:00:00,Italy,North Italy,IT-NO,306.58,382.95,40.23,29.34,entsoe.eu,false,
2021-09-22 20:00:00,Italy,North Italy,IT-NO,311.73,390.49,38.17,24.9,entsoe.eu,false,
2021-09-22 21:00:00,Italy,North Italy,IT-NO,319.22,397.98,37.01,23.39,entsoe.eu,false,
2021-09-22 22:00:00,Italy,North Italy,IT-NO,285.35,353.3,46.71,26.43,entsoe.eu,false,
2021-09-22 23:00:00,Italy,North Italy,IT-NO,284.91,352.17,47.3,25.2,entsoe.eu,false,
2021-09-23 00:00:00,Italy,North Italy,IT-NO,272.88,338.63,49.28,25.69,entsoe.eu,false,
2021-09-23 01:00:00,Italy,North Italy,IT-NO,270.4,336.0,49.52,24.65,entsoe.eu,false,
2021-09-23 02:00:00,Italy,North Italy,IT-NO,270.65,337.96,48.81,23.78,entsoe.eu,false,
2021-09-23 03:00:00,Italy,North Italy,IT-NO,277.88,347.56,46.58,23.69,entsoe.eu,false,
2021-09-23 04:00:00,Italy,North Italy,IT-NO,293.06,366.5,43.27,26.71,entsoe.eu,false,
2021-09-23 05:00:00,Italy,North Italy,IT-NO,291.34,364.31,43.7,31.97,entsoe.eu,false,
2021-09-23 06:00:00,Italy,North Italy,IT-NO,283.31,353.69,47.42,37.34,entsoe.eu,false,
2021-09-23 07:00:00,Italy,North Italy,IT-NO,276.23,347.72,46.86,37.69,entsoe.eu,false,
2021-09-23 08:00:00,Italy,North Italy,IT-NO,257.68,329.16,48.19,37.58,entsoe.eu,false,
2021-09-23 09:00:00,Italy,North Italy,IT-NO,246.5,315.9,50.49,39.31,entsoe.eu,false,
2021-09-23 10:00:00,Italy,North Italy,IT-NO,249.33,319.54,50.1,38.83,entsoe.eu,false,
2021-09-23 11:00:00,Italy,North Italy,IT-NO,243.05,311.92,51.68,39.29,entsoe.eu,false,
2021-09-23 12:00:00,Italy,North Italy,IT-NO,250.35,320.65,49.96,37.56,entsoe.eu,false,
2021-09-23 13:00:00,Italy,North Italy,IT-NO,256.76,328.18,48.51,36.22,entsoe.eu,false,
2021-09-23 14:00:00,Italy,North Italy,IT-NO,264.97,336.0,48.13,35.29,entsoe.eu,false,
2021-09-23 15:00:00,Italy,North Italy,IT-NO,279.99,352.93,45.55,32.57,entsoe.eu,false,
2021-09-23 16:00:00,Italy,North Italy,IT-NO,292.26,365.05,44.73,34.37,entsoe.eu,false,
2021-09-23 17:00:00,Italy,North Italy,IT-NO,291.27,358.8,48.68,39.76,entsoe.eu,false,
2021-09-23 18:00:00,Italy,North Italy,IT-NO,294.52,364.31,46.65,37.85,entsoe.eu,false,
2021-09-23 19:00:00,Italy,North Italy,IT-NO,284.21,357.31,44.76,32.82,entsoe.eu,false,
2021-09-23 20:00:00,Italy,North Italy,IT-NO,280.24,352.85,45.36,30.42,entsoe.eu,false,
2021-09-23 21:00:00,Italy,North Italy,IT-NO,284.71,358.29,44.28,29.05,entsoe.eu,false,
2021-09-23 22:00:00,Italy,North Italy,IT-NO,293.0,366.0,44.48,29.55,entsoe.eu,false,
2021-09-23 23:00:00,Italy,North Italy,IT-NO,293.86,367.5,42.93,27.1,entsoe.eu,false,
2021-09-24 00:00:00,Italy,North Italy,IT-NO,303.34,378.48,41.29,24.54,entsoe.eu,false,
2021-09-24 01:00:00,Italy,North Italy,IT-NO,301.45,377.25,40.73,24.42,entsoe.eu,false,
2021-09-24 02:00:00,Italy,North Italy,IT-NO,299.48,375.73,40.89,24.17,entsoe.eu,false,
2021-09-24 03:00:00,Italy,North Italy,IT-NO,306.52,384.74,39.46,24.53,entsoe.eu,false,
2021-09-24 04:00:00,Italy,North Italy,IT-NO,300.96,375.15,42.54,31.98,entsoe.eu,false,
2021-09-24 05:00:00,Italy,North Italy,IT-NO,288.04,360.26,44.71,34.82,entsoe.eu,false,
2021-09-24 06:00:00,Italy,North Italy,IT-NO,278.27,347.67,47.25,38.61,entsoe.eu,false,
2021-09-24 07:00:00,Italy,North Italy,IT-NO,262.21,332.25,48.16,39.82,entsoe.eu,false,
2021-09-24 08:00:00,Italy,North Italy,IT-NO,259.36,329.54,48.71,40.45,entsoe.eu,false,
2021-09-24 09:00:00,Italy,North Italy,IT-NO,253.27,322.42,50.1,41.58,entsoe.eu,false,
2021-09-24 10:00:00,Italy,North Italy,IT-NO,240.7,307.49,52.56,43.75,entsoe.eu,false,
2021-09-24 11:00:00,Italy,North Italy,IT-NO,250.65,320.48,49.74,40.98,entsoe.eu,false,
2021-09-24 12:00:00,Italy,North Italy,IT-NO,254.0,324.18,48.92,39.17,entsoe.eu,false,
2021-09-24 13:00:00,Italy,North Italy,IT-NO,264.94,337.62,46.21,35.78,entsoe.eu,false,
2021-09-24 14:00:00,Italy,North Italy,IT-NO,276.47,350.23,44.42,33.39,entsoe.eu,false,
2021-09-24 15:00:00,Italy,North Italy,IT-NO,282.99,357.86,42.91,30.98,entsoe.eu,false,
2021-09-24 16:00:00,Italy,North Italy,IT-NO,282.3,356.69,43.31,32.97,entsoe.eu,false,
2021-09-24 17:00:00,Italy,North Italy,IT-NO,278.73,349.9,46.15,36.44,entsoe.eu,false,
2021-09-24 18:00:00,Italy,North Italy,IT-NO,277.54,349.72,45.21,36.05,entsoe.eu,false,
2021-09-24 19:00:00,Italy,North Italy,IT-NO,283.23,358.79,41.73,30.37,entsoe.eu,false,
2021-09-24 20:00:00,Italy,North Italy,IT-NO,291.98,371.02,39.86,27.05,entsoe.eu,false,
2021-09-24 21:00:00,Italy,North Italy,IT-NO,295.61,374.65,39.45,26.81,entsoe.eu,false,
2021-09-24 22:00:00,Italy,North Italy,IT-NO,260.65,334.47,45.68,28.18,entsoe.eu,false,
2021-09-24 23:00:00,Italy,North Italy,IT-NO,274.43,350.86,43.0,25.99,entsoe.eu,false,
2021-09-25 00:00:00,Italy,North Italy,IT-NO,280.9,357.34,42.13,24.44,entsoe.eu,false,
2021-09-25 01:00:00,Italy,North Italy,IT-NO,269.86,344.56,44.36,23.31,entsoe.eu,false,
2021-09-25 02:00:00,Italy,North Italy,IT-NO,271.19,346.71,43.97,22.42,entsoe.eu,false,
2021-09-25 03:00:00,Italy,North Italy,IT-NO,271.61,348.03,43.69,23.38,entsoe.eu,false,
2021-09-25 04:00:00,Italy,North Italy,IT-NO,262.14,335.02,46.53,29.18,entsoe.eu,false,
2021-09-25 05:00:00,Italy,North Italy,IT-NO,263.13,334.76,46.62,30.48,entsoe.eu,false,
2021-09-25 06:00:00,Italy,North Italy,IT-NO,256.3,325.62,49.1,34.88,entsoe.eu,false,
2021-09-25 07:00:00,Italy,North Italy,IT-NO,249.23,319.33,49.44,37.13,entsoe.eu,false,
2021-09-25 08:00:00,Italy,North Italy,IT-NO,240.93,310.45,51.12,39.49,entsoe.eu,false,
2021-09-25 09:00:00,Italy,North Italy,IT-NO,227.14,294.93,53.42,41.73,entsoe.eu,false,
2021-09-25 10:00:00,Italy,North Italy,IT-NO,212.54,276.92,57.01,45.1,entsoe.eu,false,
2021-09-25 11:00:00,Italy,North Italy,IT-NO,211.76,276.58,56.57,42.98,entsoe.eu,false,
2021-09-25 12:00:00,Italy,North Italy,IT-NO,209.44,273.04,57.39,42.9,entsoe.eu,false,
2021-09-25 13:00:00,Italy,North Italy,IT-NO,216.78,282.16,56.08,39.74,entsoe.eu,false,
2021-09-25 14:00:00,Italy,North Italy,IT-NO,227.42,295.72,53.0,35.59,entsoe.eu,false,
2021-09-25 15:00:00,Italy,North Italy,IT-NO,241.86,313.6,48.17,30.97,entsoe.eu,false,
2021-09-25 16:00:00,Italy,North Italy,IT-NO,251.55,321.88,48.23,34.63,entsoe.eu,false,
2021-09-25 17:00:00,Italy,North Italy,IT-NO,253.5,318.3,52.43,41.39,entsoe.eu,false,
2021-09-25 18:00:00,Italy,North Italy,IT-NO,251.57,318.01,51.33,41.63,entsoe.eu,false,
2021-09-25 19:00:00,Italy,North Italy,IT-NO,258.55,330.08,47.3,35.34,entsoe.eu,false,
2021-09-25 20:00:00,Italy,North Italy,IT-NO,250.7,322.67,47.85,31.88,entsoe.eu,false,
2021-09-25 21:00:00,Italy,North Italy,IT-NO,268.86,343.74,43.83,27.73,entsoe.eu,false,
2021-09-25 22:00:00,Italy,North Italy,IT-NO,242.54,312.25,50.28,29.35,entsoe.eu,false,
2021-09-25 23:00:00,Italy,North Italy,IT-NO,257.75,328.23,48.72,25.38,entsoe.eu,false,
2021-09-26 00:00:00,Italy,North Italy,IT-NO,254.81,323.72,49.7,25.57,entsoe.eu,false,
2021-09-26 01:00:00,Italy,North Italy,IT-NO,251.5,321.54,49.15,24.69,entsoe.eu,false,
2021-09-26 02:00:00,Italy,North Italy,IT-NO,245.45,314.74,50.23,25.27,entsoe.eu,false,
2021-09-26 03:00:00,Italy,North Italy,IT-NO,246.09,315.61,49.88,24.62,entsoe.eu,false,
2021-09-26 04:00:00,Italy,North Italy,IT-NO,243.82,312.82,50.3,25.93,entsoe.eu,false,
2021-09-26 05:00:00,Italy,North Italy,IT-NO,242.69,310.94,50.17,26.65,entsoe.eu,false,
2021-09-26 06:00:00,Italy,North Italy,IT-NO,240.79,310.65,49.49,31.44,entsoe.eu,false,
2021-09-26 07:00:00,Italy,North Italy,IT-NO,258.01,330.4,47.14,36.78,entsoe.eu,false,
2021-09-26 08:00:00,Italy,North Italy,IT-NO,263.3,336.69,46.68,37.41,entsoe.eu,false,
2021-09-26 09:00:00,Italy,North Italy,IT-NO,262.71,337.05,46.3,37.6,entsoe.eu,false,
2021-09-26 10:00:00,Italy,North Italy,IT-NO,266.91,339.0,47.36,40.55,entsoe.eu,false,
2021-09-26 11:00:00,Italy,North Italy,IT-NO,263.76,339.42,44.72,37.12,entsoe.eu,false,
2021-09-26 12:00:00,Italy,North Italy,IT-NO,262.27,338.35,44.55,36.05,entsoe.eu,false,
2021-09-26 13:00:00,Italy,North Italy,IT-NO,257.01,331.96,45.28,35.43,entsoe.eu,false,
2021-09-26 14:00:00,Italy,North Italy,IT-NO,258.11,333.83,44.93,33.56,entsoe.eu,false,
2021-09-26 15:00:00,Italy,North Italy,IT-NO,253.48,323.01,49.52,37.19,entsoe.eu,false,
2021-09-26 16:00:00,Italy,North Italy,IT-NO,236.25,303.26,51.9,36.92,entsoe.eu,false,
2021-09-26 17:00:00,Italy,North Italy,IT-NO,233.7,296.5,55.17,42.08,entsoe.eu,false,
2021-09-26 18:00:00,Italy,North Italy,IT-NO,224.82,287.88,55.73,42.05,entsoe.eu,false,
2021-09-26 19:00:00,Italy,North Italy,IT-NO,230.87,299.11,51.55,34.01,entsoe.eu,false,
2021-09-26 20:00:00,Italy,North Italy,IT-NO,239.78,307.94,50.99,31.81,entsoe.eu,false,
2021-09-26 21:00:00,Italy,North Italy,IT-NO,246.86,314.11,51.1,31.37,entsoe.eu,false,
2021-09-26 22:00:00,Italy,North Italy,IT-NO,247.69,313.86,51.12,29.56,entsoe.eu,false,
2021-09-26 23:00:00,Italy,North Italy,IT-NO,245.75,310.67,51.21,27.73,entsoe.eu,false,
2021-09-27 00:00:00,Italy,North Italy,IT-NO,232.62,296.39,53.94,28.83,entsoe.eu,false,
2021-09-27 01:00:00,Italy,North Italy,IT-NO,232.42,296.91,53.0,27.18,entsoe.eu,false,
2021-09-27 02:00:00,Italy,North Italy,IT-NO,236.25,302.85,51.38,25.97,entsoe.eu,false,
2021-09-27 03:00:00,Italy,North Italy,IT-NO,264.73,337.56,45.04,23.04,entsoe.eu,false,
2021-09-27 04:00:00,Italy,North Italy,IT-NO,282.93,362.54,39.66,23.8,entsoe.eu,false,
2021-09-27 05:00:00,Italy,North Italy,IT-NO,293.77,374.42,38.23,27.83,entsoe.eu,false,
2021-09-27 06:00:00,Italy,North Italy,IT-NO,290.13,366.0,42.18,32.94,entsoe.eu,false,
2021-09-27 07:00:00,Italy,North Italy,IT-NO,290.69,367.47,41.54,32.22,entsoe.eu,false,
2021-09-27 08:00:00,Italy,North Italy,IT-NO,291.69,369.68,40.81,31.53,entsoe.eu,false,
2021-09-27 09:00:00,Italy,North Italy,IT-NO,294.18,373.23,40.23,31.38,entsoe.eu,false,
2021-09-27 10:00:00,Italy,North Italy,IT-NO,297.13,377.32,39.88,31.14,entsoe.eu,false,
2021-09-27 11:00:00,Italy,North Italy,IT-NO,292.76,373.15,39.96,31.4,entsoe.eu,false,
2021-09-27 12:00:00,Italy,North Italy,IT-NO,290.09,369.4,40.97,32.55,entsoe.eu,false,
2021-09-27 13:00:00,Italy,North Italy,IT-NO,280.24,358.23,42.34,33.35,entsoe.eu,false,
2021-09-27 14:00:00,Italy,North Italy,IT-NO,276.91,353.39,43.26,33.19,entsoe.eu,false,
2021-09-27 15:00:00,Italy,North Italy,IT-NO,285.68,361.17,43.24,32.59,entsoe.eu,false,
2021-09-27 16:00:00,Italy,North Italy,IT-NO,293.24,369.69,41.52,32.75,entsoe.eu,false,
2021-09-27 17:00:00,Italy,North Italy,IT-NO,293.68,369.7,41.96,34.92,entsoe.eu,false,
2021-09-27 18:00:00,Italy,North Italy,IT-NO,289.5,365.04,42.25,34.51,entsoe.eu,false,
2021-09-27 19:00:00,Italy,North Italy,IT-NO,300.11,379.75,38.64,28.3,entsoe.eu,false,
2021-09-27 20:00:00,Italy,North Italy,IT-NO,298.66,378.41,38.82,27.0,entsoe.eu,false,
2021-09-27 21:00:00,Italy,North Italy,IT-NO,315.97,397.09,36.01,24.28,entsoe.eu,false,
2021-09-27 22:00:00,Italy,North Italy,IT-NO,296.48,374.46,39.92,23.66,entsoe.eu,false,
2021-09-27 23:00:00,Italy,North Italy,IT-NO,293.67,369.1,41.71,23.56,entsoe.eu,false,
2021-09-28 00:00:00,Italy,North Italy,IT-NO,294.56,369.56,41.55,22.8,entsoe.eu,false,
2021-09-28 01:00:00,Italy,North Italy,IT-NO,283.95,355.51,44.27,22.76,entsoe.eu,false,
2021-09-28 02:00:00,Italy,North Italy,IT-NO,284.73,357.25,44.06,22.52,entsoe.eu,false,
2021-09-28 03:00:00,Italy,North Italy,IT-NO,296.18,371.49,41.45,20.93,entsoe.eu,false,
2021-09-28 04:00:00,Italy,North Italy,IT-NO,300.99,375.62,41.9,26.35,entsoe.eu,false,
2021-09-28 05:00:00,Italy,North Italy,IT-NO,301.22,378.11,40.19,30.12,entsoe.eu,false,
2021-09-28 06:00:00,Italy,North Italy,IT-NO,282.14,354.22,45.22,36.51,entsoe.eu,false,
2021-09-28 07:00:00,Italy,North Italy,IT-NO,265.16,336.47,46.89,38.37,entsoe.eu,false,
2021-09-28 08:00:00,Italy,North Italy,IT-NO,264.72,337.39,46.39,36.95,entsoe.eu,false,
2021-09-28 09:00:00,Italy,North Italy,IT-NO,256.12,326.73,48.84,39.09,entsoe.eu,false,
2021-09-28 10:00:00,Italy,North Italy,IT-NO,251.65,322.91,49.12,39.8,entsoe.eu,false,
2021-09-28 11:00:00,Italy,North Italy,IT-NO,249.75,319.95,49.98,39.27,entsoe.eu,false,
2021-09-28 12:00:00,Italy,North Italy,IT-NO,256.71,328.98,47.84,36.95,entsoe.eu,false,
2021-09-28 13:00:00,Italy,North Italy,IT-NO,274.49,350.74,43.48,33.12,entsoe.eu,false,
2021-09-28 14:00:00,Italy,North Italy,IT-NO,265.18,337.42,46.14,34.19,entsoe.eu,false,
2021-09-28 15:00:00,Italy,North Italy,IT-NO,283.18,357.82,42.8,32.09,entsoe.eu,false,
2021-09-28 16:00:00,Italy,North Italy,IT-NO,287.15,362.02,42.12,33.01,entsoe.eu,false,
2021-09-28 17:00:00,Italy,North Italy,IT-NO,276.63,348.41,45.44,36.41,entsoe.eu,false,
2021-09-28 18:00:00,Italy,North Italy,IT-NO,276.57,348.75,44.76,35.18,entsoe.eu,false,
2021-09-28 19:00:00,Italy,North Italy,IT-NO,291.4,368.23,40.29,28.52,entsoe.eu,false,
2021-09-28 20:00:00,Italy,North Italy,IT-NO,298.22,375.63,39.22,25.88,entsoe.eu,false,
2021-09-28 21:00:00,Italy,North Italy,IT-NO,299.23,376.27,39.78,25.1,entsoe.eu,false,
2021-09-28 22:00:00,Italy,North Italy,IT-NO,277.03,349.31,43.85,24.92,entsoe.eu,false,
2021-09-28 23:00:00,Italy,North Italy,IT-NO,275.57,348.0,43.96,23.89,entsoe.eu,false,
2021-09-29 00:00:00,Italy,North Italy,IT-NO,271.55,343.62,44.6,23.49,entsoe.eu,false,
2021-09-29 01:00:00,Italy,North Italy,IT-NO,266.45,337.93,45.42,23.3,entsoe.eu,false,
2021-09-29 02:00:00,Italy,North Italy,IT-NO,266.1,337.17,45.7,23.78,entsoe.eu,false,
2021-09-29 03:00:00,Italy,North Italy,IT-NO,277.8,352.53,42.64,21.89,entsoe.eu,false,
2021-09-29 04:00:00,Italy,North Italy,IT-NO,283.22,354.58,44.62,28.43,entsoe.eu,false,
2021-09-29 05:00:00,Italy,North Italy,IT-NO,293.5,365.94,43.81,32.44,entsoe.eu,false,
2021-09-29 06:00:00,Italy,North Italy,IT-NO,277.37,345.08,48.52,38.32,entsoe.eu,false,
2021-09-29 07:00:00,Italy,North Italy,IT-NO,273.23,341.15,49.08,40.79,entsoe.eu,false,
2021-09-29 08:00:00,Italy,North Italy,IT-NO,263.06,334.38,46.76,37.75,entsoe.eu,false,
2021-09-29 09:00:00,Italy,North Italy,IT-NO,251.13,321.71,48.53,39.16,entsoe.eu,false,
2021-09-29 10:00:00,Italy,North Italy,IT-NO,254.58,327.94,46.84,37.32,entsoe.eu,false,
2021-09-29 11:00:00,Italy,North Italy,IT-NO,252.44,325.72,47.15,37.61,entsoe.eu,false,
2021-09-29 12:00:00,Italy,North Italy,IT-NO,257.88,331.15,46.61,37.52,entsoe.eu,false,
2021-09-29 13:00:00,Italy,North Italy,IT-NO,257.03,329.04,47.06,36.82,entsoe.eu,false,
2021-09-29 14:00:00,Italy,North Italy,IT-NO,267.19,338.8,46.72,36.74,entsoe.eu,false,
2021-09-29 15:00:00,Italy,North Italy,IT-NO,284.01,358.5,43.33,33.04,entsoe.eu,false,
2021-09-29 16:00:00,Italy,North Italy,IT-NO,286.73,360.22,43.46,32.89,entsoe.eu,false,
2021-09-29 17:00:00,Italy,North Italy,IT-NO,295.79,366.43,45.85,37.34,entsoe.eu,false,
2021-09-29 18:00:00,Italy,North Italy,IT-NO,289.72,363.89,42.6,33.49,entsoe.eu,false,
2021-09-29 19:00:00,Italy,North Italy,IT-NO,290.48,367.39,40.56,27.83,entsoe.eu,false,
2021-09-29 20:00:00,Italy,North Italy,IT-NO,283.74,360.93,40.9,26.06,entsoe.eu,false,
2021-09-29 21:00:00,Italy,North Italy,IT-NO,287.01,364.35,40.51,25.55,entsoe.eu,false,
2021-09-29 22:00:00,Italy,North Italy,IT-NO,276.21,351.2,42.59,24.56,entsoe.eu,false,
2021-09-29 23:00:00,Italy,North Italy,IT-NO,274.51,348.05,43.88,25.16,entsoe.eu,false,
2021-09-30 00:00:00,Italy,North Italy,IT-NO,272.41,344.97,44.49,24.17,entsoe.eu,false,
2021-09-30 01:00:00,Italy,North Italy,IT-NO,275.54,350.14,43.02,22.77,entsoe.eu,false,
2021-09-30 02:00:00,Italy,North Italy,IT-NO,275.57,351.41,42.33,22.4,entsoe.eu,false,
2021-09-30 03:00:00,Italy,North Italy,IT-NO,283.54,361.44,40.44,22.37,entsoe.eu,false,
2021-09-30 04:00:00,Italy,North Italy,IT-NO,292.33,369.88,38.98,23.04,entsoe.eu,false,
2021-09-30 05:00:00,Italy,North Italy,IT-NO,299.39,375.46,40.75,29.81,entsoe.eu,false,
2021-09-30 06:00:00,Italy,North Italy,IT-NO,279.03,350.15,45.86,36.91,entsoe.eu,false,
2021-09-30 07:00:00,Italy,North Italy,IT-NO,267.66,337.18,47.9,39.02,entsoe.eu,false,
2021-09-30 08:00:00,Italy,North Italy,IT-NO,256.75,327.88,47.57,37.79,entsoe.eu,false,
2021-09-30 09:00:00,Italy,North Italy,IT-NO,249.08,319.34,49.18,38.22,entsoe.eu,false,
2021-09-30 10:00:00,Italy,North Italy,IT-NO,233.28,302.39,51.44,39.62,entsoe.eu,false,
2021-09-30 11:00:00,Italy,North Italy,IT-NO,227.89,294.26,53.78,40.75,entsoe.eu,false,
2021-09-30 12:00:00,Italy,North Italy,IT-NO,239.12,305.89,52.48,40.09,entsoe.eu,false,
2021-09-30 13:00:00,Italy,North Italy,IT-NO,254.38,326.71,46.91,34.21,entsoe.eu,false,
2021-09-30 14:00:00,Italy,North Italy,IT-NO,270.98,345.7,43.9,30.87,entsoe.eu,false,
2021-09-30 15:00:00,Italy,North Italy,IT-NO,284.47,359.43,42.07,29.18,entsoe.eu,false,
2021-09-30 16:00:00,Italy,North Italy,IT-NO,286.34,359.28,43.41,32.79,entsoe.eu,false,
2021-09-30 17:00:00,Italy,North Italy,IT-NO,283.27,357.93,43.03,34.06,entsoe.eu,false,
2021-09-30 18:00:00,Italy,North Italy,IT-NO,291.64,367.32,41.68,32.83,entsoe.eu,false,
2021-09-30 19:00:00,Italy,North Italy,IT-NO,287.48,363.11,41.84,27.84,entsoe.eu,false,
2021-09-30 20:00:00,Italy,North Italy,IT-NO,278.27,353.48,43.09,26.93,entsoe.eu,false,
2021-09-30 21:00:00,Italy,North Italy,IT-NO,283.26,359.46,41.51,25.78,entsoe.eu,false,
2021-09-30 22:00:00,Italy,North Italy,IT-NO,270.28,343.34,44.95,25.04,entsoe.eu,false,
2021-09-30 23:00:00,Italy,North Italy,IT-NO,258.9,329.37,47.52,25.77,entsoe.eu,false,
2021-10-01 00:00:00,Italy,North Italy,IT-NO,251.1,319.77,49.16,25.95,entsoe.eu,false,
2021-10-01 01:00:00,Italy,North Italy,IT-NO,245.51,312.97,50.59,25.91,entsoe.eu,false,
2021-10-01 02:00:00,Italy,North Italy,IT-NO,254.05,323.48,48.54,24.92,entsoe.eu,false,
2021-10-01 03:00:00,Italy,North Italy,IT-NO,261.69,333.84,46.49,24.92,entsoe.eu,false,
2021-10-01 04:00:00,Italy,North Italy,IT-NO,271.53,343.43,45.15,26.61,entsoe.eu,false,
2021-10-01 05:00:00,Italy,North Italy,IT-NO,284.69,360.22,42.56,31.02,entsoe.eu,false,
2021-10-01 06:00:00,Italy,North Italy,IT-NO,272.92,345.15,45.98,36.94,entsoe.eu,false,
2021-10-01 07:00:00,Italy,North Italy,IT-NO,258.49,330.66,46.81,38.06,entsoe.eu,false,
2021-10-01 08:00:00,Italy,North Italy,IT-NO,250.35,322.27,48.08,38.36,entsoe.eu,false,
2021-10-01 09:00:00,Italy,North Italy,IT-NO,251.59,326.14,46.56,36.57,entsoe.eu,false,
2021-10-01 10:00:00,Italy,North Italy,IT-NO,257.01,334.73,44.34,36.74,entsoe.eu,false,
2021-10-01 11:00:00,Italy,North Italy,IT-NO,252.77,328.78,45.39,37.37,entsoe.eu,false,
2021-10-01 12:00:00,Italy,North Italy,IT-NO,259.19,336.41,43.9,35.8,entsoe.eu,false,
2021-10-01 13:00:00,Italy,North Italy,IT-NO,251.6,325.57,46.46,35.6,entsoe.eu,false,
2021-10-01 14:00:00,Italy,North Italy,IT-NO,260.83,335.42,44.84,31.96,entsoe.eu,false,
2021-10-01 15:00:00,Italy,North Italy,IT-NO,269.22,342.22,45.07,31.83,entsoe.eu,false,
2021-10-01 16:00:00,Italy,North Italy,IT-NO,272.45,345.71,44.94,34.48,entsoe.eu,false,
2021-10-01 17:00:00,Italy,North Italy,IT-NO,270.96,341.42,46.86,37.99,entsoe.eu,false,
2021-10-01 18:00:00,Italy,North Italy,IT-NO,274.02,346.01,45.3,37.0,entsoe.eu,false,
2021-10-01 19:00:00,Italy,North Italy,IT-NO,281.07,356.79,41.77,29.26,entsoe.eu,false,
2021-10-01 20:00:00,Italy,North Italy,IT-NO,275.39,349.27,44.12,29.75,entsoe.eu,false,
2021-10-01 21:00:00,Italy,North Italy,IT-NO,279.79,355.44,42.41,28.37,entsoe.eu,false,
2021-10-01 22:00:00,Italy,North Italy,IT-NO,250.72,318.57,49.73,30.7,entsoe.eu,false,
2021-10-01 23:00:00,Italy,North Italy,IT-NO,249.57,318.14,49.73,30.02,entsoe.eu,false,
2021-10-02 00:00:00,Italy,North Italy,IT-NO,253.37,321.73,49.44,27.67,entsoe.eu,false,
2021-10-02 01:00:00,Italy,North Italy,IT-NO,251.31,320.26,49.02,25.28,entsoe.eu,false,
2021-10-02 02:00:00,Italy,North Italy,IT-NO,255.84,325.99,48.2,24.8,entsoe.eu,false,
2021-10-02 03:00:00,Italy,North Italy,IT-NO,254.88,323.54,49.12,25.95,entsoe.eu,false,
2021-10-02 04:00:00,Italy,North Italy,IT-NO,244.85,310.61,51.66,29.14,entsoe.eu,false,
2021-10-02 05:00:00,Italy,North Italy,IT-NO,229.44,292.86,54.46,33.53,entsoe.eu,false,
2021-10-02 06:00:00,Italy,North Italy,IT-NO,218.17,278.78,56.77,37.68,entsoe.eu,false,
2021-10-02 07:00:00,Italy,North Italy,IT-NO,206.09,264.63,59.03,40.58,entsoe.eu,false,
2021-10-02 08:00:00,Italy,North Italy,IT-NO,201.6,262.03,59.14,42.29,entsoe.eu,false,
2021-10-02 09:00:00,Italy,North Italy,IT-NO,190.02,250.32,61.17,44.93,entsoe.eu,false,
2021-10-02 10:00:00,Italy,North Italy,IT-NO,184.62,244.16,62.67,48.4,entsoe.eu,false,
2021-10-02 11:00:00,Italy,North Italy,IT-NO,177.94,237.19,63.62,48.4,entsoe.eu,false,
2021-10-02 12:00:00,Italy,North Italy,IT-NO,176.58,235.61,63.58,47.48,entsoe.eu,false,
2021-10-02 13:00:00,Italy,North Italy,IT-NO,184.98,245.94,61.37,44.42,entsoe.eu,false,
2021-10-02 14:00:00,Italy,North Italy,IT-NO,210.62,276.08,55.68,38.1,entsoe.eu,false,
2021-10-02 15:00:00,Italy,North Italy,IT-NO,225.41,291.51,53.3,34.95,entsoe.eu,false,
2021-10-02 16:00:00,Italy,North Italy,IT-NO,240.91,307.42,51.53,37.39,entsoe.eu,false,
2021-10-02 17:00:00,Italy,North Italy,IT-NO,243.33,309.23,51.99,39.57,entsoe.eu,false,
2021-10-02 18:00:00,Italy,North Italy,IT-NO,242.06,307.19,52.8,39.56,entsoe.eu,false,
2021-10-02 19:00:00,Italy,North Italy,IT-NO,236.77,303.71,52.17,35.76,entsoe.eu,false,
2021-10-02 20:00:00,Italy,North Italy,IT-NO,240.72,310.31,50.17,33.36,entsoe.eu,false,
2021-10-02 21:00:00,Italy,North Italy,IT-NO,248.09,321.52,47.14,31.8,entsoe.eu,false,
2021-10-02 22:00:00,Italy,North Italy,IT-NO,218.19,283.87,55.08,35.38,entsoe.eu,false,
2021-10-02 23:00:00,Italy,North Italy,IT-NO,213.49,278.55,56.08,35.58,entsoe.eu,false,
2021-10-03 00:00:00,Italy,North Italy,IT-NO,205.66,269.14,57.83,36.27,entsoe.eu,false,
2021-10-03 01:00:00,Italy,North Italy,IT-NO,191.96,252.13,61.19,37.15,entsoe.eu,false,
2021-10-03 02:00:00,Italy,North Italy,IT-NO,189.35,249.04,61.71,36.52,entsoe.eu,false,
2021-10-03 03:00:00,Italy,North Italy,IT-NO,199.34,261.37,59.2,35.18,entsoe.eu,false,
2021-10-03 04:00:00,Italy,North Italy,IT-NO,207.16,270.79,57.15,34.86,entsoe.eu,false,
2021-10-03 05:00:00,Italy,North Italy,IT-NO,202.43,265.3,57.54,35.09,entsoe.eu,false,
2021-10-03 06:00:00,Italy,North Italy,IT-NO,200.23,263.25,57.94,38.26,entsoe.eu,false,
2021-10-03 07:00:00,Italy,North Italy,IT-NO,223.1,291.96,52.94,41.12,entsoe.eu,false,
2021-10-03 08:00:00,Italy,North Italy,IT-NO,222.8,292.46,52.67,42.38,entsoe.eu,false,
2021-10-03 09:00:00,Italy,North Italy,IT-NO,210.51,277.87,55.44,45.93,entsoe.eu,false,
2021-10-03 10:00:00,Italy,North Italy,IT-NO,188.02,250.3,60.89,48.65,entsoe.eu,false,
2021-10-03 11:00:00,Italy,North Italy,IT-NO,172.85,231.05,64.74,50.42,entsoe.eu,false,
2021-10-03 12:00:00,Italy,North Italy,IT-NO,177.51,236.64,63.59,48.67,entsoe.eu,false,
2021-10-03 13:00:00,Italy,North Italy,IT-NO,172.2,229.5,64.72,45.79,entsoe.eu,false,
2021-10-03 14:00:00,Italy,North Italy,IT-NO,181.41,239.73,62.81,41.46,entsoe.eu,false,
2021-10-03 15:00:00,Italy,North Italy,IT-NO,204.53,266.86,57.58,35.99,entsoe.eu,false,
2021-10-03 16:00:00,Italy,North Italy,IT-NO,238.83,306.52,51.15,33.74,entsoe.eu,false,
2021-10-03 17:00:00,Italy,North Italy,IT-NO,245.43,306.73,55.7,41.31,entsoe.eu,false,
2021-10-03 18:00:00,Italy,North Italy,IT-NO,237.51,300.67,55.0,41.11,entsoe.eu,false,
2021-10-03 19:00:00,Italy,North Italy,IT-NO,239.64,306.6,51.73,34.73,entsoe.eu,false,
2021-10-03 20:00:00,Italy,North Italy,IT-NO,248.34,319.48,48.72,30.87,entsoe.eu,false,
2021-10-03 21:00:00,Italy,North Italy,IT-NO,242.3,311.53,50.14,31.07,entsoe.eu,false,
2021-10-03 22:00:00,Italy,North Italy,IT-NO,215.11,278.37,56.56,32.58,entsoe.eu,false,
2021-10-03 23:00:00,Italy,North Italy,IT-NO,205.84,267.24,58.05,32.14,entsoe.eu,false,
2021-10-04 00:00:00,Italy,North Italy,IT-NO,207.56,269.39,57.52,31.26,entsoe.eu,false,
2021-10-04 01:00:00,Italy,North Italy,IT-NO,208.14,269.65,57.34,30.15,entsoe.eu,false,
2021-10-04 02:00:00,Italy,North Italy,IT-NO,210.82,273.41,56.5,29.41,entsoe.eu,false,
2021-10-04 03:00:00,Italy,North Italy,IT-NO,239.11,308.05,50.2,27.35,entsoe.eu,false,
2021-10-04 04:00:00,Italy,North Italy,IT-NO,255.23,328.71,45.48,27.05,entsoe.eu,false,
2021-10-04 05:00:00,Italy,North Italy,IT-NO,256.17,327.22,46.72,31.8,entsoe.eu,false,
2021-10-04 06:00:00,Italy,North Italy,IT-NO,251.96,321.23,48.27,36.61,entsoe.eu,false,
2021-10-04 07:00:00,Italy,North Italy,IT-NO,256.29,327.4,46.4,36.66,entsoe.eu,false,
2021-10-04 08:00:00,Italy,North Italy,IT-NO,248.46,318.77,48.29,37.87,entsoe.eu,false,
2021-10-04 09:00:00,Italy,North Italy,IT-NO,247.21,317.93,48.23,37.37,entsoe.eu,false,
2021-10-04 10:00:00,Italy,North Italy,IT-NO,255.48,329.77,45.13,33.54,entsoe.eu,false,
2021-10-04 11:00:00,Italy,North Italy,IT-NO,262.22,337.56,43.62,31.2,entsoe.eu,false,
2021-10-04 12:00:00,Italy,North Italy,IT-NO,270.34,345.36,43.34,30.95,entsoe.eu,false,
2021-10-04 13:00:00,Italy,North Italy,IT-NO,262.63,336.02,45.06,31.46,entsoe.eu,false,
2021-10-04 14:00:00,Italy,North Italy,IT-NO,260.75,333.95,45.33,31.1,entsoe.eu,false,
2021-10-04 15:00:00,Italy,North Italy,IT-NO,264.39,338.82,43.76,29.87,entsoe.eu,false,
2021-10-04 16:00:00,Italy,North Italy,IT-NO,271.26,346.64,42.57,31.26,entsoe.eu,false,
2021-10-04 17:00:00,Italy,North Italy,IT-NO,272.79,346.53,43.87,34.49,entsoe.eu,false,
2021-10-04 18:00:00,Italy,North Italy,IT-NO,267.15,341.35,43.82,33.81,entsoe.eu,false,
2021-10-04 19:00:00,Italy,North Italy,IT-NO,268.6,344.49,42.59,29.27,entsoe.eu,false,
2021-10-04 20:00:00,Italy,North Italy,IT-NO,267.46,341.48,43.91,28.27,entsoe.eu,false,
2021-10-04 21:00:00,Italy,North Italy,IT-NO,265.29,339.28,43.81,28.38,entsoe.eu,false,
2021-10-04 22:00:00,Italy,North Italy,IT-NO,236.93,303.48,50.74,30.24,entsoe.eu,false,
2021-10-04 23:00:00,Italy,North Italy,IT-NO,275.33,352.23,42.84,33.88,entsoe.eu,false,
2021-10-05 00:00:00,Italy,North Italy,IT-NO,215.14,277.84,55.21,32.52,entsoe.eu,false,
2021-10-05 01:00:00,Italy,North Italy,IT-NO,209.07,270.34,56.35,33.23,entsoe.eu,false,
2021-10-05 02:00:00,Italy,North Italy,IT-NO,212.68,275.21,55.13,32.88,entsoe.eu,false,
2021-10-05 03:00:00,Italy,North Italy,IT-NO,229.35,294.56,51.94,31.66,entsoe.eu,false,
2021-10-05 04:00:00,Italy,North Italy,IT-NO,252.3,323.25,46.37,29.54,entsoe.eu,false,
2021-10-05 05:00:00,Italy,North Italy,IT-NO,263.41,333.82,46.39,34.28,entsoe.eu,false,
2021-10-05 06:00:00,Italy,North Italy,IT-NO,254.5,321.96,48.96,38.52,entsoe.eu,false,
2021-10-05 07:00:00,Italy,North Italy,IT-NO,246.99,314.42,49.96,39.69,entsoe.eu,false,
2021-10-05 08:00:00,Italy,North Italy,IT-NO,240.55,310.07,48.56,38.08,entsoe.eu,false,
2021-10-05 09:00:00,Italy,North Italy,IT-NO,244.77,315.88,47.29,36.57,entsoe.eu,false,
2021-10-05 10:00:00,Italy,North Italy,IT-NO,237.35,306.74,49.23,37.33,entsoe.eu,false,
2021-10-05 11:00:00,Italy,North Italy,IT-NO,236.29,304.93,49.64,36.39,entsoe.eu,false,
2021-10-05 12:00:00,Italy,North Italy,IT-NO,240.32,310.09,48.66,36.31,entsoe.eu,false,
2021-10-05 13:00:00,Italy,North Italy,IT-NO,249.55,321.24,46.77,35.17,entsoe.eu,false,
2021-10-05 14:00:00,Italy,North Italy,IT-NO,252.29,323.74,46.49,34.41,entsoe.eu,false,
2021-10-05 15:00:00,Italy,North Italy,IT-NO,242.41,311.33,48.89,36.54,entsoe.eu,false,
2021-10-05 16:00:00,Italy,North Italy,IT-NO,246.07,314.37,49.41,37.64,entsoe.eu,false,
2021-10-05 17:00:00,Italy,North Italy,IT-NO,251.1,319.38,49.41,39.43,entsoe.eu,false,
2021-10-05 18:00:00,Italy,North Italy,IT-NO,253.25,323.18,47.91,37.34,entsoe.eu,false,
2021-10-05 19:00:00,Italy,North Italy,IT-NO,247.24,317.1,47.9,33.98,entsoe.eu,false,
2021-10-05 20:00:00,Italy,North Italy,IT-NO,230.79,296.1,52.63,35.68,entsoe.eu,false,
2021-10-05 21:00:00,Italy,North Italy,IT-NO,223.72,285.94,54.87,37.16,entsoe.eu,false,
2021-10-05 22:00:00,Italy,North Italy,IT-NO,184.29,239.11,63.09,40.53,entsoe.eu,false,
2021-10-05 23:00:00,Italy,North Italy,IT-NO,183.41,237.43,62.99,40.09,entsoe.eu,false,
2021-10-06 00:00:00,Italy,North Italy,IT-NO,180.05,234.16,63.5,40.64,entsoe.eu,false,
2021-10-06 01:00:00,Italy,North Italy,IT-NO,188.27,245.97,60.86,39.65,entsoe.eu,false,
2021-10-06 02:00:00,Italy,North Italy,IT-NO,191.04,249.75,59.81,39.08,entsoe.eu,false,
2021-10-06 03:00:00,Italy,North Italy,IT-NO,205.44,266.54,56.72,37.64,entsoe.eu,false,
2021-10-06 04:00:00,Italy,North Italy,IT-NO,228.24,294.06,51.94,36.58,entsoe.eu,false,
2021-10-06 05:00:00,Italy,North Italy,IT-NO,244.41,312.04,49.9,37.49,entsoe.eu,false,
2021-10-06 06:00:00,Italy,North Italy,IT-NO,248.35,314.32,50.81,40.41,entsoe.eu,false,
2021-10-06 07:00:00,Italy,North Italy,IT-NO,246.54,314.78,49.75,39.93,entsoe.eu,false,
2021-10-06 08:00:00,Italy,North Italy,IT-NO,236.12,304.15,50.59,40.91,entsoe.eu,false,
2021-10-06 09:00:00,Italy,North Italy,IT-NO,233.03,301.27,50.51,40.49,entsoe.eu,false,
2021-10-06 10:00:00,Italy,North Italy,IT-NO,213.51,277.43,54.91,43.33,entsoe.eu,false,
2021-10-06 11:00:00,Italy,North Italy,IT-NO,213.07,276.5,55.11,41.85,entsoe.eu,false,
2021-10-06 12:00:00,Italy,North Italy,IT-NO,224.72,291.35,52.26,40.71,entsoe.eu,false,
2021-10-06 13:00:00,Italy,North Italy,IT-NO,223.3,289.15,52.67,40.11,entsoe.eu,false,
2021-10-06 14:00:00,Italy,North Italy,IT-NO,231.71,299.33,50.46,37.93,entsoe.eu,false,
2021-10-06 15:00:00,Italy,North Italy,IT-NO,238.78,306.96,49.63,38.11,entsoe.eu,false,
2021-10-06 16:00:00,Italy,North Italy,IT-NO,248.81,318.31,47.99,36.71,entsoe.eu,false,
2021-10-06 17:00:00,Italy,North Italy,IT-NO,254.02,322.7,48.66,38.96,entsoe.eu,false,
2021-10-06 18:00:00,Italy,North Italy,IT-NO,259.55,330.49,46.58,37.0,entsoe.eu,false,
2021-10-06 19:00:00,Italy,North Italy,IT-NO,262.61,335.3,45.34,36.19,entsoe.eu,false,
2021-10-06 20:00:00,Italy,North Italy,IT-NO,259.84,331.02,46.36,35.66,entsoe.eu,false,
2021-10-06 21:00:00,Italy,North Italy,IT-NO,248.05,314.09,50.29,36.48,entsoe.eu,false,
2021-10-06 22:00:00,Italy,North Italy,IT-NO,236.6,300.89,51.1,35.68,entsoe.eu,false,
2021-10-06 23:00:00,Italy,North Italy,IT-NO,244.62,310.85,49.08,34.6,entsoe.eu,false,
2021-10-07 00:00:00,Italy,North Italy,IT-NO,253.75,322.26,47.09,33.05,entsoe.eu,false,
2021-10-07 01:00:00,Italy,North Italy,IT-NO,244.41,310.23,49.56,33.69,entsoe.eu,false,
2021-10-07 02:00:00,Italy,North Italy,IT-NO,247.2,314.93,48.4,31.96,entsoe.eu,false,
2021-10-07 03:00:00,Italy,North Italy,IT-NO,252.8,323.17,46.38,31.25,entsoe.eu,false,
2021-10-07 04:00:00,Italy,North Italy,IT-NO,247.0,317.69,47.07,33.49,entsoe.eu,false,
2021-10-07 05:00:00,Italy,North Italy,IT-NO,296.28,375.31,38.85,33.41,entsoe.eu,false,
2021-10-07 06:00:00,Italy,North Italy,IT-NO,292.86,366.01,43.12,38.1,entsoe.eu,false,
2021-10-07 07:00:00,Italy,North Italy,IT-NO,270.02,339.65,46.7,40.1,entsoe.eu,false,
2021-10-07 08:00:00,Italy,North Italy,IT-NO,241.3,309.61,49.42,39.69,entsoe.eu,false,
2021-10-07 09:00:00,Italy,North Italy,IT-NO,238.59,305.79,50.17,39.25,entsoe.eu,false,
2021-10-07 10:00:00,Italy,North Italy,IT-NO,229.87,295.28,52.19,40.68,entsoe.eu,false,
2021-10-07 11:00:00,Italy,North Italy,IT-NO,230.02,295.95,51.58,38.38,entsoe.eu,false,
2021-10-07 12:00:00,Italy,North Italy,IT-NO,238.53,305.26,50.43,37.31,entsoe.eu,false,
2021-10-07 13:00:00,Italy,North Italy,IT-NO,243.74,312.36,48.73,35.97,entsoe.eu,false,
2021-10-07 14:00:00,Italy,North Italy,IT-NO,244.63,313.22,48.81,36.13,entsoe.eu,false,
2021-10-07 15:00:00,Italy,North Italy,IT-NO,248.04,316.76,48.16,37.2,entsoe.eu,false,
2021-10-07 16:00:00,Italy,North Italy,IT-NO,254.04,323.83,47.34,37.17,entsoe.eu,false,
2021-10-07 17:00:00,Italy,North Italy,IT-NO,270.97,339.78,47.85,40.64,entsoe.eu,false,
2021-10-07 18:00:00,Italy,North Italy,IT-NO,252.96,321.61,48.05,38.44,entsoe.eu,false,
2021-10-07 19:00:00,Italy,North Italy,IT-NO,255.44,324.6,47.42,35.67,entsoe.eu,false,
2021-10-07 20:00:00,Italy,North Italy,IT-NO,250.57,317.41,49.28,35.38,entsoe.eu,false,
2021-10-07 21:00:00,Italy,North Italy,IT-NO,246.33,310.01,51.28,36.76,entsoe.eu,false,
2021-10-07 22:00:00,Italy,North Italy,IT-NO,235.09,294.3,55.63,37.88,entsoe.eu,false,
2021-10-07 23:00:00,Italy,North Italy,IT-NO,228.17,288.18,55.9,36.76,entsoe.eu,false,
2021-10-08 00:00:00,Italy,North Italy,IT-NO,239.91,302.24,53.13,34.46,entsoe.eu,false,
2021-10-08 01:00:00,Italy,North Italy,IT-NO,235.79,297.34,54.21,34.82,entsoe.eu,false,
2021-10-08 02:00:00,Italy,North Italy,IT-NO,236.17,299.43,53.56,34.22,entsoe.eu,false,
2021-10-08 03:00:00,Italy,North Italy,IT-NO,242.31,305.92,51.48,34.45,entsoe.eu,false,
2021-10-08 04:00:00,Italy,North Italy,IT-NO,257.49,328.5,46.26,33.86,entsoe.eu,false,
2021-10-08 05:00:00,Italy,North Italy,IT-NO,271.97,345.09,43.78,35.25,entsoe.eu,false,
2021-10-08 06:00:00,Italy,North Italy,IT-NO,256.13,324.44,47.83,38.47,entsoe.eu,false,
2021-10-08 07:00:00,Italy,North Italy,IT-NO,254.35,322.88,48.46,39.65,entsoe.eu,false,
2021-10-08 08:00:00,Italy,North Italy,IT-NO,250.44,320.31,48.13,38.68,entsoe.eu,false,
2021-10-08 09:00:00,Italy,North Italy,IT-NO,251.96,321.28,48.44,38.41,entsoe.eu,false,
2021-10-08 10:00:00,Italy,North Italy,IT-NO,245.04,313.5,49.56,39.06,entsoe.eu,false,
2021-10-08 11:00:00,Italy,North Italy,IT-NO,246.74,315.46,49.8,38.22,entsoe.eu,false,
2021-10-08 12:00:00,Italy,North Italy,IT-NO,252.01,322.72,47.7,36.91,entsoe.eu,false,
2021-10-08 13:00:00,Italy,North Italy,IT-NO,252.07,322.06,47.92,37.08,entsoe.eu,false,
2021-10-08 14:00:00,Italy,North Italy,IT-NO,248.4,318.18,48.63,36.98,entsoe.eu,false,
2021-10-08 15:00:00,Italy,North Italy,IT-NO,248.55,316.28,49.23,37.07,entsoe.eu,false,
2021-10-08 16:00:00,Italy,North Italy,IT-NO,256.89,324.85,48.7,38.57,entsoe.eu,false,
2021-10-08 17:00:00,Italy,North Italy,IT-NO,255.88,320.66,51.66,43.06,entsoe.eu,false,
2021-10-08 18:00:00,Italy,North Italy,IT-NO,260.32,328.71,48.27,38.5,entsoe.eu,false,
2021-10-08 19:00:00,Italy,North Italy,IT-NO,262.29,331.5,47.33,34.88,entsoe.eu,false,
2021-10-08 20:00:00,Italy,North Italy,IT-NO,259.37,327.62,48.83,34.27,entsoe.eu,false,
2021-10-08 21:00:00,Italy,North Italy,IT-NO,259.09,325.62,49.22,34.89,entsoe.eu,false,
2021-10-08 22:00:00,Italy,North Italy,IT-NO,229.68,291.46,54.61,36.98,entsoe.eu,false,
2021-10-08 23:00:00,Italy,North Italy,IT-NO,232.57,294.65,54.16,35.58,entsoe.eu,false,
2021-10-09 00:00:00,Italy,North Italy,IT-NO,226.96,288.37,56.42,36.25,entsoe.eu,false,
2021-10-09 01:00:00,Italy,North Italy,IT-NO,218.24,275.26,59.19,37.2,entsoe.eu,false,
2021-10-09 02:00:00,Italy,North Italy,IT-NO,211.59,267.66,60.18,37.24,entsoe.eu,false,
2021-10-09 03:00:00,Italy,North Italy,IT-NO,216.49,273.36,58.99,36.72,entsoe.eu,false,
2021-10-09 04:00:00,Italy,North Italy,IT-NO,220.83,281.07,57.49,38.67,entsoe.eu,false,
2021-10-09 05:00:00,Italy,North Italy,IT-NO,221.34,281.48,57.48,41.46,entsoe.eu,false,
2021-10-09 06:00:00,Italy,North Italy,IT-NO,217.56,274.31,60.56,45.53,entsoe.eu,false,
2021-10-09 07:00:00,Italy,North Italy,IT-NO,205.85,264.93,60.31,46.07,entsoe.eu,false,
2021-10-09 08:00:00,Italy,North Italy,IT-NO,196.46,253.93,62.71,47.08,entsoe.eu,false,
2021-10-09 09:00:00,Italy,North Italy,IT-NO,180.1,236.07,65.46,49.67,entsoe.eu,false,
2021-10-09 10:00:00,Italy,North Italy,IT-NO,165.16,219.89,67.75,53.53,entsoe.eu,false,
2021-10-09 11:00:00,Italy,North Italy,IT-NO,141.46,191.53,72.61,55.52,entsoe.eu,false,
2021-10-09 12:00:00,Italy,North Italy,IT-NO,144.35,194.7,72.05,53.11,entsoe.eu,false,
2021-10-09 13:00:00,Italy,North Italy,IT-NO,161.37,214.38,68.76,49.73,entsoe.eu,false,
2021-10-09 14:00:00,Italy,North Italy,IT-NO,183.83,238.95,65.15,45.28,entsoe.eu,false,
2021-10-09 15:00:00,Italy,North Italy,IT-NO,210.52,271.24,58.52,40.64,entsoe.eu,false,
2021-10-09 16:00:00,Italy,North Italy,IT-NO,217.87,276.19,58.86,43.32,entsoe.eu,false,
2021-10-09 17:00:00,Italy,North Italy,IT-NO,218.28,275.51,59.54,47.19,entsoe.eu,false,
2021-10-09 18:00:00,Italy,North Italy,IT-NO,218.83,278.13,58.04,43.32,entsoe.eu,false,
2021-10-09 19:00:00,Italy,North Italy,IT-NO,226.15,287.1,56.89,39.24,entsoe.eu,false,
2021-10-09 20:00:00,Italy,North Italy,IT-NO,233.05,297.53,54.1,36.55,entsoe.eu,false,
2021-10-09 21:00:00,Italy,North Italy,IT-NO,237.71,302.47,53.13,37.96,entsoe.eu,false,
2021-10-09 22:00:00,Italy,North Italy,IT-NO,222.15,282.22,58.03,36.46,entsoe.eu,false,
2021-10-09 23:00:00,Italy,North Italy,IT-NO,210.13,264.88,61.62,36.77,entsoe.eu,false,
2021-10-10 00:00:00,Italy,North Italy,IT-NO,201.27,255.39,63.34,36.88,entsoe.eu,false,
2021-10-10 01:00:00,Italy,North Italy,IT-NO,196.18,248.97,63.67,36.89,entsoe.eu,false,
2021-10-10 02:00:00,Italy,North Italy,IT-NO,197.02,250.18,63.25,36.72,entsoe.eu,false,
2021-10-10 03:00:00,Italy,North Italy,IT-NO,200.23,253.29,62.99,35.7,entsoe.eu,false,
2021-10-10 04:00:00,Italy,North Italy,IT-NO,207.76,264.51,60.74,35.15,entsoe.eu,false,
2021-10-10 05:00:00,Italy,North Italy,IT-NO,208.4,268.36,58.96,36.45,entsoe.eu,false,
2021-10-10 06:00:00,Italy,North Italy,IT-NO,200.75,260.94,59.83,42.05,entsoe.eu,false,
2021-10-10 07:00:00,Italy,North Italy,IT-NO,179.82,234.54,65.6,47.41,entsoe.eu,false,
2021-10-10 08:00:00,Italy,North Italy,IT-NO,160.36,212.54,69.42,51.77,entsoe.eu,false,
2021-10-10 09:00:00,Italy,North Italy,IT-NO,152.35,204.64,69.84,52.77,entsoe.eu,false,
2021-10-10 10:00:00,Italy,North Italy,IT-NO,161.26,216.44,67.58,52.93,entsoe.eu,false,
2021-10-10 11:00:00,Italy,North Italy,IT-NO,135.94,185.54,73.4,56.11,entsoe.eu,false,
2021-10-10 12:00:00,Italy,North Italy,IT-NO,136.98,187.71,72.29,53.27,entsoe.eu,false,
2021-10-10 13:00:00,Italy,North Italy,IT-NO,147.88,200.37,69.85,49.03,entsoe.eu,false,
2021-10-10 14:00:00,Italy,North Italy,IT-NO,173.97,230.93,64.35,42.9,entsoe.eu,false,
2021-10-10 15:00:00,Italy,North Italy,IT-NO,223.62,289.62,54.01,37.22,entsoe.eu,false,
2021-10-10 16:00:00,Italy,North Italy,IT-NO,223.62,288.14,54.15,37.99,entsoe.eu,false,
2021-10-10 17:00:00,Italy,North Italy,IT-NO,241.23,302.93,55.3,45.34,entsoe.eu,false,
2021-10-10 18:00:00,Italy,North Italy,IT-NO,240.62,303.95,54.41,41.85,entsoe.eu,false,
2021-10-10 19:00:00,Italy,North Italy,IT-NO,247.89,316.92,50.03,34.04,entsoe.eu,false,
2021-10-10 20:00:00,Italy,North Italy,IT-NO,262.5,335.13,46.75,30.69,entsoe.eu,false,
2021-10-10 21:00:00,Italy,North Italy,IT-NO,251.55,321.17,49.82,32.41,entsoe.eu,false,
2021-10-10 22:00:00,Italy,North Italy,IT-NO,242.24,308.49,51.71,30.13,entsoe.eu,false,
2021-10-10 23:00:00,Italy,North Italy,IT-NO,239.46,303.06,52.89,29.69,entsoe.eu,false,
2021-10-11 00:00:00,Italy,North Italy,IT-NO,228.93,291.4,54.87,29.57,entsoe.eu,false,
2021-10-11 01:00:00,Italy,North Italy,IT-NO,219.76,280.49,56.71,29.75,entsoe.eu,false,
2021-10-11 02:00:00,Italy,North Italy,IT-NO,232.59,296.61,53.83,28.3,entsoe.eu,false,
2021-10-11 03:00:00,Italy,North Italy,IT-NO,256.77,326.55,48.0,26.08,entsoe.eu,false,
2021-10-11 04:00:00,Italy,North Italy,IT-NO,254.32,326.55,46.42,27.69,entsoe.eu,false,
2021-10-11 05:00:00,Italy,North Italy,IT-NO,245.89,311.87,51.17,38.23,entsoe.eu,false,
2021-10-11 06:00:00,Italy,North Italy,IT-NO,247.53,314.19,50.55,39.76,entsoe.eu,false,
2021-10-11 07:00:00,Italy,North Italy,IT-NO,252.29,319.88,50.16,40.59,entsoe.eu,false,
2021-10-11 08:00:00,Italy,North Italy,IT-NO,248.85,316.57,50.58,40.93,entsoe.eu,false,
2021-10-11 09:00:00,Italy,North Italy,IT-NO,248.45,319.86,48.15,37.93,entsoe.eu,false,
2021-10-11 10:00:00,Italy,North Italy,IT-NO,250.03,323.32,47.25,36.55,entsoe.eu,false,
2021-10-11 11:00:00,Italy,North Italy,IT-NO,240.24,311.12,49.6,38.18,entsoe.eu,false,
2021-10-11 12:00:00,Italy,North Italy,IT-NO,242.34,313.32,49.24,37.21,entsoe.eu,false,
2021-10-11 13:00:00,Italy,North Italy,IT-NO,247.35,318.54,48.49,35.89,entsoe.eu,false,
2021-10-11 14:00:00,Italy,North Italy,IT-NO,253.1,323.38,48.7,35.7,entsoe.eu,false,
2021-10-11 15:00:00,Italy,North Italy,IT-NO,251.85,320.5,49.42,34.91,entsoe.eu,false,
2021-10-11 16:00:00,Italy,North Italy,IT-NO,252.39,320.16,49.55,36.8,entsoe.eu,false,
2021-10-11 17:00:00,Italy,North Italy,IT-NO,259.89,325.85,50.98,41.46,entsoe.eu,false,
2021-10-11 18:00:00,Italy,North Italy,IT-NO,267.8,337.43,47.97,38.29,entsoe.eu,false,
2021-10-11 19:00:00,Italy,North Italy,IT-NO,282.83,359.59,41.96,29.84,entsoe.eu,false,
2021-10-11 20:00:00,Italy,North Italy,IT-NO,284.3,362.48,41.23,27.99,entsoe.eu,false,
2021-10-11 21:00:00,Italy,North Italy,IT-NO,286.4,363.81,41.86,29.65,entsoe.eu,false,
2021-10-11 22:00:00,Italy,North Italy,IT-NO,268.83,343.3,45.01,27.86,entsoe.eu,false,
2021-10-11 23:00:00,Italy,North Italy,IT-NO,265.83,339.15,46.38,28.28,entsoe.eu,false,
2021-10-12 00:00:00,Italy,North Italy,IT-NO,263.72,335.01,47.86,29.6,entsoe.eu,false,
2021-10-12 01:00:00,Italy,North Italy,IT-NO,261.76,332.93,47.87,28.4,entsoe.eu,false,
2021-10-12 02:00:00,Italy,North Italy,IT-NO,249.92,318.26,50.88,29.35,entsoe.eu,false,
2021-10-12 03:00:00,Italy,North Italy,IT-NO,270.16,344.33,45.24,27.27,entsoe.eu,false,
2021-10-12 04:00:00,Italy,North Italy,IT-NO,262.15,332.74,47.02,29.79,entsoe.eu,false,
2021-10-12 05:00:00,Italy,North Italy,IT-NO,265.1,333.22,48.56,36.67,entsoe.eu,false,
2021-10-12 06:00:00,Italy,North Italy,IT-NO,262.88,331.04,48.96,39.16,entsoe.eu,false,
2021-10-12 07:00:00,Italy,North Italy,IT-NO,253.27,322.37,49.02,40.07,entsoe.eu,false,
2021-10-12 08:00:00,Italy,North Italy,IT-NO,246.51,315.41,49.95,39.92,entsoe.eu,false,
2021-10-12 09:00:00,Italy,North Italy,IT-NO,249.28,319.74,48.91,38.86,entsoe.eu,false,
2021-10-12 10:00:00,Italy,North Italy,IT-NO,250.53,324.24,46.88,36.52,entsoe.eu,false,
2021-10-12 11:00:00,Italy,North Italy,IT-NO,248.91,321.51,47.87,36.71,entsoe.eu,false,
2021-10-12 12:00:00,Italy,North Italy,IT-NO,253.87,327.0,46.84,34.95,entsoe.eu,false,
2021-10-12 13:00:00,Italy,North Italy,IT-NO,256.98,331.04,45.8,33.93,entsoe.eu,false,
2021-10-12 14:00:00,Italy,North Italy,IT-NO,261.11,335.43,44.96,32.76,entsoe.eu,false,
2021-10-12 15:00:00,Italy,North Italy,IT-NO,264.7,337.57,45.3,32.44,entsoe.eu,false,
2021-10-12 16:00:00,Italy,North Italy,IT-NO,263.64,334.3,46.73,36.17,entsoe.eu,false,
2021-10-12 17:00:00,Italy,North Italy,IT-NO,257.26,325.84,48.8,40.0,entsoe.eu,false,
2021-10-12 18:00:00,Italy,North Italy,IT-NO,264.51,334.57,47.44,36.79,entsoe.eu,false,
2021-10-12 19:00:00,Italy,North Italy,IT-NO,282.45,359.22,41.98,28.98,entsoe.eu,false,
2021-10-12 20:00:00,Italy,North Italy,IT-NO,289.45,368.31,40.31,26.58,entsoe.eu,false,
2021-10-12 21:00:00,Italy,North Italy,IT-NO,288.65,366.67,40.35,26.0,entsoe.eu,false,
2021-10-12 22:00:00,Italy,North Italy,IT-NO,280.26,356.0,43.15,25.98,entsoe.eu,false,
2021-10-12 23:00:00,Italy,North Italy,IT-NO,280.62,355.85,43.59,25.41,entsoe.eu,false,
2021-10-13 00:00:00,Italy,North Italy,IT-NO,277.68,351.93,44.01,24.92,entsoe.eu,false,
2021-10-13 01:00:00,Italy,North Italy,IT-NO,268.37,340.88,45.45,24.52,entsoe.eu,false,
2021-10-13 02:00:00,Italy,North Italy,IT-NO,270.07,344.25,44.18,23.33,entsoe.eu,false,
2021-10-13 03:00:00,Italy,North Italy,IT-NO,281.52,358.67,41.16,23.25,entsoe.eu,false,
2021-10-13 04:00:00,Italy,North Italy,IT-NO,280.68,358.07,40.79,25.64,entsoe.eu,false,
2021-10-13 05:00:00,Italy,North Italy,IT-NO,265.62,339.31,44.47,34.09,entsoe.eu,false,
2021-10-13 06:00:00,Italy,North Italy,IT-NO,251.42,322.87,47.21,38.32,entsoe.eu,false,
2021-10-13 07:00:00,Italy,North Italy,IT-NO,245.36,316.96,47.94,39.57,entsoe.eu,false,
2021-10-13 08:00:00,Italy,North Italy,IT-NO,247.08,320.71,47.23,38.39,entsoe.eu,false,
2021-10-13 09:00:00,Italy,North Italy,IT-NO,250.71,326.85,45.51,37.48,entsoe.eu,false,
2021-10-13 10:00:00,Italy,North Italy,IT-NO,232.57,303.67,50.49,39.02,entsoe.eu,false,
2021-10-13 11:00:00,Italy,North Italy,IT-NO,227.72,296.25,52.6,39.07,entsoe.eu,false,
2021-10-13 12:00:00,Italy,North Italy,IT-NO,246.53,318.65,48.86,35.36,entsoe.eu,false,
2021-10-13 13:00:00,Italy,North Italy,IT-NO,259.6,335.1,45.08,32.34,entsoe.eu,false,
2021-10-13 14:00:00,Italy,North Italy,IT-NO,268.99,346.53,42.44,29.31,entsoe.eu,false,
2021-10-13 15:00:00,Italy,North Italy,IT-NO,271.15,348.09,41.79,29.03,entsoe.eu,false,
2021-10-13 16:00:00,Italy,North Italy,IT-NO,260.55,332.86,45.4,35.06,entsoe.eu,false,
2021-10-13 17:00:00,Italy,North Italy,IT-NO,263.98,334.54,46.91,38.49,entsoe.eu,false,
2021-10-13 18:00:00,Italy,North Italy,IT-NO,272.84,348.22,42.76,34.38,entsoe.eu,false,
2021-10-13 19:00:00,Italy,North Italy,IT-NO,295.58,376.53,37.31,26.88,entsoe.eu,false,
2021-10-13 20:00:00,Italy,North Italy,IT-NO,300.07,381.96,36.95,24.91,entsoe.eu,false,
2021-10-13 21:00:00,Italy,North Italy,IT-NO,303.15,383.89,37.08,26.7,entsoe.eu,false,
2021-10-13 22:00:00,Italy,North Italy,IT-NO,294.08,372.67,40.15,26.83,entsoe.eu,false,
2021-10-13 23:00:00,Italy,North Italy,IT-NO,279.74,352.92,45.15,29.6,entsoe.eu,false,
2021-10-14 00:00:00,Italy,North Italy,IT-NO,269.17,338.9,48.38,31.48,entsoe.eu,false,
2021-10-14 01:00:00,Italy,North Italy,IT-NO,264.91,334.29,48.84,31.39,entsoe.eu,false,
2021-10-14 02:00:00,Italy,North Italy,IT-NO,266.14,336.05,48.47,30.62,entsoe.eu,false,
2021-10-14 03:00:00,Italy,North Italy,IT-NO,285.37,361.51,42.68,27.02,entsoe.eu,false,
2021-10-14 04:00:00,Italy,North Italy,IT-NO,290.66,370.27,39.8,27.52,entsoe.eu,false,
2021-10-14 05:00:00,Italy,North Italy,IT-NO,272.44,344.65,45.22,36.46,entsoe.eu,false,
2021-10-14 06:00:00,Italy,North Italy,IT-NO,258.4,328.59,48.11,40.58,entsoe.eu,false,
2021-10-14 07:00:00,Italy,North Italy,IT-NO,249.55,319.44,49.35,42.19,entsoe.eu,false,
2021-10-14 08:00:00,Italy,North Italy,IT-NO,242.17,314.54,48.39,40.01,entsoe.eu,false,
2021-10-14 09:00:00,Italy,North Italy,IT-NO,231.18,301.73,50.72,41.86,entsoe.eu,false,
2021-10-14 10:00:00,Italy,North Italy,IT-NO,243.35,316.36,48.79,41.4,entsoe.eu,false,
2021-10-14 11:00:00,Italy,North Italy,IT-NO,240.67,314.4,48.55,39.51,entsoe.eu,false,
2021-10-14 12:00:00,Italy,North Italy,IT-NO,245.68,320.57,47.01,36.36,entsoe.eu,false,
2021-10-14 13:00:00,Italy,North Italy,IT-NO,256.29,331.26,46.01,35.09,entsoe.eu,false,
2021-10-14 14:00:00,Italy,North Italy,IT-NO,269.74,346.92,42.82,30.85,entsoe.eu,false,
2021-10-14 15:00:00,Italy,North Italy,IT-NO,284.53,360.81,42.28,32.26,entsoe.eu,false,
2021-10-14 16:00:00,Italy,North Italy,IT-NO,277.94,350.53,44.83,36.0,entsoe.eu,false,
2021-10-14 17:00:00,Italy,North Italy,IT-NO,279.74,350.58,46.36,38.93,entsoe.eu,false,
2021-10-14 18:00:00,Italy,North Italy,IT-NO,277.33,350.72,44.39,35.98,entsoe.eu,false,
2021-10-14 19:00:00,Italy,North Italy,IT-NO,299.36,380.91,37.59,27.21,entsoe.eu,false,
2021-10-14 20:00:00,Italy,North Italy,IT-NO,309.29,393.28,35.55,25.6,entsoe.eu,false,
2021-10-14 21:00:00,Italy,North Italy,IT-NO,313.75,399.53,34.22,25.93,entsoe.eu,false,
2021-10-14 22:00:00,Italy,North Italy,IT-NO,286.99,365.27,40.44,26.95,entsoe.eu,false,
2021-10-14 23:00:00,Italy,North Italy,IT-NO,267.89,339.98,46.26,29.32,entsoe.eu,false,
2021-10-15 00:00:00,Italy,North Italy,IT-NO,268.14,339.97,46.6,30.2,entsoe.eu,false,
2021-10-15 01:00:00,Italy,North Italy,IT-NO,266.13,336.75,46.75,28.38,entsoe.eu,false,
2021-10-15 02:00:00,Italy,North Italy,IT-NO,261.24,331.11,48.15,29.4,entsoe.eu,false,
2021-10-15 03:00:00,Italy,North Italy,IT-NO,282.18,356.65,43.06,27.59,entsoe.eu,false,
2021-10-15 04:00:00,Italy,North Italy,IT-NO,299.75,380.69,37.18,27.6,entsoe.eu,false,
2021-10-15 05:00:00,Italy,North Italy,IT-NO,293.25,371.38,40.02,34.77,entsoe.eu,false,
2021-10-15 06:00:00,Italy,North Italy,IT-NO,272.42,346.14,44.43,38.24,entsoe.eu,false,
2021-10-15 07:00:00,Italy,North Italy,IT-NO,271.18,345.61,44.6,40.95,entsoe.eu,false,
2021-10-15 08:00:00,Italy,North Italy,IT-NO,260.06,335.43,44.93,40.81,entsoe.eu,false,
2021-10-15 09:00:00,Italy,North Italy,IT-NO,257.9,333.75,44.73,40.36,entsoe.eu,false,
2021-10-15 10:00:00,Italy,North Italy,IT-NO,273.05,352.61,41.13,37.1,entsoe.eu,false,
2021-10-15 11:00:00,Italy,North Italy,IT-NO,254.37,328.6,45.86,38.43,entsoe.eu,false,
2021-10-15 12:00:00,Italy,North Italy,IT-NO,251.99,326.08,46.76,37.86,entsoe.eu,false,
2021-10-15 13:00:00,Italy,North Italy,IT-NO,256.68,330.82,46.12,35.43,entsoe.eu,false,
2021-10-15 14:00:00,Italy,North Italy,IT-NO,271.83,348.37,43.03,30.39,entsoe.eu,false,
2021-10-15 15:00:00,Italy,North Italy,IT-NO,288.69,368.37,39.08,27.03,entsoe.eu,false,
2021-10-15 16:00:00,Italy,North Italy,IT-NO,271.95,346.04,43.78,33.68,entsoe.eu,false,
2021-10-15 17:00:00,Italy,North Italy,IT-NO,272.42,343.54,46.26,38.07,entsoe.eu,false,
2021-10-15 18:00:00,Italy,North Italy,IT-NO,278.29,353.38,42.59,34.35,entsoe.eu,false,
2021-10-15 19:00:00,Italy,North Italy,IT-NO,300.76,383.17,36.39,27.39,entsoe.eu,false,
2021-10-15 20:00:00,Italy,North Italy,IT-NO,309.8,394.18,35.04,25.37,entsoe.eu,false,
2021-10-15 21:00:00,Italy,North Italy,IT-NO,304.52,386.47,36.98,25.82,entsoe.eu,false,
2021-10-15 22:00:00,Italy,North Italy,IT-NO,262.86,335.39,46.89,32.07,entsoe.eu,false,
2021-10-15 23:00:00,Italy,North Italy,IT-NO,279.47,353.9,43.82,28.02,entsoe.eu,false,
2021-10-16 00:00:00,Italy,North Italy,IT-NO,273.74,347.79,45.16,28.12,entsoe.eu,false,
2021-10-16 01:00:00,Italy,North Italy,IT-NO,256.61,323.72,50.53,28.96,entsoe.eu,false,
2021-10-16 02:00:00,Italy,North Italy,IT-NO,257.12,325.79,50.0,27.37,entsoe.eu,false,
2021-10-16 03:00:00,Italy,North Italy,IT-NO,262.5,332.38,48.47,27.53,entsoe.eu,false,
2021-10-16 04:00:00,Italy,North Italy,IT-NO,263.17,332.32,49.32,30.13,entsoe.eu,false,
2021-10-16 05:00:00,Italy,North Italy,IT-NO,246.88,311.26,53.58,38.23,entsoe.eu,false,
2021-10-16 06:00:00,Italy,North Italy,IT-NO,232.87,295.94,55.34,42.59,entsoe.eu,false,
2021-10-16 07:00:00,Italy,North Italy,IT-NO,219.37,282.54,56.57,46.38,entsoe.eu,false,
2021-10-16 08:00:00,Italy,North Italy,IT-NO,219.63,285.81,55.51,43.08,entsoe.eu,false,
2021-10-16 09:00:00,Italy,North Italy,IT-NO,207.27,273.4,56.59,43.78,entsoe.eu,false,
2021-10-16 10:00:00,Italy,North Italy,IT-NO,194.34,258.42,59.76,48.38,entsoe.eu,false,
2021-10-16 11:00:00,Italy,North Italy,IT-NO,178.45,238.78,63.48,48.36,entsoe.eu,false,
2021-10-16 12:00:00,Italy,North Italy,IT-NO,182.79,244.05,62.53,46.5,entsoe.eu,false,
2021-10-16 13:00:00,Italy,North Italy,IT-NO,194.54,257.72,60.14,42.86,entsoe.eu,false,
2021-10-16 14:00:00,Italy,North Italy,IT-NO,222.52,289.81,54.78,37.8,entsoe.eu,false,
2021-10-16 15:00:00,Italy,North Italy,IT-NO,221.05,285.73,55.57,38.18,entsoe.eu,false,
2021-10-16 16:00:00,Italy,North Italy,IT-NO,222.4,280.94,58.63,42.89,entsoe.eu,false,
2021-10-16 17:00:00,Italy,North Italy,IT-NO,225.38,283.15,59.21,46.79,entsoe.eu,false,
2021-10-16 18:00:00,Italy,North Italy,IT-NO,230.59,289.82,58.15,45.21,entsoe.eu,false,
2021-10-16 19:00:00,Italy,North Italy,IT-NO,239.63,305.02,52.84,36.02,entsoe.eu,false,
2021-10-16 20:00:00,Italy,North Italy,IT-NO,256.03,325.59,49.61,31.94,entsoe.eu,false,
2021-10-16 21:00:00,Italy,North Italy,IT-NO,261.23,331.59,48.41,29.52,entsoe.eu,false,
2021-10-16 22:00:00,Italy,North Italy,IT-NO,237.39,301.31,53.95,30.44,entsoe.eu,false,
2021-10-16 23:00:00,Italy,North Italy,IT-NO,229.32,289.08,57.09,31.76,entsoe.eu,false,
2021-10-17 00:00:00,Italy,North Italy,IT-NO,229.06,290.11,57.65,30.47,entsoe.eu,false,
2021-10-17 01:00:00,Italy,North Italy,IT-NO,225.78,283.59,59.31,30.45,entsoe.eu,false,
2021-10-17 02:00:00,Italy,North Italy,IT-NO,226.98,285.37,59.19,28.74,entsoe.eu,false,
2021-10-17 03:00:00,Italy,North Italy,IT-NO,232.43,292.2,58.31,28.51,entsoe.eu,false,
2021-10-17 04:00:00,Italy,North Italy,IT-NO,237.29,298.97,56.34,29.63,entsoe.eu,false,
2021-10-17 05:00:00,Italy,North Italy,IT-NO,229.71,289.99,57.61,33.71,entsoe.eu,false,
2021-10-17 06:00:00,Italy,North Italy,IT-NO,212.1,268.25,62.1,40.38,entsoe.eu,false,
2021-10-17 07:00:00,Italy,North Italy,IT-NO,191.81,247.22,64.53,45.58,entsoe.eu,false,
2021-10-17 08:00:00,Italy,North Italy,IT-NO,184.9,243.91,63.76,46.43,entsoe.eu,false,
2021-10-17 09:00:00,Italy,North Italy,IT-NO,170.38,227.07,66.84,49.06,entsoe.eu,false,
2021-10-17 10:00:00,Italy,North Italy,IT-NO,174.8,233.5,65.23,49.76,entsoe.eu,false,
2021-10-17 11:00:00,Italy,North Italy,IT-NO,149.92,202.89,70.98,51.49,entsoe.eu,false,
2021-10-17 12:00:00,Italy,North Italy,IT-NO,151.11,203.87,70.87,49.77,entsoe.eu,false,
2021-10-17 13:00:00,Italy,North Italy,IT-NO,168.22,223.35,67.59,45.31,entsoe.eu,false,
2021-10-17 14:00:00,Italy,North Italy,IT-NO,200.57,261.23,61.07,39.44,entsoe.eu,false,
2021-10-17 15:00:00,Italy,North Italy,IT-NO,225.08,287.51,57.29,35.71,entsoe.eu,false,
2021-10-17 16:00:00,Italy,North Italy,IT-NO,229.94,290.46,57.98,39.64,entsoe.eu,false,
2021-10-17 17:00:00,Italy,North Italy,IT-NO,234.08,293.63,58.57,45.51,entsoe.eu,false,
2021-10-17 18:00:00,Italy,North Italy,IT-NO,234.24,296.11,57.0,41.69,entsoe.eu,false,
2021-10-17 19:00:00,Italy,North Italy,IT-NO,243.7,309.23,53.89,36.11,entsoe.eu,false,
2021-10-17 20:00:00,Italy,North Italy,IT-NO,259.31,327.41,51.95,32.03,entsoe.eu,false,
2021-10-17 21:00:00,Italy,North Italy,IT-NO,265.63,336.28,49.86,30.06,entsoe.eu,false,
2021-10-17 22:00:00,Italy,North Italy,IT-NO,254.71,323.74,51.62,29.55,entsoe.eu,false,
2021-10-17 23:00:00,Italy,North Italy,IT-NO,256.1,325.19,51.8,27.72,entsoe.eu,false,
2021-10-18 00:00:00,Italy,North Italy,IT-NO,247.84,315.72,52.87,27.34,entsoe.eu,false,
2021-10-18 01:00:00,Italy,North Italy,IT-NO,251.87,321.23,51.29,26.11,entsoe.eu,false,
2021-10-18 02:00:00,Italy,North Italy,IT-NO,260.95,332.89,48.61,24.84,entsoe.eu,false,
2021-10-18 03:00:00,Italy,North Italy,IT-NO,276.1,352.5,43.89,23.7,entsoe.eu,false,
2021-10-18 04:00:00,Italy,North Italy,IT-NO,274.37,351.12,42.85,26.76,entsoe.eu,false,
2021-10-18 05:00:00,Italy,North Italy,IT-NO,270.3,343.99,44.9,33.69,entsoe.eu,false,
2021-10-18 06:00:00,Italy,North Italy,IT-NO,271.87,343.04,47.04,38.78,entsoe.eu,false,
2021-10-18 07:00:00,Italy,North Italy,IT-NO,263.66,338.42,45.11,38.31,entsoe.eu,false,
2021-10-18 08:00:00,Italy,North Italy,IT-NO,254.86,329.96,45.72,38.03,entsoe.eu,false,
2021-10-18 09:00:00,Italy,North Italy,IT-NO,256.05,332.47,45.26,37.39,entsoe.eu,false,
2021-10-18 10:00:00,Italy,North Italy,IT-NO,263.27,342.51,43.53,35.45,entsoe.eu,false,
2021-10-18 11:00:00,Italy,North Italy,IT-NO,255.64,332.43,45.94,36.7,entsoe.eu,false,
2021-10-18 12:00:00,Italy,North Italy,IT-NO,256.08,332.31,45.96,36.97,entsoe.eu,false,
2021-10-18 13:00:00,Italy,North Italy,IT-NO,261.73,337.79,45.16,35.37,entsoe.eu,false,
2021-10-18 14:00:00,Italy,North Italy,IT-NO,258.96,333.12,45.71,32.61,entsoe.eu,false,
2021-10-18 15:00:00,Italy,North Italy,IT-NO,266.38,340.6,44.65,31.6,entsoe.eu,false,
2021-10-18 16:00:00,Italy,North Italy,IT-NO,277.03,349.05,45.66,35.64,entsoe.eu,false,
2021-10-18 17:00:00,Italy,North Italy,IT-NO,277.82,349.64,45.85,37.22,entsoe.eu,false,
2021-10-18 18:00:00,Italy,North Italy,IT-NO,270.12,342.98,45.54,34.84,entsoe.eu,false,
2021-10-18 19:00:00,Italy,North Italy,IT-NO,275.82,353.43,41.76,28.3,entsoe.eu,false,
2021-10-18 20:00:00,Italy,North Italy,IT-NO,288.32,369.03,39.55,24.04,entsoe.eu,false,
2021-10-18 21:00:00,Italy,North Italy,IT-NO,294.63,376.3,38.62,23.6,entsoe.eu,false,
2021-10-18 22:00:00,Italy,North Italy,IT-NO,263.42,336.27,47.04,25.9,entsoe.eu,false,
2021-10-18 23:00:00,Italy,North Italy,IT-NO,263.61,335.84,46.94,24.31,entsoe.eu,false,
2021-10-19 00:00:00,Italy,North Italy,IT-NO,263.3,335.5,47.19,24.07,entsoe.eu,false,
2021-10-19 01:00:00,Italy,North Italy,IT-NO,260.28,332.69,47.1,23.42,entsoe.eu,false,
2021-10-19 02:00:00,Italy,North Italy,IT-NO,261.78,335.55,46.36,22.76,entsoe.eu,false,
2021-10-19 03:00:00,Italy,North Italy,IT-NO,272.4,348.55,43.96,23.23,entsoe.eu,false,
2021-10-19 04:00:00,Italy,North Italy,IT-NO,275.95,352.1,43.2,26.16,entsoe.eu,false,
2021-10-19 05:00:00,Italy,North Italy,IT-NO,273.5,347.4,44.51,32.19,entsoe.eu,false,
2021-10-19 06:00:00,Italy,North Italy,IT-NO,275.73,348.0,46.08,36.75,entsoe.eu,false,
2021-10-19 07:00:00,Italy,North Italy,IT-NO,270.37,345.66,44.4,36.87,entsoe.eu,false,
2021-10-19 08:00:00,Italy,North Italy,IT-NO,266.76,343.74,43.78,35.59,entsoe.eu,false,
2021-10-19 09:00:00,Italy,North Italy,IT-NO,269.75,348.41,42.69,34.29,entsoe.eu,false,
2021-10-19 10:00:00,Italy,North Italy,IT-NO,277.31,359.61,40.1,32.94,entsoe.eu,false,
2021-10-19 11:00:00,Italy,North Italy,IT-NO,271.07,350.49,42.59,34.8,entsoe.eu,false,
2021-10-19 12:00:00,Italy,North Italy,IT-NO,275.74,356.25,41.18,32.71,entsoe.eu,false,
2021-10-19 13:00:00,Italy,North Italy,IT-NO,281.31,360.96,40.64,31.21,entsoe.eu,false,
2021-10-19 14:00:00,Italy,North Italy,IT-NO,272.69,349.43,42.74,30.8,entsoe.eu,false,
2021-10-19 15:00:00,Italy,North Italy,IT-NO,269.98,343.83,45.1,32.45,entsoe.eu,false,
2021-10-19 16:00:00,Italy,North Italy,IT-NO,274.72,345.24,47.23,34.92,entsoe.eu,false,
2021-10-19 17:00:00,Italy,North Italy,IT-NO,275.85,346.18,47.28,37.63,entsoe.eu,false,
2021-10-19 18:00:00,Italy,North Italy,IT-NO,262.47,332.04,48.52,36.85,entsoe.eu,false,
2021-10-19 19:00:00,Italy,North Italy,IT-NO,266.17,339.85,45.34,31.08,entsoe.eu,false,
2021-10-19 20:00:00,Italy,North Italy,IT-NO,271.24,349.16,42.32,27.34,entsoe.eu,false,
2021-10-19 21:00:00,Italy,North Italy,IT-NO,270.31,347.81,43.1,27.09,entsoe.eu,false,
2021-10-19 22:00:00,Italy,North Italy,IT-NO,256.64,332.32,44.97,25.0,entsoe.eu,false,
2021-10-19 23:00:00,Italy,North Italy,IT-NO,241.18,314.51,47.9,26.21,entsoe.eu,false,
2021-10-20 00:00:00,Italy,North Italy,IT-NO,237.1,309.53,48.92,26.77,entsoe.eu,false,
2021-10-20 01:00:00,Italy,North Italy,IT-NO,227.68,297.93,50.69,26.32,entsoe.eu,false,
2021-10-20 02:00:00,Italy,North Italy,IT-NO,227.49,297.72,50.55,26.54,entsoe.eu,false,
2021-10-20 03:00:00,Italy,North Italy,IT-NO,254.85,330.98,44.5,24.16,entsoe.eu,false,
2021-10-20 04:00:00,Italy,North Italy,IT-NO,266.79,344.81,41.88,24.99,entsoe.eu,false,
2021-10-20 05:00:00,Italy,North Italy,IT-NO,258.19,330.83,46.09,32.87,entsoe.eu,false,
2021-10-20 06:00:00,Italy,North Italy,IT-NO,255.18,326.24,47.46,35.6,entsoe.eu,false,
2021-10-20 07:00:00,Italy,North Italy,IT-NO,248.1,319.37,48.16,36.63,entsoe.eu,false,
2021-10-20 08:00:00,Italy,North Italy,IT-NO,245.93,319.03,47.63,35.41,entsoe.eu,false,
2021-10-20 09:00:00,Italy,North Italy,IT-NO,245.61,319.59,47.38,36.38,entsoe.eu,false,
2021-10-20 10:00:00,Italy,North Italy,IT-NO,255.97,333.97,44.17,34.07,entsoe.eu,false,
2021-10-20 11:00:00,Italy,North Italy,IT-NO,258.09,335.58,44.13,33.68,entsoe.eu,false,
2021-10-20 12:00:00,Italy,North Italy,IT-NO,260.68,337.93,43.93,33.36,entsoe.eu,false,
2021-10-20 13:00:00,Italy,North Italy,IT-NO,257.52,333.2,44.64,32.67,entsoe.eu,false,
2021-10-20 14:00:00,Italy,North Italy,IT-NO,258.6,333.07,45.02,32.13,entsoe.eu,false,
2021-10-20 15:00:00,Italy,North Italy,IT-NO,261.12,336.05,44.69,31.99,entsoe.eu,false,
2021-10-20 16:00:00,Italy,North Italy,IT-NO,262.56,336.04,45.39,32.94,entsoe.eu,false,
2021-10-20 17:00:00,Italy,North Italy,IT-NO,258.71,330.2,47.14,35.99,entsoe.eu,false,
2021-10-20 18:00:00,Italy,North Italy,IT-NO,263.32,339.05,44.09,31.53,entsoe.eu,false,
2021-10-20 19:00:00,Italy,North Italy,IT-NO,284.54,365.61,39.18,26.05,entsoe.eu,false,
2021-10-20 20:00:00,Italy,North Italy,IT-NO,279.85,360.44,40.09,25.96,entsoe.eu,false,
2021-10-20 21:00:00,Italy,North Italy,IT-NO,271.99,351.16,41.66,25.8,entsoe.eu,false,
2021-10-20 22:00:00,Italy,North Italy,IT-NO,249.49,324.01,46.55,26.9,entsoe.eu,false,
2021-10-20 23:00:00,Italy,North Italy,IT-NO,237.12,309.03,49.56,29.02,entsoe.eu,false,
2021-10-21 00:00:00,Italy,North Italy,IT-NO,233.44,303.16,50.97,29.35,entsoe.eu,false,
2021-10-21 01:00:00,Italy,North Italy,IT-NO,228.12,296.51,52.42,30.49,entsoe.eu,false,
2021-10-21 02:00:00,Italy,North Italy,IT-NO,229.53,298.01,52.26,30.25,entsoe.eu,false,
2021-10-21 03:00:00,Italy,North Italy,IT-NO,253.43,327.39,46.24,26.4,entsoe.eu,false,
2021-10-21 04:00:00,Italy,North Italy,IT-NO,280.25,361.33,39.7,24.42,entsoe.eu,false,
2021-10-21 05:00:00,Italy,North Italy,IT-NO,273.43,352.03,41.42,29.86,entsoe.eu,false,
2021-10-21 06:00:00,Italy,North Italy,IT-NO,270.44,345.38,43.74,33.13,entsoe.eu,false,
2021-10-21 07:00:00,Italy,North Italy,IT-NO,266.79,341.78,43.89,33.53,entsoe.eu,false,
2021-10-21 08:00:00,Italy,North Italy,IT-NO,272.05,348.97,42.46,31.49,entsoe.eu,false,
2021-10-21 09:00:00,Italy,North Italy,IT-NO,263.36,338.84,44.41,33.27,entsoe.eu,false,
2021-10-21 10:00:00,Italy,North Italy,IT-NO,275.01,354.56,41.27,31.66,entsoe.eu,false,
2021-10-21 11:00:00,Italy,North Italy,IT-NO,281.01,361.44,39.69,29.93,entsoe.eu,false,
2021-10-21 12:00:00,Italy,North Italy,IT-NO,282.21,360.33,41.33,31.76,entsoe.eu,false,
2021-10-21 13:00:00,Italy,North Italy,IT-NO,276.15,353.57,42.01,30.74,entsoe.eu,false,
2021-10-21 14:00:00,Italy,North Italy,IT-NO,280.05,357.53,41.81,29.99,entsoe.eu,false,
2021-10-21 15:00:00,Italy,North Italy,IT-NO,283.33,360.94,41.47,29.49,entsoe.eu,false,
2021-10-21 16:00:00,Italy,North Italy,IT-NO,274.9,349.53,43.71,31.98,entsoe.eu,false,
2021-10-21 17:00:00,Italy,North Italy,IT-NO,275.01,346.42,46.18,37.32,entsoe.eu,false,
2021-10-21 18:00:00,Italy,North Italy,IT-NO,285.86,361.6,42.74,33.13,entsoe.eu,false,
2021-10-21 19:00:00,Italy,North Italy,IT-NO,303.87,386.94,36.57,25.07,entsoe.eu,false,
2021-10-21 20:00:00,Italy,North Italy,IT-NO,296.0,376.47,39.23,25.64,entsoe.eu,false,
2021-10-21 21:00:00,Italy,North Italy,IT-NO,305.45,388.73,37.02,25.45,entsoe.eu,false,
2021-10-21 22:00:00,Italy,North Italy,IT-NO,278.77,354.78,43.58,27.83,entsoe.eu,false,
2021-10-21 23:00:00,Italy,North Italy,IT-NO,260.27,331.65,48.52,29.67,entsoe.eu,false,
2021-10-22 00:00:00,Italy,North Italy,IT-NO,252.72,321.69,50.71,30.54,entsoe.eu,false,
2021-10-22 01:00:00,Italy,North Italy,IT-NO,255.71,326.04,49.54,29.58,entsoe.eu,false,
2021-10-22 02:00:00,Italy,North Italy,IT-NO,249.48,319.73,50.37,28.79,entsoe.eu,false,
2021-10-22 03:00:00,Italy,North Italy,IT-NO,277.4,354.85,42.99,24.54,entsoe.eu,false,
2021-10-22 04:00:00,Italy,North Italy,IT-NO,290.09,368.23,41.34,25.6,entsoe.eu,false,
2021-10-22 05:00:00,Italy,North Italy,IT-NO,280.11,356.33,42.43,31.41,entsoe.eu,false,
2021-10-22 06:00:00,Italy,North Italy,IT-NO,266.94,338.48,46.67,36.36,entsoe.eu,false,
2021-10-22 07:00:00,Italy,North Italy,IT-NO,260.52,330.93,47.95,37.36,entsoe.eu,false,
2021-10-22 08:00:00,Italy,North Italy,IT-NO,261.3,333.81,46.41,35.03,entsoe.eu,false,
2021-10-22 09:00:00,Italy,North Italy,IT-NO,259.22,333.01,45.88,34.73,entsoe.eu,false,
2021-10-22 10:00:00,Italy,North Italy,IT-NO,266.12,343.0,44.17,33.78,entsoe.eu,false,
2021-10-22 11:00:00,Italy,North Italy,IT-NO,265.67,344.77,42.56,31.43,entsoe.eu,false,
2021-10-22 12:00:00,Italy,North Italy,IT-NO,266.1,345.37,42.35,30.58,entsoe.eu,false,
2021-10-22 13:00:00,Italy,North Italy,IT-NO,261.6,337.54,45.02,32.3,entsoe.eu,false,
2021-10-22 14:00:00,Italy,North Italy,IT-NO,255.57,329.09,46.63,33.7,entsoe.eu,false,
2021-10-22 15:00:00,Italy,North Italy,IT-NO,260.25,333.22,45.84,32.81,entsoe.eu,false,
2021-10-22 16:00:00,Italy,North Italy,IT-NO,260.01,327.4,49.9,38.46,entsoe.eu,false,
2021-10-22 17:00:00,Italy,North Italy,IT-NO,256.98,322.61,51.54,41.86,entsoe.eu,false,
2021-10-22 18:00:00,Italy,North Italy,IT-NO,252.63,323.03,48.26,36.92,entsoe.eu,false,
2021-10-22 19:00:00,Italy,North Italy,IT-NO,278.93,356.32,42.02,29.08,entsoe.eu,false,
2021-10-22 20:00:00,Italy,North Italy,IT-NO,297.85,380.24,37.46,24.52,entsoe.eu,false,
2021-10-22 21:00:00,Italy,North Italy,IT-NO,312.77,400.53,33.07,23.14,entsoe.eu,false,
2021-10-22 22:00:00,Italy,North Italy,IT-NO,251.11,323.19,47.77,29.72,entsoe.eu,false,
2021-10-22 23:00:00,Italy,North Italy,IT-NO,251.64,323.54,47.98,26.68,entsoe.eu,false,
2021-10-23 00:00:00,Italy,North Italy,IT-NO,249.8,320.85,48.63,25.86,entsoe.eu,false,
2021-10-23 01:00:00,Italy,North Italy,IT-NO,238.94,306.98,51.57,26.49,entsoe.eu,false,
2021-10-23 02:00:00,Italy,North Italy,IT-NO,234.51,302.13,52.82,27.13,entsoe.eu,false,
2021-10-23 03:00:00,Italy,North Italy,IT-NO,246.43,315.16,50.84,26.63,entsoe.eu,false,
2021-10-23 04:00:00,Italy,North Italy,IT-NO,246.63,315.33,50.65,27.57,entsoe.eu,false,
2021-10-23 05:00:00,Italy,North Italy,IT-NO,238.7,304.29,53.18,33.13,entsoe.eu,false,
2021-10-23 06:00:00,Italy,North Italy,IT-NO,229.62,293.91,54.86,37.92,entsoe.eu,false,
2021-10-23 07:00:00,Italy,North Italy,IT-NO,233.51,298.25,54.84,40.24,entsoe.eu,false,
2021-10-23 08:00:00,Italy,North Italy,IT-NO,232.53,299.29,54.03,38.57,entsoe.eu,false,
2021-10-23 09:00:00,Italy,North Italy,IT-NO,233.24,302.48,52.89,38.17,entsoe.eu,false,
2021-10-23 10:00:00,Italy,North Italy,IT-NO,226.24,293.8,54.82,40.04,entsoe.eu,false,
2021-10-23 11:00:00,Italy,North Italy,IT-NO,232.99,302.88,52.97,40.59,entsoe.eu,false,
2021-10-23 12:00:00,Italy,North Italy,IT-NO,220.8,284.61,57.99,41.33,entsoe.eu,false,
2021-10-23 13:00:00,Italy,North Italy,IT-NO,225.62,291.09,56.46,38.98,entsoe.eu,false,
2021-10-23 14:00:00,Italy,North Italy,IT-NO,238.12,305.94,53.2,33.17,entsoe.eu,false,
2021-10-23 15:00:00,Italy,North Italy,IT-NO,248.22,318.29,49.86,28.99,entsoe.eu,false,
2021-10-23 16:00:00,Italy,North Italy,IT-NO,244.79,308.73,54.16,38.51,entsoe.eu,false,
2021-10-23 17:00:00,Italy,North Italy,IT-NO,238.78,299.62,56.94,46.29,entsoe.eu,false,
2021-10-23 18:00:00,Italy,North Italy,IT-NO,241.75,305.81,54.98,40.72,entsoe.eu,false,
2021-10-23 19:00:00,Italy,North Italy,IT-NO,257.45,325.05,51.98,33.73,entsoe.eu,false,
2021-10-23 20:00:00,Italy,North Italy,IT-NO,272.71,342.53,49.85,30.0,entsoe.eu,false,
2021-10-23 21:00:00,Italy,North Italy,IT-NO,277.03,346.86,49.39,29.37,entsoe.eu,false,
2021-10-23 22:00:00,Italy,North Italy,IT-NO,261.95,330.07,51.64,29.14,entsoe.eu,false,
2021-10-23 23:00:00,Italy,North Italy,IT-NO,259.61,326.73,50.96,28.01,entsoe.eu,false,
2021-10-24 00:00:00,Italy,North Italy,IT-NO,248.88,314.86,53.3,29.49,entsoe.eu,false,
2021-10-24 01:00:00,Italy,North Italy,IT-NO,236.53,299.34,56.63,30.51,entsoe.eu,false,
2021-10-24 02:00:00,Italy,North Italy,IT-NO,232.18,293.89,57.53,30.49,entsoe.eu,false,
2021-10-24 03:00:00,Italy,North Italy,IT-NO,236.29,300.4,56.04,29.23,entsoe.eu,false,
2021-10-24 04:00:00,Italy,North Italy,IT-NO,243.97,310.48,53.35,28.29,entsoe.eu,false,
2021-10-24 05:00:00,Italy,North Italy,IT-NO,243.35,310.87,52.39,31.0,entsoe.eu,false,
2021-10-24 06:00:00,Italy,North Italy,IT-NO,231.12,296.04,54.8,35.57,entsoe.eu,false,
2021-10-24 07:00:00,Italy,North Italy,IT-NO,218.18,281.6,57.38,42.89,entsoe.eu,false,
2021-10-24 08:00:00,Italy,North Italy,IT-NO,208.0,271.64,58.43,45.13,entsoe.eu,false,
2021-10-24 09:00:00,Italy,North Italy,IT-NO,184.05,242.4,64.3,50.28,entsoe.eu,false,
2021-10-24 10:00:00,Italy,North Italy,IT-NO,177.99,236.1,64.99,53.16,entsoe.eu,false,
2021-10-24 11:00:00,Italy,North Italy,IT-NO,158.79,213.46,69.29,56.75,entsoe.eu,false,
2021-10-24 12:00:00,Italy,North Italy,IT-NO,165.51,221.41,67.36,51.37,entsoe.eu,false,
2021-10-24 13:00:00,Italy,North Italy,IT-NO,190.08,250.36,62.58,45.36,entsoe.eu,false,
2021-10-24 14:00:00,Italy,North Italy,IT-NO,213.13,275.85,59.07,40.47,entsoe.eu,false,
2021-10-24 15:00:00,Italy,North Italy,IT-NO,258.89,330.91,48.94,32.15,entsoe.eu,false,
2021-10-24 16:00:00,Italy,North Italy,IT-NO,255.11,320.5,53.3,35.72,entsoe.eu,false,
2021-10-24 17:00:00,Italy,North Italy,IT-NO,253.83,312.04,58.64,45.98,entsoe.eu,false,
2021-10-24 18:00:00,Italy,North Italy,IT-NO,246.55,308.17,56.03,43.23,entsoe.eu,false,
2021-10-24 19:00:00,Italy,North Italy,IT-NO,260.88,330.31,49.37,31.65,entsoe.eu,false,
2021-10-24 20:00:00,Italy,North Italy,IT-NO,272.31,347.16,45.16,27.74,entsoe.eu,false,
2021-10-24 21:00:00,Italy,North Italy,IT-NO,280.5,357.99,42.57,26.68,entsoe.eu,false,
2021-10-24 22:00:00,Italy,North Italy,IT-NO,250.08,315.64,52.23,31.08,entsoe.eu,false,
2021-10-24 23:00:00,Italy,North Italy,IT-NO,253.52,318.6,52.65,31.04,entsoe.eu,false,
2021-10-25 00:00:00,Italy,North Italy,IT-NO,250.37,315.52,53.69,33.5,entsoe.eu,false,
2021-10-25 01:00:00,Italy,North Italy,IT-NO,245.61,309.78,54.69,32.27,entsoe.eu,false,
2021-10-25 02:00:00,Italy,North Italy,IT-NO,251.45,318.14,52.55,28.76,entsoe.eu,false,
2021-10-25 03:00:00,Italy,North Italy,IT-NO,273.92,345.7,47.08,27.13,entsoe.eu,false,
2021-10-25 04:00:00,Italy,North Italy,IT-NO,302.31,383.34,38.64,23.58,entsoe.eu,false,
2021-10-25 05:00:00,Italy,North Italy,IT-NO,303.65,381.9,40.47,31.84,entsoe.eu,false,
2021-10-25 06:00:00,Italy,North Italy,IT-NO,293.48,369.64,42.12,35.41,entsoe.eu,false,
2021-10-25 07:00:00,Italy,North Italy,IT-NO,290.85,368.31,41.45,35.53,entsoe.eu,false,
2021-10-25 08:00:00,Italy,North Italy,IT-NO,296.11,374.97,40.76,33.69,entsoe.eu,false,
2021-10-25 09:00:00,Italy,North Italy,IT-NO,290.65,371.96,39.22,29.94,entsoe.eu,false,
2021-10-25 10:00:00,Italy,North Italy,IT-NO,296.89,381.92,36.91,28.97,entsoe.eu,false,
2021-10-25 11:00:00,Italy,North Italy,IT-NO,291.64,374.9,38.47,29.91,entsoe.eu,false,
2021-10-25 12:00:00,Italy,North Italy,IT-NO,286.99,368.74,39.76,29.36,entsoe.eu,false,
2021-10-25 13:00:00,Italy,North Italy,IT-NO,288.51,369.71,39.3,26.99,entsoe.eu,false,
2021-10-25 14:00:00,Italy,North Italy,IT-NO,284.11,362.43,41.37,29.38,entsoe.eu,false,
2021-10-25 15:00:00,Italy,North Italy,IT-NO,292.56,370.77,40.86,30.36,entsoe.eu,false,
2021-10-25 16:00:00,Italy,North Italy,IT-NO,280.14,354.58,44.09,34.23,entsoe.eu,false,
2021-10-25 17:00:00,Italy,North Italy,IT-NO,273.33,346.91,45.13,37.2,entsoe.eu,false,
2021-10-25 18:00:00,Italy,North Italy,IT-NO,285.44,362.39,42.42,34.68,entsoe.eu,false,
2021-10-25 19:00:00,Italy,North Italy,IT-NO,309.45,395.88,33.96,24.95,entsoe.eu,false,
2021-10-25 20:00:00,Italy,North Italy,IT-NO,315.08,401.27,34.22,23.7,entsoe.eu,false,
2021-10-25 21:00:00,Italy,North Italy,IT-NO,319.25,405.52,33.85,23.82,entsoe.eu,false,
2021-10-25 22:00:00,Italy,North Italy,IT-NO,304.89,387.36,37.59,21.85,entsoe.eu,false,
2021-10-25 23:00:00,Italy,North Italy,IT-NO,313.38,397.22,36.59,21.76,entsoe.eu,false,
2021-10-26 00:00:00,Italy,North Italy,IT-NO,313.04,396.21,36.81,21.41,entsoe.eu,false,
2021-10-26 01:00:00,Italy,North Italy,IT-NO,312.42,396.06,36.23,20.59,entsoe.eu,false,
2021-10-26 02:00:00,Italy,North Italy,IT-NO,310.02,392.45,37.26,20.74,entsoe.eu,false,
2021-10-26 03:00:00,Italy,North Italy,IT-NO,319.75,403.88,35.66,20.45,entsoe.eu,false,
2021-10-26 04:00:00,Italy,North Italy,IT-NO,301.74,384.6,37.74,23.11,entsoe.eu,false,
2021-10-26 05:00:00,Italy,North Italy,IT-NO,283.74,358.06,44.13,33.83,entsoe.eu,false,
2021-10-26 06:00:00,Italy,North Italy,IT-NO,284.38,356.52,45.55,37.95,entsoe.eu,false,
2021-10-26 07:00:00,Italy,North Italy,IT-NO,278.37,350.21,46.34,38.85,entsoe.eu,false,
2021-10-26 08:00:00,Italy,North Italy,IT-NO,279.04,353.31,44.77,35.71,entsoe.eu,false,
2021-10-26 09:00:00,Italy,North Italy,IT-NO,279.51,354.95,44.12,34.78,entsoe.eu,false,
2021-10-26 10:00:00,Italy,North Italy,IT-NO,282.18,363.17,40.66,31.25,entsoe.eu,false,
2021-10-26 11:00:00,Italy,North Italy,IT-NO,286.68,368.81,39.57,29.16,entsoe.eu,false,
2021-10-26 12:00:00,Italy,North Italy,IT-NO,287.75,369.01,39.66,28.9,entsoe.eu,false,
2021-10-26 13:00:00,Italy,North Italy,IT-NO,285.68,364.47,41.52,29.29,entsoe.eu,false,
2021-10-26 14:00:00,Italy,North Italy,IT-NO,288.33,366.5,41.44,27.74,entsoe.eu,false,
2021-10-26 15:00:00,Italy,North Italy,IT-NO,288.83,366.22,41.41,28.11,entsoe.eu,false,
2021-10-26 16:00:00,Italy,North Italy,IT-NO,288.69,363.76,42.82,32.75,entsoe.eu,false,
2021-10-26 17:00:00,Italy,North Italy,IT-NO,288.68,361.54,44.5,36.93,entsoe.eu,false,
2021-10-26 18:00:00,Italy,North Italy,IT-NO,290.42,367.86,41.11,31.3,entsoe.eu,false,
2021-10-26 19:00:00,Italy,North Italy,IT-NO,314.96,400.18,34.32,22.93,entsoe.eu,false,
2021-10-26 20:00:00,Italy,North Italy,IT-NO,323.59,411.29,32.59,20.82,entsoe.eu,false,
2021-10-26 21:00:00,Italy,North Italy,IT-NO,324.47,410.68,33.56,21.19,entsoe.eu,false,
2021-10-26 22:00:00,Italy,North Italy,IT-NO,299.64,377.88,40.78,23.39,entsoe.eu,false,
2021-10-26 23:00:00,Italy,North Italy,IT-NO,298.87,377.11,41.26,23.03,entsoe.eu,false,
2021-10-27 00:00:00,Italy,North Italy,IT-NO,303.98,383.1,40.08,22.14,entsoe.eu,false,
2021-10-27 01:00:00,Italy,North Italy,IT-NO,301.54,380.71,40.37,21.8,entsoe.eu,false,
2021-10-27 02:00:00,Italy,North Italy,IT-NO,296.32,374.07,41.83,22.39,entsoe.eu,false,
2021-10-27 03:00:00,Italy,North Italy,IT-NO,314.07,398.34,36.3,21.4,entsoe.eu,false,
2021-10-27 04:00:00,Italy,North Italy,IT-NO,306.21,387.38,38.03,23.43,entsoe.eu,false,
2021-10-27 05:00:00,Italy,North Italy,IT-NO,301.24,377.95,41.13,30.21,entsoe.eu,false,
2021-10-27 06:00:00,Italy,North Italy,IT-NO,290.79,364.99,43.31,34.02,entsoe.eu,false,
2021-10-27 07:00:00,Italy,North Italy,IT-NO,281.35,358.41,42.02,33.05,entsoe.eu,false,
2021-10-27 08:00:00,Italy,North Italy,IT-NO,290.08,368.97,41.0,32.34,entsoe.eu,false,
2021-10-27 09:00:00,Italy,North Italy,IT-NO,281.18,359.17,42.17,32.23,entsoe.eu,false,
2021-10-27 10:00:00,Italy,North Italy,IT-NO,293.13,375.9,38.92,31.88,entsoe.eu,false,
2021-10-27 11:00:00,Italy,North Italy,IT-NO,274.96,352.53,43.69,34.19,entsoe.eu,false,
2021-10-27 12:00:00,Italy,North Italy,IT-NO,286.08,367.07,40.49,31.03,entsoe.eu,false,
2021-10-27 13:00:00,Italy,North Italy,IT-NO,290.26,371.81,39.38,28.06,entsoe.eu,false,
2021-10-27 14:00:00,Italy,North Italy,IT-NO,306.61,389.53,37.46,27.47,entsoe.eu,false,
2021-10-27 15:00:00,Italy,North Italy,IT-NO,304.06,386.79,37.29,24.25,entsoe.eu,false,
2021-10-27 16:00:00,Italy,North Italy,IT-NO,287.7,364.9,41.5,28.7,entsoe.eu,false,
2021-10-27 17:00:00,Italy,North Italy,IT-NO,296.26,373.64,41.22,32.83,entsoe.eu,false,
2021-10-27 18:00:00,Italy,North Italy,IT-NO,303.51,385.22,37.93,27.89,entsoe.eu,false,
2021-10-27 19:00:00,Italy,North Italy,IT-NO,327.19,416.84,31.36,21.57,entsoe.eu,false,
2021-10-27 20:00:00,Italy,North Italy,IT-NO,328.84,418.0,31.96,21.17,entsoe.eu,false,
2021-10-27 21:00:00,Italy,North Italy,IT-NO,327.59,413.55,34.14,21.67,entsoe.eu,false,
2021-10-27 22:00:00,Italy,North Italy,IT-NO,317.59,402.13,36.19,21.9,entsoe.eu,false,
2021-10-27 23:00:00,Italy,North Italy,IT-NO,294.09,368.89,43.81,23.79,entsoe.eu,false,
2021-10-28 00:00:00,Italy,North Italy,IT-NO,298.99,373.18,43.08,23.6,entsoe.eu,false,
2021-10-28 01:00:00,Italy,North Italy,IT-NO,299.53,373.61,43.29,23.85,entsoe.eu,false,
2021-10-28 02:00:00,Italy,North Italy,IT-NO,294.18,368.69,43.86,23.54,entsoe.eu,false,
2021-10-28 03:00:00,Italy,North Italy,IT-NO,310.73,391.05,38.77,21.73,entsoe.eu,false,
2021-10-28 04:00:00,Italy,North Italy,IT-NO,311.94,394.9,36.74,21.5,entsoe.eu,false,
2021-10-28 05:00:00,Italy,North Italy,IT-NO,290.94,368.47,41.07,27.56,entsoe.eu,false,
2021-10-28 06:00:00,Italy,North Italy,IT-NO,287.27,362.85,42.75,31.09,entsoe.eu,false,
2021-10-28 07:00:00,Italy,North Italy,IT-NO,286.54,362.86,43.09,33.97,entsoe.eu,false,
2021-10-28 08:00:00,Italy,North Italy,IT-NO,284.36,361.09,43.33,34.45,entsoe.eu,false,
2021-10-28 09:00:00,Italy,North Italy,IT-NO,280.56,358.54,43.06,33.74,entsoe.eu,false,
2021-10-28 10:00:00,Italy,North Italy,IT-NO,286.81,367.48,41.03,34.02,entsoe.eu,false,
2021-10-28 11:00:00,Italy,North Italy,IT-NO,279.67,357.07,43.65,34.99,entsoe.eu,false,
2021-10-28 12:00:00,Italy,North Italy,IT-NO,287.55,368.17,40.7,31.32,entsoe.eu,false,
2021-10-28 13:00:00,Italy,North Italy,IT-NO,293.88,374.03,40.42,29.61,entsoe.eu,false,
2021-10-28 14:00:00,Italy,North Italy,IT-NO,305.93,387.32,38.48,26.54,entsoe.eu,false,
2021-10-28 15:00:00,Italy,North Italy,IT-NO,289.52,368.95,40.1,25.17,entsoe.eu,false,
2021-10-28 16:00:00,Italy,North Italy,IT-NO,278.77,353.17,43.9,30.01,entsoe.eu,false,
2021-10-28 17:00:00,Italy,North Italy,IT-NO,277.21,350.85,44.66,32.6,entsoe.eu,false,
2021-10-28 18:00:00,Italy,North Italy,IT-NO,285.25,362.98,41.65,29.06,entsoe.eu,false,
2021-10-28 19:00:00,Italy,North Italy,IT-NO,315.77,400.57,34.83,22.46,entsoe.eu,false,
2021-10-28 20:00:00,Italy,North Italy,IT-NO,308.64,392.94,35.91,22.81,entsoe.eu,false,
2021-10-28 21:00:00,Italy,North Italy,IT-NO,307.24,390.22,36.73,22.89,entsoe.eu,false,
2021-10-28 22:00:00,Italy,North Italy,IT-NO,291.65,371.69,39.96,23.79,entsoe.eu,false,
2021-10-28 23:00:00,Italy,North Italy,IT-NO,288.18,367.81,40.84,23.61,entsoe.eu,false,
2021-10-29 00:00:00,Italy,North Italy,IT-NO,284.8,363.9,41.28,23.21,entsoe.eu,false,
2021-10-29 01:00:00,Italy,North Italy,IT-NO,282.42,361.16,41.59,23.31,entsoe.eu,false,
2021-10-29 02:00:00,Italy,North Italy,IT-NO,284.11,362.83,41.49,23.14,entsoe.eu,false,
2021-10-29 03:00:00,Italy,North Italy,IT-NO,301.34,382.46,37.92,21.78,entsoe.eu,false,
2021-10-29 04:00:00,Italy,North Italy,IT-NO,297.12,373.6,41.71,28.41,entsoe.eu,false,
2021-10-29 05:00:00,Italy,North Italy,IT-NO,274.4,347.72,44.88,32.68,entsoe.eu,false,
2021-10-29 06:00:00,Italy,North Italy,IT-NO,265.86,337.13,46.65,35.45,entsoe.eu,false,
2021-10-29 07:00:00,Italy,North Italy,IT-NO,262.82,333.16,47.42,37.37,entsoe.eu,false,
2021-10-29 08:00:00,Italy,North Italy,IT-NO,262.55,334.91,46.85,37.29,entsoe.eu,false,
2021-10-29 09:00:00,Italy,North Italy,IT-NO,259.73,334.18,45.59,36.33,entsoe.eu,false,
2021-10-29 10:00:00,Italy,North Italy,IT-NO,275.57,355.33,41.52,33.77,entsoe.eu,false,
2021-10-29 11:00:00,Italy,North Italy,IT-NO,273.67,352.76,42.17,33.51,entsoe.eu,false,
2021-10-29 12:00:00,Italy,North Italy,IT-NO,276.71,355.63,41.88,31.61,entsoe.eu,false,
2021-10-29 13:00:00,Italy,North Italy,IT-NO,270.62,347.93,43.21,31.11,entsoe.eu,false,
2021-10-29 14:00:00,Italy,North Italy,IT-NO,280.88,359.9,40.93,28.27,entsoe.eu,false,
2021-10-29 15:00:00,Italy,North Italy,IT-NO,284.16,363.73,39.7,27.21,entsoe.eu,false,
2021-10-29 16:00:00,Italy,North Italy,IT-NO,277.65,354.26,41.96,29.36,entsoe.eu,false,
2021-10-29 17:00:00,Italy,North Italy,IT-NO,274.48,349.56,43.36,31.37,entsoe.eu,false,
2021-10-29 18:00:00,Italy,North Italy,IT-NO,288.16,366.64,40.57,29.64,entsoe.eu,false,
2021-10-29 19:00:00,Italy,North Italy,IT-NO,293.28,373.88,38.77,25.24,entsoe.eu,false,
2021-10-29 20:00:00,Italy,North Italy,IT-NO,302.46,387.3,35.31,21.35,entsoe.eu,false,
2021-10-29 21:00:00,Italy,North Italy,IT-NO,285.29,365.09,40.49,23.95,entsoe.eu,false,
2021-10-29 22:00:00,Italy,North Italy,IT-NO,269.83,345.46,44.21,24.37,entsoe.eu,false,
2021-10-29 23:00:00,Italy,North Italy,IT-NO,276.54,353.91,42.32,21.86,entsoe.eu,false,
2021-10-30 00:00:00,Italy,North Italy,IT-NO,274.48,351.99,42.47,21.75,entsoe.eu,false,
2021-10-30 01:00:00,Italy,North Italy,IT-NO,266.52,342.58,43.73,22.08,entsoe.eu,false,
2021-10-30 02:00:00,Italy,North Italy,IT-NO,261.76,337.55,44.26,21.94,entsoe.eu,false,
2021-10-30 03:00:00,Italy,North Italy,IT-NO,265.61,341.89,43.42,21.72,entsoe.eu,false,
2021-10-30 04:00:00,Italy,North Italy,IT-NO,273.21,349.74,42.76,22.71,entsoe.eu,false,
2021-10-30 05:00:00,Italy,North Italy,IT-NO,265.94,338.78,45.43,26.79,entsoe.eu,false,
2021-10-30 06:00:00,Italy,North Italy,IT-NO,262.08,332.57,47.82,31.5,entsoe.eu,false,
2021-10-30 07:00:00,Italy,North Italy,IT-NO,267.57,341.89,45.4,31.51,entsoe.eu,false,
2021-10-30 08:00:00,Italy,North Italy,IT-NO,276.68,355.31,42.38,29.63,entsoe.eu,false,
2021-10-30 09:00:00,Italy,North Italy,IT-NO,277.47,357.9,41.61,30.63,entsoe.eu,false,
2021-10-30 10:00:00,Italy,North Italy,IT-NO,267.6,345.41,44.28,33.42,entsoe.eu,false,
2021-10-30 11:00:00,Italy,North Italy,IT-NO,270.55,349.2,43.58,33.28,entsoe.eu,false,
2021-10-30 12:00:00,Italy,North Italy,IT-NO,275.25,354.51,42.75,30.81,entsoe.eu,false,
2021-10-30 13:00:00,Italy,North Italy,IT-NO,283.6,364.35,40.52,26.83,entsoe.eu,false,
2021-10-30 14:00:00,Italy,North Italy,IT-NO,285.87,366.33,39.83,24.26,entsoe.eu,false,
2021-10-30 15:00:00,Italy,North Italy,IT-NO,285.85,364.71,40.66,25.3,entsoe.eu,false,
2021-10-30 16:00:00,Italy,North Italy,IT-NO,262.15,333.52,47.2,31.38,entsoe.eu,false,
2021-10-30 17:00:00,Italy,North Italy,IT-NO,251.33,320.66,49.1,35.36,entsoe.eu,false,
2021-10-30 18:00:00,Italy,North Italy,IT-NO,259.64,330.5,47.87,33.34,entsoe.eu,false,
2021-10-30 19:00:00,Italy,North Italy,IT-NO,280.79,357.11,42.87,27.35,entsoe.eu,false,
2021-10-30 20:00:00,Italy,North Italy,IT-NO,288.16,367.57,40.28,24.32,entsoe.eu,false,
2021-10-30 21:00:00,Italy,North Italy,IT-NO,286.71,366.72,40.41,24.2,entsoe.eu,false,
2021-10-30 22:00:00,Italy,North Italy,IT-NO,257.18,328.51,48.9,28.45,entsoe.eu,false,
2021-10-30 23:00:00,Italy,North Italy,IT-NO,242.84,310.99,52.26,28.97,entsoe.eu,false,
2021-10-31 00:00:00,Italy,North Italy,IT-NO,252.01,325.61,47.92,25.96,entsoe.eu,false,
2021-10-31 01:00:00,Italy,North Italy,IT-NO,239.06,309.08,50.69,25.95,entsoe.eu,false,
2021-10-31 02:00:00,Italy,North Italy,IT-NO,239.72,309.11,50.96,25.88,entsoe.eu,false,
2021-10-31 03:00:00,Italy,North Italy,IT-NO,243.85,313.74,50.28,25.83,entsoe.eu,false,
2021-10-31 04:00:00,Italy,North Italy,IT-NO,247.74,318.75,48.97,25.42,entsoe.eu,false,
2021-10-31 05:00:00,Italy,North Italy,IT-NO,257.29,330.6,46.47,25.06,entsoe.eu,false,
2021-10-31 06:00:00,Italy,North Italy,IT-NO,251.06,322.93,47.73,26.94,entsoe.eu,false,
2021-10-31 07:00:00,Italy,North Italy,IT-NO,250.13,322.91,47.27,28.78,entsoe.eu,false,
2021-10-31 08:00:00,Italy,North Italy,IT-NO,238.42,309.84,49.13,31.82,entsoe.eu,false,
2021-10-31 09:00:00,Italy,North Italy,IT-NO,231.49,302.35,50.26,33.43,entsoe.eu,false,
2021-10-31 10:00:00,Italy,North Italy,IT-NO,217.57,285.73,53.51,37.04,entsoe.eu,false,
2021-10-31 11:00:00,Italy,North Italy,IT-NO,223.71,293.3,52.0,36.81,entsoe.eu,false,
2021-10-31 12:00:00,Italy,North Italy,IT-NO,234.13,305.54,49.69,33.0,entsoe.eu,false,
2021-10-31 13:00:00,Italy,North Italy,IT-NO,244.24,317.54,47.47,30.43,entsoe.eu,false,
2021-10-31 14:00:00,Italy,North Italy,IT-NO,261.05,337.58,43.84,26.82,entsoe.eu,false,
2021-10-31 15:00:00,Italy,North Italy,IT-NO,272.47,351.05,41.47,25.33,entsoe.eu,false,
2021-10-31 16:00:00,Italy,North Italy,IT-NO,274.68,351.69,42.09,26.34,entsoe.eu,false,
2021-10-31 17:00:00,Italy,North Italy,IT-NO,264.16,335.58,46.95,32.64,entsoe.eu,false,
2021-10-31 18:00:00,Italy,North Italy,IT-NO,251.12,318.1,51.13,36.71,entsoe.eu,false,
2021-10-31 19:00:00,Italy,North Italy,IT-NO,258.58,329.25,48.19,33.11,entsoe.eu,false,
2021-10-31 20:00:00,Italy,North Italy,IT-NO,256.87,329.45,47.13,30.37,entsoe.eu,false,
2021-10-31 21:00:00,Italy,North Italy,IT-NO,269.88,345.63,44.14,27.75,entsoe.eu,false,
2021-10-31 22:00:00,Italy,North Italy,IT-NO,264.18,339.87,44.94,27.75,entsoe.eu,false,
2021-10-31 23:00:00,Italy,North Italy,IT-NO,250.49,323.2,48.68,30.27,entsoe.eu,false,
2021-11-01 00:00:00,Italy,North Italy,IT-NO,259.84,335.1,46.03,27.49,entsoe.eu,false,
2021-11-01 01:00:00,Italy,North Italy,IT-NO,265.06,342.44,44.35,25.85,entsoe.eu,false,
2021-11-01 02:00:00,Italy,North Italy,IT-NO,264.3,341.95,43.92,24.38,entsoe.eu,false,
2021-11-01 03:00:00,Italy,North Italy,IT-NO,268.63,347.24,42.77,23.96,entsoe.eu,false,
2021-11-01 04:00:00,Italy,North Italy,IT-NO,279.65,361.16,39.8,22.3,entsoe.eu,false,
2021-11-01 05:00:00,Italy,North Italy,IT-NO,278.28,358.02,40.59,24.05,entsoe.eu,false,
2021-11-01 06:00:00,Italy,North Italy,IT-NO,275.8,354.59,41.17,26.46,entsoe.eu,false,
2021-11-01 07:00:00,Italy,North Italy,IT-NO,274.87,353.95,40.85,28.22,entsoe.eu,false,
2021-11-01 08:00:00,Italy,North Italy,IT-NO,270.22,348.64,41.71,29.59,entsoe.eu,false,
2021-11-01 09:00:00,Italy,North Italy,IT-NO,268.54,345.82,42.57,29.7,entsoe.eu,false,
2021-11-01 10:00:00,Italy,North Italy,IT-NO,266.79,342.11,44.14,31.93,entsoe.eu,false,
2021-11-01 11:00:00,Italy,North Italy,IT-NO,276.32,353.08,42.84,32.1,entsoe.eu,false,
2021-11-01 12:00:00,Italy,North Italy,IT-NO,283.27,365.5,38.48,27.53,entsoe.eu,false,
2021-11-01 13:00:00,Italy,North Italy,IT-NO,292.45,376.68,36.69,24.28,entsoe.eu,false,
2021-11-01 14:00:00,Italy,North Italy,IT-NO,302.87,389.76,34.22,23.5,entsoe.eu,false,
2021-11-01 15:00:00,Italy,North Italy,IT-NO,300.18,384.99,35.88,25.33,entsoe.eu,false,
2021-11-01 16:00:00,Italy,North Italy,IT-NO,299.92,382.27,37.29,26.73,entsoe.eu,false,
2021-11-01 17:00:00,Italy,North Italy,IT-NO,297.73,377.79,38.95,30.78,entsoe.eu,false,
2021-11-01 18:00:00,Italy,North Italy,IT-NO,291.73,373.17,38.15,29.15,entsoe.eu,false,
2021-11-01 19:00:00,Italy,North Italy,IT-NO,276.2,353.56,42.42,30.03,entsoe.eu,false,
2021-11-01 20:00:00,Italy,North Italy,IT-NO,263.19,339.53,43.83,28.19,entsoe.eu,false,
2021-11-01 21:00:00,Italy,North Italy,IT-NO,269.6,348.58,41.42,25.54,entsoe.eu,false,
2021-11-01 22:00:00,Italy,North Italy,IT-NO,261.16,336.73,44.39,26.64,entsoe.eu,false,
2021-11-01 23:00:00,Italy,North Italy,IT-NO,277.44,357.01,39.57,24.19,entsoe.eu,false,
2021-11-02 00:00:00,Italy,North Italy,IT-NO,290.85,373.56,36.44,23.0,entsoe.eu,false,
2021-11-02 01:00:00,Italy,North Italy,IT-NO,283.59,363.36,38.44,24.54,entsoe.eu,false,
2021-11-02 02:00:00,Italy,North Italy,IT-NO,284.36,364.81,38.62,24.5,entsoe.eu,false,
2021-11-02 03:00:00,Italy,North Italy,IT-NO,290.39,371.62,37.42,24.05,entsoe.eu,false,
2021-11-02 04:00:00,Italy,North Italy,IT-NO,299.23,384.26,34.73,22.03,entsoe.eu,false,
2021-11-02 05:00:00,Italy,North Italy,IT-NO,312.61,401.59,31.2,20.13,entsoe.eu,false,
2021-11-02 06:00:00,Italy,North Italy,IT-NO,316.06,404.5,31.51,23.18,entsoe.eu,false,
2021-11-02 07:00:00,Italy,North Italy,IT-NO,284.95,366.43,38.45,31.99,entsoe.eu,false,
2021-11-02 08:00:00,Italy,North Italy,IT-NO,280.91,361.66,39.59,33.96,entsoe.eu,false,
2021-11-02 09:00:00,Italy,North Italy,IT-NO,281.52,364.15,38.24,32.93,entsoe.eu,false,
2021-11-02 10:00:00,Italy,North Italy,IT-NO,289.6,373.24,37.5,32.1,entsoe.eu,false,
2021-11-02 11:00:00,Italy,North Italy,IT-NO,295.28,380.62,36.12,31.1,entsoe.eu,false,
2021-11-02 12:00:00,Italy,North Italy,IT-NO,299.63,385.54,35.14,28.95,entsoe.eu,false,
2021-11-02 13:00:00,Italy,North Italy,IT-NO,306.37,391.86,34.63,27.46,entsoe.eu,false,
2021-11-02 14:00:00,Italy,North Italy,IT-NO,311.69,396.7,34.28,25.45,entsoe.eu,false,
2021-11-02 15:00:00,Italy,North Italy,IT-NO,311.31,395.59,34.38,25.48,entsoe.eu,false,
2021-11-02 16:00:00,Italy,North Italy,IT-NO,322.95,399.7,39.98,35.48,entsoe.eu,false,
2021-11-02 17:00:00,Italy,North Italy,IT-NO,322.39,397.88,41.14,37.75,entsoe.eu,false,
2021-11-02 18:00:00,Italy,North Italy,IT-NO,323.09,400.38,39.73,36.45,entsoe.eu,false,
2021-11-02 19:00:00,Italy,North Italy,IT-NO,321.63,408.24,32.36,25.89,entsoe.eu,false,
2021-11-02 20:00:00,Italy,North Italy,IT-NO,335.23,426.24,28.58,22.31,entsoe.eu,false,
2021-11-02 21:00:00,Italy,North Italy,IT-NO,346.75,440.62,26.12,19.89,entsoe.eu,false,
2021-11-02 22:00:00,Italy,North Italy,IT-NO,351.55,446.43,25.02,18.02,entsoe.eu,false,
2021-11-02 23:00:00,Italy,North Italy,IT-NO,311.57,394.17,35.86,21.05,entsoe.eu,false,
2021-11-03 00:00:00,Italy,North Italy,IT-NO,307.6,389.15,36.97,20.66,entsoe.eu,false,
2021-11-03 01:00:00,Italy,North Italy,IT-NO,305.55,386.16,37.74,19.52,entsoe.eu,false,
2021-11-03 02:00:00,Italy,North Italy,IT-NO,309.09,391.6,36.04,18.81,entsoe.eu,false,
2021-11-03 03:00:00,Italy,North Italy,IT-NO,301.81,382.39,37.52,19.43,entsoe.eu,false,
2021-11-03 04:00:00,Italy,North Italy,IT-NO,311.12,394.45,34.78,19.13,entsoe.eu,false,
2021-11-03 05:00:00,Italy,North Italy,IT-NO,317.33,403.25,33.11,20.44,entsoe.eu,false,
2021-11-03 06:00:00,Italy,North Italy,IT-NO,316.24,400.86,33.96,24.35,entsoe.eu,false,
2021-11-03 07:00:00,Italy,North Italy,IT-NO,304.6,384.95,37.53,28.54,entsoe.eu,false,
2021-11-03 08:00:00,Italy,North Italy,IT-NO,301.32,379.4,39.68,29.78,entsoe.eu,false,
2021-11-03 09:00:00,Italy,North Italy,IT-NO,301.98,378.38,40.39,30.31,entsoe.eu,false,
2021-11-03 10:00:00,Italy,North Italy,IT-NO,303.54,379.64,40.47,30.26,entsoe.eu,false,
2021-11-03 11:00:00,Italy,North Italy,IT-NO,310.98,391.1,37.74,28.16,entsoe.eu,false,
2021-11-03 12:00:00,Italy,North Italy,IT-NO,309.45,391.81,36.1,25.82,entsoe.eu,false,
2021-11-03 13:00:00,Italy,North Italy,IT-NO,304.06,384.78,37.47,26.32,entsoe.eu,false,
2021-11-03 14:00:00,Italy,North Italy,IT-NO,304.81,386.67,37.13,27.11,entsoe.eu,false,
2021-11-03 15:00:00,Italy,North Italy,IT-NO,299.35,379.97,37.92,28.09,entsoe.eu,false,
2021-11-03 16:00:00,Italy,North Italy,IT-NO,301.8,381.2,38.49,31.37,entsoe.eu,false,
2021-11-03 17:00:00,Italy,North Italy,IT-NO,309.44,389.53,37.86,32.71,entsoe.eu,false,
2021-11-03 18:00:00,Italy,North Italy,IT-NO,307.96,389.9,36.54,31.04,entsoe.eu,false,
2021-11-03 19:00:00,Italy,North Italy,IT-NO,323.86,410.61,32.26,26.69,entsoe.eu,false,
2021-11-03 20:00:00,Italy,North Italy,IT-NO,345.17,437.17,26.69,21.76,entsoe.eu,false,
2021-11-03 21:00:00,Italy,North Italy,IT-NO,342.9,434.21,27.42,22.41,entsoe.eu,false,
2021-11-03 22:00:00,Italy,North Italy,IT-NO,314.61,395.65,35.69,26.57,entsoe.eu,false,
2021-11-03 23:00:00,Italy,North Italy,IT-NO,332.6,420.11,30.87,24.14,entsoe.eu,false,
2021-11-04 00:00:00,Italy,North Italy,IT-NO,335.18,421.14,30.79,24.44,entsoe.eu,false,
2021-11-04 01:00:00,Italy,North Italy,IT-NO,320.82,401.77,35.69,26.66,entsoe.eu,false,
2021-11-04 02:00:00,Italy,North Italy,IT-NO,309.15,388.36,38.2,28.98,entsoe.eu,false,
2021-11-04 03:00:00,Italy,North Italy,IT-NO,304.75,382.98,38.9,29.13,entsoe.eu,false,
2021-11-04 04:00:00,Italy,North Italy,IT-NO,324.41,410.56,32.43,25.14,entsoe.eu,false,
2021-11-04 05:00:00,Italy,North Italy,IT-NO,334.52,423.44,29.89,24.2,entsoe.eu,false,
2021-11-04 06:00:00,Italy,North Italy,IT-NO,328.51,416.18,30.81,24.95,entsoe.eu,false,
2021-11-04 07:00:00,Italy,North Italy,IT-NO,295.49,374.84,38.76,33.07,entsoe.eu,false,
2021-11-04 08:00:00,Italy,North Italy,IT-NO,280.89,358.64,41.22,35.27,entsoe.eu,false,
2021-11-04 09:00:00,Italy,North Italy,IT-NO,281.07,360.97,40.1,34.52,entsoe.eu,false,
2021-11-04 10:00:00,Italy,North Italy,IT-NO,286.74,368.4,38.85,33.04,entsoe.eu,false,
2021-11-04 11:00:00,Italy,North Italy,IT-NO,291.72,375.33,37.39,32.68,entsoe.eu,false,
2021-11-04 12:00:00,Italy,North Italy,IT-NO,283.63,364.91,39.5,32.42,entsoe.eu,false,
2021-11-04 13:00:00,Italy,North Italy,IT-NO,289.29,370.49,38.74,31.05,entsoe.eu,false,
2021-11-04 14:00:00,Italy,North Italy,IT-NO,293.86,373.78,38.78,30.23,entsoe.eu,false,
2021-11-04 15:00:00,Italy,North Italy,IT-NO,291.48,369.27,40.33,31.05,entsoe.eu,false,
2021-11-04 16:00:00,Italy,North Italy,IT-NO,289.37,364.41,42.51,33.96,entsoe.eu,false,
2021-11-04 17:00:00,Italy,North Italy,IT-NO,292.17,365.56,43.96,36.58,entsoe.eu,false,
2021-11-04 18:00:00,Italy,North Italy,IT-NO,291.57,365.68,43.69,36.4,entsoe.eu,false,
2021-11-04 19:00:00,Italy,North Italy,IT-NO,300.59,379.17,39.96,32.07,entsoe.eu,false,
2021-11-04 20:00:00,Italy,North Italy,IT-NO,321.89,407.31,33.74,25.52,entsoe.eu,false,
2021-11-04 21:00:00,Italy,North Italy,IT-NO,328.16,415.45,31.76,23.31,entsoe.eu,false,
2021-11-04 22:00:00,Italy,North Italy,IT-NO,326.63,412.03,32.26,23.54,entsoe.eu,false,
2021-11-04 23:00:00,Italy,North Italy,IT-NO,327.42,409.54,33.17,24.32,entsoe.eu,false,
2021-11-05 00:00:00,Italy,North Italy,IT-NO,338.44,421.14,31.2,22.38,entsoe.eu,false,
2021-11-05 01:00:00,Italy,North Italy,IT-NO,342.53,425.67,30.27,21.81,entsoe.eu,false,
2021-11-05 02:00:00,Italy,North Italy,IT-NO,339.1,420.39,31.18,21.76,entsoe.eu,false,
2021-11-05 03:00:00,Italy,North Italy,IT-NO,338.57,422.1,31.59,22.1,entsoe.eu,false,
2021-11-05 04:00:00,Italy,North Italy,IT-NO,337.42,421.66,31.8,22.39,entsoe.eu,false,
2021-11-05 05:00:00,Italy,North Italy,IT-NO,319.96,401.11,36.38,26.75,entsoe.eu,false,
2021-11-05 06:00:00,Italy,North Italy,IT-NO,299.79,376.1,41.19,30.94,entsoe.eu,false,
2021-11-05 07:00:00,Italy,North Italy,IT-NO,274.96,345.7,46.92,38.06,entsoe.eu,false,
2021-11-05 08:00:00,Italy,North Italy,IT-NO,266.46,336.93,48.12,39.67,entsoe.eu,false,
2021-11-05 09:00:00,Italy,North Italy,IT-NO,269.39,341.97,46.84,38.25,entsoe.eu,false,
2021-11-05 10:00:00,Italy,North Italy,IT-NO,273.9,348.81,44.99,36.96,entsoe.eu,false,
2021-11-05 11:00:00,Italy,North Italy,IT-NO,280.31,356.61,43.72,36.42,entsoe.eu,false,
2021-11-05 12:00:00,Italy,North Italy,IT-NO,291.28,368.98,41.79,33.58,entsoe.eu,false,
2021-11-05 13:00:00,Italy,North Italy,IT-NO,291.74,368.28,42.58,34.4,entsoe.eu,false,
2021-11-05 14:00:00,Italy,North Italy,IT-NO,280.12,353.85,44.49,35.06,entsoe.eu,false,
2021-11-05 15:00:00,Italy,North Italy,IT-NO,272.76,343.59,46.6,36.24,entsoe.eu,false,
2021-11-05 16:00:00,Italy,North Italy,IT-NO,275.14,342.49,49.07,40.06,entsoe.eu,false,
2021-11-05 17:00:00,Italy,North Italy,IT-NO,275.52,343.44,48.82,41.68,entsoe.eu,false,
2021-11-05 18:00:00,Italy,North Italy,IT-NO,277.73,352.01,43.99,35.5,entsoe.eu,false,
2021-11-05 19:00:00,Italy,North Italy,IT-NO,289.65,366.28,41.82,32.24,entsoe.eu,false,
2021-11-05 20:00:00,Italy,North Italy,IT-NO,306.49,387.99,37.46,27.55,entsoe.eu,false,
2021-11-05 21:00:00,Italy,North Italy,IT-NO,335.31,424.38,29.88,23.07,entsoe.eu,false,
2021-11-05 22:00:00,Italy,North Italy,IT-NO,354.93,447.13,25.59,20.7,entsoe.eu,false,
2021-11-05 23:00:00,Italy,North Italy,IT-NO,309.02,386.83,38.79,26.75,entsoe.eu,false,
2021-11-06 00:00:00,Italy,North Italy,IT-NO,327.56,410.13,34.96,23.81,entsoe.eu,false,
2021-11-06 01:00:00,Italy,North Italy,IT-NO,322.54,404.08,36.15,24.02,entsoe.eu,false,
2021-11-06 02:00:00,Italy,North Italy,IT-NO,331.25,413.02,34.59,23.19,entsoe.eu,false,
2021-11-06 03:00:00,Italy,North Italy,IT-NO,332.03,414.44,34.81,23.13,entsoe.eu,false,
2021-11-06 04:00:00,Italy,North Italy,IT-NO,332.87,414.78,34.91,24.14,entsoe.eu,false,
2021-11-06 05:00:00,Italy,North Italy,IT-NO,327.47,409.05,35.16,24.67,entsoe.eu,false,
2021-11-06 06:00:00,Italy,North Italy,IT-NO,320.29,397.88,38.05,28.32,entsoe.eu,false,
2021-11-06 07:00:00,Italy,North Italy,IT-NO,306.92,380.52,42.33,34.93,entsoe.eu,false,
2021-11-06 08:00:00,Italy,North Italy,IT-NO,299.6,371.28,44.3,38.61,entsoe.eu,false,
2021-11-06 09:00:00,Italy,North Italy,IT-NO,267.1,337.55,46.99,38.3,entsoe.eu,false,
2021-11-06 10:00:00,Italy,North Italy,IT-NO,260.31,333.47,46.65,38.45,entsoe.eu,false,
2021-11-06 11:00:00,Italy,North Italy,IT-NO,275.02,351.75,43.12,36.65,entsoe.eu,false,
2021-11-06 12:00:00,Italy,North Italy,IT-NO,273.61,348.74,44.34,35.92,entsoe.eu,false,
2021-11-06 13:00:00,Italy,North Italy,IT-NO,278.16,355.64,42.72,32.99,entsoe.eu,false,
2021-11-06 14:00:00,Italy,North Italy,IT-NO,300.63,380.34,39.8,29.59,entsoe.eu,false,
2021-11-06 15:00:00,Italy,North Italy,IT-NO,315.82,396.94,37.66,26.99,entsoe.eu,false,
2021-11-06 16:00:00,Italy,North Italy,IT-NO,306.28,380.2,43.18,35.36,entsoe.eu,false,
2021-11-06 17:00:00,Italy,North Italy,IT-NO,299.54,373.57,43.51,37.04,entsoe.eu,false,
2021-11-06 18:00:00,Italy,North Italy,IT-NO,293.31,363.74,46.67,37.86,entsoe.eu,false,
2021-11-06 19:00:00,Italy,North Italy,IT-NO,313.16,387.96,42.45,35.14,entsoe.eu,false,
2021-11-06 20:00:00,Italy,North Italy,IT-NO,320.3,401.09,37.13,28.96,entsoe.eu,false,
2021-11-06 21:00:00,Italy,North Italy,IT-NO,336.77,423.18,31.3,23.51,entsoe.eu,false,
2021-11-06 22:00:00,Italy,North Italy,IT-NO,337.75,422.59,31.78,23.72,entsoe.eu,false,
2021-11-06 23:00:00,Italy,North Italy,IT-NO,301.37,376.26,42.49,30.45,entsoe.eu,false,
2021-11-07 00:00:00,Italy,North Italy,IT-NO,320.19,398.5,38.63,28.11,entsoe.eu,false,
2021-11-07 01:00:00,Italy,North Italy,IT-NO,319.0,396.71,38.79,28.41,entsoe.eu,false,
2021-11-07 02:00:00,Italy,North Italy,IT-NO,314.79,392.59,39.14,26.73,entsoe.eu,false,
2021-11-07 03:00:00,Italy,North Italy,IT-NO,309.87,387.66,40.01,27.13,entsoe.eu,false,
2021-11-07 04:00:00,Italy,North Italy,IT-NO,311.49,388.35,39.62,26.86,entsoe.eu,false,
2021-11-07 05:00:00,Italy,North Italy,IT-NO,307.39,383.93,40.24,27.57,entsoe.eu,false,
2021-11-07 06:00:00,Italy,North Italy,IT-NO,300.69,376.46,42.45,30.44,entsoe.eu,false,
2021-11-07 07:00:00,Italy,North Italy,IT-NO,285.83,359.3,45.4,33.94,entsoe.eu,false,
2021-11-07 08:00:00,Italy,North Italy,IT-NO,273.57,346.66,46.62,35.73,entsoe.eu,false,
2021-11-07 09:00:00,Italy,North Italy,IT-NO,279.21,354.19,44.89,36.35,entsoe.eu,false,
2021-11-07 10:00:00,Italy,North Italy,IT-NO,285.59,362.69,42.63,34.18,entsoe.eu,false,
2021-11-07 11:00:00,Italy,North Italy,IT-NO,292.58,370.73,41.25,34.71,entsoe.eu,false,
2021-11-07 12:00:00,Italy,North Italy,IT-NO,292.25,371.34,40.97,34.06,entsoe.eu,false,
2021-11-07 13:00:00,Italy,North Italy,IT-NO,287.82,366.78,40.66,32.39,entsoe.eu,false,
2021-11-07 14:00:00,Italy,North Italy,IT-NO,304.88,385.44,38.26,28.81,entsoe.eu,false,
2021-11-07 15:00:00,Italy,North Italy,IT-NO,307.11,386.4,38.76,29.98,entsoe.eu,false,
2021-11-07 16:00:00,Italy,North Italy,IT-NO,291.4,362.12,45.1,36.15,entsoe.eu,false,
2021-11-07 17:00:00,Italy,North Italy,IT-NO,279.64,348.65,46.59,37.36,entsoe.eu,false,
2021-11-07 18:00:00,Italy,North Italy,IT-NO,275.39,345.58,46.82,36.0,entsoe.eu,false,
2021-11-07 19:00:00,Italy,North Italy,IT-NO,282.01,353.44,44.93,33.57,entsoe.eu,false,
2021-11-07 20:00:00,Italy,North Italy,IT-NO,300.61,373.95,41.18,28.43,entsoe.eu,false,
2021-11-07 21:00:00,Italy,North Italy,IT-NO,322.91,402.96,35.57,24.07,entsoe.eu,false,
2021-11-07 22:00:00,Italy,North Italy,IT-NO,340.78,428.75,30.77,21.98,entsoe.eu,false,
2021-11-07 23:00:00,Italy,North Italy,IT-NO,343.91,430.48,29.88,20.21,entsoe.eu,false,
2021-11-08 00:00:00,Italy,North Italy,IT-NO,348.57,435.59,28.55,19.34,entsoe.eu,false,
2021-11-08 01:00:00,Italy,North Italy,IT-NO,339.27,425.12,29.82,19.63,entsoe.eu,false,
2021-11-08 02:00:00,Italy,North Italy,IT-NO,349.1,435.61,27.73,18.25,entsoe.eu,false,
2021-11-08 03:00:00,Italy,North Italy,IT-NO,355.36,444.46,26.89,17.62,entsoe.eu,false,
2021-11-08 04:00:00,Italy,North Italy,IT-NO,358.98,450.19,25.85,16.78,entsoe.eu,false,
2021-11-08 05:00:00,Italy,North Italy,IT-NO,352.5,443.96,27.14,18.92,entsoe.eu,false,
2021-11-08 06:00:00,Italy,North Italy,IT-NO,341.41,428.57,30.85,24.78,entsoe.eu,false,
2021-11-08 07:00:00,Italy,North Italy,IT-NO,309.08,388.24,38.06,30.4,entsoe.eu,false,
2021-11-08 08:00:00,Italy,North Italy,IT-NO,310.91,390.49,37.57,30.12,entsoe.eu,false,
2021-11-08 09:00:00,Italy,North Italy,IT-NO,319.39,401.22,35.55,27.7,entsoe.eu,false,
2021-11-08 10:00:00,Italy,North Italy,IT-NO,322.46,405.35,34.91,26.07,entsoe.eu,false,
2021-11-08 11:00:00,Italy,North Italy,IT-NO,331.16,415.55,33.4,25.24,entsoe.eu,false,
2021-11-08 12:00:00,Italy,North Italy,IT-NO,323.48,408.04,34.05,24.35,entsoe.eu,false,
2021-11-08 13:00:00,Italy,North Italy,IT-NO,312.94,394.91,36.59,26.37,entsoe.eu,false,
2021-11-08 14:00:00,Italy,North Italy,IT-NO,312.79,394.38,36.56,26.67,entsoe.eu,false,
2021-11-08 15:00:00,Italy,North Italy,IT-NO,301.88,380.24,39.25,29.57,entsoe.eu,false,
2021-11-08 16:00:00,Italy,North Italy,IT-NO,316.8,393.41,39.99,34.42,entsoe.eu,false,
2021-11-08 17:00:00,Italy,North Italy,IT-NO,328.3,407.19,37.8,34.12,entsoe.eu,false,
2021-11-08 18:00:00,Italy,North Italy,IT-NO,296.75,375.1,39.44,32.38,entsoe.eu,false,
2021-11-08 19:00:00,Italy,North Italy,IT-NO,308.08,387.3,38.1,29.45,entsoe.eu,false,
2021-11-08 20:00:00,Italy,North Italy,IT-NO,328.09,413.26,32.97,23.3,entsoe.eu,false,
2021-11-08 21:00:00,Italy,North Italy,IT-NO,342.17,429.72,30.45,21.55,entsoe.eu,false,
2021-11-08 22:00:00,Italy,North Italy,IT-NO,355.36,443.81,28.38,19.54,entsoe.eu,false,
2021-11-08 23:00:00,Italy,North Italy,IT-NO,360.5,449.12,28.51,19.19,entsoe.eu,false,
2021-11-09 00:00:00,Italy,North Italy,IT-NO,357.02,445.32,28.42,18.73,entsoe.eu,false,
2021-11-09 01:00:00,Italy,North Italy,IT-NO,363.6,454.41,26.8,17.59,entsoe.eu,false,
2021-11-09 02:00:00,Italy,North Italy,IT-NO,362.68,453.02,27.28,17.79,entsoe.eu,false,
2021-11-09 03:00:00,Italy,North Italy,IT-NO,357.42,447.23,28.42,17.66,entsoe.eu,false,
2021-11-09 04:00:00,Italy,North Italy,IT-NO,364.58,457.79,26.0,17.52,entsoe.eu,false,
2021-11-09 05:00:00,Italy,North Italy,IT-NO,357.65,451.48,25.34,18.2,entsoe.eu,false,
2021-11-09 06:00:00,Italy,North Italy,IT-NO,333.53,419.83,31.89,26.07,entsoe.eu,false,
2021-11-09 07:00:00,Italy,North Italy,IT-NO,308.48,388.97,37.62,31.87,entsoe.eu,false,
2021-11-09 08:00:00,Italy,North Italy,IT-NO,301.24,380.89,39.06,32.38,entsoe.eu,false,
2021-11-09 09:00:00,Italy,North Italy,IT-NO,305.39,386.82,38.03,31.08,entsoe.eu,false,
2021-11-09 10:00:00,Italy,North Italy,IT-NO,304.65,386.83,37.62,30.44,entsoe.eu,false,
2021-11-09 11:00:00,Italy,North Italy,IT-NO,322.54,408.96,33.86,27.01,entsoe.eu,false,
2021-11-09 12:00:00,Italy,North Italy,IT-NO,320.58,406.24,34.37,26.63,entsoe.eu,false,
2021-11-09 13:00:00,Italy,North Italy,IT-NO,317.75,401.16,35.96,27.78,entsoe.eu,false,
2021-11-09 14:00:00,Italy,North Italy,IT-NO,309.79,391.06,37.46,28.81,entsoe.eu,false,
2021-11-09 15:00:00,Italy,North Italy,IT-NO,310.9,391.2,37.78,29.33,entsoe.eu,false,
2021-11-09 16:00:00,Italy,North Italy,IT-NO,307.43,386.07,38.97,31.72,entsoe.eu,false,
2021-11-09 17:00:00,Italy,North Italy,IT-NO,300.93,381.41,37.72,30.45,entsoe.eu,false,
2021-11-09 18:00:00,Italy,North Italy,IT-NO,314.62,396.05,36.6,30.16,entsoe.eu,false,
2021-11-09 19:00:00,Italy,North Italy,IT-NO,344.71,435.91,28.09,22.77,entsoe.eu,false,
2021-11-09 20:00:00,Italy,North Italy,IT-NO,373.89,471.63,21.03,17.61,entsoe.eu,false,
2021-11-09 21:00:00,Italy,North Italy,IT-NO,385.84,486.56,18.08,15.43,entsoe.eu,false,
2021-11-09 22:00:00,Italy,North Italy,IT-NO,387.27,487.61,18.69,17.26,entsoe.eu,false,
2021-11-09 23:00:00,Italy,North Italy,IT-NO,374.11,470.14,22.93,18.99,entsoe.eu,false,
2021-11-10 00:00:00,Italy,North Italy,IT-NO,382.41,480.68,21.13,18.48,entsoe.eu,false,
2021-11-10 01:00:00,Italy,North Italy,IT-NO,379.86,476.22,22.12,18.93,entsoe.eu,false,
2021-11-10 02:00:00,Italy,North Italy,IT-NO,383.34,480.61,21.31,18.25,entsoe.eu,false,
2021-11-10 03:00:00,Italy,North Italy,IT-NO,385.91,483.36,20.59,17.63,entsoe.eu,false,
2021-11-10 04:00:00,Italy,North Italy,IT-NO,384.16,482.69,20.18,17.06,entsoe.eu,false,
2021-11-10 05:00:00,Italy,North Italy,IT-NO,370.78,467.39,22.06,16.92,entsoe.eu,false,
2021-11-10 06:00:00,Italy,North Italy,IT-NO,345.9,434.65,28.91,23.68,entsoe.eu,false,
2021-11-10 07:00:00,Italy,North Italy,IT-NO,319.74,402.99,34.41,29.61,entsoe.eu,false,
2021-11-10 08:00:00,Italy,North Italy,IT-NO,317.41,399.79,35.45,31.19,entsoe.eu,false,
2021-11-10 09:00:00,Italy,North Italy,IT-NO,321.22,405.2,34.56,30.04,entsoe.eu,false,
2021-11-10 10:00:00,Italy,North Italy,IT-NO,327.72,413.18,33.04,28.4,entsoe.eu,false,
2021-11-10 11:00:00,Italy,North Italy,IT-NO,334.66,423.63,30.43,26.06,entsoe.eu,false,
2021-11-10 12:00:00,Italy,North Italy,IT-NO,334.66,423.29,30.49,24.76,entsoe.eu,false,
2021-11-10 13:00:00,Italy,North Italy,IT-NO,320.2,405.42,34.05,26.55,entsoe.eu,false,
2021-11-10 14:00:00,Italy,North Italy,IT-NO,317.24,400.53,35.42,27.4,entsoe.eu,false,
2021-11-10 15:00:00,Italy,North Italy,IT-NO,303.24,382.97,38.53,29.89,entsoe.eu,false,
2021-11-10 16:00:00,Italy,North Italy,IT-NO,315.73,391.14,41.48,36.67,entsoe.eu,false,
2021-11-10 17:00:00,Italy,North Italy,IT-NO,330.27,408.48,38.55,35.5,entsoe.eu,false,
2021-11-10 18:00:00,Italy,North Italy,IT-NO,322.49,400.7,38.98,34.61,entsoe.eu,false,
2021-11-10 19:00:00,Italy,North Italy,IT-NO,305.86,387.19,37.44,28.68,entsoe.eu,false,
2021-11-10 20:00:00,Italy,North Italy,IT-NO,338.57,427.5,30.54,21.86,entsoe.eu,false,
2021-11-10 21:00:00,Italy,North Italy,IT-NO,365.16,460.78,24.03,17.48,entsoe.eu,false,
2021-11-10 22:00:00,Italy,North Italy,IT-NO,377.76,475.09,21.75,16.58,entsoe.eu,false,
2021-11-10 23:00:00,Italy,North Italy,IT-NO,368.66,464.16,24.94,17.65,entsoe.eu,false,
2021-11-11 00:00:00,Italy,North Italy,IT-NO,361.17,453.54,28.18,19.31,entsoe.eu,false,
2021-11-11 01:00:00,Italy,North Italy,IT-NO,351.2,440.01,31.34,21.02,entsoe.eu,false,
2021-11-11 02:00:00,Italy,North Italy,IT-NO,354.08,443.39,30.85,20.26,entsoe.eu,false,
2021-11-11 03:00:00,Italy,North Italy,IT-NO,345.27,435.25,31.29,19.68,entsoe.eu,false,
2021-11-11 04:00:00,Italy,North Italy,IT-NO,345.11,435.12,30.78,17.79,entsoe.eu,false,
2021-11-11 05:00:00,Italy,North Italy,IT-NO,348.24,441.45,27.07,15.36,entsoe.eu,false,
2021-11-11 06:00:00,Italy,North Italy,IT-NO,324.53,411.63,32.49,20.73,entsoe.eu,false,
2021-11-11 07:00:00,Italy,North Italy,IT-NO,303.24,383.97,37.99,26.48,entsoe.eu,false,
2021-11-11 08:00:00,Italy,North Italy,IT-NO,300.08,380.24,38.91,29.7,entsoe.eu,false,
2021-11-11 09:00:00,Italy,North Italy,IT-NO,306.46,389.34,37.15,29.1,entsoe.eu,false,
2021-11-11 10:00:00,Italy,North Italy,IT-NO,305.1,387.26,37.99,29.09,entsoe.eu,false,
2021-11-11 11:00:00,Italy,North Italy,IT-NO,312.18,397.82,35.1,26.89,entsoe.eu,false,
2021-11-11 12:00:00,Italy,North Italy,IT-NO,309.34,394.41,35.75,25.26,entsoe.eu,false,
2021-11-11 13:00:00,Italy,North Italy,IT-NO,310.07,393.41,36.7,24.5,entsoe.eu,false,
2021-11-11 14:00:00,Italy,North Italy,IT-NO,301.02,380.3,39.35,26.98,entsoe.eu,false,
2021-11-11 15:00:00,Italy,North Italy,IT-NO,290.26,366.86,41.26,29.24,entsoe.eu,false,
2021-11-11 16:00:00,Italy,North Italy,IT-NO,285.18,360.06,42.75,32.73,entsoe.eu,false,
2021-11-11 17:00:00,Italy,North Italy,IT-NO,286.22,361.69,42.32,33.43,entsoe.eu,false,
2021-11-11 18:00:00,Italy,North Italy,IT-NO,292.83,370.34,40.8,32.44,entsoe.eu,false,
2021-11-11 19:00:00,Italy,North Italy,IT-NO,315.02,397.46,36.47,26.45,entsoe.eu,false,
2021-11-11 20:00:00,Italy,North Italy,IT-NO,341.12,430.57,30.29,21.26,entsoe.eu,false,
2021-11-11 21:00:00,Italy,North Italy,IT-NO,356.8,450.34,27.0,18.94,entsoe.eu,false,
2021-11-11 22:00:00,Italy,North Italy,IT-NO,377.54,475.4,22.81,18.28,entsoe.eu,false,
2021-11-11 23:00:00,Italy,North Italy,IT-NO,382.06,479.75,22.37,18.26,entsoe.eu,false,
2021-11-12 00:00:00,Italy,North Italy,IT-NO,386.36,485.02,21.78,17.92,entsoe.eu,false,
2021-11-12 01:00:00,Italy,North Italy,IT-NO,387.97,486.42,21.45,17.46,entsoe.eu,false,
2021-11-12 02:00:00,Italy,North Italy,IT-NO,379.26,475.74,23.68,17.6,entsoe.eu,false,
2021-11-12 03:00:00,Italy,North Italy,IT-NO,369.72,465.54,25.63,18.44,entsoe.eu,false,
2021-11-12 04:00:00,Italy,North Italy,IT-NO,375.52,473.44,23.36,17.76,entsoe.eu,false,
2021-11-12 05:00:00,Italy,North Italy,IT-NO,340.19,429.76,30.54,22.12,entsoe.eu,false,
2021-11-12 06:00:00,Italy,North Italy,IT-NO,317.54,398.9,37.49,28.09,entsoe.eu,false,
2021-11-12 07:00:00,Italy,North Italy,IT-NO,294.36,372.18,41.12,31.94,entsoe.eu,false,
2021-11-12 08:00:00,Italy,North Italy,IT-NO,292.48,370.25,41.59,33.16,entsoe.eu,false,
2021-11-12 09:00:00,Italy,North Italy,IT-NO,298.72,379.08,39.65,31.74,entsoe.eu,false,
2021-11-12 10:00:00,Italy,North Italy,IT-NO,301.31,382.71,38.99,30.5,entsoe.eu,false,
2021-11-12 11:00:00,Italy,North Italy,IT-NO,305.23,388.03,37.95,30.88,entsoe.eu,false,
2021-11-12 12:00:00,Italy,North Italy,IT-NO,297.32,379.84,38.31,30.01,entsoe.eu,false,
2021-11-12 13:00:00,Italy,North Italy,IT-NO,301.08,381.38,39.61,30.61,entsoe.eu,false,
2021-11-12 14:00:00,Italy,North Italy,IT-NO,302.74,381.62,39.84,29.92,entsoe.eu,false,
2021-11-12 15:00:00,Italy,North Italy,IT-NO,288.69,363.77,43.05,32.73,entsoe.eu,false,
2021-11-12 16:00:00,Italy,North Italy,IT-NO,287.7,362.59,43.19,34.06,entsoe.eu,false,
2021-11-12 17:00:00,Italy,North Italy,IT-NO,289.11,364.65,42.79,34.31,entsoe.eu,false,
2021-11-12 18:00:00,Italy,North Italy,IT-NO,289.82,366.02,42.58,33.68,entsoe.eu,false,
2021-11-12 19:00:00,Italy,North Italy,IT-NO,307.56,388.4,38.97,30.27,entsoe.eu,false,
2021-11-12 20:00:00,Italy,North Italy,IT-NO,333.22,421.21,32.36,23.92,entsoe.eu,false,
2021-11-12 21:00:00,Italy,North Italy,IT-NO,343.42,433.6,30.34,21.51,entsoe.eu,false,
2021-11-12 22:00:00,Italy,North Italy,IT-NO,354.73,447.07,27.92,19.93,entsoe.eu,false,
2021-11-12 23:00:00,Italy,North Italy,IT-NO,339.28,426.78,32.29,22.47,entsoe.eu,false,
2021-11-13 00:00:00,Italy,North Italy,IT-NO,343.36,430.9,31.8,21.94,entsoe.eu,false,
2021-11-13 01:00:00,Italy,North Italy,IT-NO,352.82,442.82,30.09,21.88,entsoe.eu,false,
2021-11-13 02:00:00,Italy,North Italy,IT-NO,354.58,444.85,29.89,20.92,entsoe.eu,false,
2021-11-13 03:00:00,Italy,North Italy,IT-NO,350.08,439.11,31.45,21.99,entsoe.eu,false,
2021-11-13 04:00:00,Italy,North Italy,IT-NO,357.07,446.64,29.88,21.02,entsoe.eu,false,
2021-11-13 05:00:00,Italy,North Italy,IT-NO,358.44,449.04,29.44,21.04,entsoe.eu,false,
2021-11-13 06:00:00,Italy,North Italy,IT-NO,348.85,436.38,31.86,23.33,entsoe.eu,false,
2021-11-13 07:00:00,Italy,North Italy,IT-NO,335.97,420.9,34.43,25.12,entsoe.eu,false,
2021-11-13 08:00:00,Italy,North Italy,IT-NO,328.24,412.27,35.75,26.77,entsoe.eu,false,
2021-11-13 09:00:00,Italy,North Italy,IT-NO,327.13,413.28,34.41,24.7,entsoe.eu,false,
2021-11-13 10:00:00,Italy,North Italy,IT-NO,329.57,417.47,32.9,23.74,entsoe.eu,false,
2021-11-13 11:00:00,Italy,North Italy,IT-NO,337.94,429.01,29.75,22.85,entsoe.eu,false,
2021-11-13 12:00:00,Italy,North Italy,IT-NO,333.46,422.96,31.3,22.53,entsoe.eu,false,
2021-11-13 13:00:00,Italy,North Italy,IT-NO,330.11,418.09,32.32,21.73,entsoe.eu,false,
2021-11-13 14:00:00,Italy,North Italy,IT-NO,326.9,413.47,33.21,20.85,entsoe.eu,false,
2021-11-13 15:00:00,Italy,North Italy,IT-NO,326.11,414.28,31.9,21.08,entsoe.eu,false,
2021-11-13 16:00:00,Italy,North Italy,IT-NO,310.29,392.4,36.79,26.3,entsoe.eu,false,
2021-11-13 17:00:00,Italy,North Italy,IT-NO,305.84,386.83,38.15,28.89,entsoe.eu,false,
2021-11-13 18:00:00,Italy,North Italy,IT-NO,318.11,401.62,36.06,27.0,entsoe.eu,false,
2021-11-13 19:00:00,Italy,North Italy,IT-NO,338.55,427.05,31.71,22.88,entsoe.eu,false,
2021-11-13 20:00:00,Italy,North Italy,IT-NO,346.64,435.78,30.94,21.02,entsoe.eu,false,
2021-11-13 21:00:00,Italy,North Italy,IT-NO,357.41,449.2,28.32,20.13,entsoe.eu,false,
2021-11-13 22:00:00,Italy,North Italy,IT-NO,362.19,454.27,27.61,21.22,entsoe.eu,false,
2021-11-13 23:00:00,Italy,North Italy,IT-NO,352.38,440.62,31.66,22.97,entsoe.eu,false,
2021-11-14 00:00:00,Italy,North Italy,IT-NO,361.99,453.45,29.29,21.46,entsoe.eu,false,
2021-11-14 01:00:00,Italy,North Italy,IT-NO,350.72,439.18,32.56,22.04,entsoe.eu,false,
2021-11-14 02:00:00,Italy,North Italy,IT-NO,337.92,422.21,36.48,23.11,entsoe.eu,false,
2021-11-14 03:00:00,Italy,North Italy,IT-NO,334.81,419.07,36.9,24.01,entsoe.eu,false,
2021-11-14 04:00:00,Italy,North Italy,IT-NO,333.02,416.99,37.18,23.56,entsoe.eu,false,
2021-11-14 05:00:00,Italy,North Italy,IT-NO,337.24,422.7,35.51,22.15,entsoe.eu,false,
2021-11-14 06:00:00,Italy,North Italy,IT-NO,336.34,422.76,34.46,21.62,entsoe.eu,false,
2021-11-14 07:00:00,Italy,North Italy,IT-NO,318.42,401.55,37.3,23.74,entsoe.eu,false,
2021-11-14 08:00:00,Italy,North Italy,IT-NO,318.56,402.37,36.03,25.17,entsoe.eu,false,
2021-11-14 09:00:00,Italy,North Italy,IT-NO,325.25,410.84,34.45,24.86,entsoe.eu,false,
2021-11-14 10:00:00,Italy,North Italy,IT-NO,319.48,404.37,35.48,27.26,entsoe.eu,false,
2021-11-14 11:00:00,Italy,North Italy,IT-NO,319.08,402.49,36.63,26.7,entsoe.eu,false,
2021-11-14 12:00:00,Italy,North Italy,IT-NO,326.8,411.45,35.08,23.8,entsoe.eu,false,
2021-11-14 13:00:00,Italy,North Italy,IT-NO,326.83,411.76,35.04,23.71,entsoe.eu,false,
2021-11-14 14:00:00,Italy,North Italy,IT-NO,330.64,416.42,33.92,22.56,entsoe.eu,false,
2021-11-14 15:00:00,Italy,North Italy,IT-NO,329.39,416.34,32.91,21.97,entsoe.eu,false,
2021-11-14 16:00:00,Italy,North Italy,IT-NO,319.92,401.06,37.56,29.49,entsoe.eu,false,
2021-11-14 17:00:00,Italy,North Italy,IT-NO,318.71,398.91,38.71,31.77,entsoe.eu,false,
2021-11-14 18:00:00,Italy,North Italy,IT-NO,321.75,403.87,37.4,30.74,entsoe.eu,false,
2021-11-14 19:00:00,Italy,North Italy,IT-NO,341.59,427.79,33.6,27.39,entsoe.eu,false,
2021-11-14 20:00:00,Italy,North Italy,IT-NO,351.31,441.64,29.52,21.15,entsoe.eu,false,
2021-11-14 21:00:00,Italy,North Italy,IT-NO,365.4,458.85,26.51,20.56,entsoe.eu,false,
2021-11-14 22:00:00,Italy,North Italy,IT-NO,369.62,462.8,25.76,20.04,entsoe.eu,false,
2021-11-14 23:00:00,Italy,North Italy,IT-NO,354.16,442.48,29.91,20.82,entsoe.eu,false,
2021-11-15 00:00:00,Italy,North Italy,IT-NO,349.7,433.34,32.21,21.38,entsoe.eu,false,
2021-11-15 01:00:00,Italy,North Italy,IT-NO,345.66,429.87,33.25,21.62,entsoe.eu,false,
2021-11-15 02:00:00,Italy,North Italy,IT-NO,344.53,424.25,34.36,21.81,entsoe.eu,false,
2021-11-15 03:00:00,Italy,North Italy,IT-NO,337.42,419.81,34.44,20.89,entsoe.eu,false,
2021-11-15 04:00:00,Italy,North Italy,IT-NO,343.96,433.16,30.57,19.48,entsoe.eu,false,
2021-11-15 05:00:00,Italy,North Italy,IT-NO,353.19,448.48,25.16,18.74,entsoe.eu,false,
2021-11-15 06:00:00,Italy,North Italy,IT-NO,325.86,413.77,31.58,26.48,entsoe.eu,false,
2021-11-15 07:00:00,Italy,North Italy,IT-NO,324.1,409.13,33.83,30.86,entsoe.eu,false,
2021-11-15 08:00:00,Italy,North Italy,IT-NO,323.82,409.69,32.98,29.98,entsoe.eu,false,
2021-11-15 09:00:00,Italy,North Italy,IT-NO,326.69,412.92,32.08,28.3,entsoe.eu,false,
2021-11-15 10:00:00,Italy,North Italy,IT-NO,325.34,412.72,31.78,28.92,entsoe.eu,false,
2021-11-15 11:00:00,Italy,North Italy,IT-NO,341.71,433.35,28.35,27.21,entsoe.eu,false,
2021-11-15 12:00:00,Italy,North Italy,IT-NO,345.81,438.21,27.52,26.6,entsoe.eu,false,
2021-11-15 13:00:00,Italy,North Italy,IT-NO,336.27,425.86,29.74,27.46,entsoe.eu,false,
2021-11-15 14:00:00,Italy,North Italy,IT-NO,323.62,410.09,32.54,28.17,entsoe.eu,false,
2021-11-15 15:00:00,Italy,North Italy,IT-NO,313.01,396.05,35.53,29.74,entsoe.eu,false,
2021-11-15 16:00:00,Italy,North Italy,IT-NO,341.21,424.49,34.28,32.4,entsoe.eu,false,
2021-11-15 17:00:00,Italy,North Italy,IT-NO,339.87,422.35,34.9,33.84,entsoe.eu,false,
2021-11-15 18:00:00,Italy,North Italy,IT-NO,326.82,412.17,32.64,29.73,entsoe.eu,false,
2021-11-15 19:00:00,Italy,North Italy,IT-NO,331.05,418.11,31.04,27.04,entsoe.eu,false,
2021-11-15 20:00:00,Italy,North Italy,IT-NO,362.57,457.82,23.94,21.02,entsoe.eu,false,
2021-11-15 21:00:00,Italy,North Italy,IT-NO,387.76,491.55,17.14,16.3,entsoe.eu,false,
2021-11-15 22:00:00,Italy,North Italy,IT-NO,384.64,485.75,18.73,16.51,entsoe.eu,false,
2021-11-15 23:00:00,Italy,North Italy,IT-NO,357.21,446.18,28.21,18.6,entsoe.eu,false,
2021-11-16 00:00:00,Italy,North Italy,IT-NO,369.21,461.23,24.93,16.04,entsoe.eu,false,
2021-11-16 01:00:00,Italy,North Italy,IT-NO,364.64,453.97,26.98,17.68,entsoe.eu,false,
2021-11-16 02:00:00,Italy,North Italy,IT-NO,366.72,454.97,26.72,16.78,entsoe.eu,false,
2021-11-16 03:00:00,Italy,North Italy,IT-NO,358.99,447.23,28.49,17.39,entsoe.eu,false,
2021-11-16 04:00:00,Italy,North Italy,IT-NO,354.93,446.36,27.95,16.9,entsoe.eu,false,
2021-11-16 05:00:00,Italy,North Italy,IT-NO,349.17,442.01,27.72,20.08,entsoe.eu,false,
2021-11-16 06:00:00,Italy,North Italy,IT-NO,349.73,441.25,28.02,25.72,entsoe.eu,false,
2021-11-16 07:00:00,Italy,North Italy,IT-NO,345.58,428.78,34.5,33.02,entsoe.eu,false,
2021-11-16 08:00:00,Italy,North Italy,IT-NO,344.34,428.49,33.07,30.04,entsoe.eu,false,
2021-11-16 09:00:00,Italy,North Italy,IT-NO,341.09,425.61,31.7,27.24,entsoe.eu,false,
2021-11-16 10:00:00,Italy,North Italy,IT-NO,333.44,417.11,33.08,28.82,entsoe.eu,false,
2021-11-16 11:00:00,Italy,North Italy,IT-NO,341.43,429.61,30.83,27.51,entsoe.eu,false,
2021-11-16 12:00:00,Italy,North Italy,IT-NO,338.8,426.21,31.44,27.4,entsoe.eu,false,
2021-11-16 13:00:00,Italy,North Italy,IT-NO,341.98,428.13,32.39,28.15,entsoe.eu,false,
2021-11-16 14:00:00,Italy,North Italy,IT-NO,335.79,420.66,33.44,27.82,entsoe.eu,false,
2021-11-16 15:00:00,Italy,North Italy,IT-NO,314.66,392.43,39.99,32.98,entsoe.eu,false,
2021-11-16 16:00:00,Italy,North Italy,IT-NO,326.33,402.9,40.12,34.65,entsoe.eu,false,
2021-11-16 17:00:00,Italy,North Italy,IT-NO,329.37,405.94,39.68,34.97,entsoe.eu,false,
2021-11-16 18:00:00,Italy,North Italy,IT-NO,310.69,388.93,38.69,31.44,entsoe.eu,false,
2021-11-16 19:00:00,Italy,North Italy,IT-NO,327.75,411.92,33.91,25.21,entsoe.eu,false,
2021-11-16 20:00:00,Italy,North Italy,IT-NO,348.29,437.25,29.61,20.42,entsoe.eu,false,
2021-11-16 21:00:00,Italy,North Italy,IT-NO,371.1,465.08,24.55,17.35,entsoe.eu,false,
2021-11-16 22:00:00,Italy,North Italy,IT-NO,377.54,470.2,24.7,17.37,entsoe.eu,false,
2021-11-16 23:00:00,Italy,North Italy,IT-NO,366.08,455.99,28.37,17.43,entsoe.eu,false,
2021-11-17 00:00:00,Italy,North Italy,IT-NO,365.93,455.2,28.27,16.38,entsoe.eu,false,
2021-11-17 01:00:00,Italy,North Italy,IT-NO,371.83,463.93,26.33,15.54,entsoe.eu,false,
2021-11-17 02:00:00,Italy,North Italy,IT-NO,373.7,466.37,25.96,15.27,entsoe.eu,false,
2021-11-17 03:00:00,Italy,North Italy,IT-NO,367.97,459.27,27.67,16.3,entsoe.eu,false,
2021-11-17 04:00:00,Italy,North Italy,IT-NO,371.24,463.41,26.14,15.49,entsoe.eu,false,
2021-11-17 05:00:00,Italy,North Italy,IT-NO,364.01,456.63,26.44,16.86,entsoe.eu,false,
2021-11-17 06:00:00,Italy,North Italy,IT-NO,349.27,437.89,30.28,22.34,entsoe.eu,false,
2021-11-17 07:00:00,Italy,North Italy,IT-NO,329.89,412.77,35.45,28.48,entsoe.eu,false,
2021-11-17 08:00:00,Italy,North Italy,IT-NO,327.79,409.67,36.46,29.13,entsoe.eu,false,
2021-11-17 09:00:00,Italy,North Italy,IT-NO,328.9,412.03,35.61,28.7,entsoe.eu,false,
2021-11-17 10:00:00,Italy,North Italy,IT-NO,327.56,411.17,35.3,28.57,entsoe.eu,false,
2021-11-17 11:00:00,Italy,North Italy,IT-NO,334.25,420.19,33.42,26.76,entsoe.eu,false,
2021-11-17 12:00:00,Italy,North Italy,IT-NO,336.53,424.04,32.01,25.15,entsoe.eu,false,
2021-11-17 13:00:00,Italy,North Italy,IT-NO,328.26,411.54,35.69,28.47,entsoe.eu,false,
2021-11-17 14:00:00,Italy,North Italy,IT-NO,327.58,408.86,37.1,29.03,entsoe.eu,false,
2021-11-17 15:00:00,Italy,North Italy,IT-NO,320.88,398.02,40.41,32.19,entsoe.eu,false,
2021-11-17 16:00:00,Italy,North Italy,IT-NO,310.64,386.95,41.34,33.17,entsoe.eu,false,
2021-11-17 17:00:00,Italy,North Italy,IT-NO,316.26,394.03,40.05,33.44,entsoe.eu,false,
2021-11-17 18:00:00,Italy,North Italy,IT-NO,319.62,398.53,39.15,32.67,entsoe.eu,false,
2021-11-17 19:00:00,Italy,North Italy,IT-NO,334.15,421.23,32.65,24.44,entsoe.eu,false,
2021-11-17 20:00:00,Italy,North Italy,IT-NO,351.45,442.25,28.66,19.75,entsoe.eu,false,
2021-11-17 21:00:00,Italy,North Italy,IT-NO,363.19,456.28,25.88,16.86,entsoe.eu,false,
2021-11-17 22:00:00,Italy,North Italy,IT-NO,375.12,470.24,23.58,15.85,entsoe.eu,false,
2021-11-17 23:00:00,Italy,North Italy,IT-NO,355.31,444.65,29.5,17.86,entsoe.eu,false,
2021-11-18 00:00:00,Italy,North Italy,IT-NO,365.36,456.8,27.22,16.24,entsoe.eu,false,
2021-11-18 01:00:00,Italy,North Italy,IT-NO,370.12,462.61,26.21,15.86,entsoe.eu,false,
2021-11-18 02:00:00,Italy,North Italy,IT-NO,360.5,449.78,29.29,16.5,entsoe.eu,false,
2021-11-18 03:00:00,Italy,North Italy,IT-NO,361.66,451.16,28.92,16.84,entsoe.eu,false,
2021-11-18 04:00:00,Italy,North Italy,IT-NO,361.75,451.79,28.25,17.16,entsoe.eu,false,
2021-11-18 05:00:00,Italy,North Italy,IT-NO,358.26,447.21,30.03,21.34,entsoe.eu,false,
2021-11-18 06:00:00,Italy,North Italy,IT-NO,349.62,437.79,31.11,24.25,entsoe.eu,false,
2021-11-18 07:00:00,Italy,North Italy,IT-NO,328.8,412.48,35.17,28.83,entsoe.eu,false,
2021-11-18 08:00:00,Italy,North Italy,IT-NO,323.61,407.78,35.17,28.92,entsoe.eu,false,
2021-11-18 09:00:00,Italy,North Italy,IT-NO,315.04,397.29,37.55,29.81,entsoe.eu,false,
2021-11-18 10:00:00,Italy,North Italy,IT-NO,321.02,405.74,35.52,28.15,entsoe.eu,false,
2021-11-18 11:00:00,Italy,North Italy,IT-NO,330.92,418.38,33.32,25.77,entsoe.eu,false,
2021-11-18 12:00:00,Italy,North Italy,IT-NO,330.97,418.62,32.82,25.23,entsoe.eu,false,
2021-11-18 13:00:00,Italy,North Italy,IT-NO,320.49,405.35,35.25,26.91,entsoe.eu,false,
2021-11-18 14:00:00,Italy,North Italy,IT-NO,324.37,409.06,34.76,25.75,entsoe.eu,false,
2021-11-18 15:00:00,Italy,North Italy,IT-NO,316.02,397.83,36.96,27.26,entsoe.eu,false,
2021-11-18 16:00:00,Italy,North Italy,IT-NO,309.89,389.65,38.44,29.66,entsoe.eu,false,
2021-11-18 17:00:00,Italy,North Italy,IT-NO,308.97,388.78,38.44,30.44,entsoe.eu,false,
2021-11-18 18:00:00,Italy,North Italy,IT-NO,314.31,395.7,37.22,29.2,entsoe.eu,false,
2021-11-18 19:00:00,Italy,North Italy,IT-NO,322.51,406.48,35.15,26.29,entsoe.eu,false,
2021-11-18 20:00:00,Italy,North Italy,IT-NO,341.58,429.75,30.97,22.3,entsoe.eu,false,
2021-11-18 21:00:00,Italy,North Italy,IT-NO,371.21,466.27,24.28,18.2,entsoe.eu,false,
2021-11-18 22:00:00,Italy,North Italy,IT-NO,388.54,487.65,20.32,16.44,entsoe.eu,false,
2021-11-18 23:00:00,Italy,North Italy,IT-NO,376.44,472.06,23.68,16.24,entsoe.eu,false,
2021-11-19 00:00:00,Italy,North Italy,IT-NO,372.97,466.83,24.91,15.65,entsoe.eu,false,
2021-11-19 01:00:00,Italy,North Italy,IT-NO,387.18,483.82,22.28,15.27,entsoe.eu,false,
2021-11-19 02:00:00,Italy,North Italy,IT-NO,378.54,471.14,25.05,16.23,entsoe.eu,false,
2021-11-19 03:00:00,Italy,North Italy,IT-NO,371.22,463.13,26.76,17.48,entsoe.eu,false,
2021-11-19 04:00:00,Italy,North Italy,IT-NO,380.89,475.72,24.14,16.49,entsoe.eu,false,
2021-11-19 05:00:00,Italy,North Italy,IT-NO,371.84,465.87,24.41,18.04,entsoe.eu,false,
2021-11-19 06:00:00,Italy,North Italy,IT-NO,358.25,449.47,27.35,24.85,entsoe.eu,false,
2021-11-19 07:00:00,Italy,North Italy,IT-NO,333.88,418.85,33.11,29.13,entsoe.eu,false,
2021-11-19 08:00:00,Italy,North Italy,IT-NO,331.84,417.14,33.25,28.59,entsoe.eu,false,
2021-11-19 09:00:00,Italy,North Italy,IT-NO,338.34,425.89,31.57,27.44,entsoe.eu,false,
2021-11-19 10:00:00,Italy,North Italy,IT-NO,343.11,433.61,30.0,24.96,entsoe.eu,false,
2021-11-19 11:00:00,Italy,North Italy,IT-NO,350.32,443.1,28.05,22.9,entsoe.eu,false,
2021-11-19 12:00:00,Italy,North Italy,IT-NO,342.28,433.88,29.53,23.61,entsoe.eu,false,
2021-11-19 13:00:00,Italy,North Italy,IT-NO,339.44,429.8,30.66,23.79,entsoe.eu,false,
2021-11-19 14:00:00,Italy,North Italy,IT-NO,333.28,420.44,32.45,24.37,entsoe.eu,false,
2021-11-19 15:00:00,Italy,North Italy,IT-NO,323.15,406.17,35.53,26.78,entsoe.eu,false,
2021-11-19 16:00:00,Italy,North Italy,IT-NO,317.76,398.47,37.39,30.52,entsoe.eu,false,
2021-11-19 17:00:00,Italy,North Italy,IT-NO,321.23,403.17,36.32,31.2,entsoe.eu,false,
2021-11-19 18:00:00,Italy,North Italy,IT-NO,321.06,404.29,35.21,29.45,entsoe.eu,false,
2021-11-19 19:00:00,Italy,North Italy,IT-NO,329.99,417.58,31.54,25.62,entsoe.eu,false,
2021-11-19 20:00:00,Italy,North Italy,IT-NO,361.26,457.08,24.02,19.14,entsoe.eu,false,
2021-11-19 21:00:00,Italy,North Italy,IT-NO,381.73,482.02,19.87,17.02,entsoe.eu,false,
2021-11-19 22:00:00,Italy,North Italy,IT-NO,380.39,478.85,20.92,17.89,entsoe.eu,false,
2021-11-19 23:00:00,Italy,North Italy,IT-NO,379.64,477.58,21.62,16.92,entsoe.eu,false,
2021-11-20 00:00:00,Italy,North Italy,IT-NO,375.89,473.12,22.41,16.08,entsoe.eu,false,
2021-11-20 01:00:00,Italy,North Italy,IT-NO,365.6,458.91,25.03,16.64,entsoe.eu,false,
2021-11-20 02:00:00,Italy,North Italy,IT-NO,355.11,444.12,28.81,17.66,entsoe.eu,false,
2021-11-20 03:00:00,Italy,North Italy,IT-NO,348.34,436.11,30.41,18.58,entsoe.eu,false,
2021-11-20 04:00:00,Italy,North Italy,IT-NO,355.37,446.1,28.25,17.55,entsoe.eu,false,
2021-11-20 05:00:00,Italy,North Italy,IT-NO,362.05,453.81,26.49,16.41,entsoe.eu,false,
2021-11-20 06:00:00,Italy,North Italy,IT-NO,371.69,467.85,23.0,19.19,entsoe.eu,false,
2021-11-20 07:00:00,Italy,North Italy,IT-NO,359.55,453.92,24.94,21.45,entsoe.eu,false,
2021-11-20 08:00:00,Italy,North Italy,IT-NO,365.1,460.34,24.22,21.98,entsoe.eu,false,
2021-11-20 09:00:00,Italy,North Italy,IT-NO,364.92,460.97,24.02,21.99,entsoe.eu,false,
2021-11-20 10:00:00,Italy,North Italy,IT-NO,363.24,460.12,24.02,22.92,entsoe.eu,false,
2021-11-20 11:00:00,Italy,North Italy,IT-NO,365.23,462.96,23.46,22.05,entsoe.eu,false,
2021-11-20 12:00:00,Italy,North Italy,IT-NO,364.27,461.7,23.84,21.23,entsoe.eu,false,
2021-11-20 13:00:00,Italy,North Italy,IT-NO,386.4,487.86,19.54,17.53,entsoe.eu,false,
2021-11-20 14:00:00,Italy,North Italy,IT-NO,386.57,488.68,18.77,14.75,entsoe.eu,false,
2021-11-20 15:00:00,Italy,North Italy,IT-NO,369.28,468.45,21.92,16.79,entsoe.eu,false,
2021-11-20 16:00:00,Italy,North Italy,IT-NO,339.16,429.96,29.29,24.89,entsoe.eu,false,
2021-11-20 17:00:00,Italy,North Italy,IT-NO,329.25,418.13,30.96,28.33,entsoe.eu,false,
2021-11-20 18:00:00,Italy,North Italy,IT-NO,327.71,415.58,31.46,28.14,entsoe.eu,false,
2021-11-20 19:00:00,Italy,North Italy,IT-NO,345.94,437.94,27.65,23.19,entsoe.eu,false,
2021-11-20 20:00:00,Italy,North Italy,IT-NO,372.15,470.4,21.85,18.69,entsoe.eu,false,
2021-11-20 21:00:00,Italy,North Italy,IT-NO,394.48,497.93,16.87,14.51,entsoe.eu,false,
2021-11-20 22:00:00,Italy,North Italy,IT-NO,401.05,505.77,15.64,14.33,entsoe.eu,false,
2021-11-20 23:00:00,Italy,North Italy,IT-NO,391.04,492.34,18.5,15.55,entsoe.eu,false,
2021-11-21 00:00:00,Italy,North Italy,IT-NO,399.88,503.34,16.46,14.53,entsoe.eu,false,
2021-11-21 01:00:00,Italy,North Italy,IT-NO,403.41,507.04,16.2,14.08,entsoe.eu,false,
2021-11-21 02:00:00,Italy,North Italy,IT-NO,400.54,502.32,17.45,15.09,entsoe.eu,false,
2021-11-21 03:00:00,Italy,North Italy,IT-NO,401.57,502.3,17.97,15.27,entsoe.eu,false,
2021-11-21 04:00:00,Italy,North Italy,IT-NO,403.53,506.55,17.05,14.77,entsoe.eu,false,
2021-11-21 05:00:00,Italy,North Italy,IT-NO,397.58,498.71,18.53,15.49,entsoe.eu,false,
2021-11-21 06:00:00,Italy,North Italy,IT-NO,385.27,483.05,21.01,17.89,entsoe.eu,false,
2021-11-21 07:00:00,Italy,North Italy,IT-NO,380.1,477.18,21.76,18.94,entsoe.eu,false,
2021-11-21 08:00:00,Italy,North Italy,IT-NO,372.47,469.32,22.79,20.7,entsoe.eu,false,
2021-11-21 09:00:00,Italy,North Italy,IT-NO,369.28,465.63,23.12,21.28,entsoe.eu,false,
2021-11-21 10:00:00,Italy,North Italy,IT-NO,367.7,463.52,23.57,21.82,entsoe.eu,false,
2021-11-21 11:00:00,Italy,North Italy,IT-NO,373.8,470.53,22.47,20.67,entsoe.eu,false,
2021-11-21 12:00:00,Italy,North Italy,IT-NO,381.0,481.6,20.37,19.15,entsoe.eu,false,
2021-11-21 13:00:00,Italy,North Italy,IT-NO,383.17,483.91,20.84,18.58,entsoe.eu,false,
2021-11-21 14:00:00,Italy,North Italy,IT-NO,384.95,486.17,20.45,16.67,entsoe.eu,false,
2021-11-21 15:00:00,Italy,North Italy,IT-NO,385.23,486.07,20.06,17.2,entsoe.eu,false,
2021-11-21 16:00:00,Italy,North Italy,IT-NO,360.84,455.74,25.89,23.53,entsoe.eu,false,
2021-11-21 17:00:00,Italy,North Italy,IT-NO,352.09,443.72,28.29,26.19,entsoe.eu,false,
2021-11-21 18:00:00,Italy,North Italy,IT-NO,346.37,434.44,31.52,28.57,entsoe.eu,false,
2021-11-21 19:00:00,Italy,North Italy,IT-NO,351.51,440.24,30.87,26.03,entsoe.eu,false,
2021-11-21 20:00:00,Italy,North Italy,IT-NO,374.09,468.9,25.18,20.54,entsoe.eu,false,
2021-11-21 21:00:00,Italy,North Italy,IT-NO,380.89,477.84,23.18,17.95,entsoe.eu,false,
2021-11-21 22:00:00,Italy,North Italy,IT-NO,391.03,489.76,20.97,17.29,entsoe.eu,false,
2021-11-21 23:00:00,Italy,North Italy,IT-NO,389.3,488.32,21.3,16.65,entsoe.eu,false,
2021-11-22 00:00:00,Italy,North Italy,IT-NO,387.88,485.85,21.87,16.5,entsoe.eu,false,
2021-11-22 01:00:00,Italy,North Italy,IT-NO,382.92,477.93,23.61,16.82,entsoe.eu,false,
2021-11-22 02:00:00,Italy,North Italy,IT-NO,370.1,460.3,27.58,17.79,entsoe.eu,false,
2021-11-22 03:00:00,Italy,North Italy,IT-NO,371.38,465.17,26.35,17.65,entsoe.eu,false,
2021-11-22 04:00:00,Italy,North Italy,IT-NO,378.25,474.53,24.21,16.7,entsoe.eu,false,
2021-11-22 05:00:00,Italy,North Italy,IT-NO,359.52,454.77,25.47,17.94,entsoe.eu,false,
2021-11-22 06:00:00,Italy,North Italy,IT-NO,341.83,432.65,28.82,24.33,entsoe.eu,false,
2021-11-22 07:00:00,Italy,North Italy,IT-NO,324.47,409.94,33.54,28.95,entsoe.eu,false,
2021-11-22 08:00:00,Italy,North Italy,IT-NO,319.39,404.2,34.43,29.17,entsoe.eu,false,
2021-11-22 09:00:00,Italy,North Italy,IT-NO,322.46,405.6,35.71,30.44,entsoe.eu,false,
2021-11-22 10:00:00,Italy,North Italy,IT-NO,316.29,398.77,36.43,30.32,entsoe.eu,false,
2021-11-22 11:00:00,Italy,North Italy,IT-NO,326.44,413.7,32.42,26.47,entsoe.eu,false,
2021-11-22 12:00:00,Italy,North Italy,IT-NO,327.96,415.23,32.3,25.96,entsoe.eu,false,
2021-11-22 13:00:00,Italy,North Italy,IT-NO,324.29,409.26,34.21,27.52,entsoe.eu,false,
2021-11-22 14:00:00,Italy,North Italy,IT-NO,319.56,402.37,35.73,28.09,entsoe.eu,false,
2021-11-22 15:00:00,Italy,North Italy,IT-NO,309.69,389.65,38.2,29.87,entsoe.eu,false,
2021-11-22 16:00:00,Italy,North Italy,IT-NO,310.24,388.47,39.43,33.78,entsoe.eu,false,
2021-11-22 17:00:00,Italy,North Italy,IT-NO,310.83,391.01,37.76,32.63,entsoe.eu,false,
2021-11-22 18:00:00,Italy,North Italy,IT-NO,319.72,402.81,35.38,30.59,entsoe.eu,false,
2021-11-22 19:00:00,Italy,North Italy,IT-NO,330.18,417.56,31.86,25.72,entsoe.eu,false,
2021-11-22 20:00:00,Italy,North Italy,IT-NO,362.38,456.83,25.08,19.02,entsoe.eu,false,
2021-11-22 21:00:00,Italy,North Italy,IT-NO,384.74,483.87,20.11,15.95,entsoe.eu,false,
2021-11-22 22:00:00,Italy,North Italy,IT-NO,406.18,511.57,14.51,12.58,entsoe.eu,false,
2021-11-22 23:00:00,Italy,North Italy,IT-NO,396.27,497.78,17.82,14.9,entsoe.eu,false,
2021-11-23 00:00:00,Italy,North Italy,IT-NO,389.6,488.76,20.05,15.13,entsoe.eu,false,
2021-11-23 01:00:00,Italy,North Italy,IT-NO,372.33,466.99,24.13,16.75,entsoe.eu,false,
2021-11-23 02:00:00,Italy,North Italy,IT-NO,372.32,466.26,24.42,16.75,entsoe.eu,false,
2021-11-23 03:00:00,Italy,North Italy,IT-NO,368.44,461.03,25.87,17.91,entsoe.eu,false,
2021-11-23 04:00:00,Italy,North Italy,IT-NO,379.35,476.31,22.36,15.79,entsoe.eu,false,
2021-11-23 05:00:00,Italy,North Italy,IT-NO,372.28,470.16,22.27,17.54,entsoe.eu,false,
2021-11-23 06:00:00,Italy,North Italy,IT-NO,340.27,430.75,29.13,25.3,entsoe.eu,false,
2021-11-23 07:00:00,Italy,North Italy,IT-NO,325.31,408.62,35.48,31.97,entsoe.eu,false,
2021-11-23 08:00:00,Italy,North Italy,IT-NO,314.37,397.42,36.39,32.42,entsoe.eu,false,
2021-11-23 09:00:00,Italy,North Italy,IT-NO,313.69,397.21,36.29,32.42,entsoe.eu,false,
2021-11-23 10:00:00,Italy,North Italy,IT-NO,307.4,389.82,37.57,32.89,entsoe.eu,false,
2021-11-23 11:00:00,Italy,North Italy,IT-NO,321.59,408.7,33.73,29.8,entsoe.eu,false,
2021-11-23 12:00:00,Italy,North Italy,IT-NO,319.8,406.12,34.31,28.97,entsoe.eu,false,
2021-11-23 13:00:00,Italy,North Italy,IT-NO,312.38,397.02,35.6,28.66,entsoe.eu,false,
2021-11-23 14:00:00,Italy,North Italy,IT-NO,320.46,404.93,34.44,27.3,entsoe.eu,false,
2021-11-23 15:00:00,Italy,North Italy,IT-NO,322.01,404.6,35.01,28.87,entsoe.eu,false,
2021-11-23 16:00:00,Italy,North Italy,IT-NO,339.31,422.12,34.43,32.53,entsoe.eu,false,
2021-11-23 17:00:00,Italy,North Italy,IT-NO,343.53,427.92,32.7,31.53,entsoe.eu,false,
2021-11-23 18:00:00,Italy,North Italy,IT-NO,339.9,424.03,32.97,31.34,entsoe.eu,false,
2021-11-23 19:00:00,Italy,North Italy,IT-NO,346.49,438.28,27.2,23.82,entsoe.eu,false,
2021-11-23 20:00:00,Italy,North Italy,IT-NO,373.88,472.81,20.61,17.96,entsoe.eu,false,
2021-11-23 21:00:00,Italy,North Italy,IT-NO,397.6,502.12,15.38,14.2,entsoe.eu,false,
2021-11-23 22:00:00,Italy,North Italy,IT-NO,397.78,501.73,15.91,14.66,entsoe.eu,false,
2021-11-23 23:00:00,Italy,North Italy,IT-NO,404.9,510.2,14.9,13.43,entsoe.eu,false,
2021-11-24 00:00:00,Italy,North Italy,IT-NO,403.64,506.65,15.81,14.11,entsoe.eu,false,
2021-11-24 01:00:00,Italy,North Italy,IT-NO,403.74,505.11,16.75,14.65,entsoe.eu,false,
2021-11-24 02:00:00,Italy,North Italy,IT-NO,404.95,506.84,16.52,14.34,entsoe.eu,false,
2021-11-24 03:00:00,Italy,North Italy,IT-NO,402.64,504.84,16.96,14.52,entsoe.eu,false,
2021-11-24 04:00:00,Italy,North Italy,IT-NO,405.02,510.17,15.34,13.47,entsoe.eu,false,
2021-11-24 05:00:00,Italy,North Italy,IT-NO,385.5,486.98,18.74,15.45,entsoe.eu,false,
2021-11-24 06:00:00,Italy,North Italy,IT-NO,365.01,460.72,24.09,22.8,entsoe.eu,false,
2021-11-24 07:00:00,Italy,North Italy,IT-NO,349.99,438.86,29.73,28.84,entsoe.eu,false,
2021-11-24 08:00:00,Italy,North Italy,IT-NO,342.54,429.48,31.43,30.7,entsoe.eu,false,
2021-11-24 09:00:00,Italy,North Italy,IT-NO,337.35,425.3,31.01,29.92,entsoe.eu,false,
2021-11-24 10:00:00,Italy,North Italy,IT-NO,336.44,426.88,29.39,27.82,entsoe.eu,false,
2021-11-24 11:00:00,Italy,North Italy,IT-NO,343.69,437.17,27.19,26.3,entsoe.eu,false,
2021-11-24 12:00:00,Italy,North Italy,IT-NO,345.9,440.15,26.56,25.6,entsoe.eu,false,
2021-11-24 13:00:00,Italy,North Italy,IT-NO,347.08,441.18,26.27,24.75,entsoe.eu,false,
2021-11-24 14:00:00,Italy,North Italy,IT-NO,344.97,437.76,27.19,25.32,entsoe.eu,false,
2021-11-24 15:00:00,Italy,North Italy,IT-NO,336.79,425.3,30.34,27.64,entsoe.eu,false,
2021-11-24 16:00:00,Italy,North Italy,IT-NO,351.72,435.39,33.57,33.18,entsoe.eu,false,
2021-11-24 17:00:00,Italy,North Italy,IT-NO,350.27,434.96,32.84,32.47,entsoe.eu,false,
2021-11-24 18:00:00,Italy,North Italy,IT-NO,354.36,441.24,30.96,30.1,entsoe.eu,false,
2021-11-24 19:00:00,Italy,North Italy,IT-NO,363.47,455.81,26.42,24.9,entsoe.eu,false,
2021-11-24 20:00:00,Italy,North Italy,IT-NO,376.22,473.39,21.81,19.56,entsoe.eu,false,
2021-11-24 21:00:00,Italy,North Italy,IT-NO,403.25,507.26,15.62,14.55,entsoe.eu,false,
2021-11-24 22:00:00,Italy,North Italy,IT-NO,410.25,515.3,14.61,13.65,entsoe.eu,false,
2021-11-24 23:00:00,Italy,North Italy,IT-NO,418.74,525.14,13.62,12.52,entsoe.eu,false,
2021-11-25 00:00:00,Italy,North Italy,IT-NO,420.78,528.26,13.15,12.03,entsoe.eu,false,
2021-11-25 01:00:00,Italy,North Italy,IT-NO,420.09,527.17,13.51,12.21,entsoe.eu,false,
2021-11-25 02:00:00,Italy,North Italy,IT-NO,419.84,524.44,13.87,12.2,entsoe.eu,false,
2021-11-25 03:00:00,Italy,North Italy,IT-NO,417.64,522.09,14.34,12.19,entsoe.eu,false,
2021-11-25 04:00:00,Italy,North Italy,IT-NO,419.14,525.28,13.98,12.91,entsoe.eu,false,
2021-11-25 05:00:00,Italy,North Italy,IT-NO,409.09,512.52,16.32,15.33,entsoe.eu,false,
2021-11-25 06:00:00,Italy,North Italy,IT-NO,382.58,474.62,25.97,25.01,entsoe.eu,false,
2021-11-25 07:00:00,Italy,North Italy,IT-NO,359.22,445.47,30.87,29.36,entsoe.eu,false,
2021-11-25 08:00:00,Italy,North Italy,IT-NO,357.06,443.56,31.25,29.8,entsoe.eu,false,
2021-11-25 09:00:00,Italy,North Italy,IT-NO,348.67,433.86,31.95,30.15,entsoe.eu,false,
2021-11-25 10:00:00,Italy,North Italy,IT-NO,351.0,437.22,31.18,29.53,entsoe.eu,false,
2021-11-25 11:00:00,Italy,North Italy,IT-NO,360.12,451.57,27.18,24.94,entsoe.eu,false,
2021-11-25 12:00:00,Italy,North Italy,IT-NO,353.51,445.66,26.7,23.3,entsoe.eu,false,
2021-11-25 13:00:00,Italy,North Italy,IT-NO,344.55,433.69,29.51,24.29,entsoe.eu,false,
2021-11-25 14:00:00,Italy,North Italy,IT-NO,330.57,414.6,33.97,28.52,entsoe.eu,false,
2021-11-25 15:00:00,Italy,North Italy,IT-NO,327.41,410.79,34.66,29.59,entsoe.eu,false,
2021-11-25 16:00:00,Italy,North Italy,IT-NO,328.04,409.83,36.12,32.5,entsoe.eu,false,
2021-11-25 17:00:00,Italy,North Italy,IT-NO,340.85,427.04,32.09,30.53,entsoe.eu,false,
2021-11-25 18:00:00,Italy,North Italy,IT-NO,349.07,438.16,29.53,27.79,entsoe.eu,false,
2021-11-25 19:00:00,Italy,North Italy,IT-NO,356.62,451.08,24.83,21.91,entsoe.eu,false,
2021-11-25 20:00:00,Italy,North Italy,IT-NO,382.99,484.57,17.93,16.4,entsoe.eu,false,
2021-11-25 21:00:00,Italy,North Italy,IT-NO,401.28,507.12,14.06,13.16,entsoe.eu,false,
2021-11-25 22:00:00,Italy,North Italy,IT-NO,404.6,510.71,13.42,12.47,entsoe.eu,false,
2021-11-25 23:00:00,Italy,North Italy,IT-NO,408.98,516.34,12.56,11.38,entsoe.eu,false,
2021-11-26 00:00:00,Italy,North Italy,IT-NO,411.01,518.58,12.15,10.8,entsoe.eu,false,
2021-11-26 01:00:00,Italy,North Italy,IT-NO,408.09,513.6,13.49,12.04,entsoe.eu,false,
2021-11-26 02:00:00,Italy,North Italy,IT-NO,404.64,508.56,15.01,13.54,entsoe.eu,false,
2021-11-26 03:00:00,Italy,North Italy,IT-NO,398.61,501.74,16.28,15.03,entsoe.eu,false,
2021-11-26 04:00:00,Italy,North Italy,IT-NO,400.21,505.44,15.41,14.58,entsoe.eu,false,
2021-11-26 05:00:00,Italy,North Italy,IT-NO,402.2,506.56,14.56,13.34,entsoe.eu,false,
2021-11-26 06:00:00,Italy,North Italy,IT-NO,374.75,471.69,21.39,19.56,entsoe.eu,false,
2021-11-26 07:00:00,Italy,North Italy,IT-NO,348.7,437.79,29.43,27.78,entsoe.eu,false,
2021-11-26 08:00:00,Italy,North Italy,IT-NO,335.23,424.4,29.91,27.64,entsoe.eu,false,
2021-11-26 09:00:00,Italy,North Italy,IT-NO,328.65,417.03,31.12,28.72,entsoe.eu,false,
2021-11-26 10:00:00,Italy,North Italy,IT-NO,322.79,410.66,31.68,29.11,entsoe.eu,false,
2021-11-26 11:00:00,Italy,North Italy,IT-NO,339.91,433.18,27.17,26.0,entsoe.eu,false,
2021-11-26 12:00:00,Italy,North Italy,IT-NO,348.16,441.49,26.01,23.41,entsoe.eu,false,
2021-11-26 13:00:00,Italy,North Italy,IT-NO,357.49,451.22,24.48,20.07,entsoe.eu,false,
2021-11-26 14:00:00,Italy,North Italy,IT-NO,360.2,453.65,24.36,18.81,entsoe.eu,false,
2021-11-26 15:00:00,Italy,North Italy,IT-NO,350.55,443.67,26.03,20.66,entsoe.eu,false,
2021-11-26 16:00:00,Italy,North Italy,IT-NO,346.56,437.41,28.04,23.88,entsoe.eu,false,
2021-11-26 17:00:00,Italy,North Italy,IT-NO,352.58,445.2,26.49,23.9,entsoe.eu,false,
2021-11-26 18:00:00,Italy,North Italy,IT-NO,362.35,457.05,24.18,22.07,entsoe.eu,false,
2021-11-26 19:00:00,Italy,North Italy,IT-NO,378.86,479.64,19.72,18.23,entsoe.eu,false,
2021-11-26 20:00:00,Italy,North Italy,IT-NO,392.93,498.14,16.19,16.19,entsoe.eu,false,
2021-11-26 21:00:00,Italy,North Italy,IT-NO,396.91,502.24,15.85,15.57,entsoe.eu,false,
2021-11-26 22:00:00,Italy,North Italy,IT-NO,397.78,500.8,17.51,17.07,entsoe.eu,false,
2021-11-26 23:00:00,Italy,North Italy,IT-NO,391.43,485.89,24.0,22.71,entsoe.eu,false,
2021-11-27 00:00:00,Italy,North Italy,IT-NO,385.07,475.53,26.44,24.92,entsoe.eu,false,
2021-11-27 01:00:00,Italy,North Italy,IT-NO,384.18,476.03,24.1,22.12,entsoe.eu,false,
2021-11-27 02:00:00,Italy,North Italy,IT-NO,377.25,468.05,25.17,21.1,entsoe.eu,false,
2021-11-27 03:00:00,Italy,North Italy,IT-NO,369.1,455.74,28.15,22.1,entsoe.eu,false,
2021-11-27 04:00:00,Italy,North Italy,IT-NO,368.23,455.3,28.11,21.23,entsoe.eu,false,
2021-11-27 05:00:00,Italy,North Italy,IT-NO,376.05,465.67,26.34,19.28,entsoe.eu,false,
2021-11-27 06:00:00,Italy,North Italy,IT-NO,365.96,454.56,27.98,22.08,entsoe.eu,false,
2021-11-27 07:00:00,Italy,North Italy,IT-NO,348.41,436.23,29.8,25.19,entsoe.eu,false,
2021-11-27 08:00:00,Italy,North Italy,IT-NO,337.16,423.69,31.82,27.55,entsoe.eu,false,
2021-11-27 09:00:00,Italy,North Italy,IT-NO,339.14,427.93,30.85,28.25,entsoe.eu,false,
2021-11-27 10:00:00,Italy,North Italy,IT-NO,352.41,445.93,26.76,24.94,entsoe.eu,false,
2021-11-27 11:00:00,Italy,North Italy,IT-NO,346.34,439.48,27.46,26.68,entsoe.eu,false,
2021-11-27 12:00:00,Italy,North Italy,IT-NO,355.78,449.84,25.82,24.89,entsoe.eu,false,
2021-11-27 13:00:00,Italy,North Italy,IT-NO,373.7,471.01,21.84,20.22,entsoe.eu,false,
2021-11-27 14:00:00,Italy,North Italy,IT-NO,387.99,488.35,18.46,17.38,entsoe.eu,false,
2021-11-27 15:00:00,Italy,North Italy,IT-NO,384.48,481.76,22.12,19.68,entsoe.eu,false,
2021-11-27 16:00:00,Italy,North Italy,IT-NO,358.5,447.33,30.06,28.53,entsoe.eu,false,
2021-11-27 17:00:00,Italy,North Italy,IT-NO,352.64,440.22,30.95,28.47,entsoe.eu,false,
2021-11-27 18:00:00,Italy,North Italy,IT-NO,358.39,446.9,29.68,26.89,entsoe.eu,false,
2021-11-27 19:00:00,Italy,North Italy,IT-NO,368.99,458.9,28.17,24.96,entsoe.eu,false,
2021-11-27 20:00:00,Italy,North Italy,IT-NO,374.25,467.61,25.26,23.56,entsoe.eu,false,
2021-11-27 21:00:00,Italy,North Italy,IT-NO,383.67,480.7,21.28,19.37,entsoe.eu,false,
2021-11-27 22:00:00,Italy,North Italy,IT-NO,383.04,477.06,22.45,19.48,entsoe.eu,false,
2021-11-27 23:00:00,Italy,North Italy,IT-NO,375.31,466.69,23.98,21.36,entsoe.eu,false,
2021-11-28 00:00:00,Italy,North Italy,IT-NO,374.51,463.93,24.63,21.92,entsoe.eu,false,
2021-11-28 01:00:00,Italy,North Italy,IT-NO,362.96,451.12,27.6,24.5,entsoe.eu,false,
2021-11-28 02:00:00,Italy,North Italy,IT-NO,370.63,457.48,26.92,22.98,entsoe.eu,false,
2021-11-28 03:00:00,Italy,North Italy,IT-NO,371.16,460.78,26.38,22.71,entsoe.eu,false,
2021-11-28 04:00:00,Italy,North Italy,IT-NO,366.12,453.38,28.9,24.41,entsoe.eu,false,
2021-11-28 05:00:00,Italy,North Italy,IT-NO,368.93,456.65,28.96,23.6,entsoe.eu,false,
2021-11-28 06:00:00,Italy,North Italy,IT-NO,362.27,450.89,29.44,25.09,entsoe.eu,false,
2021-11-28 07:00:00,Italy,North Italy,IT-NO,358.28,446.48,29.49,24.95,entsoe.eu,false,
2021-11-28 08:00:00,Italy,North Italy,IT-NO,338.08,427.9,29.28,28.36,entsoe.eu,false,
2021-11-28 09:00:00,Italy,North Italy,IT-NO,331.74,420.91,30.34,29.44,entsoe.eu,false,
2021-11-28 10:00:00,Italy,North Italy,IT-NO,343.97,437.73,27.2,26.53,entsoe.eu,false,
2021-11-28 11:00:00,Italy,North Italy,IT-NO,351.06,445.79,25.68,24.84,entsoe.eu,false,
2021-11-28 12:00:00,Italy,North Italy,IT-NO,362.71,458.57,23.63,22.62,entsoe.eu,false,
2021-11-28 13:00:00,Italy,North Italy,IT-NO,370.52,467.39,22.95,21.58,entsoe.eu,false,
2021-11-28 14:00:00,Italy,North Italy,IT-NO,381.6,480.12,20.78,19.1,entsoe.eu,false,
2021-11-28 15:00:00,Italy,North Italy,IT-NO,378.62,473.04,23.78,22.69,entsoe.eu,false,
2021-11-28 16:00:00,Italy,North Italy,IT-NO,356.93,445.84,29.63,28.98,entsoe.eu,false,
2021-11-28 17:00:00,Italy,North Italy,IT-NO,353.69,441.24,30.44,29.7,entsoe.eu,false,
2021-11-28 18:00:00,Italy,North Italy,IT-NO,352.79,438.81,30.93,29.93,entsoe.eu,false,
2021-11-28 19:00:00,Italy,North Italy,IT-NO,367.18,456.82,26.98,25.57,entsoe.eu,false,
2021-11-28 20:00:00,Italy,North Italy,IT-NO,378.44,470.17,23.88,21.38,entsoe.eu,false,
2021-11-28 21:00:00,Italy,North Italy,IT-NO,386.87,480.07,22.59,20.95,entsoe.eu,false,
2021-11-28 22:00:00,Italy,North Italy,IT-NO,385.21,480.13,20.49,18.88,entsoe.eu,false,
2021-11-28 23:00:00,Italy,North Italy,IT-NO,382.6,478.1,21.33,19.99,entsoe.eu,false,
2021-11-29 00:00:00,Italy,North Italy,IT-NO,386.18,481.83,20.75,19.25,entsoe.eu,false,
2021-11-29 01:00:00,Italy,North Italy,IT-NO,388.42,485.1,20.21,18.87,entsoe.eu,false,
2021-11-29 02:00:00,Italy,North Italy,IT-NO,388.6,483.79,20.35,18.85,entsoe.eu,false,
2021-11-29 03:00:00,Italy,North Italy,IT-NO,379.92,472.76,23.37,21.08,entsoe.eu,false,
2021-11-29 04:00:00,Italy,North Italy,IT-NO,386.49,482.32,21.11,19.21,entsoe.eu,false,
2021-11-29 05:00:00,Italy,North Italy,IT-NO,377.35,473.96,21.01,19.38,entsoe.eu,false,
2021-11-29 06:00:00,Italy,North Italy,IT-NO,362.46,449.49,28.69,27.22,entsoe.eu,false,
2021-11-29 07:00:00,Italy,North Italy,IT-NO,338.83,419.37,35.43,33.79,entsoe.eu,false,
2021-11-29 08:00:00,Italy,North Italy,IT-NO,332.15,411.7,36.73,35.1,entsoe.eu,false,
2021-11-29 09:00:00,Italy,North Italy,IT-NO,326.95,407.8,35.84,34.13,entsoe.eu,false,
2021-11-29 10:00:00,Italy,North Italy,IT-NO,326.92,410.42,33.89,32.4,entsoe.eu,false,
2021-11-29 11:00:00,Italy,North Italy,IT-NO,343.11,431.02,30.14,29.36,entsoe.eu,false,
2021-11-29 12:00:00,Italy,North Italy,IT-NO,354.94,444.34,27.82,26.4,entsoe.eu,false,
2021-11-29 13:00:00,Italy,North Italy,IT-NO,351.04,438.46,29.67,27.27,entsoe.eu,false,
2021-11-29 14:00:00,Italy,North Italy,IT-NO,353.34,439.16,31.06,28.92,entsoe.eu,false,
2021-11-29 15:00:00,Italy,North Italy,IT-NO,355.03,441.35,31.06,29.51,entsoe.eu,false,
2021-11-29 16:00:00,Italy,North Italy,IT-NO,353.12,437.93,31.89,31.09,entsoe.eu,false,
2021-11-29 17:00:00,Italy,North Italy,IT-NO,347.48,431.27,32.24,31.24,entsoe.eu,false,
2021-11-29 18:00:00,Italy,North Italy,IT-NO,340.83,427.33,30.97,29.36,entsoe.eu,false,
2021-11-29 19:00:00,Italy,North Italy,IT-NO,350.05,441.25,26.38,23.6,entsoe.eu,false,
2021-11-29 20:00:00,Italy,North Italy,IT-NO,373.79,471.31,20.16,18.29,entsoe.eu,false,
2021-11-29 21:00:00,Italy,North Italy,IT-NO,382.43,484.5,17.63,16.83,entsoe.eu,false,
2021-11-29 22:00:00,Italy,North Italy,IT-NO,382.83,481.45,18.04,16.88,entsoe.eu,false,
2021-11-29 23:00:00,Italy,North Italy,IT-NO,383.07,481.1,17.77,16.6,entsoe.eu,false,
2021-11-30 00:00:00,Italy,North Italy,IT-NO,388.43,488.31,16.27,15.22,entsoe.eu,false,
2021-11-30 01:00:00,Italy,North Italy,IT-NO,383.84,483.37,17.41,16.38,entsoe.eu,false,
2021-11-30 02:00:00,Italy,North Italy,IT-NO,382.0,479.58,18.6,17.31,entsoe.eu,false,
2021-11-30 03:00:00,Italy,North Italy,IT-NO,381.94,478.4,18.36,16.45,entsoe.eu,false,
2021-11-30 04:00:00,Italy,North Italy,IT-NO,387.25,485.48,16.76,15.02,entsoe.eu,false,
2021-11-30 05:00:00,Italy,North Italy,IT-NO,371.53,470.05,19.81,17.68,entsoe.eu,false,
2021-11-30 06:00:00,Italy,North Italy,IT-NO,351.06,441.75,25.34,22.28,entsoe.eu,false,
2021-11-30 07:00:00,Italy,North Italy,IT-NO,325.3,410.47,32.42,29.3,entsoe.eu,false,
2021-11-30 08:00:00,Italy,North Italy,IT-NO,320.16,406.74,32.16,29.57,entsoe.eu,false,
2021-11-30 09:00:00,Italy,North Italy,IT-NO,320.78,409.28,30.74,28.45,entsoe.eu,false,
2021-11-30 10:00:00,Italy,North Italy,IT-NO,324.8,415.07,29.78,27.95,entsoe.eu,false,
2021-11-30 11:00:00,Italy,North Italy,IT-NO,329.97,421.43,28.19,27.58,entsoe.eu,false,
2021-11-30 12:00:00,Italy,North Italy,IT-NO,337.93,429.9,26.9,25.52,entsoe.eu,false,
2021-11-30 13:00:00,Italy,North Italy,IT-NO,344.55,436.29,26.19,23.02,entsoe.eu,false,
2021-11-30 14:00:00,Italy,North Italy,IT-NO,336.68,425.92,28.87,23.47,entsoe.eu,false,
2021-11-30 15:00:00,Italy,North Italy,IT-NO,327.12,414.21,31.53,26.0,entsoe.eu,false,
2021-11-30 16:00:00,Italy,North Italy,IT-NO,321.55,407.49,32.81,28.47,entsoe.eu,false,
2021-11-30 17:00:00,Italy,North Italy,IT-NO,327.67,415.18,31.16,28.07,entsoe.eu,false,
2021-11-30 18:00:00,Italy,North Italy,IT-NO,338.29,427.71,28.94,25.76,entsoe.eu,false,
2021-11-30 19:00:00,Italy,North Italy,IT-NO,357.6,450.95,25.05,21.88,entsoe.eu,false,
2021-11-30 20:00:00,Italy,North Italy,IT-NO,379.27,479.46,19.37,16.99,entsoe.eu,false,
2021-11-30 21:00:00,Italy,North Italy,IT-NO,394.88,498.84,14.82,13.79,entsoe.eu,false,
2021-11-30 22:00:00,Italy,North Italy,IT-NO,389.23,490.55,16.43,14.93,entsoe.eu,false,
2021-11-30 23:00:00,Italy,North Italy,IT-NO,366.54,458.65,24.8,20.69,entsoe.eu,false,
2021-12-01 00:00:00,Italy,North Italy,IT-NO,366.54,457.76,24.75,20.19,entsoe.eu,false,
2021-12-01 01:00:00,Italy,North Italy,IT-NO,363.84,451.55,25.95,20.82,entsoe.eu,false,
2021-12-01 02:00:00,Italy,North Italy,IT-NO,347.71,432.47,29.72,22.85,entsoe.eu,false,
2021-12-01 03:00:00,Italy,North Italy,IT-NO,350.43,437.42,28.2,21.71,entsoe.eu,false,
2021-12-01 04:00:00,Italy,North Italy,IT-NO,367.96,461.79,23.1,18.42,entsoe.eu,false,
2021-12-01 05:00:00,Italy,North Italy,IT-NO,372.07,471.51,20.58,17.45,entsoe.eu,false,
2021-12-01 06:00:00,Italy,North Italy,IT-NO,353.46,444.73,27.34,23.63,entsoe.eu,false,
2021-12-01 07:00:00,Italy,North Italy,IT-NO,318.66,403.31,33.38,27.33,entsoe.eu,false,
2021-12-01 08:00:00,Italy,North Italy,IT-NO,316.38,400.96,33.49,28.31,entsoe.eu,false,
2021-12-01 09:00:00,Italy,North Italy,IT-NO,312.65,396.02,34.59,29.19,entsoe.eu,false,
2021-12-01 10:00:00,Italy,North Italy,IT-NO,312.66,396.27,34.56,29.57,entsoe.eu,false,
2021-12-01 11:00:00,Italy,North Italy,IT-NO,335.08,424.41,29.76,26.88,entsoe.eu,false,
2021-12-01 12:00:00,Italy,North Italy,IT-NO,346.96,438.88,26.02,21.7,entsoe.eu,false,
2021-12-01 13:00:00,Italy,North Italy,IT-NO,342.64,433.76,26.84,21.6,entsoe.eu,false,
2021-12-01 14:00:00,Italy,North Italy,IT-NO,328.22,416.26,30.25,24.13,entsoe.eu,false,
2021-12-01 15:00:00,Italy,North Italy,IT-NO,326.72,414.67,30.56,25.02,entsoe.eu,false,
2021-12-01 16:00:00,Italy,North Italy,IT-NO,335.67,422.16,31.8,28.19,entsoe.eu,false,
2021-12-01 17:00:00,Italy,North Italy,IT-NO,330.89,417.9,31.62,27.95,entsoe.eu,false,
2021-12-01 18:00:00,Italy,North Italy,IT-NO,341.5,429.98,30.12,27.05,entsoe.eu,false,
2021-12-01 19:00:00,Italy,North Italy,IT-NO,355.75,451.25,23.88,20.92,entsoe.eu,false,
2021-12-01 20:00:00,Italy,North Italy,IT-NO,381.11,482.68,17.67,15.99,entsoe.eu,false,
2021-12-01 21:00:00,Italy,North Italy,IT-NO,389.66,492.71,15.86,14.85,entsoe.eu,false,
2021-12-01 22:00:00,Italy,North Italy,IT-NO,393.54,498.63,14.97,14.27,entsoe.eu,false,
2021-12-01 23:00:00,Italy,North Italy,IT-NO,390.31,491.48,16.97,15.77,entsoe.eu,false,
2021-12-02 00:00:00,Italy,North Italy,IT-NO,386.1,482.74,19.04,17.36,entsoe.eu,false,
2021-12-02 01:00:00,Italy,North Italy,IT-NO,379.88,475.52,20.69,18.34,entsoe.eu,false,
2021-12-02 02:00:00,Italy,North Italy,IT-NO,351.73,439.6,28.18,21.21,entsoe.eu,false,
2021-12-02 03:00:00,Italy,North Italy,IT-NO,358.07,445.89,27.07,20.48,entsoe.eu,false,
2021-12-02 04:00:00,Italy,North Italy,IT-NO,376.91,470.46,22.39,18.53,entsoe.eu,false,
2021-12-02 05:00:00,Italy,North Italy,IT-NO,384.56,487.25,17.99,15.86,entsoe.eu,false,
2021-12-02 06:00:00,Italy,North Italy,IT-NO,353.45,447.42,25.21,23.0,entsoe.eu,false,
2021-12-02 07:00:00,Italy,North Italy,IT-NO,333.87,421.34,30.34,27.14,entsoe.eu,false,
2021-12-02 08:00:00,Italy,North Italy,IT-NO,335.54,423.74,30.23,25.96,entsoe.eu,false,
2021-12-02 09:00:00,Italy,North Italy,IT-NO,336.11,425.69,28.98,24.31,entsoe.eu,false,
2021-12-02 10:00:00,Italy,North Italy,IT-NO,342.87,433.75,27.87,23.09,entsoe.eu,false,
2021-12-02 11:00:00,Italy,North Italy,IT-NO,356.54,451.95,24.27,20.71,entsoe.eu,false,
2021-12-02 12:00:00,Italy,North Italy,IT-NO,356.47,451.73,24.08,20.23,entsoe.eu,false,
2021-12-02 13:00:00,Italy,North Italy,IT-NO,341.86,432.93,27.98,23.38,entsoe.eu,false,
2021-12-02 14:00:00,Italy,North Italy,IT-NO,339.6,428.78,29.82,25.45,entsoe.eu,false,
2021-12-02 15:00:00,Italy,North Italy,IT-NO,331.88,418.71,31.68,27.77,entsoe.eu,false,
2021-12-02 16:00:00,Italy,North Italy,IT-NO,344.01,428.46,32.86,31.33,entsoe.eu,false,
2021-12-02 17:00:00,Italy,North Italy,IT-NO,347.86,435.06,30.4,29.06,entsoe.eu,false,
2021-12-02 18:00:00,Italy,North Italy,IT-NO,346.24,435.68,28.77,27.51,entsoe.eu,false,
2021-12-02 19:00:00,Italy,North Italy,IT-NO,360.32,455.18,23.96,22.9,entsoe.eu,false,
2021-12-02 20:00:00,Italy,North Italy,IT-NO,379.58,479.34,18.77,18.05,entsoe.eu,false,
2021-12-02 21:00:00,Italy,North Italy,IT-NO,380.1,482.66,18.18,17.97,entsoe.eu,false,
2021-12-02 22:00:00,Italy,North Italy,IT-NO,382.8,488.06,16.24,16.1,entsoe.eu,false,
2021-12-02 23:00:00,Italy,North Italy,IT-NO,387.74,489.72,16.28,15.34,entsoe.eu,false,
2021-12-03 00:00:00,Italy,North Italy,IT-NO,379.69,480.5,17.88,16.99,entsoe.eu,false,
2021-12-03 01:00:00,Italy,North Italy,IT-NO,382.64,482.21,17.73,16.68,entsoe.eu,false,
2021-12-03 02:00:00,Italy,North Italy,IT-NO,389.04,489.42,16.93,15.7,entsoe.eu,false,
2021-12-03 03:00:00,Italy,North Italy,IT-NO,393.4,495.9,15.59,14.37,entsoe.eu,false,
2021-12-03 04:00:00,Italy,North Italy,IT-NO,392.67,496.91,15.37,14.46,entsoe.eu,false,
2021-12-03 05:00:00,Italy,North Italy,IT-NO,380.69,478.61,18.46,16.47,entsoe.eu,false,
2021-12-03 06:00:00,Italy,North Italy,IT-NO,358.01,448.69,25.81,23.44,entsoe.eu,false,
2021-12-03 07:00:00,Italy,North Italy,IT-NO,340.49,425.06,32.18,29.74,entsoe.eu,false,
2021-12-03 08:00:00,Italy,North Italy,IT-NO,322.86,408.26,32.26,28.71,entsoe.eu,false,
2021-12-03 09:00:00,Italy,North Italy,IT-NO,321.22,408.1,31.57,27.57,entsoe.eu,false,
2021-12-03 10:00:00,Italy,North Italy,IT-NO,330.3,418.85,29.93,25.52,entsoe.eu,false,
2021-12-03 11:00:00,Italy,North Italy,IT-NO,345.67,439.13,25.51,22.71,entsoe.eu,false,
2021-12-03 12:00:00,Italy,North Italy,IT-NO,344.0,436.7,26.06,22.25,entsoe.eu,false,
2021-12-03 13:00:00,Italy,North Italy,IT-NO,341.3,432.37,27.0,22.57,entsoe.eu,false,
2021-12-03 14:00:00,Italy,North Italy,IT-NO,336.1,424.99,28.56,22.71,entsoe.eu,false,
2021-12-03 15:00:00,Italy,North Italy,IT-NO,332.05,420.98,29.37,24.05,entsoe.eu,false,
2021-12-03 16:00:00,Italy,North Italy,IT-NO,337.93,426.08,29.61,26.02,entsoe.eu,false,
2021-12-03 17:00:00,Italy,North Italy,IT-NO,337.43,424.98,30.19,27.38,entsoe.eu,false,
2021-12-03 18:00:00,Italy,North Italy,IT-NO,344.69,435.78,27.38,24.92,entsoe.eu,false,
2021-12-03 19:00:00,Italy,North Italy,IT-NO,363.69,461.18,21.21,19.29,entsoe.eu,false,
2021-12-03 20:00:00,Italy,North Italy,IT-NO,387.06,490.69,15.55,14.42,entsoe.eu,false,
2021-12-03 21:00:00,Italy,North Italy,IT-NO,396.76,501.3,14.16,13.28,entsoe.eu,false,
2021-12-03 22:00:00,Italy,North Italy,IT-NO,391.75,491.98,16.43,15.2,entsoe.eu,false,
2021-12-03 23:00:00,Italy,North Italy,IT-NO,367.86,461.45,22.08,20.34,entsoe.eu,false,
2021-12-04 00:00:00,Italy,North Italy,IT-NO,370.93,464.65,21.26,19.76,entsoe.eu,false,
2021-12-04 01:00:00,Italy,North Italy,IT-NO,359.94,446.09,25.57,18.67,entsoe.eu,false,
2021-12-04 02:00:00,Italy,North Italy,IT-NO,362.61,449.66,25.28,18.19,entsoe.eu,false,
2021-12-04 03:00:00,Italy,North Italy,IT-NO,350.01,436.18,28.79,19.54,entsoe.eu,false,
2021-12-04 04:00:00,Italy,North Italy,IT-NO,353.55,441.94,27.82,18.31,entsoe.eu,false,
2021-12-04 05:00:00,Italy,North Italy,IT-NO,363.35,454.41,25.64,17.83,entsoe.eu,false,
2021-12-04 06:00:00,Italy,North Italy,IT-NO,346.98,434.88,28.17,20.35,entsoe.eu,false,
2021-12-04 07:00:00,Italy,North Italy,IT-NO,333.02,419.99,31.1,24.28,entsoe.eu,false,
2021-12-04 08:00:00,Italy,North Italy,IT-NO,317.68,401.77,34.57,28.96,entsoe.eu,false,
2021-12-04 09:00:00,Italy,North Italy,IT-NO,320.13,406.3,32.59,28.38,entsoe.eu,false,
2021-12-04 10:00:00,Italy,North Italy,IT-NO,323.77,411.15,31.14,26.57,entsoe.eu,false,
2021-12-04 11:00:00,Italy,North Italy,IT-NO,334.21,425.32,28.11,25.64,entsoe.eu,false,
2021-12-04 12:00:00,Italy,North Italy,IT-NO,355.08,450.54,23.99,20.33,entsoe.eu,false,
2021-12-04 13:00:00,Italy,North Italy,IT-NO,360.63,459.56,22.78,17.84,entsoe.eu,false,
2021-12-04 14:00:00,Italy,North Italy,IT-NO,362.38,460.52,23.3,17.6,entsoe.eu,false,
2021-12-04 15:00:00,Italy,North Italy,IT-NO,345.83,439.89,26.84,20.96,entsoe.eu,false,
2021-12-04 16:00:00,Italy,North Italy,IT-NO,343.64,437.51,26.92,21.79,entsoe.eu,false,
2021-12-04 17:00:00,Italy,North Italy,IT-NO,337.86,428.95,29.39,23.51,entsoe.eu,false,
2021-12-04 18:00:00,Italy,North Italy,IT-NO,336.22,426.78,29.91,23.43,entsoe.eu,false,
2021-12-04 19:00:00,Italy,North Italy,IT-NO,358.33,454.18,24.65,20.06,entsoe.eu,false,
2021-12-04 20:00:00,Italy,North Italy,IT-NO,372.68,472.24,20.18,17.65,entsoe.eu,false,
2021-12-04 21:00:00,Italy,North Italy,IT-NO,396.51,501.43,14.1,12.64,entsoe.eu,false,
2021-12-04 22:00:00,Italy,North Italy,IT-NO,393.87,495.98,15.17,13.33,entsoe.eu,false,
2021-12-04 23:00:00,Italy,North Italy,IT-NO,328.26,407.35,34.04,26.41,entsoe.eu,false,
2021-12-05 00:00:00,Italy,North Italy,IT-NO,334.15,415.96,32.65,27.07,entsoe.eu,false,
2021-12-05 01:00:00,Italy,North Italy,IT-NO,333.93,416.11,32.53,27.42,entsoe.eu,false,
2021-12-05 02:00:00,Italy,North Italy,IT-NO,309.99,384.04,39.27,30.57,entsoe.eu,false,
2021-12-05 03:00:00,Italy,North Italy,IT-NO,294.31,364.96,42.75,32.1,entsoe.eu,false,
2021-12-05 04:00:00,Italy,North Italy,IT-NO,301.93,374.66,41.03,30.36,entsoe.eu,false,
2021-12-05 05:00:00,Italy,North Italy,IT-NO,318.85,397.1,37.16,26.96,entsoe.eu,false,
2021-12-05 06:00:00,Italy,North Italy,IT-NO,321.88,403.04,35.77,26.58,entsoe.eu,false,
2021-12-05 07:00:00,Italy,North Italy,IT-NO,309.66,387.83,37.66,27.28,entsoe.eu,false,
2021-12-05 08:00:00,Italy,North Italy,IT-NO,317.57,402.05,33.99,29.26,entsoe.eu,false,
2021-12-05 09:00:00,Italy,North Italy,IT-NO,318.55,405.49,33.21,30.52,entsoe.eu,false,
2021-12-05 10:00:00,Italy,North Italy,IT-NO,319.92,406.06,33.56,30.77,entsoe.eu,false,
2021-12-05 11:00:00,Italy,North Italy,IT-NO,324.96,408.53,34.93,33.1,entsoe.eu,false,
2021-12-05 12:00:00,Italy,North Italy,IT-NO,319.31,402.34,34.63,32.67,entsoe.eu,false,
2021-12-05 13:00:00,Italy,North Italy,IT-NO,338.28,424.16,29.78,26.1,entsoe.eu,false,
2021-12-05 14:00:00,Italy,North Italy,IT-NO,355.73,446.18,25.82,21.58,entsoe.eu,false,
2021-12-05 15:00:00,Italy,North Italy,IT-NO,353.25,444.25,26.26,21.34,entsoe.eu,false,
2021-12-05 16:00:00,Italy,North Italy,IT-NO,355.16,447.83,25.07,23.82,entsoe.eu,false,
2021-12-05 17:00:00,Italy,North Italy,IT-NO,354.8,442.14,29.49,28.36,entsoe.eu,false,
2021-12-05 18:00:00,Italy,North Italy,IT-NO,347.24,431.53,31.36,30.25,entsoe.eu,false,
2021-12-05 19:00:00,Italy,North Italy,IT-NO,368.74,459.77,25.14,23.86,entsoe.eu,false,
2021-12-05 20:00:00,Italy,North Italy,IT-NO,380.41,479.29,18.22,16.05,entsoe.eu,false,
2021-12-05 21:00:00,Italy,North Italy,IT-NO,387.93,488.08,16.48,14.94,entsoe.eu,false,
2021-12-05 22:00:00,Italy,North Italy,IT-NO,389.99,488.0,16.94,15.2,entsoe.eu,false,
2021-12-05 23:00:00,Italy,North Italy,IT-NO,385.71,481.69,18.3,16.54,entsoe.eu,false,
2021-12-06 00:00:00,Italy,North Italy,IT-NO,388.08,486.77,17.42,16.07,entsoe.eu,false,
2021-12-06 01:00:00,Italy,North Italy,IT-NO,386.66,483.75,18.46,16.99,entsoe.eu,false,
2021-12-06 02:00:00,Italy,North Italy,IT-NO,376.96,470.24,21.88,18.88,entsoe.eu,false,
2021-12-06 03:00:00,Italy,North Italy,IT-NO,359.41,447.64,27.15,20.26,entsoe.eu,false,
2021-12-06 04:00:00,Italy,North Italy,IT-NO,379.87,478.41,20.44,16.98,entsoe.eu,false,
2021-12-06 05:00:00,Italy,North Italy,IT-NO,388.83,490.03,17.89,17.08,entsoe.eu,false,
2021-12-06 06:00:00,Italy,North Italy,IT-NO,365.96,460.49,24.36,23.91,entsoe.eu,false,
2021-12-06 07:00:00,Italy,North Italy,IT-NO,347.82,434.08,31.52,31.08,entsoe.eu,false,
2021-12-06 08:00:00,Italy,North Italy,IT-NO,344.43,431.19,31.36,30.78,entsoe.eu,false,
2021-12-06 09:00:00,Italy,North Italy,IT-NO,341.28,429.2,30.33,29.4,entsoe.eu,false,
2021-12-06 10:00:00,Italy,North Italy,IT-NO,339.99,431.01,28.13,26.86,entsoe.eu,false,
2021-12-06 11:00:00,Italy,North Italy,IT-NO,343.93,437.85,26.05,25.32,entsoe.eu,false,
2021-12-06 12:00:00,Italy,North Italy,IT-NO,344.99,439.28,25.61,23.94,entsoe.eu,false,
2021-12-06 13:00:00,Italy,North Italy,IT-NO,348.39,441.65,25.36,21.43,entsoe.eu,false,
2021-12-06 14:00:00,Italy,North Italy,IT-NO,349.15,443.33,25.66,20.53,entsoe.eu,false,
2021-12-06 15:00:00,Italy,North Italy,IT-NO,338.3,429.54,28.62,22.61,entsoe.eu,false,
2021-12-06 16:00:00,Italy,North Italy,IT-NO,336.18,425.74,29.72,24.83,entsoe.eu,false,
2021-12-06 17:00:00,Italy,North Italy,IT-NO,340.89,431.96,28.07,24.16,entsoe.eu,false,
2021-12-06 18:00:00,Italy,North Italy,IT-NO,350.93,444.12,25.38,22.02,entsoe.eu,false,
2021-12-06 19:00:00,Italy,North Italy,IT-NO,379.54,477.57,19.53,17.04,entsoe.eu,false,
2021-12-06 20:00:00,Italy,North Italy,IT-NO,393.41,495.59,15.28,14.26,entsoe.eu,false,
2021-12-06 21:00:00,Italy,North Italy,IT-NO,395.48,497.29,15.52,14.16,entsoe.eu,false,
2021-12-06 22:00:00,Italy,North Italy,IT-NO,389.74,489.53,17.53,16.38,entsoe.eu,false,
2021-12-06 23:00:00,Italy,North Italy,IT-NO,374.18,470.87,21.75,19.78,entsoe.eu,false,
2021-12-07 00:00:00,Italy,North Italy,IT-NO,377.94,473.58,20.81,18.56,entsoe.eu,false,
2021-12-07 01:00:00,Italy,North Italy,IT-NO,385.51,484.4,18.85,17.72,entsoe.eu,false,
2021-12-07 02:00:00,Italy,North Italy,IT-NO,386.62,486.26,18.61,17.57,entsoe.eu,false,
2021-12-07 03:00:00,Italy,North Italy,IT-NO,384.63,483.39,19.12,17.27,entsoe.eu,false,
2021-12-07 04:00:00,Italy,North Italy,IT-NO,392.24,495.2,16.69,15.9,entsoe.eu,false,
2021-12-07 05:00:00,Italy,North Italy,IT-NO,393.54,495.71,16.16,14.24,entsoe.eu,false,
2021-12-07 06:00:00,Italy,North Italy,IT-NO,366.35,461.11,23.03,20.62,entsoe.eu,false,
2021-12-07 07:00:00,Italy,North Italy,IT-NO,339.43,428.15,29.54,26.83,entsoe.eu,false,
2021-12-07 08:00:00,Italy,North Italy,IT-NO,334.89,423.47,29.86,27.75,entsoe.eu,false,
2021-12-07 09:00:00,Italy,North Italy,IT-NO,332.1,422.65,29.06,26.96,entsoe.eu,false,
2021-12-07 10:00:00,Italy,North Italy,IT-NO,335.92,428.2,27.92,25.57,entsoe.eu,false,
2021-12-07 11:00:00,Italy,North Italy,IT-NO,347.24,442.61,25.12,24.31,entsoe.eu,false,
2021-12-07 12:00:00,Italy,North Italy,IT-NO,350.4,445.45,24.65,22.96,entsoe.eu,false,
2021-12-07 13:00:00,Italy,North Italy,IT-NO,351.06,445.7,25.15,20.73,entsoe.eu,false,
2021-12-07 14:00:00,Italy,North Italy,IT-NO,346.88,440.64,26.26,19.49,entsoe.eu,false,
2021-12-07 15:00:00,Italy,North Italy,IT-NO,340.42,432.29,27.92,19.42,entsoe.eu,false,
2021-12-07 16:00:00,Italy,North Italy,IT-NO,334.58,422.92,30.94,23.75,entsoe.eu,false,
2021-12-07 17:00:00,Italy,North Italy,IT-NO,341.08,430.35,29.78,23.28,entsoe.eu,false,
2021-12-07 18:00:00,Italy,North Italy,IT-NO,352.45,443.97,28.06,22.94,entsoe.eu,false,
2021-12-07 19:00:00,Italy,North Italy,IT-NO,366.53,464.47,22.69,18.02,entsoe.eu,false,
2021-12-07 20:00:00,Italy,North Italy,IT-NO,372.53,470.37,22.01,16.39,entsoe.eu,false,
2021-12-07 21:00:00,Italy,North Italy,IT-NO,378.38,477.48,20.87,16.82,entsoe.eu,false,
2021-12-07 22:00:00,Italy,North Italy,IT-NO,369.89,466.74,23.65,17.93,entsoe.eu,false,
2021-12-07 23:00:00,Italy,North Italy,IT-NO,365.23,458.1,25.66,19.22,entsoe.eu,false,
2021-12-08 00:00:00,Italy,North Italy,IT-NO,373.56,467.71,23.33,17.38,entsoe.eu,false,
2021-12-08 01:00:00,Italy,North Italy,IT-NO,370.89,464.36,24.16,17.39,entsoe.eu,false,
2021-12-08 02:00:00,Italy,North Italy,IT-NO,337.65,421.36,32.64,20.27,entsoe.eu,false,
2021-12-08 03:00:00,Italy,North Italy,IT-NO,341.7,425.97,31.87,19.51,entsoe.eu,false,
2021-12-08 04:00:00,Italy,North Italy,IT-NO,392.45,490.43,19.63,16.21,entsoe.eu,false,
2021-12-08 05:00:00,Italy,North Italy,IT-NO,394.08,495.09,18.54,16.58,entsoe.eu,false,
2021-12-08 06:00:00,Italy,North Italy,IT-NO,386.92,487.05,19.6,16.99,entsoe.eu,false,
2021-12-08 07:00:00,Italy,North Italy,IT-NO,365.44,461.09,23.98,23.25,entsoe.eu,false,
2021-12-08 08:00:00,Italy,North Italy,IT-NO,360.75,453.84,25.53,24.63,entsoe.eu,false,
2021-12-08 09:00:00,Italy,North Italy,IT-NO,351.76,437.78,30.63,29.68,entsoe.eu,false,
2021-12-08 10:00:00,Italy,North Italy,IT-NO,356.03,441.99,30.53,29.62,entsoe.eu,false,
2021-12-08 11:00:00,Italy,North Italy,IT-NO,353.19,441.68,30.22,29.84,entsoe.eu,false,
2021-12-08 12:00:00,Italy,North Italy,IT-NO,359.71,450.52,28.4,28.01,entsoe.eu,false,
2021-12-08 13:00:00,Italy,North Italy,IT-NO,374.39,471.16,23.54,22.79,entsoe.eu,false,
2021-12-08 14:00:00,Italy,North Italy,IT-NO,373.63,468.87,24.84,24.44,entsoe.eu,false,
2021-12-08 15:00:00,Italy,North Italy,IT-NO,372.22,467.14,25.39,24.61,entsoe.eu,false,
2021-12-08 16:00:00,Italy,North Italy,IT-NO,360.16,448.5,30.06,28.87,entsoe.eu,false,
2021-12-08 17:00:00,Italy,North Italy,IT-NO,351.54,438.47,31.05,29.74,entsoe.eu,false,
2021-12-08 18:00:00,Italy,North Italy,IT-NO,349.11,437.45,29.97,28.08,entsoe.eu,false,
2021-12-08 19:00:00,Italy,North Italy,IT-NO,372.99,467.29,24.37,22.84,entsoe.eu,false,
2021-12-08 20:00:00,Italy,North Italy,IT-NO,387.61,486.5,20.21,18.81,entsoe.eu,false,
2021-12-08 21:00:00,Italy,North Italy,IT-NO,395.2,492.96,19.72,18.36,entsoe.eu,false,
2021-12-08 22:00:00,Italy,North Italy,IT-NO,391.31,489.11,20.08,18.78,entsoe.eu,false,
2021-12-08 23:00:00,Italy,North Italy,IT-NO,379.81,471.24,23.77,22.21,entsoe.eu,false,
2021-12-09 00:00:00,Italy,North Italy,IT-NO,371.99,461.68,25.63,23.73,entsoe.eu,false,
2021-12-09 01:00:00,Italy,North Italy,IT-NO,381.5,476.34,22.47,21.14,entsoe.eu,false,
2021-12-09 02:00:00,Italy,North Italy,IT-NO,378.33,471.25,23.56,21.97,entsoe.eu,false,
2021-12-09 03:00:00,Italy,North Italy,IT-NO,372.66,464.73,25.5,22.87,entsoe.eu,false,
2021-12-09 04:00:00,Italy,North Italy,IT-NO,374.68,469.61,24.05,19.88,entsoe.eu,false,
2021-12-09 05:00:00,Italy,North Italy,IT-NO,373.42,471.18,22.1,18.2,entsoe.eu,false,
2021-12-09 06:00:00,Italy,North Italy,IT-NO,354.79,450.66,24.53,21.44,entsoe.eu,false,
2021-12-09 07:00:00,Italy,North Italy,IT-NO,335.92,423.75,30.89,26.73,entsoe.eu,false,
2021-12-09 08:00:00,Italy,North Italy,IT-NO,324.84,409.13,33.82,29.28,entsoe.eu,false,
2021-12-09 09:00:00,Italy,North Italy,IT-NO,323.64,409.35,32.79,27.28,entsoe.eu,false,
2021-12-09 10:00:00,Italy,North Italy,IT-NO,316.74,401.91,33.73,27.95,entsoe.eu,false,
2021-12-09 11:00:00,Italy,North Italy,IT-NO,338.08,428.87,28.73,24.7,entsoe.eu,false,
2021-12-09 12:00:00,Italy,North Italy,IT-NO,343.33,434.14,28.1,23.24,entsoe.eu,false,
2021-12-09 13:00:00,Italy,North Italy,IT-NO,339.79,428.19,29.6,24.27,entsoe.eu,false,
2021-12-09 14:00:00,Italy,North Italy,IT-NO,341.73,429.56,29.91,24.45,entsoe.eu,false,
2021-12-09 15:00:00,Italy,North Italy,IT-NO,337.36,423.78,31.31,25.51,entsoe.eu,false,
2021-12-09 16:00:00,Italy,North Italy,IT-NO,348.3,432.17,32.67,29.95,entsoe.eu,false,
2021-12-09 17:00:00,Italy,North Italy,IT-NO,346.04,433.28,30.19,26.2,entsoe.eu,false,
2021-12-09 18:00:00,Italy,North Italy,IT-NO,362.0,452.43,27.58,23.63,entsoe.eu,false,
2021-12-09 19:00:00,Italy,North Italy,IT-NO,375.21,470.37,22.98,18.82,entsoe.eu,false,
2021-12-09 20:00:00,Italy,North Italy,IT-NO,381.4,478.37,20.46,16.18,entsoe.eu,false,
2021-12-09 21:00:00,Italy,North Italy,IT-NO,372.86,466.25,23.2,17.82,entsoe.eu,false,
2021-12-09 22:00:00,Italy,North Italy,IT-NO,372.79,466.6,24.28,19.2,entsoe.eu,false,
2021-12-09 23:00:00,Italy,North Italy,IT-NO,365.76,458.66,25.04,18.48,entsoe.eu,false,
2021-12-10 00:00:00,Italy,North Italy,IT-NO,362.58,452.73,26.8,19.76,entsoe.eu,false,
2021-12-10 01:00:00,Italy,North Italy,IT-NO,355.79,444.26,28.99,20.48,entsoe.eu,false,
2021-12-10 02:00:00,Italy,North Italy,IT-NO,340.86,423.68,32.65,21.65,entsoe.eu,false,
2021-12-10 03:00:00,Italy,North Italy,IT-NO,336.79,421.42,32.62,22.01,entsoe.eu,false,
2021-12-10 04:00:00,Italy,North Italy,IT-NO,342.1,428.51,30.97,20.69,entsoe.eu,false,
2021-12-10 05:00:00,Italy,North Italy,IT-NO,362.31,455.43,24.91,17.18,entsoe.eu,false,
2021-12-10 06:00:00,Italy,North Italy,IT-NO,365.58,457.46,25.75,20.42,entsoe.eu,false,
2021-12-10 07:00:00,Italy,North Italy,IT-NO,344.57,429.33,31.97,25.05,entsoe.eu,false,
2021-12-10 08:00:00,Italy,North Italy,IT-NO,335.7,418.49,34.09,27.53,entsoe.eu,false,
2021-12-10 09:00:00,Italy,North Italy,IT-NO,327.37,412.12,32.27,24.15,entsoe.eu,false,
2021-12-10 10:00:00,Italy,North Italy,IT-NO,332.46,418.31,31.53,24.47,entsoe.eu,false,
2021-12-10 11:00:00,Italy,North Italy,IT-NO,335.93,423.7,30.07,23.52,entsoe.eu,false,
2021-12-10 12:00:00,Italy,North Italy,IT-NO,342.78,430.98,28.62,20.88,entsoe.eu,false,
2021-12-10 13:00:00,Italy,North Italy,IT-NO,335.78,420.94,30.8,22.18,entsoe.eu,false,
2021-12-10 14:00:00,Italy,North Italy,IT-NO,331.36,414.89,32.88,24.16,entsoe.eu,false,
2021-12-10 15:00:00,Italy,North Italy,IT-NO,324.92,408.22,34.21,25.78,entsoe.eu,false,
2021-12-10 16:00:00,Italy,North Italy,IT-NO,324.33,408.11,33.94,26.52,entsoe.eu,false,
2021-12-10 17:00:00,Italy,North Italy,IT-NO,338.75,425.78,30.53,23.77,entsoe.eu,false,
2021-12-10 18:00:00,Italy,North Italy,IT-NO,356.8,447.86,26.15,20.39,entsoe.eu,false,
2021-12-10 19:00:00,Italy,North Italy,IT-NO,380.04,474.63,22.26,18.51,entsoe.eu,false,
2021-12-10 20:00:00,Italy,North Italy,IT-NO,379.66,474.94,21.01,15.91,entsoe.eu,false,
2021-12-10 21:00:00,Italy,North Italy,IT-NO,377.08,471.27,22.69,16.91,entsoe.eu,false,
2021-12-10 22:00:00,Italy,North Italy,IT-NO,382.42,476.8,21.93,18.0,entsoe.eu,false,
2021-12-10 23:00:00,Italy,North Italy,IT-NO,369.6,462.56,24.2,19.3,entsoe.eu,false,
2021-12-11 00:00:00,Italy,North Italy,IT-NO,371.21,462.88,24.28,19.52,entsoe.eu,false,
2021-12-11 01:00:00,Italy,North Italy,IT-NO,363.4,451.95,26.72,21.11,entsoe.eu,false,
2021-12-11 02:00:00,Italy,North Italy,IT-NO,350.28,436.68,30.15,24.64,entsoe.eu,false,
2021-12-11 03:00:00,Italy,North Italy,IT-NO,346.93,431.0,30.66,24.76,entsoe.eu,false,
2021-12-11 04:00:00,Italy,North Italy,IT-NO,356.18,443.51,28.69,22.56,entsoe.eu,false,
2021-12-11 05:00:00,Italy,North Italy,IT-NO,363.33,453.29,27.3,18.84,entsoe.eu,false,
2021-12-11 06:00:00,Italy,North Italy,IT-NO,365.16,455.92,26.24,18.42,entsoe.eu,false,
2021-12-11 07:00:00,Italy,North Italy,IT-NO,360.72,452.48,26.57,19.63,entsoe.eu,false,
2021-12-11 08:00:00,Italy,North Italy,IT-NO,340.31,426.56,32.1,26.87,entsoe.eu,false,
2021-12-11 09:00:00,Italy,North Italy,IT-NO,337.23,424.67,31.38,27.66,entsoe.eu,false,
2021-12-11 10:00:00,Italy,North Italy,IT-NO,339.4,430.09,29.12,27.05,entsoe.eu,false,
2021-12-11 11:00:00,Italy,North Italy,IT-NO,351.72,444.82,27.12,26.01,entsoe.eu,false,
2021-12-11 12:00:00,Italy,North Italy,IT-NO,357.71,453.88,24.45,22.23,entsoe.eu,false,
2021-12-11 13:00:00,Italy,North Italy,IT-NO,355.32,450.11,25.44,20.3,entsoe.eu,false,
2021-12-11 14:00:00,Italy,North Italy,IT-NO,372.36,470.88,21.5,16.75,entsoe.eu,false,
2021-12-11 15:00:00,Italy,North Italy,IT-NO,377.03,473.63,21.24,16.21,entsoe.eu,false,
2021-12-11 16:00:00,Italy,North Italy,IT-NO,362.23,452.96,26.18,22.08,entsoe.eu,false,
2021-12-11 17:00:00,Italy,North Italy,IT-NO,364.6,454.16,26.93,23.72,entsoe.eu,false,
2021-12-11 18:00:00,Italy,North Italy,IT-NO,359.94,447.77,27.55,23.19,entsoe.eu,false,
2021-12-11 19:00:00,Italy,North Italy,IT-NO,369.76,464.35,22.67,19.54,entsoe.eu,false,
2021-12-11 20:00:00,Italy,North Italy,IT-NO,382.26,479.22,20.42,17.4,entsoe.eu,false,
2021-12-11 21:00:00,Italy,North Italy,IT-NO,386.2,484.32,19.65,18.01,entsoe.eu,false,
2021-12-11 22:00:00,Italy,North Italy,IT-NO,376.84,470.49,22.22,20.77,entsoe.eu,false,
2021-12-11 23:00:00,Italy,North Italy,IT-NO,372.9,464.72,23.42,21.67,entsoe.eu,false,
2021-12-12 00:00:00,Italy,North Italy,IT-NO,372.51,464.03,23.11,21.42,entsoe.eu,false,
2021-12-12 01:00:00,Italy,North Italy,IT-NO,372.92,465.04,23.3,21.6,entsoe.eu,false,
2021-12-12 02:00:00,Italy,North Italy,IT-NO,372.13,461.88,24.46,22.6,entsoe.eu,false,
2021-12-12 03:00:00,Italy,North Italy,IT-NO,375.63,468.56,23.38,21.69,entsoe.eu,false,
2021-12-12 04:00:00,Italy,North Italy,IT-NO,377.02,471.46,22.91,21.2,entsoe.eu,false,
2021-12-12 05:00:00,Italy,North Italy,IT-NO,376.19,471.27,22.65,21.22,entsoe.eu,false,
2021-12-12 06:00:00,Italy,North Italy,IT-NO,372.64,468.16,22.68,21.21,entsoe.eu,false,
2021-12-12 07:00:00,Italy,North Italy,IT-NO,362.98,454.3,25.46,24.22,entsoe.eu,false,
2021-12-12 08:00:00,Italy,North Italy,IT-NO,350.51,441.64,28.27,27.35,entsoe.eu,false,
2021-12-12 09:00:00,Italy,North Italy,IT-NO,333.78,421.01,32.08,31.24,entsoe.eu,false,
2021-12-12 10:00:00,Italy,North Italy,IT-NO,323.61,407.63,35.96,34.95,entsoe.eu,false,
2021-12-12 11:00:00,Italy,North Italy,IT-NO,325.27,411.16,33.78,32.53,entsoe.eu,false,
2021-12-12 12:00:00,Italy,North Italy,IT-NO,330.39,418.42,32.05,30.79,entsoe.eu,false,
2021-12-12 13:00:00,Italy,North Italy,IT-NO,353.87,444.44,27.1,25.6,entsoe.eu,false,
2021-12-12 14:00:00,Italy,North Italy,IT-NO,374.56,469.5,23.01,19.83,entsoe.eu,false,
2021-12-12 15:00:00,Italy,North Italy,IT-NO,380.17,474.38,24.63,21.47,entsoe.eu,false,
2021-12-12 16:00:00,Italy,North Italy,IT-NO,362.69,456.11,25.96,22.55,entsoe.eu,false,
2021-12-12 17:00:00,Italy,North Italy,IT-NO,349.72,436.43,31.52,28.24,entsoe.eu,false,
2021-12-12 18:00:00,Italy,North Italy,IT-NO,349.55,437.95,30.85,26.46,entsoe.eu,false,
2021-12-12 19:00:00,Italy,North Italy,IT-NO,364.29,458.29,25.61,20.85,entsoe.eu,false,
2021-12-12 20:00:00,Italy,North Italy,IT-NO,381.14,478.43,21.71,16.98,entsoe.eu,false,
2021-12-12 21:00:00,Italy,North Italy,IT-NO,388.79,488.73,19.27,16.33,entsoe.eu,false,
2021-12-12 22:00:00,Italy,North Italy,IT-NO,392.37,492.24,18.5,16.99,entsoe.eu,false,
2021-12-12 23:00:00,Italy,North Italy,IT-NO,390.02,486.57,19.54,17.75,entsoe.eu,false,
2021-12-13 00:00:00,Italy,North Italy,IT-NO,386.4,482.55,20.71,19.08,entsoe.eu,false,
2021-12-13 01:00:00,Italy,North Italy,IT-NO,385.12,479.74,21.91,20.07,entsoe.eu,false,
2021-12-13 02:00:00,Italy,North Italy,IT-NO,381.32,474.27,23.61,21.15,entsoe.eu,false,
2021-12-13 03:00:00,Italy,North Italy,IT-NO,378.91,472.18,24.18,20.9,entsoe.eu,false,
2021-12-13 04:00:00,Italy,North Italy,IT-NO,394.66,494.88,18.82,17.11,entsoe.eu,false,
2021-12-13 05:00:00,Italy,North Italy,IT-NO,394.65,497.31,17.89,14.96,entsoe.eu,false,
2021-12-13 06:00:00,Italy,North Italy,IT-NO,368.43,465.02,23.69,19.49,entsoe.eu,false,
2021-12-13 07:00:00,Italy,North Italy,IT-NO,342.12,430.44,30.96,27.09,entsoe.eu,false,
2021-12-13 08:00:00,Italy,North Italy,IT-NO,333.23,420.26,32.68,28.87,entsoe.eu,false,
2021-12-13 09:00:00,Italy,North Italy,IT-NO,331.97,420.83,31.68,27.69,entsoe.eu,false,
2021-12-13 10:00:00,Italy,North Italy,IT-NO,332.7,422.87,30.85,26.82,entsoe.eu,false,
2021-12-13 11:00:00,Italy,North Italy,IT-NO,348.66,443.09,27.0,25.62,entsoe.eu,false,
2021-12-13 12:00:00,Italy,North Italy,IT-NO,346.72,440.41,27.39,25.44,entsoe.eu,false,
2021-12-13 13:00:00,Italy,North Italy,IT-NO,343.89,436.15,28.25,23.17,entsoe.eu,false,
2021-12-13 14:00:00,Italy,North Italy,IT-NO,340.07,429.92,30.1,23.6,entsoe.eu,false,
2021-12-13 15:00:00,Italy,North Italy,IT-NO,337.91,426.72,30.77,24.3,entsoe.eu,false,
2021-12-13 16:00:00,Italy,North Italy,IT-NO,329.49,414.66,33.68,28.51,entsoe.eu,false,
2021-12-13 17:00:00,Italy,North Italy,IT-NO,339.71,428.0,30.79,27.01,entsoe.eu,false,
2021-12-13 18:00:00,Italy,North Italy,IT-NO,355.0,447.25,27.05,23.47,entsoe.eu,false,
2021-12-13 19:00:00,Italy,North Italy,IT-NO,376.45,473.98,22.12,19.58,entsoe.eu,false,
2021-12-13 20:00:00,Italy,North Italy,IT-NO,398.29,501.49,16.39,14.99,entsoe.eu,false,
2021-12-13 21:00:00,Italy,North Italy,IT-NO,401.77,505.25,16.14,15.15,entsoe.eu,false,
2021-12-13 22:00:00,Italy,North Italy,IT-NO,401.37,505.49,15.54,14.54,entsoe.eu,false,
2021-12-13 23:00:00,Italy,North Italy,IT-NO,397.03,498.94,16.93,15.85,entsoe.eu,false,
2021-12-14 00:00:00,Italy,North Italy,IT-NO,395.78,498.4,17.02,16.11,entsoe.eu,false,
2021-12-14 01:00:00,Italy,North Italy,IT-NO,393.62,495.35,18.0,17.05,entsoe.eu,false,
2021-12-14 02:00:00,Italy,North Italy,IT-NO,397.55,498.91,17.69,16.5,entsoe.eu,false,
2021-12-14 03:00:00,Italy,North Italy,IT-NO,401.82,504.29,16.38,15.18,entsoe.eu,false,
2021-12-14 04:00:00,Italy,North Italy,IT-NO,402.17,505.08,15.65,14.51,entsoe.eu,false,
2021-12-14 05:00:00,Italy,North Italy,IT-NO,402.12,505.13,16.11,14.94,entsoe.eu,false,
2021-12-14 06:00:00,Italy,North Italy,IT-NO,378.29,473.16,23.0,20.06,entsoe.eu,false,
2021-12-14 07:00:00,Italy,North Italy,IT-NO,350.7,438.98,29.52,25.75,entsoe.eu,false,
2021-12-14 08:00:00,Italy,North Italy,IT-NO,336.37,422.78,31.91,27.71,entsoe.eu,false,
2021-12-14 09:00:00,Italy,North Italy,IT-NO,335.83,423.26,31.65,28.5,entsoe.eu,false,
2021-12-14 10:00:00,Italy,North Italy,IT-NO,340.67,430.12,30.38,27.42,entsoe.eu,false,
2021-12-14 11:00:00,Italy,North Italy,IT-NO,348.41,440.78,28.06,27.06,entsoe.eu,false,
2021-12-14 12:00:00,Italy,North Italy,IT-NO,348.65,441.79,27.24,24.49,entsoe.eu,false,
2021-12-14 13:00:00,Italy,North Italy,IT-NO,351.26,442.23,28.48,24.59,entsoe.eu,false,
2021-12-14 14:00:00,Italy,North Italy,IT-NO,347.52,435.73,30.48,25.91,entsoe.eu,false,
2021-12-14 15:00:00,Italy,North Italy,IT-NO,339.94,426.96,31.42,25.9,entsoe.eu,false,
2021-12-14 16:00:00,Italy,North Italy,IT-NO,346.96,430.29,33.8,30.27,entsoe.eu,false,
2021-12-14 17:00:00,Italy,North Italy,IT-NO,355.61,442.86,29.97,26.73,entsoe.eu,false,
2021-12-14 18:00:00,Italy,North Italy,IT-NO,367.08,458.18,26.83,24.03,entsoe.eu,false,
2021-12-14 19:00:00,Italy,North Italy,IT-NO,385.08,483.2,21.02,18.43,entsoe.eu,false,
2021-12-14 20:00:00,Italy,North Italy,IT-NO,410.2,512.93,16.41,15.28,entsoe.eu,false,
2021-12-14 21:00:00,Italy,North Italy,IT-NO,413.63,516.78,15.85,14.94,entsoe.eu,false,
2021-12-14 22:00:00,Italy,North Italy,IT-NO,411.8,515.36,15.5,14.48,entsoe.eu,false,
2021-12-14 23:00:00,Italy,North Italy,IT-NO,405.4,506.61,17.13,15.95,entsoe.eu,false,
2021-12-15 00:00:00,Italy,North Italy,IT-NO,395.26,492.01,20.77,18.74,entsoe.eu,false,
2021-12-15 01:00:00,Italy,North Italy,IT-NO,401.09,499.18,19.43,17.89,entsoe.eu,false,
2021-12-15 02:00:00,Italy,North Italy,IT-NO,399.52,497.74,19.57,18.07,entsoe.eu,false,
2021-12-15 03:00:00,Italy,North Italy,IT-NO,399.58,498.25,19.29,17.74,entsoe.eu,false,
2021-12-15 04:00:00,Italy,North Italy,IT-NO,389.76,486.3,21.36,17.18,entsoe.eu,false,
2021-12-15 05:00:00,Italy,North Italy,IT-NO,386.67,483.76,20.97,16.16,entsoe.eu,false,
2021-12-15 06:00:00,Italy,North Italy,IT-NO,377.32,471.75,23.5,20.09,entsoe.eu,false,
2021-12-15 07:00:00,Italy,North Italy,IT-NO,353.8,440.29,30.69,27.19,entsoe.eu,false,
2021-12-15 08:00:00,Italy,North Italy,IT-NO,338.54,424.73,31.32,26.41,entsoe.eu,false,
2021-12-15 09:00:00,Italy,North Italy,IT-NO,337.23,423.82,31.57,25.83,entsoe.eu,false,
2021-12-15 10:00:00,Italy,North Italy,IT-NO,337.91,425.69,31.12,25.55,entsoe.eu,false,
2021-12-15 11:00:00,Italy,North Italy,IT-NO,356.11,449.04,26.61,22.25,entsoe.eu,false,
2021-12-15 12:00:00,Italy,North Italy,IT-NO,356.28,448.47,26.88,21.6,entsoe.eu,false,
2021-12-15 13:00:00,Italy,North Italy,IT-NO,360.47,452.29,26.55,20.07,entsoe.eu,false,
2021-12-15 14:00:00,Italy,North Italy,IT-NO,354.03,444.14,28.29,20.52,entsoe.eu,false,
2021-12-15 15:00:00,Italy,North Italy,IT-NO,347.44,435.49,30.13,21.8,entsoe.eu,false,
2021-12-15 16:00:00,Italy,North Italy,IT-NO,346.92,432.47,31.71,24.9,entsoe.eu,false,
2021-12-15 17:00:00,Italy,North Italy,IT-NO,346.51,432.78,31.29,26.77,entsoe.eu,false,
2021-12-15 18:00:00,Italy,North Italy,IT-NO,356.31,445.23,29.06,25.13,entsoe.eu,false,
2021-12-15 19:00:00,Italy,North Italy,IT-NO,372.72,468.4,22.96,18.73,entsoe.eu,false,
2021-12-15 20:00:00,Italy,North Italy,IT-NO,396.07,496.72,18.17,15.69,entsoe.eu,false,
2021-12-15 21:00:00,Italy,North Italy,IT-NO,402.98,504.15,17.16,15.27,entsoe.eu,false,
2021-12-15 22:00:00,Italy,North Italy,IT-NO,405.86,506.95,16.91,15.45,entsoe.eu,false,
2021-12-15 23:00:00,Italy,North Italy,IT-NO,411.63,512.05,16.41,14.8,entsoe.eu,false,
2021-12-16 00:00:00,Italy,North Italy,IT-NO,405.13,502.96,18.95,16.8,entsoe.eu,false,
2021-12-16 01:00:00,Italy,North Italy,IT-NO,406.38,506.66,18.28,16.48,entsoe.eu,false,
2021-12-16 02:00:00,Italy,North Italy,IT-NO,409.89,509.08,17.92,15.9,entsoe.eu,false,
2021-12-16 03:00:00,Italy,North Italy,IT-NO,400.67,496.0,20.97,17.19,entsoe.eu,false,
2021-12-16 04:00:00,Italy,North Italy,IT-NO,405.89,504.35,18.81,15.85,entsoe.eu,false,
2021-12-16 05:00:00,Italy,North Italy,IT-NO,404.49,507.4,16.8,14.35,entsoe.eu,false,
2021-12-16 06:00:00,Italy,North Italy,IT-NO,386.22,484.01,21.67,18.64,entsoe.eu,false,
2021-12-16 07:00:00,Italy,North Italy,IT-NO,365.19,456.49,27.15,25.13,entsoe.eu,false,
2021-12-16 08:00:00,Italy,North Italy,IT-NO,357.44,447.0,28.49,26.26,entsoe.eu,false,
2021-12-16 09:00:00,Italy,North Italy,IT-NO,357.14,447.2,28.36,26.05,entsoe.eu,false,
2021-12-16 10:00:00,Italy,North Italy,IT-NO,351.26,441.32,29.23,26.62,entsoe.eu,false,
2021-12-16 11:00:00,Italy,North Italy,IT-NO,360.48,456.81,24.72,22.69,entsoe.eu,false,
2021-12-16 12:00:00,Italy,North Italy,IT-NO,362.42,458.61,24.6,21.83,entsoe.eu,false,
2021-12-16 13:00:00,Italy,North Italy,IT-NO,365.96,461.59,23.95,19.27,entsoe.eu,false,
2021-12-16 14:00:00,Italy,North Italy,IT-NO,376.17,470.2,24.42,19.99,entsoe.eu,false,
2021-12-16 15:00:00,Italy,North Italy,IT-NO,365.7,455.19,27.83,23.57,entsoe.eu,false,
2021-12-16 16:00:00,Italy,North Italy,IT-NO,359.44,445.76,30.24,27.28,entsoe.eu,false,
2021-12-16 17:00:00,Italy,North Italy,IT-NO,365.83,454.11,28.55,26.01,entsoe.eu,false,
2021-12-16 18:00:00,Italy,North Italy,IT-NO,372.68,462.91,26.61,24.46,entsoe.eu,false,
2021-12-16 19:00:00,Italy,North Italy,IT-NO,385.39,482.13,21.8,18.26,entsoe.eu,false,
2021-12-16 20:00:00,Italy,North Italy,IT-NO,405.65,508.38,16.33,14.91,entsoe.eu,false,
2021-12-16 21:00:00,Italy,North Italy,IT-NO,408.82,511.49,15.77,14.42,entsoe.eu,false,
2021-12-16 22:00:00,Italy,North Italy,IT-NO,407.53,508.93,16.64,15.17,entsoe.eu,false,
2021-12-16 23:00:00,Italy,North Italy,IT-NO,406.02,505.86,17.88,16.27,entsoe.eu,false,
2021-12-17 00:00:00,Italy,North Italy,IT-NO,409.93,510.01,17.3,15.76,entsoe.eu,false,
2021-12-17 01:00:00,Italy,North Italy,IT-NO,407.38,503.86,18.43,16.71,entsoe.eu,false,
2021-12-17 02:00:00,Italy,North Italy,IT-NO,403.28,498.59,20.05,18.38,entsoe.eu,false,
2021-12-17 03:00:00,Italy,North Italy,IT-NO,402.1,495.97,21.12,18.79,entsoe.eu,false,
2021-12-17 04:00:00,Italy,North Italy,IT-NO,412.93,513.28,17.03,15.79,entsoe.eu,false,
2021-12-17 05:00:00,Italy,North Italy,IT-NO,412.16,513.83,15.85,13.39,entsoe.eu,false,
2021-12-17 06:00:00,Italy,North Italy,IT-NO,404.58,501.41,19.87,18.54,entsoe.eu,false,
2021-12-17 07:00:00,Italy,North Italy,IT-NO,363.56,453.7,26.76,24.34,entsoe.eu,false,
2021-12-17 08:00:00,Italy,North Italy,IT-NO,358.96,448.59,27.26,24.7,entsoe.eu,false,
2021-12-17 09:00:00,Italy,North Italy,IT-NO,362.69,453.44,26.78,24.27,entsoe.eu,false,
2021-12-17 10:00:00,Italy,North Italy,IT-NO,366.01,457.9,25.89,23.59,entsoe.eu,false,
2021-12-17 11:00:00,Italy,North Italy,IT-NO,375.1,472.31,22.52,21.58,entsoe.eu,false,
2021-12-17 12:00:00,Italy,North Italy,IT-NO,377.79,474.25,22.47,21.25,entsoe.eu,false,
2021-12-17 13:00:00,Italy,North Italy,IT-NO,374.01,469.01,22.81,19.59,entsoe.eu,false,
2021-12-17 14:00:00,Italy,North Italy,IT-NO,364.67,457.3,25.06,19.47,entsoe.eu,false,
2021-12-17 15:00:00,Italy,North Italy,IT-NO,361.5,453.48,25.73,19.54,entsoe.eu,false,
2021-12-17 16:00:00,Italy,North Italy,IT-NO,360.54,450.5,27.71,23.92,entsoe.eu,false,
2021-12-17 17:00:00,Italy,North Italy,IT-NO,370.15,462.22,25.63,21.91,entsoe.eu,false,
2021-12-17 18:00:00,Italy,North Italy,IT-NO,376.21,471.62,22.75,19.16,entsoe.eu,false,
2021-12-17 19:00:00,Italy,North Italy,IT-NO,395.64,495.28,18.84,16.91,entsoe.eu,false,
2021-12-17 20:00:00,Italy,North Italy,IT-NO,406.94,508.18,16.71,15.67,entsoe.eu,false,
2021-12-17 21:00:00,Italy,North Italy,IT-NO,404.94,504.07,18.09,16.56,entsoe.eu,false,
2021-12-17 22:00:00,Italy,North Italy,IT-NO,401.15,499.22,19.13,17.77,entsoe.eu,false,
2021-12-17 23:00:00,Italy,North Italy,IT-NO,385.05,477.14,24.66,22.08,entsoe.eu,false,
2021-12-18 00:00:00,Italy,North Italy,IT-NO,388.23,480.48,23.8,20.45,entsoe.eu,false,
2021-12-18 01:00:00,Italy,North Italy,IT-NO,392.96,485.71,23.08,20.05,entsoe.eu,false,
2021-12-18 02:00:00,Italy,North Italy,IT-NO,386.22,476.25,25.48,21.11,entsoe.eu,false,
2021-12-18 03:00:00,Italy,North Italy,IT-NO,377.99,465.15,28.3,23.33,entsoe.eu,false,
2021-12-18 04:00:00,Italy,North Italy,IT-NO,380.6,470.64,27.02,22.37,entsoe.eu,false,
2021-12-18 05:00:00,Italy,North Italy,IT-NO,375.96,463.58,28.63,21.72,entsoe.eu,false,
2021-12-18 06:00:00,Italy,North Italy,IT-NO,359.31,444.3,31.56,23.05,entsoe.eu,false,
2021-12-18 07:00:00,Italy,North Italy,IT-NO,353.21,435.96,32.62,26.14,entsoe.eu,false,
2021-12-18 08:00:00,Italy,North Italy,IT-NO,333.87,413.68,35.93,31.35,entsoe.eu,false,
2021-12-18 09:00:00,Italy,North Italy,IT-NO,339.65,421.39,34.27,30.65,entsoe.eu,false,
2021-12-18 10:00:00,Italy,North Italy,IT-NO,346.53,432.01,32.34,29.65,entsoe.eu,false,
2021-12-18 11:00:00,Italy,North Italy,IT-NO,363.94,454.69,27.21,26.01,entsoe.eu,false,
2021-12-18 12:00:00,Italy,North Italy,IT-NO,369.34,460.84,26.62,25.51,entsoe.eu,false,
2021-12-18 13:00:00,Italy,North Italy,IT-NO,375.9,467.81,25.19,21.57,entsoe.eu,false,
2021-12-18 14:00:00,Italy,North Italy,IT-NO,380.17,473.75,23.61,18.52,entsoe.eu,false,
2021-12-18 15:00:00,Italy,North Italy,IT-NO,382.39,476.95,22.66,17.85,entsoe.eu,false,
2021-12-18 16:00:00,Italy,North Italy,IT-NO,376.56,466.89,26.49,22.42,entsoe.eu,false,
2021-12-18 17:00:00,Italy,North Italy,IT-NO,366.19,455.07,28.05,25.35,entsoe.eu,false,
2021-12-18 18:00:00,Italy,North Italy,IT-NO,364.46,452.99,27.82,25.9,entsoe.eu,false,
2021-12-18 19:00:00,Italy,North Italy,IT-NO,378.99,472.25,24.5,22.66,entsoe.eu,false,
2021-12-18 20:00:00,Italy,North Italy,IT-NO,395.08,493.78,19.91,17.49,entsoe.eu,false,
2021-12-18 21:00:00,Italy,North Italy,IT-NO,404.67,505.21,18.27,16.88,entsoe.eu,false,
2021-12-18 22:00:00,Italy,North Italy,IT-NO,405.38,506.1,18.14,17.15,entsoe.eu,false,
2021-12-18 23:00:00,Italy,North Italy,IT-NO,399.72,496.37,21.58,19.79,entsoe.eu,false,
2021-12-19 00:00:00,Italy,North Italy,IT-NO,397.32,491.77,22.33,20.35,entsoe.eu,false,
2021-12-19 01:00:00,Italy,North Italy,IT-NO,395.67,489.8,23.31,21.18,entsoe.eu,false,
2021-12-19 02:00:00,Italy,North Italy,IT-NO,392.47,486.18,23.09,20.87,entsoe.eu,false,
2021-12-19 03:00:00,Italy,North Italy,IT-NO,395.5,491.21,21.88,19.93,entsoe.eu,false,
2021-12-19 04:00:00,Italy,North Italy,IT-NO,395.3,491.94,21.64,19.33,entsoe.eu,false,
2021-12-19 05:00:00,Italy,North Italy,IT-NO,399.72,497.36,20.37,18.64,entsoe.eu,false,
2021-12-19 06:00:00,Italy,North Italy,IT-NO,399.61,498.44,19.7,18.33,entsoe.eu,false,
2021-12-19 07:00:00,Italy,North Italy,IT-NO,385.32,481.9,22.36,21.05,entsoe.eu,false,
2021-12-19 08:00:00,Italy,North Italy,IT-NO,360.23,449.82,28.86,27.82,entsoe.eu,false,
2021-12-19 09:00:00,Italy,North Italy,IT-NO,361.25,452.65,27.45,26.39,entsoe.eu,false,
2021-12-19 10:00:00,Italy,North Italy,IT-NO,357.49,447.7,28.17,26.82,entsoe.eu,false,
2021-12-19 11:00:00,Italy,North Italy,IT-NO,355.48,444.55,29.24,27.74,entsoe.eu,false,
2021-12-19 12:00:00,Italy,North Italy,IT-NO,363.46,455.73,26.52,25.26,entsoe.eu,false,
2021-12-19 13:00:00,Italy,North Italy,IT-NO,379.22,474.22,23.34,21.98,entsoe.eu,false,
2021-12-19 14:00:00,Italy,North Italy,IT-NO,394.22,491.83,20.55,18.92,entsoe.eu,false,
2021-12-19 15:00:00,Italy,North Italy,IT-NO,402.18,500.13,19.55,17.96,entsoe.eu,false,
2021-12-19 16:00:00,Italy,North Italy,IT-NO,395.81,493.56,20.63,19.52,entsoe.eu,false,
2021-12-19 17:00:00,Italy,North Italy,IT-NO,377.62,473.73,22.34,21.35,entsoe.eu,false,
2021-12-19 18:00:00,Italy,North Italy,IT-NO,378.68,475.24,22.01,20.86,entsoe.eu,false,
2021-12-19 19:00:00,Italy,North Italy,IT-NO,392.96,491.99,19.07,17.46,entsoe.eu,false,
2021-12-19 20:00:00,Italy,North Italy,IT-NO,405.2,506.7,17.28,15.73,entsoe.eu,false,
2021-12-19 21:00:00,Italy,North Italy,IT-NO,406.52,508.13,17.16,15.68,entsoe.eu,false,
2021-12-19 22:00:00,Italy,North Italy,IT-NO,407.68,512.09,16.03,15.49,entsoe.eu,false,
2021-12-19 23:00:00,Italy,North Italy,IT-NO,407.28,508.63,17.99,16.74,entsoe.eu,false,
2021-12-20 00:00:00,Italy,North Italy,IT-NO,408.24,510.84,16.97,16.04,entsoe.eu,false,
2021-12-20 01:00:00,Italy,North Italy,IT-NO,407.46,510.37,17.22,16.44,entsoe.eu,false,
2021-12-20 02:00:00,Italy,North Italy,IT-NO,408.4,510.28,17.89,17.07,entsoe.eu,false,
2021-12-20 03:00:00,Italy,North Italy,IT-NO,404.48,506.29,17.96,17.07,entsoe.eu,false,
2021-12-20 04:00:00,Italy,North Italy,IT-NO,410.04,513.62,15.7,14.82,entsoe.eu,false,
2021-12-20 05:00:00,Italy,North Italy,IT-NO,406.37,509.38,16.46,14.08,entsoe.eu,false,
2021-12-20 06:00:00,Italy,North Italy,IT-NO,388.58,486.36,20.95,18.41,entsoe.eu,false,
2021-12-20 07:00:00,Italy,North Italy,IT-NO,358.8,445.07,30.64,28.33,entsoe.eu,false,
2021-12-20 08:00:00,Italy,North Italy,IT-NO,348.33,435.05,30.3,27.8,entsoe.eu,false,
2021-12-20 09:00:00,Italy,North Italy,IT-NO,354.5,443.27,28.63,27.06,entsoe.eu,false,
2021-12-20 10:00:00,Italy,North Italy,IT-NO,363.62,455.09,26.65,25.03,entsoe.eu,false,
2021-12-20 11:00:00,Italy,North Italy,IT-NO,374.35,469.8,23.58,22.77,entsoe.eu,false,
2021-12-20 12:00:00,Italy,North Italy,IT-NO,374.11,470.65,22.53,20.91,entsoe.eu,false,
2021-12-20 13:00:00,Italy,North Italy,IT-NO,368.77,463.54,23.88,21.39,entsoe.eu,false,
2021-12-20 14:00:00,Italy,North Italy,IT-NO,363.16,454.77,26.32,23.79,entsoe.eu,false,
2021-12-20 15:00:00,Italy,North Italy,IT-NO,353.4,442.68,28.91,26.07,entsoe.eu,false,
2021-12-20 16:00:00,Italy,North Italy,IT-NO,357.55,441.89,32.84,32.36,entsoe.eu,false,
2021-12-20 17:00:00,Italy,North Italy,IT-NO,359.69,445.77,31.34,30.75,entsoe.eu,false,
2021-12-20 18:00:00,Italy,North Italy,IT-NO,363.27,453.53,27.06,26.04,entsoe.eu,false,
2021-12-20 19:00:00,Italy,North Italy,IT-NO,383.8,479.68,22.4,21.75,entsoe.eu,false,
2021-12-20 20:00:00,Italy,North Italy,IT-NO,404.31,505.57,16.87,16.04,entsoe.eu,false,
2021-12-20 21:00:00,Italy,North Italy,IT-NO,406.81,511.44,14.66,14.1,entsoe.eu,false,
2021-12-20 22:00:00,Italy,North Italy,IT-NO,408.69,512.74,14.71,13.79,entsoe.eu,false,
2021-12-20 23:00:00,Italy,North Italy,IT-NO,409.62,510.02,15.76,12.66,entsoe.eu,false,
2021-12-21 00:00:00,Italy,North Italy,IT-NO,416.38,520.1,13.83,11.21,entsoe.eu,false,
2021-12-21 01:00:00,Italy,North Italy,IT-NO,419.86,524.8,12.84,11.04,entsoe.eu,false,
2021-12-21 02:00:00,Italy,North Italy,IT-NO,422.06,527.04,12.64,10.46,entsoe.eu,false,
2021-12-21 03:00:00,Italy,North Italy,IT-NO,420.22,523.86,13.24,10.44,entsoe.eu,false,
2021-12-21 04:00:00,Italy,North Italy,IT-NO,421.53,527.06,11.92,10.74,entsoe.eu,false,
2021-12-21 05:00:00,Italy,North Italy,IT-NO,413.75,518.76,13.65,12.75,entsoe.eu,false,
2021-12-21 06:00:00,Italy,North Italy,IT-NO,389.02,486.62,19.94,18.55,entsoe.eu,false,
2021-12-21 07:00:00,Italy,North Italy,IT-NO,371.71,460.5,27.38,26.77,entsoe.eu,false,
2021-12-21 08:00:00,Italy,North Italy,IT-NO,361.09,446.07,30.79,30.0,entsoe.eu,false,
2021-12-21 09:00:00,Italy,North Italy,IT-NO,359.21,447.86,27.95,26.65,entsoe.eu,false,
2021-12-21 10:00:00,Italy,North Italy,IT-NO,361.32,451.75,26.14,23.74,entsoe.eu,false,
2021-12-21 11:00:00,Italy,North Italy,IT-NO,372.3,466.52,22.98,21.0,entsoe.eu,false,
2021-12-21 12:00:00,Italy,North Italy,IT-NO,374.41,469.54,22.29,20.02,entsoe.eu,false,
2021-12-21 13:00:00,Italy,North Italy,IT-NO,369.86,463.91,23.37,20.42,entsoe.eu,false,
2021-12-21 14:00:00,Italy,North Italy,IT-NO,371.52,462.96,26.57,24.62,entsoe.eu,false,
2021-12-21 15:00:00,Italy,North Italy,IT-NO,362.86,451.77,28.96,27.47,entsoe.eu,false,
2021-12-21 16:00:00,Italy,North Italy,IT-NO,365.81,453.84,29.49,29.18,entsoe.eu,false,
2021-12-21 17:00:00,Italy,North Italy,IT-NO,362.84,452.17,28.45,28.24,entsoe.eu,false,
2021-12-21 18:00:00,Italy,North Italy,IT-NO,363.26,456.11,25.72,25.0,entsoe.eu,false,
2021-12-21 19:00:00,Italy,North Italy,IT-NO,381.99,479.64,21.58,20.73,entsoe.eu,false,
2021-12-21 20:00:00,Italy,North Italy,IT-NO,401.91,505.67,16.16,16.08,entsoe.eu,false,
2021-12-21 21:00:00,Italy,North Italy,IT-NO,416.79,522.83,13.29,12.44,entsoe.eu,false,
2021-12-21 22:00:00,Italy,North Italy,IT-NO,417.93,521.92,13.74,12.35,entsoe.eu,false,
2021-12-21 23:00:00,Italy,North Italy,IT-NO,413.65,516.22,14.56,12.74,entsoe.eu,false,
2021-12-22 00:00:00,Italy,North Italy,IT-NO,408.9,511.47,15.18,13.48,entsoe.eu,false,
2021-12-22 01:00:00,Italy,North Italy,IT-NO,410.29,513.31,15.14,13.4,entsoe.eu,false,
2021-12-22 02:00:00,Italy,North Italy,IT-NO,409.74,510.51,16.12,13.89,entsoe.eu,false,
2021-12-22 03:00:00,Italy,North Italy,IT-NO,405.35,506.81,17.4,14.38,entsoe.eu,false,
2021-12-22 04:00:00,Italy,North Italy,IT-NO,406.62,508.66,16.21,13.98,entsoe.eu,false,
2021-12-22 05:00:00,Italy,North Italy,IT-NO,410.37,516.35,13.72,12.75,entsoe.eu,false,
2021-12-22 06:00:00,Italy,North Italy,IT-NO,387.26,486.3,20.1,17.98,entsoe.eu,false,
2021-12-22 07:00:00,Italy,North Italy,IT-NO,362.43,454.67,25.83,23.09,entsoe.eu,false,
2021-12-22 08:00:00,Italy,North Italy,IT-NO,351.24,440.28,28.4,25.67,entsoe.eu,false,
2021-12-22 09:00:00,Italy,North Italy,IT-NO,357.05,446.35,27.77,25.12,entsoe.eu,false,
2021-12-22 10:00:00,Italy,North Italy,IT-NO,366.06,458.96,24.71,21.66,entsoe.eu,false,
2021-12-22 11:00:00,Italy,North Italy,IT-NO,366.94,463.63,22.19,19.37,entsoe.eu,false,
2021-12-22 12:00:00,Italy,North Italy,IT-NO,365.92,462.57,22.42,19.31,entsoe.eu,false,
2021-12-22 13:00:00,Italy,North Italy,IT-NO,369.23,464.63,22.87,19.54,entsoe.eu,false,
2021-12-22 14:00:00,Italy,North Italy,IT-NO,366.93,460.15,24.9,21.14,entsoe.eu,false,
2021-12-22 15:00:00,Italy,North Italy,IT-NO,359.21,451.7,26.25,22.0,entsoe.eu,false,
2021-12-22 16:00:00,Italy,North Italy,IT-NO,348.37,437.76,28.96,26.32,entsoe.eu,false,
2021-12-22 17:00:00,Italy,North Italy,IT-NO,357.72,449.99,26.26,23.99,entsoe.eu,false,
2021-12-22 18:00:00,Italy,North Italy,IT-NO,366.94,462.56,23.33,20.69,entsoe.eu,false,
2021-12-22 19:00:00,Italy,North Italy,IT-NO,378.52,478.82,19.2,15.53,entsoe.eu,false,
2021-12-22 20:00:00,Italy,North Italy,IT-NO,394.87,499.12,15.78,13.39,entsoe.eu,false,
2021-12-22 21:00:00,Italy,North Italy,IT-NO,401.46,504.34,15.6,13.34,entsoe.eu,false,
2021-12-22 22:00:00,Italy,North Italy,IT-NO,403.76,505.72,15.55,13.75,entsoe.eu,false,
2021-12-22 23:00:00,Italy,North Italy,IT-NO,392.13,489.87,19.77,15.55,entsoe.eu,false,
2021-12-23 00:00:00,Italy,North Italy,IT-NO,395.92,492.25,20.36,16.3,entsoe.eu,false,
2021-12-23 01:00:00,Italy,North Italy,IT-NO,397.72,495.05,19.43,15.39,entsoe.eu,false,
2021-12-23 02:00:00,Italy,North Italy,IT-NO,385.79,478.99,23.15,15.99,entsoe.eu,false,
2021-12-23 03:00:00,Italy,North Italy,IT-NO,375.99,468.04,25.53,17.77,entsoe.eu,false,
2021-12-23 04:00:00,Italy,North Italy,IT-NO,377.78,472.98,23.83,16.48,entsoe.eu,false,
2021-12-23 05:00:00,Italy,North Italy,IT-NO,369.88,464.85,24.05,16.51,entsoe.eu,false,
2021-12-23 06:00:00,Italy,North Italy,IT-NO,362.36,456.12,24.78,18.92,entsoe.eu,false,
2021-12-23 07:00:00,Italy,North Italy,IT-NO,339.33,424.67,32.53,27.97,entsoe.eu,false,
2021-12-23 08:00:00,Italy,North Italy,IT-NO,338.72,425.95,31.13,26.1,entsoe.eu,false,
2021-12-23 09:00:00,Italy,North Italy,IT-NO,337.16,426.45,29.66,25.13,entsoe.eu,false,
2021-12-23 10:00:00,Italy,North Italy,IT-NO,353.48,447.0,25.64,21.42,entsoe.eu,false,
2021-12-23 11:00:00,Italy,North Italy,IT-NO,377.73,477.18,20.54,18.26,entsoe.eu,false,
2021-12-23 12:00:00,Italy,North Italy,IT-NO,375.08,474.24,20.64,17.39,entsoe.eu,false,
2021-12-23 13:00:00,Italy,North Italy,IT-NO,374.13,471.37,21.83,17.19,entsoe.eu,false,
2021-12-23 14:00:00,Italy,North Italy,IT-NO,363.07,456.04,25.08,17.64,entsoe.eu,false,
2021-12-23 15:00:00,Italy,North Italy,IT-NO,351.08,442.04,27.74,19.53,entsoe.eu,false,
2021-12-23 16:00:00,Italy,North Italy,IT-NO,343.45,433.18,29.33,22.48,entsoe.eu,false,
2021-12-23 17:00:00,Italy,North Italy,IT-NO,359.92,451.73,27.12,22.68,entsoe.eu,false,
2021-12-23 18:00:00,Italy,North Italy,IT-NO,374.01,470.47,22.9,19.03,entsoe.eu,false,
2021-12-23 19:00:00,Italy,North Italy,IT-NO,387.99,490.37,17.71,14.62,entsoe.eu,false,
2021-12-23 20:00:00,Italy,North Italy,IT-NO,385.31,486.67,18.32,13.99,entsoe.eu,false,
2021-12-23 21:00:00,Italy,North Italy,IT-NO,395.34,500.68,15.57,13.75,entsoe.eu,false,
2021-12-23 22:00:00,Italy,North Italy,IT-NO,398.67,505.3,15.03,14.57,entsoe.eu,false,
2021-12-23 23:00:00,Italy,North Italy,IT-NO,374.42,465.06,27.29,24.26,entsoe.eu,false,
2021-12-24 00:00:00,Italy,North Italy,IT-NO,380.38,472.11,26.81,22.91,entsoe.eu,false,
2021-12-24 01:00:00,Italy,North Italy,IT-NO,375.0,467.23,26.97,23.18,entsoe.eu,false,
2021-12-24 02:00:00,Italy,North Italy,IT-NO,343.38,425.23,36.34,26.75,entsoe.eu,false,
2021-12-24 03:00:00,Italy,North Italy,IT-NO,346.96,428.59,34.87,25.57,entsoe.eu,false,
2021-12-24 04:00:00,Italy,North Italy,IT-NO,349.08,434.47,32.98,23.26,entsoe.eu,false,
2021-12-24 05:00:00,Italy,North Italy,IT-NO,356.16,444.35,29.92,20.11,entsoe.eu,false,
2021-12-24 06:00:00,Italy,North Italy,IT-NO,373.58,464.12,25.62,19.65,entsoe.eu,false,
2021-12-24 07:00:00,Italy,North Italy,IT-NO,365.82,454.32,27.26,24.4,entsoe.eu,false,
2021-12-24 08:00:00,Italy,North Italy,IT-NO,361.16,447.9,30.36,29.3,entsoe.eu,false,
2021-12-24 09:00:00,Italy,North Italy,IT-NO,357.94,445.26,30.39,29.45,entsoe.eu,false,
2021-12-24 10:00:00,Italy,North Italy,IT-NO,364.08,451.95,29.77,28.58,entsoe.eu,false,
2021-12-24 11:00:00,Italy,North Italy,IT-NO,372.11,464.7,25.03,23.64,entsoe.eu,false,
2021-12-24 12:00:00,Italy,North Italy,IT-NO,377.57,470.97,23.32,21.69,entsoe.eu,false,
2021-12-24 13:00:00,Italy,North Italy,IT-NO,385.27,481.46,21.41,19.5,entsoe.eu,false,
2021-12-24 14:00:00,Italy,North Italy,IT-NO,387.75,483.48,21.11,18.93,entsoe.eu,false,
2021-12-24 15:00:00,Italy,North Italy,IT-NO,376.83,472.02,23.38,20.11,entsoe.eu,false,
2021-12-24 16:00:00,Italy,North Italy,IT-NO,367.85,460.81,25.07,23.1,entsoe.eu,false,
2021-12-24 17:00:00,Italy,North Italy,IT-NO,357.13,444.58,29.65,28.24,entsoe.eu,false,
2021-12-24 18:00:00,Italy,North Italy,IT-NO,346.18,434.02,29.91,26.06,entsoe.eu,false,
2021-12-24 19:00:00,Italy,North Italy,IT-NO,351.83,439.76,28.83,25.19,entsoe.eu,false,
2021-12-24 20:00:00,Italy,North Italy,IT-NO,358.17,447.75,28.9,24.76,entsoe.eu,false,
2021-12-24 21:00:00,Italy,North Italy,IT-NO,345.7,432.36,31.53,25.15,entsoe.eu,false,
2021-12-24 22:00:00,Italy,North Italy,IT-NO,361.93,450.13,27.95,24.73,entsoe.eu,false,
2021-12-24 23:00:00,Italy,North Italy,IT-NO,344.11,423.63,34.7,31.5,entsoe.eu,false,
2021-12-25 00:00:00,Italy,North Italy,IT-NO,333.1,413.25,35.85,30.5,entsoe.eu,false,
2021-12-25 01:00:00,Italy,North Italy,IT-NO,318.58,397.12,39.96,32.26,entsoe.eu,false,
2021-12-25 02:00:00,Italy,North Italy,IT-NO,300.2,367.62,45.03,32.04,entsoe.eu,false,
2021-12-25 03:00:00,Italy,North Italy,IT-NO,281.58,348.18,49.2,32.18,entsoe.eu,false,
2021-12-25 04:00:00,Italy,North Italy,IT-NO,282.13,348.49,49.11,31.21,entsoe.eu,false,
2021-12-25 05:00:00,Italy,North Italy,IT-NO,298.27,366.72,46.32,30.79,entsoe.eu,false,
2021-12-25 06:00:00,Italy,North Italy,IT-NO,289.74,355.43,46.53,31.49,entsoe.eu,false,
2021-12-25 07:00:00,Italy,North Italy,IT-NO,292.17,361.75,45.45,31.41,entsoe.eu,false,
2021-12-25 08:00:00,Italy,North Italy,IT-NO,302.89,379.28,40.24,29.22,entsoe.eu,false,
2021-12-25 09:00:00,Italy,North Italy,IT-NO,317.21,399.51,35.42,25.69,entsoe.eu,false,
2021-12-25 10:00:00,Italy,North Italy,IT-NO,341.64,424.65,32.58,27.7,entsoe.eu,false,
2021-12-25 11:00:00,Italy,North Italy,IT-NO,347.05,426.71,35.15,31.48,entsoe.eu,false,
2021-12-25 12:00:00,Italy,North Italy,IT-NO,340.63,424.89,30.86,27.08,entsoe.eu,false,
2021-12-25 13:00:00,Italy,North Italy,IT-NO,330.81,412.71,33.91,30.5,entsoe.eu,false,
2021-12-25 14:00:00,Italy,North Italy,IT-NO,333.44,415.59,32.97,27.73,entsoe.eu,false,
2021-12-25 15:00:00,Italy,North Italy,IT-NO,333.56,416.66,32.85,27.0,entsoe.eu,false,
2021-12-25 16:00:00,Italy,North Italy,IT-NO,329.74,410.28,34.56,29.73,entsoe.eu,false,
2021-12-25 17:00:00,Italy,North Italy,IT-NO,333.67,411.29,35.22,31.5,entsoe.eu,false,
2021-12-25 18:00:00,Italy,North Italy,IT-NO,334.32,412.12,35.8,32.25,entsoe.eu,false,
2021-12-25 19:00:00,Italy,North Italy,IT-NO,339.68,414.61,36.66,30.92,entsoe.eu,false,
2021-12-25 20:00:00,Italy,North Italy,IT-NO,340.89,422.28,31.88,21.9,entsoe.eu,false,
2021-12-25 21:00:00,Italy,North Italy,IT-NO,367.53,458.3,24.62,20.53,entsoe.eu,false,
2021-12-25 22:00:00,Italy,North Italy,IT-NO,366.61,456.24,24.89,22.56,entsoe.eu,false,
2021-12-25 23:00:00,Italy,North Italy,IT-NO,336.77,414.16,36.91,28.57,entsoe.eu,false,
2021-12-26 00:00:00,Italy,North Italy,IT-NO,326.54,404.55,39.46,28.87,entsoe.eu,false,
2021-12-26 01:00:00,Italy,North Italy,IT-NO,342.18,421.88,36.84,31.42,entsoe.eu,false,
2021-12-26 02:00:00,Italy,North Italy,IT-NO,341.88,420.12,36.51,31.56,entsoe.eu,false,
2021-12-26 03:00:00,Italy,North Italy,IT-NO,331.85,409.23,39.03,31.88,entsoe.eu,false,
2021-12-26 04:00:00,Italy,North Italy,IT-NO,340.98,421.38,35.59,28.75,entsoe.eu,false,
2021-12-26 05:00:00,Italy,North Italy,IT-NO,351.49,434.47,33.16,28.17,entsoe.eu,false,
2021-12-26 06:00:00,Italy,North Italy,IT-NO,330.14,406.63,38.6,29.79,entsoe.eu,false,
2021-12-26 07:00:00,Italy,North Italy,IT-NO,312.44,385.55,42.29,31.19,entsoe.eu,false,
2021-12-26 08:00:00,Italy,North Italy,IT-NO,299.22,372.09,43.54,32.97,entsoe.eu,false,
2021-12-26 09:00:00,Italy,North Italy,IT-NO,299.01,374.14,42.65,32.26,entsoe.eu,false,
2021-12-26 10:00:00,Italy,North Italy,IT-NO,312.11,391.45,38.44,29.54,entsoe.eu,false,
2021-12-26 11:00:00,Italy,North Italy,IT-NO,331.25,411.13,37.09,29.57,entsoe.eu,false,
2021-12-26 12:00:00,Italy,North Italy,IT-NO,332.81,416.02,33.19,25.18,entsoe.eu,false,
2021-12-26 13:00:00,Italy,North Italy,IT-NO,328.17,409.5,35.0,25.77,entsoe.eu,false,
2021-12-26 14:00:00,Italy,North Italy,IT-NO,348.48,437.1,29.38,22.03,entsoe.eu,false,
2021-12-26 15:00:00,Italy,North Italy,IT-NO,343.14,426.94,33.46,24.46,entsoe.eu,false,
2021-12-26 16:00:00,Italy,North Italy,IT-NO,327.73,402.98,40.05,28.9,entsoe.eu,false,
2021-12-26 17:00:00,Italy,North Italy,IT-NO,320.37,393.31,42.73,32.8,entsoe.eu,false,
2021-12-26 18:00:00,Italy,North Italy,IT-NO,313.95,386.1,43.2,31.75,entsoe.eu,false,
2021-12-26 19:00:00,Italy,North Italy,IT-NO,316.68,392.1,40.2,27.62,entsoe.eu,false,
2021-12-26 20:00:00,Italy,North Italy,IT-NO,327.55,406.62,35.42,21.29,entsoe.eu,false,
2021-12-26 21:00:00,Italy,North Italy,IT-NO,348.61,434.23,30.17,19.19,entsoe.eu,false,
2021-12-26 22:00:00,Italy,North Italy,IT-NO,357.42,442.24,28.53,19.26,entsoe.eu,false,
2021-12-26 23:00:00,Italy,North Italy,IT-NO,299.95,369.41,41.78,25.07,entsoe.eu,false,
2021-12-27 00:00:00,Italy,North Italy,IT-NO,311.19,379.84,39.69,25.64,entsoe.eu,false,
2021-12-27 01:00:00,Italy,North Italy,IT-NO,329.9,403.64,36.36,25.78,entsoe.eu,false,
2021-12-27 02:00:00,Italy,North Italy,IT-NO,329.24,404.63,36.71,25.63,entsoe.eu,false,
2021-12-27 03:00:00,Italy,North Italy,IT-NO,324.59,401.51,36.22,24.4,entsoe.eu,false,
2021-12-27 04:00:00,Italy,North Italy,IT-NO,312.57,388.28,38.39,22.22,entsoe.eu,false,
2021-12-27 05:00:00,Italy,North Italy,IT-NO,314.52,391.69,36.35,18.67,entsoe.eu,false,
2021-12-27 06:00:00,Italy,North Italy,IT-NO,316.89,395.22,36.8,20.26,entsoe.eu,false,
2021-12-27 07:00:00,Italy,North Italy,IT-NO,303.4,380.66,39.41,24.27,entsoe.eu,false,
2021-12-27 08:00:00,Italy,North Italy,IT-NO,307.82,384.9,39.52,27.27,entsoe.eu,false,
2021-12-27 09:00:00,Italy,North Italy,IT-NO,298.17,374.39,40.05,26.58,entsoe.eu,false,
2021-12-27 10:00:00,Italy,North Italy,IT-NO,302.67,382.52,37.81,24.39,entsoe.eu,false,
2021-12-27 11:00:00,Italy,North Italy,IT-NO,319.76,402.55,34.37,22.14,entsoe.eu,false,
2021-12-27 12:00:00,Italy,North Italy,IT-NO,315.34,398.47,35.28,22.15,entsoe.eu,false,
2021-12-27 13:00:00,Italy,North Italy,IT-NO,309.62,390.46,35.95,21.37,entsoe.eu,false,
2021-12-27 14:00:00,Italy,North Italy,IT-NO,300.78,379.82,37.7,21.6,entsoe.eu,false,
2021-12-27 15:00:00,Italy,North Italy,IT-NO,291.43,369.57,39.47,23.3,entsoe.eu,false,
2021-12-27 16:00:00,Italy,North Italy,IT-NO,296.18,373.62,39.13,25.72,entsoe.eu,false,
2021-12-27 17:00:00,Italy,North Italy,IT-NO,296.85,374.29,39.39,25.95,entsoe.eu,false,
2021-12-27 18:00:00,Italy,North Italy,IT-NO,300.82,378.73,39.15,25.0,entsoe.eu,false,
2021-12-27 19:00:00,Italy,North Italy,IT-NO,308.5,385.86,38.03,23.41,entsoe.eu,false,
2021-12-27 20:00:00,Italy,North Italy,IT-NO,295.52,369.76,41.31,23.09,entsoe.eu,false,
2021-12-27 21:00:00,Italy,North Italy,IT-NO,299.1,374.96,41.09,22.62,entsoe.eu,false,
2021-12-27 22:00:00,Italy,North Italy,IT-NO,290.68,364.69,43.05,23.92,entsoe.eu,false,
2021-12-27 23:00:00,Italy,North Italy,IT-NO,239.6,301.72,54.2,27.73,entsoe.eu,false,
2021-12-28 00:00:00,Italy,North Italy,IT-NO,238.42,298.61,53.8,26.62,entsoe.eu,false,
2021-12-28 01:00:00,Italy,North Italy,IT-NO,244.79,305.32,52.27,26.03,entsoe.eu,false,
2021-12-28 02:00:00,Italy,North Italy,IT-NO,253.11,312.15,50.36,24.67,entsoe.eu,false,
2021-12-28 03:00:00,Italy,North Italy,IT-NO,249.83,310.54,50.85,25.05,entsoe.eu,false,
2021-12-28 04:00:00,Italy,North Italy,IT-NO,256.19,321.3,48.71,23.55,entsoe.eu,false,
2021-12-28 05:00:00,Italy,North Italy,IT-NO,272.76,344.57,45.27,23.15,entsoe.eu,false,
2021-12-28 06:00:00,Italy,North Italy,IT-NO,275.16,345.11,46.59,26.97,entsoe.eu,false,
2021-12-28 07:00:00,Italy,North Italy,IT-NO,267.03,334.74,48.9,30.81,entsoe.eu,false,
2021-12-28 08:00:00,Italy,North Italy,IT-NO,267.98,336.69,48.46,32.37,entsoe.eu,false,
2021-12-28 09:00:00,Italy,North Italy,IT-NO,274.71,344.7,47.39,31.34,entsoe.eu,false,
2021-12-28 10:00:00,Italy,North Italy,IT-NO,276.47,348.7,46.08,30.51,entsoe.eu,false,
2021-12-28 11:00:00,Italy,North Italy,IT-NO,278.31,352.08,44.82,28.96,entsoe.eu,false,
2021-12-28 12:00:00,Italy,North Italy,IT-NO,274.36,347.29,45.4,28.9,entsoe.eu,false,
2021-12-28 13:00:00,Italy,North Italy,IT-NO,280.55,354.79,43.92,27.16,entsoe.eu,false,
2021-12-28 14:00:00,Italy,North Italy,IT-NO,275.94,349.91,44.41,27.24,entsoe.eu,false,
2021-12-28 15:00:00,Italy,North Italy,IT-NO,267.56,337.59,47.59,29.67,entsoe.eu,false,
2021-12-28 16:00:00,Italy,North Italy,IT-NO,264.27,331.52,50.04,33.8,entsoe.eu,false,
2021-12-28 17:00:00,Italy,North Italy,IT-NO,275.07,345.31,47.37,32.61,entsoe.eu,false,
2021-12-28 18:00:00,Italy,North Italy,IT-NO,282.84,355.97,44.49,29.4,entsoe.eu,false,
2021-12-28 19:00:00,Italy,North Italy,IT-NO,289.61,364.35,42.9,25.81,entsoe.eu,false,
2021-12-28 20:00:00,Italy,North Italy,IT-NO,292.62,368.05,42.71,24.14,entsoe.eu,false,
2021-12-28 21:00:00,Italy,North Italy,IT-NO,283.57,355.07,45.55,24.11,entsoe.eu,false,
2021-12-28 22:00:00,Italy,North Italy,IT-NO,278.61,349.02,46.61,25.08,entsoe.eu,false,
2021-12-28 23:00:00,Italy,North Italy,IT-NO,270.76,333.8,50.97,29.69,entsoe.eu,false,
2021-12-29 00:00:00,Italy,North Italy,IT-NO,253.86,312.67,54.77,34.03,entsoe.eu,false,
2021-12-29 01:00:00,Italy,North Italy,IT-NO,254.27,309.69,54.07,33.79,entsoe.eu,false,
2021-12-29 02:00:00,Italy,North Italy,IT-NO,250.66,305.01,54.32,32.72,entsoe.eu,false,
2021-12-29 03:00:00,Italy,North Italy,IT-NO,251.71,308.3,53.95,32.66,entsoe.eu,false,
2021-12-29 04:00:00,Italy,North Italy,IT-NO,245.03,301.87,55.49,30.87,entsoe.eu,false,
2021-12-29 05:00:00,Italy,North Italy,IT-NO,245.52,305.58,54.86,29.28,entsoe.eu,false,
2021-12-29 06:00:00,Italy,North Italy,IT-NO,261.66,328.31,50.51,27.78,entsoe.eu,false,
2021-12-29 07:00:00,Italy,North Italy,IT-NO,264.2,329.33,51.65,31.92,entsoe.eu,false,
2021-12-29 08:00:00,Italy,North Italy,IT-NO,264.63,330.1,51.26,33.96,entsoe.eu,false,
2021-12-29 09:00:00,Italy,North Italy,IT-NO,256.94,324.07,50.36,32.42,entsoe.eu,false,
2021-12-29 10:00:00,Italy,North Italy,IT-NO,249.69,315.71,51.81,33.27,entsoe.eu,false,
2021-12-29 11:00:00,Italy,North Italy,IT-NO,251.03,317.9,51.82,33.93,entsoe.eu,false,
2021-12-29 12:00:00,Italy,North Italy,IT-NO,247.53,312.59,53.06,34.18,entsoe.eu,false,
2021-12-29 13:00:00,Italy,North Italy,IT-NO,256.86,323.9,50.53,31.35,entsoe.eu,false,
2021-12-29 14:00:00,Italy,North Italy,IT-NO,252.84,318.97,51.29,31.06,entsoe.eu,false,
2021-12-29 15:00:00,Italy,North Italy,IT-NO,253.77,321.38,50.16,30.64,entsoe.eu,false,
2021-12-29 16:00:00,Italy,North Italy,IT-NO,258.14,326.09,49.54,32.3,entsoe.eu,false,
2021-12-29 17:00:00,Italy,North Italy,IT-NO,269.94,337.1,49.67,35.55,entsoe.eu,false,
2021-12-29 18:00:00,Italy,North Italy,IT-NO,285.51,356.26,46.64,32.12,entsoe.eu,false,
2021-12-29 19:00:00,Italy,North Italy,IT-NO,284.27,357.54,44.95,28.42,entsoe.eu,false,
2021-12-29 20:00:00,Italy,North Italy,IT-NO,274.7,344.28,47.72,28.8,entsoe.eu,false,
2021-12-29 21:00:00,Italy,North Italy,IT-NO,266.41,333.71,51.09,30.52,entsoe.eu,false,
2021-12-29 22:00:00,Italy,North Italy,IT-NO,262.97,325.95,51.78,29.88,entsoe.eu,false,
2021-12-29 23:00:00,Italy,North Italy,IT-NO,261.93,331.07,49.87,29.56,entsoe.eu,false,
2021-12-30 00:00:00,Italy,North Italy,IT-NO,256.98,322.33,51.2,30.0,entsoe.eu,false,
2021-12-30 01:00:00,Italy,North Italy,IT-NO,258.06,320.85,51.83,30.36,entsoe.eu,false,
2021-12-30 02:00:00,Italy,North Italy,IT-NO,264.81,324.66,50.52,29.6,entsoe.eu,false,
2021-12-30 03:00:00,Italy,North Italy,IT-NO,259.88,323.37,50.31,29.81,entsoe.eu,false,
2021-12-30 04:00:00,Italy,North Italy,IT-NO,242.91,303.46,53.07,30.94,entsoe.eu,false,
2021-12-30 05:00:00,Italy,North Italy,IT-NO,243.06,305.85,53.63,31.63,entsoe.eu,false,
2021-12-30 06:00:00,Italy,North Italy,IT-NO,260.5,324.3,51.95,33.41,entsoe.eu,false,
2021-12-30 07:00:00,Italy,North Italy,IT-NO,254.91,314.58,56.85,39.99,entsoe.eu,false,
2021-12-30 08:00:00,Italy,North Italy,IT-NO,252.33,311.04,57.13,40.19,entsoe.eu,false,
2021-12-30 09:00:00,Italy,North Italy,IT-NO,224.62,279.08,61.59,41.85,entsoe.eu,false,
2021-12-30 10:00:00,Italy,North Italy,IT-NO,214.17,269.56,62.57,42.46,entsoe.eu,false,
2021-12-30 11:00:00,Italy,North Italy,IT-NO,220.14,279.12,59.42,39.75,entsoe.eu,false,
2021-12-30 12:00:00,Italy,North Italy,IT-NO,213.14,272.42,60.26,40.21,entsoe.eu,false,
2021-12-30 13:00:00,Italy,North Italy,IT-NO,215.0,273.51,59.73,38.54,entsoe.eu,false,
2021-12-30 14:00:00,Italy,North Italy,IT-NO,217.37,275.76,59.11,36.54,entsoe.eu,false,
2021-12-30 15:00:00,Italy,North Italy,IT-NO,223.59,282.79,57.7,36.42,entsoe.eu,false,
2021-12-30 16:00:00,Italy,North Italy,IT-NO,230.34,286.06,59.96,41.44,entsoe.eu,false,
2021-12-30 17:00:00,Italy,North Italy,IT-NO,227.52,284.07,59.81,42.98,entsoe.eu,false,
2021-12-30 18:00:00,Italy,North Italy,IT-NO,230.22,289.55,57.92,40.19,entsoe.eu,false,
2021-12-30 19:00:00,Italy,North Italy,IT-NO,225.7,286.83,56.49,35.51,entsoe.eu,false,
2021-12-30 20:00:00,Italy,North Italy,IT-NO,223.39,283.58,57.86,35.4,entsoe.eu,false,
2021-12-30 21:00:00,Italy,North Italy,IT-NO,229.39,290.31,57.21,35.02,entsoe.eu,false,
2021-12-30 22:00:00,Italy,North Italy,IT-NO,234.32,296.35,55.54,33.59,entsoe.eu,false,
2021-12-30 23:00:00,Italy,North Italy,IT-NO,212.55,270.91,60.89,35.61,entsoe.eu,false,
2021-12-31 00:00:00,Italy,North Italy,IT-NO,203.5,258.91,62.81,36.24,entsoe.eu,false,
2021-12-31 01:00:00,Italy,North Italy,IT-NO,200.93,252.02,63.73,36.44,entsoe.eu,false,
2021-12-31 02:00:00,Italy,North Italy,IT-NO,195.89,250.77,64.46,36.81,entsoe.eu,false,
2021-12-31 03:00:00,Italy,North Italy,IT-NO,202.18,253.97,63.1,35.41,entsoe.eu,false,
2021-12-31 04:00:00,Italy,North Italy,IT-NO,219.85,276.42,59.44,33.49,entsoe.eu,false,
2021-12-31 05:00:00,Italy,North Italy,IT-NO,231.27,289.45,57.74,33.53,entsoe.eu,false,
2021-12-31 06:00:00,Italy,North Italy,IT-NO,218.07,275.21,60.32,36.33,entsoe.eu,false,
2021-12-31 07:00:00,Italy,North Italy,IT-NO,214.9,272.18,60.37,38.26,entsoe.eu,false,
2021-12-31 08:00:00,Italy,North Italy,IT-NO,202.75,257.37,63.21,41.2,entsoe.eu,false,
2021-12-31 09:00:00,Italy,North Italy,IT-NO,207.47,263.01,62.4,40.95,entsoe.eu,false,
2021-12-31 10:00:00,Italy,North Italy,IT-NO,193.78,248.39,64.63,42.64,entsoe.eu,false,
2021-12-31 11:00:00,Italy,North Italy,IT-NO,197.02,254.17,63.58,42.47,entsoe.eu,false,
2021-12-31 12:00:00,Italy,North Italy,IT-NO,194.18,250.43,64.71,44.12,entsoe.eu,false,
2021-12-31 13:00:00,Italy,North Italy,IT-NO,199.89,257.04,63.44,40.53,entsoe.eu,false,
2021-12-31 14:00:00,Italy,North Italy,IT-NO,225.47,284.3,59.83,37.61,entsoe.eu,false,
2021-12-31 15:00:00,Italy,North Italy,IT-NO,243.83,304.82,58.13,39.08,entsoe.eu,false,
2021-12-31 16:00:00,Italy,North Italy,IT-NO,238.31,294.41,61.27,43.29,entsoe.eu,false,
2021-12-31 17:00:00,Italy,North Italy,IT-NO,233.16,288.28,61.53,43.3,entsoe.eu,false,
2021-12-31 18:00:00,Italy,North Italy,IT-NO,230.35,285.34,62.21,43.29,entsoe.eu,false,
2021-12-31 19:00:00,Italy,North Italy,IT-NO,230.29,291.2,57.52,35.32,entsoe.eu,false,
2021-12-31 20:00:00,Italy,North Italy,IT-NO,226.93,284.44,59.97,35.41,entsoe.eu,false,
2021-12-31 21:00:00,Italy,North Italy,IT-NO,229.27,287.93,59.57,35.06,entsoe.eu,false,
2021-12-31 22:00:00,Italy,North Italy,IT-NO,250.07,311.47,55.47,32.95,entsoe.eu,false,
2021-12-31 23:00:00,Italy,North Italy,IT-NO,240.76,305.24,52.37,31.78,entsoe.eu,false,
