Datetime (UTC),Country,Zone Name,Zone Id,Carbon Intensity gCO₂eq/kWh (direct),Carbon Intensity gCO₂eq/kWh (LCA),Low Carbon Percentage,Renewable Percentage,Data Source,Data Estimated,Data Estimation Method
2022-01-01 00:00:00,Italy,North Italy,IT-NO,244.28,307.96,51.71,31.46,entsoe.eu,false,
2022-01-01 01:00:00,Italy,North Italy,IT-NO,245.76,311.62,51.91,32.26,entsoe.eu,false,
2022-01-01 02:00:00,Italy,North Italy,IT-NO,236.19,301.06,53.57,32.85,entsoe.eu,false,
2022-01-01 03:00:00,Italy,North Italy,IT-NO,226.81,288.03,55.74,33.77,entsoe.eu,false,
2022-01-01 04:00:00,Italy,North Italy,IT-NO,230.17,291.04,55.57,33.55,entsoe.eu,false,
2022-01-01 05:00:00,Italy,North Italy,IT-NO,221.45,283.26,57.36,35.22,entsoe.eu,false,
2022-01-01 06:00:00,Italy,North Italy,IT-NO,219.87,274.67,57.81,35.13,entsoe.eu,false,
2022-01-01 07:00:00,Italy,North Italy,IT-NO,203.96,256.51,61.15,36.34,entsoe.eu,false,
2022-01-01 08:00:00,Italy,North Italy,IT-NO,191.63,240.98,63.76,37.89,entsoe.eu,false,
2022-01-01 09:00:00,Italy,North Italy,IT-NO,189.72,241.09,63.42,38.51,entsoe.eu,false,
2022-01-01 10:00:00,Italy,North Italy,IT-NO,199.43,257.94,59.68,37.26,entsoe.eu,false,
2022-01-01 11:00:00,Italy,North Italy,IT-NO,207.48,266.44,58.57,38.57,entsoe.eu,false,
2022-01-01 12:00:00,Italy,North Italy,IT-NO,208.98,269.46,58.12,39.13,entsoe.eu,false,
2022-01-01 13:00:00,Italy,North Italy,IT-NO,193.71,250.77,61.9,37.17,entsoe.eu,false,
2022-01-01 14:00:00,Italy,North Italy,IT-NO,193.47,247.99,62.15,32.77,entsoe.eu,false,
2022-01-01 15:00:00,Italy,North Italy,IT-NO,211.44,270.03,58.52,32.26,entsoe.eu,false,
2022-01-01 16:00:00,Italy,North Italy,IT-NO,229.01,286.76,58.39,36.68,entsoe.eu,false,
2022-01-01 17:00:00,Italy,North Italy,IT-NO,239.1,295.84,58.7,39.63,entsoe.eu,false,
2022-01-01 18:00:00,Italy,North Italy,IT-NO,246.58,303.17,58.62,40.91,entsoe.eu,false,
2022-01-01 19:00:00,Italy,North Italy,IT-NO,253.26,312.08,56.4,38.61,entsoe.eu,false,
2022-01-01 20:00:00,Italy,North Italy,IT-NO,248.1,309.61,54.85,35.55,entsoe.eu,false,
2022-01-01 21:00:00,Italy,North Italy,IT-NO,242.91,307.14,51.91,31.28,entsoe.eu,false,
2022-01-01 22:00:00,Italy,North Italy,IT-NO,239.04,303.29,52.5,30.13,entsoe.eu,false,
2022-01-01 23:00:00,Italy,North Italy,IT-NO,213.75,273.95,58.08,30.87,entsoe.eu,false,
2022-01-02 00:00:00,Italy,North Italy,IT-NO,227.48,288.53,55.25,29.92,entsoe.eu,false,
2022-01-02 01:00:00,Italy,North Italy,IT-NO,226.76,287.56,55.3,29.97,entsoe.eu,false,
2022-01-02 02:00:00,Italy,North Italy,IT-NO,235.26,299.26,53.61,29.6,entsoe.eu,false,
2022-01-02 03:00:00,Italy,North Italy,IT-NO,241.91,306.97,51.85,28.68,entsoe.eu,false,
2022-01-02 04:00:00,Italy,North Italy,IT-NO,245.44,309.35,51.57,28.67,entsoe.eu,false,
2022-01-02 05:00:00,Italy,North Italy,IT-NO,240.75,305.09,52.12,28.79,entsoe.eu,false,
2022-01-02 06:00:00,Italy,North Italy,IT-NO,238.89,302.45,52.69,30.58,entsoe.eu,false,
2022-01-02 07:00:00,Italy,North Italy,IT-NO,230.22,293.69,54.47,33.1,entsoe.eu,false,
2022-01-02 08:00:00,Italy,North Italy,IT-NO,225.53,288.89,54.75,34.56,entsoe.eu,false,
2022-01-02 09:00:00,Italy,North Italy,IT-NO,222.53,288.54,55.27,37.56,entsoe.eu,false,
2022-01-02 10:00:00,Italy,North Italy,IT-NO,223.25,290.32,54.32,37.6,entsoe.eu,false,
2022-01-02 11:00:00,Italy,North Italy,IT-NO,223.72,290.23,54.5,38.53,entsoe.eu,false,
2022-01-02 12:00:00,Italy,North Italy,IT-NO,231.0,299.46,52.63,36.68,entsoe.eu,false,
2022-01-02 13:00:00,Italy,North Italy,IT-NO,228.68,295.84,53.88,34.7,entsoe.eu,false,
2022-01-02 14:00:00,Italy,North Italy,IT-NO,227.92,293.86,53.94,31.89,entsoe.eu,false,
2022-01-02 15:00:00,Italy,North Italy,IT-NO,221.13,283.74,56.63,33.8,entsoe.eu,false,
2022-01-02 16:00:00,Italy,North Italy,IT-NO,235.41,295.18,57.87,38.04,entsoe.eu,false,
2022-01-02 17:00:00,Italy,North Italy,IT-NO,238.84,299.22,57.11,37.83,entsoe.eu,false,
2022-01-02 18:00:00,Italy,North Italy,IT-NO,234.26,294.43,57.9,38.94,entsoe.eu,false,
2022-01-02 19:00:00,Italy,North Italy,IT-NO,230.18,290.41,57.9,38.67,entsoe.eu,false,
2022-01-02 20:00:00,Italy,North Italy,IT-NO,225.34,291.31,54.57,33.26,entsoe.eu,false,
2022-01-02 21:00:00,Italy,North Italy,IT-NO,216.73,278.3,57.29,34.75,entsoe.eu,false,
2022-01-02 22:00:00,Italy,North Italy,IT-NO,209.41,268.94,59.56,36.7,entsoe.eu,false,
2022-01-02 23:00:00,Italy,North Italy,IT-NO,225.06,287.0,55.81,32.17,entsoe.eu,false,
2022-01-03 00:00:00,Italy,North Italy,IT-NO,236.66,303.11,52.71,30.75,entsoe.eu,false,
2022-01-03 01:00:00,Italy,North Italy,IT-NO,243.6,312.57,51.5,30.74,entsoe.eu,false,
2022-01-03 02:00:00,Italy,North Italy,IT-NO,239.66,308.1,52.28,30.5,entsoe.eu,false,
2022-01-03 03:00:00,Italy,North Italy,IT-NO,242.61,309.53,51.84,30.58,entsoe.eu,false,
2022-01-03 04:00:00,Italy,North Italy,IT-NO,236.36,302.53,53.53,31.87,entsoe.eu,false,
2022-01-03 05:00:00,Italy,North Italy,IT-NO,254.84,324.97,48.79,29.53,entsoe.eu,false,
2022-01-03 06:00:00,Italy,North Italy,IT-NO,266.67,338.42,46.0,28.7,entsoe.eu,false,
2022-01-03 07:00:00,Italy,North Italy,IT-NO,267.78,338.5,46.19,31.22,entsoe.eu,false,
2022-01-03 08:00:00,Italy,North Italy,IT-NO,267.49,339.04,46.23,33.12,entsoe.eu,false,
2022-01-03 09:00:00,Italy,North Italy,IT-NO,269.54,342.69,45.78,31.89,entsoe.eu,false,
2022-01-03 10:00:00,Italy,North Italy,IT-NO,271.6,345.89,45.06,31.07,entsoe.eu,false,
2022-01-03 11:00:00,Italy,North Italy,IT-NO,277.47,353.99,43.01,29.55,entsoe.eu,false,
2022-01-03 12:00:00,Italy,North Italy,IT-NO,269.82,345.03,44.53,29.6,entsoe.eu,false,
2022-01-03 13:00:00,Italy,North Italy,IT-NO,272.22,346.66,44.27,27.92,entsoe.eu,false,
2022-01-03 14:00:00,Italy,North Italy,IT-NO,270.0,341.76,46.43,29.1,entsoe.eu,false,
2022-01-03 15:00:00,Italy,North Italy,IT-NO,269.9,342.31,46.15,29.59,entsoe.eu,false,
2022-01-03 16:00:00,Italy,North Italy,IT-NO,260.03,329.67,48.82,35.52,entsoe.eu,false,
2022-01-03 17:00:00,Italy,North Italy,IT-NO,257.85,326.4,49.52,35.75,entsoe.eu,false,
2022-01-03 18:00:00,Italy,North Italy,IT-NO,266.21,337.27,47.27,32.66,entsoe.eu,false,
2022-01-03 19:00:00,Italy,North Italy,IT-NO,282.02,356.45,43.73,29.0,entsoe.eu,false,
2022-01-03 20:00:00,Italy,North Italy,IT-NO,273.55,344.66,46.5,28.04,entsoe.eu,false,
2022-01-03 21:00:00,Italy,North Italy,IT-NO,276.62,349.6,45.19,25.11,entsoe.eu,false,
2022-01-03 22:00:00,Italy,North Italy,IT-NO,270.56,341.46,47.04,25.97,entsoe.eu,false,
2022-01-03 23:00:00,Italy,North Italy,IT-NO,263.55,331.8,49.78,26.56,entsoe.eu,false,
2022-01-04 00:00:00,Italy,North Italy,IT-NO,249.88,315.22,52.34,26.48,entsoe.eu,false,
2022-01-04 01:00:00,Italy,North Italy,IT-NO,258.05,324.98,49.76,24.99,entsoe.eu,false,
2022-01-04 02:00:00,Italy,North Italy,IT-NO,267.55,338.03,46.92,23.87,entsoe.eu,false,
2022-01-04 03:00:00,Italy,North Italy,IT-NO,270.75,342.25,46.16,22.21,entsoe.eu,false,
2022-01-04 04:00:00,Italy,North Italy,IT-NO,272.42,344.57,45.71,21.15,entsoe.eu,false,
2022-01-04 05:00:00,Italy,North Italy,IT-NO,297.44,376.98,39.22,18.77,entsoe.eu,false,
2022-01-04 06:00:00,Italy,North Italy,IT-NO,302.4,384.45,37.77,21.25,entsoe.eu,false,
2022-01-04 07:00:00,Italy,North Italy,IT-NO,298.56,378.18,39.94,25.12,entsoe.eu,false,
2022-01-04 08:00:00,Italy,North Italy,IT-NO,296.36,375.68,40.26,26.25,entsoe.eu,false,
2022-01-04 09:00:00,Italy,North Italy,IT-NO,294.53,374.18,39.89,27.06,entsoe.eu,false,
2022-01-04 10:00:00,Italy,North Italy,IT-NO,300.55,379.16,40.46,28.95,entsoe.eu,false,
2022-01-04 11:00:00,Italy,North Italy,IT-NO,309.96,390.12,39.07,29.19,entsoe.eu,false,
2022-01-04 12:00:00,Italy,North Italy,IT-NO,306.54,385.5,39.72,29.37,entsoe.eu,false,
2022-01-04 13:00:00,Italy,North Italy,IT-NO,311.65,390.64,39.68,28.41,entsoe.eu,false,
2022-01-04 14:00:00,Italy,North Italy,IT-NO,310.65,390.29,39.05,25.52,entsoe.eu,false,
2022-01-04 15:00:00,Italy,North Italy,IT-NO,302.07,382.72,38.57,23.49,entsoe.eu,false,
2022-01-04 16:00:00,Italy,North Italy,IT-NO,285.21,360.2,43.09,28.98,entsoe.eu,false,
2022-01-04 17:00:00,Italy,North Italy,IT-NO,288.99,364.67,42.61,28.73,entsoe.eu,false,
2022-01-04 18:00:00,Italy,North Italy,IT-NO,299.45,377.51,40.39,26.43,entsoe.eu,false,
2022-01-04 19:00:00,Italy,North Italy,IT-NO,310.96,392.01,38.15,24.93,entsoe.eu,false,
2022-01-04 20:00:00,Italy,North Italy,IT-NO,317.34,398.4,37.21,23.11,entsoe.eu,false,
2022-01-04 21:00:00,Italy,North Italy,IT-NO,318.01,397.78,37.93,23.03,entsoe.eu,false,
2022-01-04 22:00:00,Italy,North Italy,IT-NO,287.36,359.56,45.19,26.92,entsoe.eu,false,
2022-01-04 23:00:00,Italy,North Italy,IT-NO,271.39,341.36,48.02,27.45,entsoe.eu,false,
2022-01-05 00:00:00,Italy,North Italy,IT-NO,264.82,333.52,48.54,27.32,entsoe.eu,false,
2022-01-05 01:00:00,Italy,North Italy,IT-NO,262.78,332.86,48.39,28.66,entsoe.eu,false,
2022-01-05 02:00:00,Italy,North Italy,IT-NO,258.56,323.86,50.24,30.15,entsoe.eu,false,
2022-01-05 03:00:00,Italy,North Italy,IT-NO,258.72,323.57,50.41,29.93,entsoe.eu,false,
2022-01-05 04:00:00,Italy,North Italy,IT-NO,280.9,351.55,45.99,28.02,entsoe.eu,false,
2022-01-05 05:00:00,Italy,North Italy,IT-NO,270.68,339.65,47.89,28.63,entsoe.eu,false,
2022-01-05 06:00:00,Italy,North Italy,IT-NO,287.96,360.63,42.93,27.82,entsoe.eu,false,
2022-01-05 07:00:00,Italy,North Italy,IT-NO,276.57,346.1,46.03,33.26,entsoe.eu,false,
2022-01-05 08:00:00,Italy,North Italy,IT-NO,275.75,345.07,46.82,35.41,entsoe.eu,false,
2022-01-05 09:00:00,Italy,North Italy,IT-NO,274.28,343.61,46.62,34.52,entsoe.eu,false,
2022-01-05 10:00:00,Italy,North Italy,IT-NO,271.01,343.09,45.41,32.46,entsoe.eu,false,
2022-01-05 11:00:00,Italy,North Italy,IT-NO,278.68,353.78,43.27,31.17,entsoe.eu,false,
2022-01-05 12:00:00,Italy,North Italy,IT-NO,272.66,345.62,44.72,31.05,entsoe.eu,false,
2022-01-05 13:00:00,Italy,North Italy,IT-NO,279.95,354.19,43.38,29.56,entsoe.eu,false,
2022-01-05 14:00:00,Italy,North Italy,IT-NO,282.49,353.52,44.61,30.39,entsoe.eu,false,
2022-01-05 15:00:00,Italy,North Italy,IT-NO,275.51,346.76,45.93,32.26,entsoe.eu,false,
2022-01-05 16:00:00,Italy,North Italy,IT-NO,276.72,347.23,46.24,35.62,entsoe.eu,false,
2022-01-05 17:00:00,Italy,North Italy,IT-NO,280.0,350.61,45.54,36.9,entsoe.eu,false,
2022-01-05 18:00:00,Italy,North Italy,IT-NO,283.67,354.53,44.78,35.98,entsoe.eu,false,
2022-01-05 19:00:00,Italy,North Italy,IT-NO,306.51,384.35,38.87,29.88,entsoe.eu,false,
2022-01-05 20:00:00,Italy,North Italy,IT-NO,300.45,377.42,39.42,27.92,entsoe.eu,false,
2022-01-05 21:00:00,Italy,North Italy,IT-NO,313.73,394.15,36.52,28.65,entsoe.eu,false,
2022-01-05 22:00:00,Italy,North Italy,IT-NO,345.94,434.44,28.85,26.65,entsoe.eu,false,
2022-01-05 23:00:00,Italy,North Italy,IT-NO,338.27,424.29,31.57,29.79,entsoe.eu,false,
2022-01-06 00:00:00,Italy,North Italy,IT-NO,335.76,420.07,32.97,31.01,entsoe.eu,false,
2022-01-06 01:00:00,Italy,North Italy,IT-NO,337.43,416.48,34.5,31.56,entsoe.eu,false,
2022-01-06 02:00:00,Italy,North Italy,IT-NO,328.23,405.45,37.53,32.51,entsoe.eu,false,
2022-01-06 03:00:00,Italy,North Italy,IT-NO,319.3,393.07,40.21,32.76,entsoe.eu,false,
2022-01-06 04:00:00,Italy,North Italy,IT-NO,348.47,430.95,31.11,25.81,entsoe.eu,false,
2022-01-06 05:00:00,Italy,North Italy,IT-NO,332.18,409.77,35.27,27.16,entsoe.eu,false,
2022-01-06 06:00:00,Italy,North Italy,IT-NO,339.64,420.49,33.2,30.36,entsoe.eu,false,
2022-01-06 07:00:00,Italy,North Italy,IT-NO,327.63,406.82,35.92,34.54,entsoe.eu,false,
2022-01-06 08:00:00,Italy,North Italy,IT-NO,309.47,382.91,41.11,39.77,entsoe.eu,false,
2022-01-06 09:00:00,Italy,North Italy,IT-NO,311.56,386.23,40.32,38.71,entsoe.eu,false,
2022-01-06 10:00:00,Italy,North Italy,IT-NO,309.36,385.78,38.17,35.52,entsoe.eu,false,
2022-01-06 11:00:00,Italy,North Italy,IT-NO,321.3,402.87,34.11,32.06,entsoe.eu,false,
2022-01-06 12:00:00,Italy,North Italy,IT-NO,317.96,399.58,34.45,30.46,entsoe.eu,false,
2022-01-06 13:00:00,Italy,North Italy,IT-NO,331.0,415.53,31.75,27.41,entsoe.eu,false,
2022-01-06 14:00:00,Italy,North Italy,IT-NO,357.64,447.34,26.36,23.22,entsoe.eu,false,
2022-01-06 15:00:00,Italy,North Italy,IT-NO,372.21,462.8,25.05,23.06,entsoe.eu,false,
2022-01-06 16:00:00,Italy,North Italy,IT-NO,326.09,407.31,34.6,31.05,entsoe.eu,false,
2022-01-06 17:00:00,Italy,North Italy,IT-NO,296.06,371.24,40.29,35.71,entsoe.eu,false,
2022-01-06 18:00:00,Italy,North Italy,IT-NO,304.89,380.78,39.75,33.38,entsoe.eu,false,
2022-01-06 19:00:00,Italy,North Italy,IT-NO,324.83,408.97,34.3,26.3,entsoe.eu,false,
2022-01-06 20:00:00,Italy,North Italy,IT-NO,332.38,417.91,32.92,23.36,entsoe.eu,false,
2022-01-06 21:00:00,Italy,North Italy,IT-NO,320.59,401.81,36.66,24.99,entsoe.eu,false,
2022-01-06 22:00:00,Italy,North Italy,IT-NO,325.58,408.25,35.04,23.31,entsoe.eu,false,
2022-01-06 23:00:00,Italy,North Italy,IT-NO,324.08,404.98,36.42,22.93,entsoe.eu,false,
2022-01-07 00:00:00,Italy,North Italy,IT-NO,323.6,401.81,36.54,21.62,entsoe.eu,false,
2022-01-07 01:00:00,Italy,North Italy,IT-NO,319.13,397.54,37.65,22.34,entsoe.eu,false,
2022-01-07 02:00:00,Italy,North Italy,IT-NO,319.94,398.32,38.12,25.01,entsoe.eu,false,
2022-01-07 03:00:00,Italy,North Italy,IT-NO,313.5,389.88,40.12,25.89,entsoe.eu,false,
2022-01-07 04:00:00,Italy,North Italy,IT-NO,307.63,383.69,41.05,25.82,entsoe.eu,false,
2022-01-07 05:00:00,Italy,North Italy,IT-NO,306.5,384.76,40.41,25.88,entsoe.eu,false,
2022-01-07 06:00:00,Italy,North Italy,IT-NO,326.88,411.01,35.27,24.91,entsoe.eu,false,
2022-01-07 07:00:00,Italy,North Italy,IT-NO,303.82,380.91,41.43,30.99,entsoe.eu,false,
2022-01-07 08:00:00,Italy,North Italy,IT-NO,294.13,369.56,42.87,34.16,entsoe.eu,false,
2022-01-07 09:00:00,Italy,North Italy,IT-NO,278.85,353.7,44.38,36.5,entsoe.eu,false,
2022-01-07 10:00:00,Italy,North Italy,IT-NO,276.06,351.34,44.26,35.1,entsoe.eu,false,
2022-01-07 11:00:00,Italy,North Italy,IT-NO,278.45,355.49,42.98,33.96,entsoe.eu,false,
2022-01-07 12:00:00,Italy,North Italy,IT-NO,269.89,343.46,46.05,34.39,entsoe.eu,false,
2022-01-07 13:00:00,Italy,North Italy,IT-NO,283.71,359.88,43.15,30.41,entsoe.eu,false,
2022-01-07 14:00:00,Italy,North Italy,IT-NO,300.26,379.75,39.47,26.39,entsoe.eu,false,
2022-01-07 15:00:00,Italy,North Italy,IT-NO,305.91,387.33,37.33,25.5,entsoe.eu,false,
2022-01-07 16:00:00,Italy,North Italy,IT-NO,282.37,357.03,43.72,32.09,entsoe.eu,false,
2022-01-07 17:00:00,Italy,North Italy,IT-NO,278.34,350.95,45.43,35.01,entsoe.eu,false,
2022-01-07 18:00:00,Italy,North Italy,IT-NO,285.65,358.73,44.98,34.36,entsoe.eu,false,
2022-01-07 19:00:00,Italy,North Italy,IT-NO,302.5,379.08,41.19,30.17,entsoe.eu,false,
2022-01-07 20:00:00,Italy,North Italy,IT-NO,316.33,396.43,38.3,25.0,entsoe.eu,false,
2022-01-07 21:00:00,Italy,North Italy,IT-NO,312.55,392.16,39.37,24.05,entsoe.eu,false,
2022-01-07 22:00:00,Italy,North Italy,IT-NO,320.41,400.59,38.36,24.0,entsoe.eu,false,
2022-01-07 23:00:00,Italy,North Italy,IT-NO,302.9,377.17,43.59,25.91,entsoe.eu,false,
2022-01-08 00:00:00,Italy,North Italy,IT-NO,318.89,396.98,40.11,23.45,entsoe.eu,false,
2022-01-08 01:00:00,Italy,North Italy,IT-NO,317.92,393.64,42.09,24.74,entsoe.eu,false,
2022-01-08 02:00:00,Italy,North Italy,IT-NO,324.82,401.31,40.33,24.23,entsoe.eu,false,
2022-01-08 03:00:00,Italy,North Italy,IT-NO,321.9,398.05,40.84,24.04,entsoe.eu,false,
2022-01-08 04:00:00,Italy,North Italy,IT-NO,318.71,396.36,40.77,23.54,entsoe.eu,false,
2022-01-08 05:00:00,Italy,North Italy,IT-NO,312.78,388.22,42.24,24.31,entsoe.eu,false,
2022-01-08 06:00:00,Italy,North Italy,IT-NO,316.23,394.69,40.19,26.46,entsoe.eu,false,
2022-01-08 07:00:00,Italy,North Italy,IT-NO,310.03,386.56,42.48,29.66,entsoe.eu,false,
2022-01-08 08:00:00,Italy,North Italy,IT-NO,289.8,364.12,44.98,31.36,entsoe.eu,false,
2022-01-08 09:00:00,Italy,North Italy,IT-NO,277.02,351.1,46.38,33.9,entsoe.eu,false,
2022-01-08 10:00:00,Italy,North Italy,IT-NO,265.03,337.54,48.27,34.92,entsoe.eu,false,
2022-01-08 11:00:00,Italy,North Italy,IT-NO,276.52,352.48,44.96,32.92,entsoe.eu,false,
2022-01-08 12:00:00,Italy,North Italy,IT-NO,272.92,347.99,46.1,33.37,entsoe.eu,false,
2022-01-08 13:00:00,Italy,North Italy,IT-NO,283.57,359.29,44.57,30.2,entsoe.eu,false,
2022-01-08 14:00:00,Italy,North Italy,IT-NO,306.55,386.7,39.22,24.2,entsoe.eu,false,
2022-01-08 15:00:00,Italy,North Italy,IT-NO,311.47,392.66,38.08,24.43,entsoe.eu,false,
2022-01-08 16:00:00,Italy,North Italy,IT-NO,288.85,364.83,42.67,29.51,entsoe.eu,false,
2022-01-08 17:00:00,Italy,North Italy,IT-NO,282.7,357.3,44.05,31.36,entsoe.eu,false,
2022-01-08 18:00:00,Italy,North Italy,IT-NO,280.61,354.66,44.42,31.2,entsoe.eu,false,
2022-01-08 19:00:00,Italy,North Italy,IT-NO,288.53,365.43,41.91,28.77,entsoe.eu,false,
2022-01-08 20:00:00,Italy,North Italy,IT-NO,296.85,375.31,40.32,24.88,entsoe.eu,false,
2022-01-08 21:00:00,Italy,North Italy,IT-NO,304.03,384.39,38.4,22.36,entsoe.eu,false,
2022-01-08 22:00:00,Italy,North Italy,IT-NO,291.34,366.02,42.57,26.12,entsoe.eu,false,
2022-01-08 23:00:00,Italy,North Italy,IT-NO,293.27,370.29,41.67,23.97,entsoe.eu,false,
2022-01-09 00:00:00,Italy,North Italy,IT-NO,289.73,365.6,42.4,24.27,entsoe.eu,false,
2022-01-09 01:00:00,Italy,North Italy,IT-NO,281.23,355.03,44.68,24.48,entsoe.eu,false,
2022-01-09 02:00:00,Italy,North Italy,IT-NO,275.86,349.06,45.73,24.67,entsoe.eu,false,
2022-01-09 03:00:00,Italy,North Italy,IT-NO,280.13,354.68,44.63,24.27,entsoe.eu,false,
2022-01-09 04:00:00,Italy,North Italy,IT-NO,274.3,348.03,45.49,24.44,entsoe.eu,false,
2022-01-09 05:00:00,Italy,North Italy,IT-NO,277.9,352.16,44.63,22.91,entsoe.eu,false,
2022-01-09 06:00:00,Italy,North Italy,IT-NO,272.56,342.34,46.71,24.15,entsoe.eu,false,
2022-01-09 07:00:00,Italy,North Italy,IT-NO,280.07,350.09,47.39,28.95,entsoe.eu,false,
2022-01-09 08:00:00,Italy,North Italy,IT-NO,292.38,366.0,44.52,28.11,entsoe.eu,false,
2022-01-09 09:00:00,Italy,North Italy,IT-NO,290.46,364.6,44.25,31.43,entsoe.eu,false,
2022-01-09 10:00:00,Italy,North Italy,IT-NO,268.4,339.22,48.37,37.57,entsoe.eu,false,
2022-01-09 11:00:00,Italy,North Italy,IT-NO,261.55,331.28,49.28,37.54,entsoe.eu,false,
2022-01-09 12:00:00,Italy,North Italy,IT-NO,261.02,332.48,48.12,35.54,entsoe.eu,false,
2022-01-09 13:00:00,Italy,North Italy,IT-NO,270.17,341.47,47.6,34.87,entsoe.eu,false,
2022-01-09 14:00:00,Italy,North Italy,IT-NO,293.19,368.42,43.6,31.51,entsoe.eu,false,
2022-01-09 15:00:00,Italy,North Italy,IT-NO,292.13,368.23,42.79,27.67,entsoe.eu,false,
2022-01-09 16:00:00,Italy,North Italy,IT-NO,285.4,359.02,44.58,29.98,entsoe.eu,false,
2022-01-09 17:00:00,Italy,North Italy,IT-NO,279.88,351.25,46.3,32.6,entsoe.eu,false,
2022-01-09 18:00:00,Italy,North Italy,IT-NO,281.37,352.61,46.0,31.72,entsoe.eu,false,
2022-01-09 19:00:00,Italy,North Italy,IT-NO,293.84,366.81,43.66,28.66,entsoe.eu,false,
2022-01-09 20:00:00,Italy,North Italy,IT-NO,312.03,389.85,39.1,23.82,entsoe.eu,false,
2022-01-09 21:00:00,Italy,North Italy,IT-NO,315.09,394.48,38.07,21.46,entsoe.eu,false,
2022-01-09 22:00:00,Italy,North Italy,IT-NO,327.83,411.83,34.28,19.07,entsoe.eu,false,
2022-01-09 23:00:00,Italy,North Italy,IT-NO,319.18,400.55,37.32,22.4,entsoe.eu,false,
2022-01-10 00:00:00,Italy,North Italy,IT-NO,328.94,412.76,34.84,22.08,entsoe.eu,false,
2022-01-10 01:00:00,Italy,North Italy,IT-NO,347.47,435.01,29.96,21.89,entsoe.eu,false,
2022-01-10 02:00:00,Italy,North Italy,IT-NO,327.88,407.74,34.83,21.85,entsoe.eu,false,
2022-01-10 03:00:00,Italy,North Italy,IT-NO,313.28,392.31,37.57,21.22,entsoe.eu,false,
2022-01-10 04:00:00,Italy,North Italy,IT-NO,326.12,409.91,34.16,17.67,entsoe.eu,false,
2022-01-10 05:00:00,Italy,North Italy,IT-NO,350.59,442.58,26.33,15.21,entsoe.eu,false,
2022-01-10 06:00:00,Italy,North Italy,IT-NO,349.41,440.73,27.44,19.81,entsoe.eu,false,
2022-01-10 07:00:00,Italy,North Italy,IT-NO,330.22,414.46,31.6,24.88,entsoe.eu,false,
2022-01-10 08:00:00,Italy,North Italy,IT-NO,323.91,408.89,32.03,25.68,entsoe.eu,false,
2022-01-10 09:00:00,Italy,North Italy,IT-NO,327.21,414.17,30.59,23.97,entsoe.eu,false,
2022-01-10 10:00:00,Italy,North Italy,IT-NO,323.9,409.77,31.28,24.73,entsoe.eu,false,
2022-01-10 11:00:00,Italy,North Italy,IT-NO,334.92,423.66,29.11,22.63,entsoe.eu,false,
2022-01-10 12:00:00,Italy,North Italy,IT-NO,329.29,418.04,29.69,23.16,entsoe.eu,false,
2022-01-10 13:00:00,Italy,North Italy,IT-NO,327.39,415.27,30.0,21.8,entsoe.eu,false,
2022-01-10 14:00:00,Italy,North Italy,IT-NO,319.82,407.48,31.23,21.44,entsoe.eu,false,
2022-01-10 15:00:00,Italy,North Italy,IT-NO,331.98,421.87,29.1,20.56,entsoe.eu,false,
2022-01-10 16:00:00,Italy,North Italy,IT-NO,325.9,414.89,29.95,22.35,entsoe.eu,false,
2022-01-10 17:00:00,Italy,North Italy,IT-NO,334.4,423.34,29.15,22.92,entsoe.eu,false,
2022-01-10 18:00:00,Italy,North Italy,IT-NO,340.47,431.62,26.88,20.51,entsoe.eu,false,
2022-01-10 19:00:00,Italy,North Italy,IT-NO,359.96,455.53,22.94,17.26,entsoe.eu,false,
2022-01-10 20:00:00,Italy,North Italy,IT-NO,380.03,481.98,17.63,13.25,entsoe.eu,false,
2022-01-10 21:00:00,Italy,North Italy,IT-NO,370.54,469.03,20.58,14.26,entsoe.eu,false,
2022-01-10 22:00:00,Italy,North Italy,IT-NO,353.47,444.01,26.76,16.98,entsoe.eu,false,
2022-01-10 23:00:00,Italy,North Italy,IT-NO,355.32,446.19,26.29,18.52,entsoe.eu,false,
2022-01-11 00:00:00,Italy,North Italy,IT-NO,356.02,448.64,26.29,20.22,entsoe.eu,false,
2022-01-11 01:00:00,Italy,North Italy,IT-NO,337.01,422.16,32.65,22.19,entsoe.eu,false,
2022-01-11 02:00:00,Italy,North Italy,IT-NO,338.79,424.9,32.01,22.26,entsoe.eu,false,
2022-01-11 03:00:00,Italy,North Italy,IT-NO,335.59,420.63,32.39,21.01,entsoe.eu,false,
2022-01-11 04:00:00,Italy,North Italy,IT-NO,354.4,446.33,26.29,18.2,entsoe.eu,false,
2022-01-11 05:00:00,Italy,North Italy,IT-NO,367.53,465.42,21.43,14.86,entsoe.eu,false,
2022-01-11 06:00:00,Italy,North Italy,IT-NO,361.48,457.48,23.27,18.48,entsoe.eu,false,
2022-01-11 07:00:00,Italy,North Italy,IT-NO,333.63,422.65,29.74,24.65,entsoe.eu,false,
2022-01-11 08:00:00,Italy,North Italy,IT-NO,324.83,411.55,31.62,26.46,entsoe.eu,false,
2022-01-11 09:00:00,Italy,North Italy,IT-NO,321.36,408.58,31.85,26.8,entsoe.eu,false,
2022-01-11 10:00:00,Italy,North Italy,IT-NO,319.49,407.53,31.75,26.65,entsoe.eu,false,
2022-01-11 11:00:00,Italy,North Italy,IT-NO,326.64,419.31,28.9,25.96,entsoe.eu,false,
2022-01-11 12:00:00,Italy,North Italy,IT-NO,328.87,422.27,28.17,24.63,entsoe.eu,false,
2022-01-11 13:00:00,Italy,North Italy,IT-NO,329.87,422.35,28.57,22.08,entsoe.eu,false,
2022-01-11 14:00:00,Italy,North Italy,IT-NO,331.38,422.95,28.71,21.26,entsoe.eu,false,
2022-01-11 15:00:00,Italy,North Italy,IT-NO,333.65,423.42,29.03,21.3,entsoe.eu,false,
2022-01-11 16:00:00,Italy,North Italy,IT-NO,333.86,421.98,29.83,24.67,entsoe.eu,false,
2022-01-11 17:00:00,Italy,North Italy,IT-NO,340.76,429.95,28.77,24.86,entsoe.eu,false,
2022-01-11 18:00:00,Italy,North Italy,IT-NO,347.4,439.54,26.52,21.99,entsoe.eu,false,
2022-01-11 19:00:00,Italy,North Italy,IT-NO,369.99,465.81,23.39,19.71,entsoe.eu,false,
2022-01-11 20:00:00,Italy,North Italy,IT-NO,384.61,485.79,18.76,15.98,entsoe.eu,false,
2022-01-11 21:00:00,Italy,North Italy,IT-NO,382.63,485.98,17.33,13.66,entsoe.eu,false,
2022-01-11 22:00:00,Italy,North Italy,IT-NO,380.23,482.41,18.66,15.28,entsoe.eu,false,
2022-01-11 23:00:00,Italy,North Italy,IT-NO,360.01,450.86,26.56,19.02,entsoe.eu,false,
2022-01-12 00:00:00,Italy,North Italy,IT-NO,355.67,444.77,28.29,19.7,entsoe.eu,false,
2022-01-12 01:00:00,Italy,North Italy,IT-NO,351.83,440.55,29.15,19.89,entsoe.eu,false,
2022-01-12 02:00:00,Italy,North Italy,IT-NO,344.44,429.94,31.54,19.97,entsoe.eu,false,
2022-01-12 03:00:00,Italy,North Italy,IT-NO,341.97,427.74,31.72,18.82,entsoe.eu,false,
2022-01-12 04:00:00,Italy,North Italy,IT-NO,360.88,452.21,26.41,17.36,entsoe.eu,false,
2022-01-12 05:00:00,Italy,North Italy,IT-NO,376.39,475.12,20.49,14.93,entsoe.eu,false,
2022-01-12 06:00:00,Italy,North Italy,IT-NO,373.52,470.37,21.44,18.25,entsoe.eu,false,
2022-01-12 07:00:00,Italy,North Italy,IT-NO,345.35,434.95,27.9,24.24,entsoe.eu,false,
2022-01-12 08:00:00,Italy,North Italy,IT-NO,335.02,422.29,30.22,25.8,entsoe.eu,false,
2022-01-12 09:00:00,Italy,North Italy,IT-NO,331.59,418.53,30.59,25.78,entsoe.eu,false,
2022-01-12 10:00:00,Italy,North Italy,IT-NO,330.91,419.87,30.03,24.35,entsoe.eu,false,
2022-01-12 11:00:00,Italy,North Italy,IT-NO,347.31,440.48,26.09,23.05,entsoe.eu,false,
2022-01-12 12:00:00,Italy,North Italy,IT-NO,343.51,435.9,27.09,23.36,entsoe.eu,false,
2022-01-12 13:00:00,Italy,North Italy,IT-NO,351.59,444.51,25.81,20.54,entsoe.eu,false,
2022-01-12 14:00:00,Italy,North Italy,IT-NO,358.85,452.75,24.45,18.63,entsoe.eu,false,
2022-01-12 15:00:00,Italy,North Italy,IT-NO,353.19,444.34,26.17,20.11,entsoe.eu,false,
2022-01-12 16:00:00,Italy,North Italy,IT-NO,349.76,439.21,27.57,22.68,entsoe.eu,false,
2022-01-12 17:00:00,Italy,North Italy,IT-NO,356.81,447.83,26.13,22.01,entsoe.eu,false,
2022-01-12 18:00:00,Italy,North Italy,IT-NO,366.75,460.26,23.47,19.38,entsoe.eu,false,
2022-01-12 19:00:00,Italy,North Italy,IT-NO,381.61,478.97,20.59,17.8,entsoe.eu,false,
2022-01-12 20:00:00,Italy,North Italy,IT-NO,404.19,505.78,15.69,14.25,entsoe.eu,false,
2022-01-12 21:00:00,Italy,North Italy,IT-NO,406.43,507.84,14.97,12.52,entsoe.eu,false,
2022-01-12 22:00:00,Italy,North Italy,IT-NO,393.09,489.41,19.4,14.75,entsoe.eu,false,
2022-01-12 23:00:00,Italy,North Italy,IT-NO,367.63,454.77,28.58,18.81,entsoe.eu,false,
2022-01-13 00:00:00,Italy,North Italy,IT-NO,362.71,447.36,30.56,20.86,entsoe.eu,false,
2022-01-13 01:00:00,Italy,North Italy,IT-NO,361.53,445.84,31.02,21.42,entsoe.eu,false,
2022-01-13 02:00:00,Italy,North Italy,IT-NO,357.56,441.02,32.24,21.96,entsoe.eu,false,
2022-01-13 03:00:00,Italy,North Italy,IT-NO,365.98,451.56,30.06,20.67,entsoe.eu,false,
2022-01-13 04:00:00,Italy,North Italy,IT-NO,378.47,471.97,24.63,16.65,entsoe.eu,false,
2022-01-13 05:00:00,Italy,North Italy,IT-NO,381.13,478.08,21.48,14.9,entsoe.eu,false,
2022-01-13 06:00:00,Italy,North Italy,IT-NO,373.7,469.68,22.79,18.93,entsoe.eu,false,
2022-01-13 07:00:00,Italy,North Italy,IT-NO,345.09,434.22,28.96,23.69,entsoe.eu,false,
2022-01-13 08:00:00,Italy,North Italy,IT-NO,338.8,427.68,29.73,26.3,entsoe.eu,false,
2022-01-13 09:00:00,Italy,North Italy,IT-NO,326.97,414.86,31.37,28.24,entsoe.eu,false,
2022-01-13 10:00:00,Italy,North Italy,IT-NO,330.49,419.53,30.47,27.68,entsoe.eu,false,
2022-01-13 11:00:00,Italy,North Italy,IT-NO,344.32,436.47,27.38,25.55,entsoe.eu,false,
2022-01-13 12:00:00,Italy,North Italy,IT-NO,341.52,432.71,28.32,24.97,entsoe.eu,false,
2022-01-13 13:00:00,Italy,North Italy,IT-NO,350.87,442.98,26.37,21.57,entsoe.eu,false,
2022-01-13 14:00:00,Italy,North Italy,IT-NO,361.79,455.4,24.21,17.81,entsoe.eu,false,
2022-01-13 15:00:00,Italy,North Italy,IT-NO,355.45,447.42,25.62,18.79,entsoe.eu,false,
2022-01-13 16:00:00,Italy,North Italy,IT-NO,343.63,432.3,28.84,23.12,entsoe.eu,false,
2022-01-13 17:00:00,Italy,North Italy,IT-NO,346.78,436.42,27.91,23.42,entsoe.eu,false,
2022-01-13 18:00:00,Italy,North Italy,IT-NO,359.25,452.43,24.68,21.13,entsoe.eu,false,
2022-01-13 19:00:00,Italy,North Italy,IT-NO,382.84,482.64,18.86,16.89,entsoe.eu,false,
2022-01-13 20:00:00,Italy,North Italy,IT-NO,401.17,504.93,14.99,13.94,entsoe.eu,false,
2022-01-13 21:00:00,Italy,North Italy,IT-NO,400.32,503.6,15.71,13.97,entsoe.eu,false,
2022-01-13 22:00:00,Italy,North Italy,IT-NO,399.56,501.76,16.4,14.02,entsoe.eu,false,
2022-01-13 23:00:00,Italy,North Italy,IT-NO,389.64,485.83,20.83,16.13,entsoe.eu,false,
2022-01-14 00:00:00,Italy,North Italy,IT-NO,390.93,487.65,20.83,16.27,entsoe.eu,false,
2022-01-14 01:00:00,Italy,North Italy,IT-NO,394.31,490.43,20.64,16.76,entsoe.eu,false,
2022-01-14 02:00:00,Italy,North Italy,IT-NO,388.17,481.78,22.86,17.84,entsoe.eu,false,
2022-01-14 03:00:00,Italy,North Italy,IT-NO,386.43,479.59,22.88,16.71,entsoe.eu,false,
2022-01-14 04:00:00,Italy,North Italy,IT-NO,397.45,495.6,19.44,15.47,entsoe.eu,false,
2022-01-14 05:00:00,Italy,North Italy,IT-NO,398.84,500.04,17.2,14.4,entsoe.eu,false,
2022-01-14 06:00:00,Italy,North Italy,IT-NO,374.45,469.26,22.86,20.47,entsoe.eu,false,
2022-01-14 07:00:00,Italy,North Italy,IT-NO,338.51,425.66,30.46,26.9,entsoe.eu,false,
2022-01-14 08:00:00,Italy,North Italy,IT-NO,327.74,414.64,31.87,29.25,entsoe.eu,false,
2022-01-14 09:00:00,Italy,North Italy,IT-NO,324.21,410.51,32.96,30.76,entsoe.eu,false,
2022-01-14 10:00:00,Italy,North Italy,IT-NO,323.92,410.79,32.47,30.0,entsoe.eu,false,
2022-01-14 11:00:00,Italy,North Italy,IT-NO,347.11,440.8,26.65,25.93,entsoe.eu,false,
2022-01-14 12:00:00,Italy,North Italy,IT-NO,351.07,445.07,25.85,24.58,entsoe.eu,false,
2022-01-14 13:00:00,Italy,North Italy,IT-NO,354.68,448.36,25.88,22.59,entsoe.eu,false,
2022-01-14 14:00:00,Italy,North Italy,IT-NO,366.64,461.41,23.8,18.8,entsoe.eu,false,
2022-01-14 15:00:00,Italy,North Italy,IT-NO,354.23,446.15,26.55,20.52,entsoe.eu,false,
2022-01-14 16:00:00,Italy,North Italy,IT-NO,335.68,422.89,30.59,24.91,entsoe.eu,false,
2022-01-14 17:00:00,Italy,North Italy,IT-NO,338.61,425.85,30.59,26.2,entsoe.eu,false,
2022-01-14 18:00:00,Italy,North Italy,IT-NO,350.56,439.89,28.11,24.56,entsoe.eu,false,
2022-01-14 19:00:00,Italy,North Italy,IT-NO,380.68,479.04,20.44,18.8,entsoe.eu,false,
2022-01-14 20:00:00,Italy,North Italy,IT-NO,404.27,508.46,14.84,13.84,entsoe.eu,false,
2022-01-14 21:00:00,Italy,North Italy,IT-NO,406.06,509.89,14.8,13.17,entsoe.eu,false,
2022-01-14 22:00:00,Italy,North Italy,IT-NO,406.75,508.84,15.42,13.57,entsoe.eu,false,
2022-01-14 23:00:00,Italy,North Italy,IT-NO,372.1,461.19,27.48,21.59,entsoe.eu,false,
2022-01-15 00:00:00,Italy,North Italy,IT-NO,381.11,471.89,25.7,18.94,entsoe.eu,false,
2022-01-15 01:00:00,Italy,North Italy,IT-NO,379.78,468.96,26.93,19.72,entsoe.eu,false,
2022-01-15 02:00:00,Italy,North Italy,IT-NO,381.67,469.72,26.95,19.46,entsoe.eu,false,
2022-01-15 03:00:00,Italy,North Italy,IT-NO,381.84,470.54,27.12,19.44,entsoe.eu,false,
2022-01-15 04:00:00,Italy,North Italy,IT-NO,389.39,477.87,26.53,17.81,entsoe.eu,false,
2022-01-15 05:00:00,Italy,North Italy,IT-NO,382.04,470.01,27.74,17.65,entsoe.eu,false,
2022-01-15 06:00:00,Italy,North Italy,IT-NO,365.04,453.26,28.6,18.32,entsoe.eu,false,
2022-01-15 07:00:00,Italy,North Italy,IT-NO,348.26,433.92,31.43,23.8,entsoe.eu,false,
2022-01-15 08:00:00,Italy,North Italy,IT-NO,343.59,427.25,32.4,26.63,entsoe.eu,false,
2022-01-15 09:00:00,Italy,North Italy,IT-NO,328.23,412.95,33.32,28.15,entsoe.eu,false,
2022-01-15 10:00:00,Italy,North Italy,IT-NO,324.37,408.99,33.82,28.43,entsoe.eu,false,
2022-01-15 11:00:00,Italy,North Italy,IT-NO,322.24,406.06,34.71,30.27,entsoe.eu,false,
2022-01-15 12:00:00,Italy,North Italy,IT-NO,318.8,402.94,35.95,31.12,entsoe.eu,false,
2022-01-15 13:00:00,Italy,North Italy,IT-NO,339.23,427.28,31.31,25.8,entsoe.eu,false,
2022-01-15 14:00:00,Italy,North Italy,IT-NO,366.52,460.74,24.27,17.33,entsoe.eu,false,
2022-01-15 15:00:00,Italy,North Italy,IT-NO,384.64,484.37,19.7,15.07,entsoe.eu,false,
2022-01-15 16:00:00,Italy,North Italy,IT-NO,358.09,448.93,26.79,20.39,entsoe.eu,false,
2022-01-15 17:00:00,Italy,North Italy,IT-NO,343.74,430.43,30.67,24.47,entsoe.eu,false,
2022-01-15 18:00:00,Italy,North Italy,IT-NO,348.38,435.19,30.12,24.07,entsoe.eu,false,
2022-01-15 19:00:00,Italy,North Italy,IT-NO,370.57,463.56,24.82,19.69,entsoe.eu,false,
2022-01-15 20:00:00,Italy,North Italy,IT-NO,396.04,494.65,18.65,15.21,entsoe.eu,false,
2022-01-15 21:00:00,Italy,North Italy,IT-NO,398.89,497.01,19.12,14.63,entsoe.eu,false,
2022-01-15 22:00:00,Italy,North Italy,IT-NO,403.63,501.21,18.46,13.49,entsoe.eu,false,
2022-01-15 23:00:00,Italy,North Italy,IT-NO,377.67,468.3,26.7,20.13,entsoe.eu,false,
2022-01-16 00:00:00,Italy,North Italy,IT-NO,388.76,481.04,25.17,17.45,entsoe.eu,false,
2022-01-16 01:00:00,Italy,North Italy,IT-NO,382.74,475.15,27.11,18.56,entsoe.eu,false,
2022-01-16 02:00:00,Italy,North Italy,IT-NO,378.17,466.45,29.89,20.06,entsoe.eu,false,
2022-01-16 03:00:00,Italy,North Italy,IT-NO,375.84,462.02,31.02,20.63,entsoe.eu,false,
2022-01-16 04:00:00,Italy,North Italy,IT-NO,376.09,462.27,31.38,20.76,entsoe.eu,false,
2022-01-16 05:00:00,Italy,North Italy,IT-NO,372.55,462.8,29.75,20.35,entsoe.eu,false,
2022-01-16 06:00:00,Italy,North Italy,IT-NO,366.76,455.8,30.63,21.06,entsoe.eu,false,
2022-01-16 07:00:00,Italy,North Italy,IT-NO,358.43,445.06,32.32,22.64,entsoe.eu,false,
2022-01-16 08:00:00,Italy,North Italy,IT-NO,344.69,431.31,33.56,26.81,entsoe.eu,false,
2022-01-16 09:00:00,Italy,North Italy,IT-NO,323.93,409.4,35.86,32.44,entsoe.eu,false,
2022-01-16 10:00:00,Italy,North Italy,IT-NO,318.62,402.27,37.46,33.77,entsoe.eu,false,
2022-01-16 11:00:00,Italy,North Italy,IT-NO,321.02,407.1,35.57,33.63,entsoe.eu,false,
2022-01-16 12:00:00,Italy,North Italy,IT-NO,321.67,407.8,35.56,34.13,entsoe.eu,false,
2022-01-16 13:00:00,Italy,North Italy,IT-NO,323.43,407.5,36.32,31.83,entsoe.eu,false,
2022-01-16 14:00:00,Italy,North Italy,IT-NO,341.35,425.98,33.72,24.1,entsoe.eu,false,
2022-01-16 15:00:00,Italy,North Italy,IT-NO,335.16,420.93,34.09,22.28,entsoe.eu,false,
2022-01-16 16:00:00,Italy,North Italy,IT-NO,324.48,407.12,36.5,25.39,entsoe.eu,false,
2022-01-16 17:00:00,Italy,North Italy,IT-NO,326.26,408.26,36.45,28.68,entsoe.eu,false,
2022-01-16 18:00:00,Italy,North Italy,IT-NO,328.63,411.55,35.53,28.91,entsoe.eu,false,
2022-01-16 19:00:00,Italy,North Italy,IT-NO,355.95,447.52,27.82,22.72,entsoe.eu,false,
2022-01-16 20:00:00,Italy,North Italy,IT-NO,376.27,472.02,23.56,19.58,entsoe.eu,false,
2022-01-16 21:00:00,Italy,North Italy,IT-NO,393.6,493.67,19.45,16.7,entsoe.eu,false,
2022-01-16 22:00:00,Italy,North Italy,IT-NO,393.57,490.72,20.76,17.78,entsoe.eu,false,
2022-01-16 23:00:00,Italy,North Italy,IT-NO,399.5,499.37,19.03,17.36,entsoe.eu,false,
2022-01-17 00:00:00,Italy,North Italy,IT-NO,396.21,493.53,20.83,18.61,entsoe.eu,false,
2022-01-17 01:00:00,Italy,North Italy,IT-NO,395.03,491.79,21.59,19.38,entsoe.eu,false,
2022-01-17 02:00:00,Italy,North Italy,IT-NO,393.39,489.26,22.23,19.97,entsoe.eu,false,
2022-01-17 03:00:00,Italy,North Italy,IT-NO,403.03,501.52,19.56,17.49,entsoe.eu,false,
2022-01-17 04:00:00,Italy,North Italy,IT-NO,412.66,516.62,15.78,14.48,entsoe.eu,false,
2022-01-17 05:00:00,Italy,North Italy,IT-NO,408.58,512.99,14.52,13.29,entsoe.eu,false,
2022-01-17 06:00:00,Italy,North Italy,IT-NO,388.28,486.6,19.53,17.88,entsoe.eu,false,
2022-01-17 07:00:00,Italy,North Italy,IT-NO,359.03,449.69,27.2,25.05,entsoe.eu,false,
2022-01-17 08:00:00,Italy,North Italy,IT-NO,350.34,441.79,27.54,25.99,entsoe.eu,false,
2022-01-17 09:00:00,Italy,North Italy,IT-NO,345.31,436.85,28.0,26.51,entsoe.eu,false,
2022-01-17 10:00:00,Italy,North Italy,IT-NO,353.15,446.71,26.18,25.44,entsoe.eu,false,
2022-01-17 11:00:00,Italy,North Italy,IT-NO,362.74,460.74,23.16,22.55,entsoe.eu,false,
2022-01-17 12:00:00,Italy,North Italy,IT-NO,361.91,459.22,23.58,22.79,entsoe.eu,false,
2022-01-17 13:00:00,Italy,North Italy,IT-NO,367.88,465.46,22.79,20.64,entsoe.eu,false,
2022-01-17 14:00:00,Italy,North Italy,IT-NO,374.99,472.19,21.48,17.5,entsoe.eu,false,
2022-01-17 15:00:00,Italy,North Italy,IT-NO,368.11,463.43,23.11,18.32,entsoe.eu,false,
2022-01-17 16:00:00,Italy,North Italy,IT-NO,361.03,450.46,28.14,24.49,entsoe.eu,false,
2022-01-17 17:00:00,Italy,North Italy,IT-NO,354.44,443.95,28.15,24.97,entsoe.eu,false,
2022-01-17 18:00:00,Italy,North Italy,IT-NO,355.24,445.83,26.89,23.78,entsoe.eu,false,
2022-01-17 19:00:00,Italy,North Italy,IT-NO,377.01,474.45,21.14,18.32,entsoe.eu,false,
2022-01-17 20:00:00,Italy,North Italy,IT-NO,399.26,502.59,16.13,13.23,entsoe.eu,false,
2022-01-17 21:00:00,Italy,North Italy,IT-NO,410.45,516.21,14.01,11.73,entsoe.eu,false,
2022-01-17 22:00:00,Italy,North Italy,IT-NO,413.53,518.79,13.7,11.25,entsoe.eu,false,
2022-01-17 23:00:00,Italy,North Italy,IT-NO,405.98,504.56,18.27,12.98,entsoe.eu,false,
2022-01-18 00:00:00,Italy,North Italy,IT-NO,405.45,502.63,19.2,12.96,entsoe.eu,false,
2022-01-18 01:00:00,Italy,North Italy,IT-NO,406.29,502.83,19.5,13.42,entsoe.eu,false,
2022-01-18 02:00:00,Italy,North Italy,IT-NO,403.95,500.16,20.86,14.07,entsoe.eu,false,
2022-01-18 03:00:00,Italy,North Italy,IT-NO,402.23,497.08,21.67,14.07,entsoe.eu,false,
2022-01-18 04:00:00,Italy,North Italy,IT-NO,411.14,511.91,18.39,12.29,entsoe.eu,false,
2022-01-18 05:00:00,Italy,North Italy,IT-NO,406.28,510.56,15.49,11.93,entsoe.eu,false,
2022-01-18 06:00:00,Italy,North Italy,IT-NO,384.33,480.81,20.29,17.41,entsoe.eu,false,
2022-01-18 07:00:00,Italy,North Italy,IT-NO,349.55,437.64,29.26,25.45,entsoe.eu,false,
2022-01-18 08:00:00,Italy,North Italy,IT-NO,343.93,431.06,29.72,27.29,entsoe.eu,false,
2022-01-18 09:00:00,Italy,North Italy,IT-NO,348.93,437.76,28.05,25.41,entsoe.eu,false,
2022-01-18 10:00:00,Italy,North Italy,IT-NO,353.34,444.7,26.73,24.63,entsoe.eu,false,
2022-01-18 11:00:00,Italy,North Italy,IT-NO,372.77,469.47,22.04,20.73,entsoe.eu,false,
2022-01-18 12:00:00,Italy,North Italy,IT-NO,372.38,470.16,21.8,19.81,entsoe.eu,false,
2022-01-18 13:00:00,Italy,North Italy,IT-NO,371.23,466.52,22.85,18.51,entsoe.eu,false,
2022-01-18 14:00:00,Italy,North Italy,IT-NO,365.09,457.96,24.89,17.84,entsoe.eu,false,
2022-01-18 15:00:00,Italy,North Italy,IT-NO,360.09,452.34,25.73,19.58,entsoe.eu,false,
2022-01-18 16:00:00,Italy,North Italy,IT-NO,343.24,430.43,30.32,24.6,entsoe.eu,false,
2022-01-18 17:00:00,Italy,North Italy,IT-NO,343.01,429.21,30.92,26.98,entsoe.eu,false,
2022-01-18 18:00:00,Italy,North Italy,IT-NO,347.72,437.32,28.32,24.1,entsoe.eu,false,
2022-01-18 19:00:00,Italy,North Italy,IT-NO,380.64,478.88,20.7,17.76,entsoe.eu,false,
2022-01-18 20:00:00,Italy,North Italy,IT-NO,405.05,508.46,15.07,12.41,entsoe.eu,false,
2022-01-18 21:00:00,Italy,North Italy,IT-NO,418.41,524.75,12.19,10.18,entsoe.eu,false,
2022-01-18 22:00:00,Italy,North Italy,IT-NO,419.96,525.34,12.99,10.84,entsoe.eu,false,
2022-01-18 23:00:00,Italy,North Italy,IT-NO,410.83,511.5,16.64,12.69,entsoe.eu,false,
2022-01-19 00:00:00,Italy,North Italy,IT-NO,409.71,511.02,17.61,13.26,entsoe.eu,false,
2022-01-19 01:00:00,Italy,North Italy,IT-NO,410.92,509.85,17.96,13.17,entsoe.eu,false,
2022-01-19 02:00:00,Italy,North Italy,IT-NO,411.19,510.15,17.92,13.51,entsoe.eu,false,
2022-01-19 03:00:00,Italy,North Italy,IT-NO,405.37,501.62,20.25,14.13,entsoe.eu,false,
2022-01-19 04:00:00,Italy,North Italy,IT-NO,412.73,514.61,16.92,12.51,entsoe.eu,false,
2022-01-19 05:00:00,Italy,North Italy,IT-NO,410.66,515.24,15.26,12.69,entsoe.eu,false,
2022-01-19 06:00:00,Italy,North Italy,IT-NO,362.22,456.04,25.11,22.26,entsoe.eu,false,
2022-01-19 07:00:00,Italy,North Italy,IT-NO,344.81,432.96,30.05,26.0,entsoe.eu,false,
2022-01-19 08:00:00,Italy,North Italy,IT-NO,343.38,431.53,30.16,25.65,entsoe.eu,false,
2022-01-19 09:00:00,Italy,North Italy,IT-NO,347.7,437.41,28.83,24.82,entsoe.eu,false,
2022-01-19 10:00:00,Italy,North Italy,IT-NO,350.61,441.28,28.46,24.52,entsoe.eu,false,
2022-01-19 11:00:00,Italy,North Italy,IT-NO,369.45,466.29,23.56,20.82,entsoe.eu,false,
2022-01-19 12:00:00,Italy,North Italy,IT-NO,369.21,466.61,22.95,19.56,entsoe.eu,false,
2022-01-19 13:00:00,Italy,North Italy,IT-NO,363.32,458.49,24.72,19.29,entsoe.eu,false,
2022-01-19 14:00:00,Italy,North Italy,IT-NO,359.18,452.61,26.24,18.28,entsoe.eu,false,
2022-01-19 15:00:00,Italy,North Italy,IT-NO,343.9,432.85,30.04,20.97,entsoe.eu,false,
2022-01-19 16:00:00,Italy,North Italy,IT-NO,325.09,408.26,34.77,25.98,entsoe.eu,false,
2022-01-19 17:00:00,Italy,North Italy,IT-NO,322.31,404.41,35.48,28.3,entsoe.eu,false,
2022-01-19 18:00:00,Italy,North Italy,IT-NO,327.32,411.95,33.53,26.22,entsoe.eu,false,
2022-01-19 19:00:00,Italy,North Italy,IT-NO,361.1,454.05,25.84,19.07,entsoe.eu,false,
2022-01-19 20:00:00,Italy,North Italy,IT-NO,385.88,487.03,18.58,11.92,entsoe.eu,false,
2022-01-19 21:00:00,Italy,North Italy,IT-NO,409.76,516.48,13.56,10.49,entsoe.eu,false,
2022-01-19 22:00:00,Italy,North Italy,IT-NO,410.54,515.74,14.55,11.15,entsoe.eu,false,
2022-01-19 23:00:00,Italy,North Italy,IT-NO,412.16,518.08,14.37,12.16,entsoe.eu,false,
2022-01-20 00:00:00,Italy,North Italy,IT-NO,397.51,498.5,18.11,12.62,entsoe.eu,false,
2022-01-20 01:00:00,Italy,North Italy,IT-NO,389.5,487.27,19.95,12.83,entsoe.eu,false,
2022-01-20 02:00:00,Italy,North Italy,IT-NO,374.69,468.84,23.63,14.02,entsoe.eu,false,
2022-01-20 03:00:00,Italy,North Italy,IT-NO,360.38,452.33,27.1,15.26,entsoe.eu,false,
2022-01-20 04:00:00,Italy,North Italy,IT-NO,385.72,483.58,20.93,12.9,entsoe.eu,false,
2022-01-20 05:00:00,Italy,North Italy,IT-NO,386.77,486.6,19.4,13.6,entsoe.eu,false,
2022-01-20 06:00:00,Italy,North Italy,IT-NO,361.27,453.73,25.1,19.3,entsoe.eu,false,
2022-01-20 07:00:00,Italy,North Italy,IT-NO,336.73,422.11,31.57,24.54,entsoe.eu,false,
2022-01-20 08:00:00,Italy,North Italy,IT-NO,335.3,419.62,32.25,24.74,entsoe.eu,false,
2022-01-20 09:00:00,Italy,North Italy,IT-NO,330.86,414.8,33.17,25.07,entsoe.eu,false,
2022-01-20 10:00:00,Italy,North Italy,IT-NO,334.15,420.71,31.38,23.42,entsoe.eu,false,
2022-01-20 11:00:00,Italy,North Italy,IT-NO,349.79,440.05,28.51,22.63,entsoe.eu,false,
2022-01-20 12:00:00,Italy,North Italy,IT-NO,346.07,437.04,28.19,20.62,entsoe.eu,false,
2022-01-20 13:00:00,Italy,North Italy,IT-NO,346.83,437.11,28.48,19.63,entsoe.eu,false,
2022-01-20 14:00:00,Italy,North Italy,IT-NO,349.12,438.6,28.45,18.48,entsoe.eu,false,
2022-01-20 15:00:00,Italy,North Italy,IT-NO,345.57,432.74,30.45,20.14,entsoe.eu,false,
2022-01-20 16:00:00,Italy,North Italy,IT-NO,337.51,423.23,32.14,22.72,entsoe.eu,false,
2022-01-20 17:00:00,Italy,North Italy,IT-NO,336.95,422.15,32.86,26.33,entsoe.eu,false,
2022-01-20 18:00:00,Italy,North Italy,IT-NO,338.81,425.11,31.85,26.13,entsoe.eu,false,
2022-01-20 19:00:00,Italy,North Italy,IT-NO,365.07,459.5,24.58,19.14,entsoe.eu,false,
2022-01-20 20:00:00,Italy,North Italy,IT-NO,389.32,490.22,18.68,13.54,entsoe.eu,false,
2022-01-20 21:00:00,Italy,North Italy,IT-NO,410.59,516.71,13.83,11.35,entsoe.eu,false,
2022-01-20 22:00:00,Italy,North Italy,IT-NO,418.57,526.76,11.63,10.29,entsoe.eu,false,
2022-01-20 23:00:00,Italy,North Italy,IT-NO,412.78,518.66,13.92,11.33,entsoe.eu,false,
2022-01-21 00:00:00,Italy,North Italy,IT-NO,411.18,515.8,15.16,11.73,entsoe.eu,false,
2022-01-21 01:00:00,Italy,North Italy,IT-NO,415.69,519.9,14.81,11.95,entsoe.eu,false,
2022-01-21 02:00:00,Italy,North Italy,IT-NO,410.79,512.55,16.3,12.56,entsoe.eu,false,
2022-01-21 03:00:00,Italy,North Italy,IT-NO,416.87,519.36,15.59,12.52,entsoe.eu,false,
2022-01-21 04:00:00,Italy,North Italy,IT-NO,412.11,515.76,14.88,11.17,entsoe.eu,false,
2022-01-21 05:00:00,Italy,North Italy,IT-NO,401.77,503.98,15.85,12.45,entsoe.eu,false,
2022-01-21 06:00:00,Italy,North Italy,IT-NO,359.65,450.52,26.55,22.12,entsoe.eu,false,
2022-01-21 07:00:00,Italy,North Italy,IT-NO,331.5,415.62,32.9,27.05,entsoe.eu,false,
2022-01-21 08:00:00,Italy,North Italy,IT-NO,329.44,412.99,33.6,28.2,entsoe.eu,false,
2022-01-21 09:00:00,Italy,North Italy,IT-NO,335.11,421.91,31.29,26.03,entsoe.eu,false,
2022-01-21 10:00:00,Italy,North Italy,IT-NO,341.56,430.97,29.2,24.48,entsoe.eu,false,
2022-01-21 11:00:00,Italy,North Italy,IT-NO,355.86,449.01,26.28,22.98,entsoe.eu,false,
2022-01-21 12:00:00,Italy,North Italy,IT-NO,363.53,457.43,24.93,20.73,entsoe.eu,false,
2022-01-21 13:00:00,Italy,North Italy,IT-NO,358.77,451.53,26.17,20.25,entsoe.eu,false,
2022-01-21 14:00:00,Italy,North Italy,IT-NO,363.88,457.65,25.15,17.68,entsoe.eu,false,
2022-01-21 15:00:00,Italy,North Italy,IT-NO,362.06,456.11,25.28,16.97,entsoe.eu,false,
2022-01-21 16:00:00,Italy,North Italy,IT-NO,341.25,429.4,30.32,22.57,entsoe.eu,false,
2022-01-21 17:00:00,Italy,North Italy,IT-NO,334.78,420.52,32.43,25.87,entsoe.eu,false,
2022-01-21 18:00:00,Italy,North Italy,IT-NO,341.67,428.93,30.62,25.4,entsoe.eu,false,
2022-01-21 19:00:00,Italy,North Italy,IT-NO,368.71,465.19,22.5,17.73,entsoe.eu,false,
2022-01-21 20:00:00,Italy,North Italy,IT-NO,396.0,499.32,16.19,12.89,entsoe.eu,false,
2022-01-21 21:00:00,Italy,North Italy,IT-NO,414.04,520.73,13.06,12.13,entsoe.eu,false,
2022-01-21 22:00:00,Italy,North Italy,IT-NO,417.39,525.77,12.1,11.45,entsoe.eu,false,
2022-01-21 23:00:00,Italy,North Italy,IT-NO,388.54,487.94,20.47,14.72,entsoe.eu,false,
2022-01-22 00:00:00,Italy,North Italy,IT-NO,389.31,488.99,20.31,16.65,entsoe.eu,false,
2022-01-22 01:00:00,Italy,North Italy,IT-NO,383.86,481.22,22.11,18.85,entsoe.eu,false,
2022-01-22 02:00:00,Italy,North Italy,IT-NO,376.87,470.92,24.79,17.68,entsoe.eu,false,
2022-01-22 03:00:00,Italy,North Italy,IT-NO,382.69,478.37,23.51,16.21,entsoe.eu,false,
2022-01-22 04:00:00,Italy,North Italy,IT-NO,377.35,471.21,24.97,16.14,entsoe.eu,false,
2022-01-22 05:00:00,Italy,North Italy,IT-NO,377.68,471.04,24.45,14.62,entsoe.eu,false,
2022-01-22 06:00:00,Italy,North Italy,IT-NO,361.2,450.95,28.29,17.2,entsoe.eu,false,
2022-01-22 07:00:00,Italy,North Italy,IT-NO,334.75,417.31,34.69,24.28,entsoe.eu,false,
2022-01-22 08:00:00,Italy,North Italy,IT-NO,332.15,416.39,34.16,25.56,entsoe.eu,false,
2022-01-22 09:00:00,Italy,North Italy,IT-NO,328.11,414.11,33.76,27.24,entsoe.eu,false,
2022-01-22 10:00:00,Italy,North Italy,IT-NO,331.42,421.07,31.65,27.22,entsoe.eu,false,
2022-01-22 11:00:00,Italy,North Italy,IT-NO,341.54,434.28,29.27,27.86,entsoe.eu,false,
2022-01-22 12:00:00,Italy,North Italy,IT-NO,338.82,429.84,30.01,27.08,entsoe.eu,false,
2022-01-22 13:00:00,Italy,North Italy,IT-NO,349.79,441.61,27.84,23.25,entsoe.eu,false,
2022-01-22 14:00:00,Italy,North Italy,IT-NO,360.17,454.84,25.56,17.87,entsoe.eu,false,
2022-01-22 15:00:00,Italy,North Italy,IT-NO,361.57,456.17,24.98,15.11,entsoe.eu,false,
2022-01-22 16:00:00,Italy,North Italy,IT-NO,337.02,424.52,31.51,21.38,entsoe.eu,false,
2022-01-22 17:00:00,Italy,North Italy,IT-NO,330.78,415.01,33.9,25.47,entsoe.eu,false,
2022-01-22 18:00:00,Italy,North Italy,IT-NO,341.04,427.26,31.85,24.56,entsoe.eu,false,
2022-01-22 19:00:00,Italy,North Italy,IT-NO,367.55,461.26,25.54,21.12,entsoe.eu,false,
2022-01-22 20:00:00,Italy,North Italy,IT-NO,398.69,500.81,17.95,13.85,entsoe.eu,false,
2022-01-22 21:00:00,Italy,North Italy,IT-NO,406.26,509.77,16.41,13.42,entsoe.eu,false,
2022-01-22 22:00:00,Italy,North Italy,IT-NO,412.95,517.2,14.94,11.69,entsoe.eu,false,
2022-01-22 23:00:00,Italy,North Italy,IT-NO,377.83,469.69,25.46,20.45,entsoe.eu,false,
2022-01-23 00:00:00,Italy,North Italy,IT-NO,369.16,458.61,27.96,21.98,entsoe.eu,false,
2022-01-23 01:00:00,Italy,North Italy,IT-NO,390.21,483.7,24.12,17.12,entsoe.eu,false,
2022-01-23 02:00:00,Italy,North Italy,IT-NO,395.8,489.81,24.36,16.06,entsoe.eu,false,
2022-01-23 03:00:00,Italy,North Italy,IT-NO,400.28,495.19,23.67,14.84,entsoe.eu,false,
2022-01-23 04:00:00,Italy,North Italy,IT-NO,400.46,493.36,24.12,15.08,entsoe.eu,false,
2022-01-23 05:00:00,Italy,North Italy,IT-NO,382.59,471.07,29.6,19.69,entsoe.eu,false,
2022-01-23 06:00:00,Italy,North Italy,IT-NO,366.54,452.38,31.83,22.99,entsoe.eu,false,
2022-01-23 07:00:00,Italy,North Italy,IT-NO,354.78,439.43,33.93,26.02,entsoe.eu,false,
2022-01-23 08:00:00,Italy,North Italy,IT-NO,337.3,422.36,34.19,29.9,entsoe.eu,false,
2022-01-23 09:00:00,Italy,North Italy,IT-NO,321.39,406.96,35.17,33.45,entsoe.eu,false,
2022-01-23 10:00:00,Italy,North Italy,IT-NO,324.85,413.09,33.36,32.88,entsoe.eu,false,
2022-01-23 11:00:00,Italy,North Italy,IT-NO,339.01,430.69,30.58,29.92,entsoe.eu,false,
2022-01-23 12:00:00,Italy,North Italy,IT-NO,350.33,444.48,28.81,26.54,entsoe.eu,false,
2022-01-23 13:00:00,Italy,North Italy,IT-NO,346.38,436.11,31.9,25.2,entsoe.eu,false,
2022-01-23 14:00:00,Italy,North Italy,IT-NO,353.61,444.01,30.27,20.94,entsoe.eu,false,
2022-01-23 15:00:00,Italy,North Italy,IT-NO,352.76,443.47,29.3,20.66,entsoe.eu,false,
2022-01-23 16:00:00,Italy,North Italy,IT-NO,334.17,421.73,32.03,24.32,entsoe.eu,false,
2022-01-23 17:00:00,Italy,North Italy,IT-NO,322.98,403.64,37.37,32.25,entsoe.eu,false,
2022-01-23 18:00:00,Italy,North Italy,IT-NO,323.85,403.39,38.24,33.5,entsoe.eu,false,
2022-01-23 19:00:00,Italy,North Italy,IT-NO,341.48,426.2,33.64,27.87,entsoe.eu,false,
2022-01-23 20:00:00,Italy,North Italy,IT-NO,362.52,451.31,29.12,22.01,entsoe.eu,false,
2022-01-23 21:00:00,Italy,North Italy,IT-NO,374.31,467.5,25.63,20.63,entsoe.eu,false,
2022-01-23 22:00:00,Italy,North Italy,IT-NO,385.49,478.61,24.89,18.63,entsoe.eu,false,
2022-01-23 23:00:00,Italy,North Italy,IT-NO,399.41,496.63,20.3,15.28,entsoe.eu,false,
2022-01-24 00:00:00,Italy,North Italy,IT-NO,400.6,497.51,20.63,15.57,entsoe.eu,false,
2022-01-24 01:00:00,Italy,North Italy,IT-NO,401.89,498.57,20.47,15.83,entsoe.eu,false,
2022-01-24 02:00:00,Italy,North Italy,IT-NO,397.1,493.68,20.88,16.22,entsoe.eu,false,
2022-01-24 03:00:00,Italy,North Italy,IT-NO,400.63,498.85,19.75,15.0,entsoe.eu,false,
2022-01-24 04:00:00,Italy,North Italy,IT-NO,401.51,504.06,17.01,15.36,entsoe.eu,false,
2022-01-24 05:00:00,Italy,North Italy,IT-NO,383.18,481.62,20.44,18.82,entsoe.eu,false,
2022-01-24 06:00:00,Italy,North Italy,IT-NO,359.95,452.13,26.43,24.02,entsoe.eu,false,
2022-01-24 07:00:00,Italy,North Italy,IT-NO,345.77,429.6,33.17,30.11,entsoe.eu,false,
2022-01-24 08:00:00,Italy,North Italy,IT-NO,341.12,424.71,32.96,29.57,entsoe.eu,false,
2022-01-24 09:00:00,Italy,North Italy,IT-NO,340.29,427.27,30.24,26.5,entsoe.eu,false,
2022-01-24 10:00:00,Italy,North Italy,IT-NO,344.32,433.14,29.02,25.84,entsoe.eu,false,
2022-01-24 11:00:00,Italy,North Italy,IT-NO,371.38,467.99,22.3,21.63,entsoe.eu,false,
2022-01-24 12:00:00,Italy,North Italy,IT-NO,371.2,467.61,22.19,20.95,entsoe.eu,false,
2022-01-24 13:00:00,Italy,North Italy,IT-NO,365.58,459.68,23.85,21.09,entsoe.eu,false,
2022-01-24 14:00:00,Italy,North Italy,IT-NO,365.25,457.81,24.16,19.8,entsoe.eu,false,
2022-01-24 15:00:00,Italy,North Italy,IT-NO,355.55,445.78,26.57,21.98,entsoe.eu,false,
2022-01-24 16:00:00,Italy,North Italy,IT-NO,355.31,445.34,26.94,23.41,entsoe.eu,false,
2022-01-24 17:00:00,Italy,North Italy,IT-NO,359.14,448.46,27.19,25.96,entsoe.eu,false,
2022-01-24 18:00:00,Italy,North Italy,IT-NO,360.42,453.11,25.02,23.32,entsoe.eu,false,
2022-01-24 19:00:00,Italy,North Italy,IT-NO,374.44,473.14,20.58,19.22,entsoe.eu,false,
2022-01-24 20:00:00,Italy,North Italy,IT-NO,388.86,492.23,17.06,16.53,entsoe.eu,false,
2022-01-24 21:00:00,Italy,North Italy,IT-NO,400.96,506.13,15.17,14.82,entsoe.eu,false,
2022-01-24 22:00:00,Italy,North Italy,IT-NO,402.4,507.68,14.72,14.02,entsoe.eu,false,
2022-01-24 23:00:00,Italy,North Italy,IT-NO,402.3,504.91,16.06,14.78,entsoe.eu,false,
2022-01-25 00:00:00,Italy,North Italy,IT-NO,399.26,500.19,17.4,14.87,entsoe.eu,false,
2022-01-25 01:00:00,Italy,North Italy,IT-NO,404.13,506.11,15.91,14.26,entsoe.eu,false,
2022-01-25 02:00:00,Italy,North Italy,IT-NO,404.18,504.88,16.78,14.54,entsoe.eu,false,
2022-01-25 03:00:00,Italy,North Italy,IT-NO,395.98,497.92,18.13,15.33,entsoe.eu,false,
2022-01-25 04:00:00,Italy,North Italy,IT-NO,399.66,505.14,15.69,15.1,entsoe.eu,false,
2022-01-25 05:00:00,Italy,North Italy,IT-NO,385.72,488.3,17.77,17.67,entsoe.eu,false,
2022-01-25 06:00:00,Italy,North Italy,IT-NO,377.06,473.28,22.61,22.14,entsoe.eu,false,
2022-01-25 07:00:00,Italy,North Italy,IT-NO,359.49,446.14,30.89,29.47,entsoe.eu,false,
2022-01-25 08:00:00,Italy,North Italy,IT-NO,342.54,429.46,31.47,28.17,entsoe.eu,false,
2022-01-25 09:00:00,Italy,North Italy,IT-NO,340.72,428.85,30.93,27.83,entsoe.eu,false,
2022-01-25 10:00:00,Italy,North Italy,IT-NO,338.4,428.18,30.05,27.11,entsoe.eu,false,
2022-01-25 11:00:00,Italy,North Italy,IT-NO,356.54,452.29,24.84,23.23,entsoe.eu,false,
2022-01-25 12:00:00,Italy,North Italy,IT-NO,356.55,453.02,24.47,22.82,entsoe.eu,false,
2022-01-25 13:00:00,Italy,North Italy,IT-NO,349.33,442.87,26.55,23.69,entsoe.eu,false,
2022-01-25 14:00:00,Italy,North Italy,IT-NO,349.21,442.51,26.26,21.68,entsoe.eu,false,
2022-01-25 15:00:00,Italy,North Italy,IT-NO,343.2,432.96,28.71,22.65,entsoe.eu,false,
2022-01-25 16:00:00,Italy,North Italy,IT-NO,342.26,430.95,29.72,25.18,entsoe.eu,false,
2022-01-25 17:00:00,Italy,North Italy,IT-NO,359.69,447.9,29.54,28.76,entsoe.eu,false,
2022-01-25 18:00:00,Italy,North Italy,IT-NO,351.04,442.72,27.14,25.31,entsoe.eu,false,
2022-01-25 19:00:00,Italy,North Italy,IT-NO,352.56,446.61,25.44,21.94,entsoe.eu,false,
2022-01-25 20:00:00,Italy,North Italy,IT-NO,376.95,478.17,19.11,17.0,entsoe.eu,false,
2022-01-25 21:00:00,Italy,North Italy,IT-NO,388.26,491.03,18.02,16.34,entsoe.eu,false,
2022-01-25 22:00:00,Italy,North Italy,IT-NO,401.39,507.0,14.87,13.94,entsoe.eu,false,
2022-01-25 23:00:00,Italy,North Italy,IT-NO,383.84,483.84,20.18,16.12,entsoe.eu,false,
2022-01-26 00:00:00,Italy,North Italy,IT-NO,389.61,490.48,19.29,16.58,entsoe.eu,false,
2022-01-26 01:00:00,Italy,North Italy,IT-NO,389.12,488.24,20.21,16.33,entsoe.eu,false,
2022-01-26 02:00:00,Italy,North Italy,IT-NO,383.5,479.93,22.1,15.94,entsoe.eu,false,
2022-01-26 03:00:00,Italy,North Italy,IT-NO,375.86,470.56,24.18,17.31,entsoe.eu,false,
2022-01-26 04:00:00,Italy,North Italy,IT-NO,374.59,469.53,23.91,18.45,entsoe.eu,false,
2022-01-26 05:00:00,Italy,North Italy,IT-NO,374.8,472.63,21.44,19.32,entsoe.eu,false,
2022-01-26 06:00:00,Italy,North Italy,IT-NO,350.15,441.01,27.5,23.33,entsoe.eu,false,
2022-01-26 07:00:00,Italy,North Italy,IT-NO,328.82,412.7,33.72,28.13,entsoe.eu,false,
2022-01-26 08:00:00,Italy,North Italy,IT-NO,323.68,407.01,34.51,28.23,entsoe.eu,false,
2022-01-26 09:00:00,Italy,North Italy,IT-NO,327.93,412.18,33.8,27.86,entsoe.eu,false,
2022-01-26 10:00:00,Italy,North Italy,IT-NO,334.87,420.69,32.49,27.52,entsoe.eu,false,
2022-01-26 11:00:00,Italy,North Italy,IT-NO,355.86,448.25,26.76,23.52,entsoe.eu,false,
2022-01-26 12:00:00,Italy,North Italy,IT-NO,356.8,450.46,25.62,21.96,entsoe.eu,false,
2022-01-26 13:00:00,Italy,North Italy,IT-NO,347.5,438.44,27.89,22.42,entsoe.eu,false,
2022-01-26 14:00:00,Italy,North Italy,IT-NO,336.05,423.2,31.2,24.77,entsoe.eu,false,
2022-01-26 15:00:00,Italy,North Italy,IT-NO,321.79,405.87,34.23,26.12,entsoe.eu,false,
2022-01-26 16:00:00,Italy,North Italy,IT-NO,311.85,394.29,35.66,27.14,entsoe.eu,false,
2022-01-26 17:00:00,Italy,North Italy,IT-NO,312.18,394.14,36.15,28.95,entsoe.eu,false,
2022-01-26 18:00:00,Italy,North Italy,IT-NO,317.73,401.29,34.8,28.13,entsoe.eu,false,
2022-01-26 19:00:00,Italy,North Italy,IT-NO,336.67,424.94,30.28,24.11,entsoe.eu,false,
2022-01-26 20:00:00,Italy,North Italy,IT-NO,361.74,456.93,24.25,19.61,entsoe.eu,false,
2022-01-26 21:00:00,Italy,North Italy,IT-NO,382.65,482.02,20.33,16.05,entsoe.eu,false,
2022-01-26 22:00:00,Italy,North Italy,IT-NO,397.8,501.75,16.34,14.57,entsoe.eu,false,
2022-01-26 23:00:00,Italy,North Italy,IT-NO,388.0,487.92,19.94,15.29,entsoe.eu,false,
2022-01-27 00:00:00,Italy,North Italy,IT-NO,389.06,489.02,19.35,14.16,entsoe.eu,false,
2022-01-27 01:00:00,Italy,North Italy,IT-NO,396.27,498.04,17.9,13.68,entsoe.eu,false,
2022-01-27 02:00:00,Italy,North Italy,IT-NO,381.78,479.77,21.56,15.38,entsoe.eu,false,
2022-01-27 03:00:00,Italy,North Italy,IT-NO,367.69,462.54,24.85,16.31,entsoe.eu,false,
2022-01-27 04:00:00,Italy,North Italy,IT-NO,375.42,472.99,22.13,16.32,entsoe.eu,false,
2022-01-27 05:00:00,Italy,North Italy,IT-NO,372.91,470.56,21.83,18.54,entsoe.eu,false,
2022-01-27 06:00:00,Italy,North Italy,IT-NO,346.82,437.91,27.69,22.52,entsoe.eu,false,
2022-01-27 07:00:00,Italy,North Italy,IT-NO,324.98,410.49,32.61,26.44,entsoe.eu,false,
2022-01-27 08:00:00,Italy,North Italy,IT-NO,324.13,409.4,32.97,26.51,entsoe.eu,false,
2022-01-27 09:00:00,Italy,North Italy,IT-NO,335.35,423.53,30.45,25.08,entsoe.eu,false,
2022-01-27 10:00:00,Italy,North Italy,IT-NO,343.12,433.51,28.57,23.11,entsoe.eu,false,
2022-01-27 11:00:00,Italy,North Italy,IT-NO,359.6,454.82,24.31,20.8,entsoe.eu,false,
2022-01-27 12:00:00,Italy,North Italy,IT-NO,356.34,450.82,25.23,20.38,entsoe.eu,false,
2022-01-27 13:00:00,Italy,North Italy,IT-NO,345.65,436.72,28.17,20.95,entsoe.eu,false,
2022-01-27 14:00:00,Italy,North Italy,IT-NO,341.66,431.89,29.01,20.84,entsoe.eu,false,
2022-01-27 15:00:00,Italy,North Italy,IT-NO,328.75,415.86,31.79,23.24,entsoe.eu,false,
2022-01-27 16:00:00,Italy,North Italy,IT-NO,320.31,404.59,33.97,25.34,entsoe.eu,false,
2022-01-27 17:00:00,Italy,North Italy,IT-NO,315.82,399.63,34.45,26.65,entsoe.eu,false,
2022-01-27 18:00:00,Italy,North Italy,IT-NO,320.06,404.13,34.1,27.07,entsoe.eu,false,
2022-01-27 19:00:00,Italy,North Italy,IT-NO,343.39,434.24,27.92,21.69,entsoe.eu,false,
2022-01-27 20:00:00,Italy,North Italy,IT-NO,373.42,472.55,20.25,15.52,entsoe.eu,false,
2022-01-27 21:00:00,Italy,North Italy,IT-NO,389.27,491.92,17.13,13.5,entsoe.eu,false,
2022-01-27 22:00:00,Italy,North Italy,IT-NO,393.04,495.75,16.66,13.37,entsoe.eu,false,
2022-01-27 23:00:00,Italy,North Italy,IT-NO,380.8,482.57,18.6,12.54,entsoe.eu,false,
2022-01-28 00:00:00,Italy,North Italy,IT-NO,378.37,479.56,19.5,12.6,entsoe.eu,false,
2022-01-28 01:00:00,Italy,North Italy,IT-NO,382.79,484.73,18.89,13.68,entsoe.eu,false,
2022-01-28 02:00:00,Italy,North Italy,IT-NO,383.45,485.49,18.86,14.37,entsoe.eu,false,
2022-01-28 03:00:00,Italy,North Italy,IT-NO,374.36,474.57,20.57,14.84,entsoe.eu,false,
2022-01-28 04:00:00,Italy,North Italy,IT-NO,368.58,467.81,21.66,16.25,entsoe.eu,false,
2022-01-28 05:00:00,Italy,North Italy,IT-NO,369.22,467.91,21.79,18.44,entsoe.eu,false,
2022-01-28 06:00:00,Italy,North Italy,IT-NO,337.86,426.29,29.96,23.27,entsoe.eu,false,
2022-01-28 07:00:00,Italy,North Italy,IT-NO,319.12,402.48,34.36,27.47,entsoe.eu,false,
2022-01-28 08:00:00,Italy,North Italy,IT-NO,315.72,397.88,35.73,29.22,entsoe.eu,false,
2022-01-28 09:00:00,Italy,North Italy,IT-NO,316.83,400.64,34.66,28.68,entsoe.eu,false,
2022-01-28 10:00:00,Italy,North Italy,IT-NO,334.33,423.12,30.35,26.47,entsoe.eu,false,
2022-01-28 11:00:00,Italy,North Italy,IT-NO,336.65,426.91,29.35,25.79,entsoe.eu,false,
2022-01-28 12:00:00,Italy,North Italy,IT-NO,320.64,405.77,33.83,26.99,entsoe.eu,false,
2022-01-28 13:00:00,Italy,North Italy,IT-NO,324.99,410.92,32.85,25.29,entsoe.eu,false,
2022-01-28 14:00:00,Italy,North Italy,IT-NO,327.69,412.88,32.95,23.68,entsoe.eu,false,
2022-01-28 15:00:00,Italy,North Italy,IT-NO,332.88,418.89,31.96,22.18,entsoe.eu,false,
2022-01-28 16:00:00,Italy,North Italy,IT-NO,318.58,401.29,35.38,25.88,entsoe.eu,false,
2022-01-28 17:00:00,Italy,North Italy,IT-NO,313.25,394.94,36.33,28.41,entsoe.eu,false,
2022-01-28 18:00:00,Italy,North Italy,IT-NO,319.59,402.64,34.73,26.95,entsoe.eu,false,
2022-01-28 19:00:00,Italy,North Italy,IT-NO,344.13,434.94,28.42,21.66,entsoe.eu,false,
2022-01-28 20:00:00,Italy,North Italy,IT-NO,346.34,436.92,28.46,19.3,entsoe.eu,false,
2022-01-28 21:00:00,Italy,North Italy,IT-NO,344.89,435.18,29.04,18.41,entsoe.eu,false,
2022-01-28 22:00:00,Italy,North Italy,IT-NO,357.87,451.08,25.45,16.45,entsoe.eu,false,
2022-01-28 23:00:00,Italy,North Italy,IT-NO,313.81,394.9,36.82,21.17,entsoe.eu,false,
2022-01-29 00:00:00,Italy,North Italy,IT-NO,314.65,398.32,35.68,19.72,entsoe.eu,false,
2022-01-29 01:00:00,Italy,North Italy,IT-NO,303.53,385.31,38.8,21.49,entsoe.eu,false,
2022-01-29 02:00:00,Italy,North Italy,IT-NO,308.12,388.79,38.2,21.79,entsoe.eu,false,
2022-01-29 03:00:00,Italy,North Italy,IT-NO,315.32,399.52,36.36,21.18,entsoe.eu,false,
2022-01-29 04:00:00,Italy,North Italy,IT-NO,320.98,406.39,34.64,20.22,entsoe.eu,false,
2022-01-29 05:00:00,Italy,North Italy,IT-NO,312.52,395.65,36.07,23.69,entsoe.eu,false,
2022-01-29 06:00:00,Italy,North Italy,IT-NO,301.22,382.17,38.01,26.29,entsoe.eu,false,
2022-01-29 07:00:00,Italy,North Italy,IT-NO,275.41,349.53,43.99,31.63,entsoe.eu,false,
2022-01-29 08:00:00,Italy,North Italy,IT-NO,279.2,356.49,42.63,32.97,entsoe.eu,false,
2022-01-29 09:00:00,Italy,North Italy,IT-NO,285.17,365.55,40.42,32.33,entsoe.eu,false,
2022-01-29 10:00:00,Italy,North Italy,IT-NO,284.6,365.35,40.85,33.55,entsoe.eu,false,
2022-01-29 11:00:00,Italy,North Italy,IT-NO,287.8,370.16,39.95,34.7,entsoe.eu,false,
2022-01-29 12:00:00,Italy,North Italy,IT-NO,288.39,371.0,40.0,37.28,entsoe.eu,false,
2022-01-29 13:00:00,Italy,North Italy,IT-NO,277.08,355.23,43.47,36.63,entsoe.eu,false,
2022-01-29 14:00:00,Italy,North Italy,IT-NO,310.76,396.52,35.53,29.98,entsoe.eu,false,
2022-01-29 15:00:00,Italy,North Italy,IT-NO,335.59,427.54,29.24,23.85,entsoe.eu,false,
2022-01-29 16:00:00,Italy,North Italy,IT-NO,313.59,399.06,35.13,27.73,entsoe.eu,false,
2022-01-29 17:00:00,Italy,North Italy,IT-NO,288.15,367.28,40.51,31.51,entsoe.eu,false,
2022-01-29 18:00:00,Italy,North Italy,IT-NO,281.21,358.42,42.02,32.07,entsoe.eu,false,
2022-01-29 19:00:00,Italy,North Italy,IT-NO,298.63,380.94,37.35,26.77,entsoe.eu,false,
2022-01-29 20:00:00,Italy,North Italy,IT-NO,312.91,399.57,33.65,22.01,entsoe.eu,false,
2022-01-29 21:00:00,Italy,North Italy,IT-NO,328.37,419.04,30.18,19.82,entsoe.eu,false,
2022-01-29 22:00:00,Italy,North Italy,IT-NO,337.57,430.55,28.49,19.7,entsoe.eu,false,
2022-01-29 23:00:00,Italy,North Italy,IT-NO,318.83,405.37,33.34,23.47,entsoe.eu,false,
2022-01-30 00:00:00,Italy,North Italy,IT-NO,333.85,423.08,29.98,21.07,entsoe.eu,false,
2022-01-30 01:00:00,Italy,North Italy,IT-NO,352.84,445.99,25.93,17.01,entsoe.eu,false,
2022-01-30 02:00:00,Italy,North Italy,IT-NO,348.15,440.21,27.11,17.07,entsoe.eu,false,
2022-01-30 03:00:00,Italy,North Italy,IT-NO,342.66,433.07,29.0,18.8,entsoe.eu,false,
2022-01-30 04:00:00,Italy,North Italy,IT-NO,344.39,435.13,28.36,18.46,entsoe.eu,false,
2022-01-30 05:00:00,Italy,North Italy,IT-NO,322.93,409.88,32.62,23.8,entsoe.eu,false,
2022-01-30 06:00:00,Italy,North Italy,IT-NO,321.75,408.98,32.64,24.69,entsoe.eu,false,
2022-01-30 07:00:00,Italy,North Italy,IT-NO,316.88,402.69,33.91,26.55,entsoe.eu,false,
2022-01-30 08:00:00,Italy,North Italy,IT-NO,308.76,394.13,35.88,32.69,entsoe.eu,false,
2022-01-30 09:00:00,Italy,North Italy,IT-NO,288.82,369.76,40.78,39.19,entsoe.eu,false,
2022-01-30 10:00:00,Italy,North Italy,IT-NO,282.62,364.02,41.28,40.02,entsoe.eu,false,
2022-01-30 11:00:00,Italy,North Italy,IT-NO,284.88,366.77,40.67,39.63,entsoe.eu,false,
2022-01-30 12:00:00,Italy,North Italy,IT-NO,285.89,368.47,40.24,38.92,entsoe.eu,false,
2022-01-30 13:00:00,Italy,North Italy,IT-NO,291.08,373.88,39.23,36.15,entsoe.eu,false,
2022-01-30 14:00:00,Italy,North Italy,IT-NO,316.31,403.47,33.81,29.68,entsoe.eu,false,
2022-01-30 15:00:00,Italy,North Italy,IT-NO,326.85,417.02,31.17,24.23,entsoe.eu,false,
2022-01-30 16:00:00,Italy,North Italy,IT-NO,319.47,405.57,34.67,26.74,entsoe.eu,false,
2022-01-30 17:00:00,Italy,North Italy,IT-NO,306.91,382.45,43.25,35.75,entsoe.eu,false,
2022-01-30 18:00:00,Italy,North Italy,IT-NO,309.64,385.03,43.24,35.65,entsoe.eu,false,
2022-01-30 19:00:00,Italy,North Italy,IT-NO,310.19,386.2,42.75,34.57,entsoe.eu,false,
2022-01-30 20:00:00,Italy,North Italy,IT-NO,310.02,391.89,37.64,28.07,entsoe.eu,false,
2022-01-30 21:00:00,Italy,North Italy,IT-NO,323.32,409.19,33.89,24.62,entsoe.eu,false,
2022-01-30 22:00:00,Italy,North Italy,IT-NO,334.07,421.34,31.78,22.34,entsoe.eu,false,
2022-01-30 23:00:00,Italy,North Italy,IT-NO,344.87,432.85,30.67,21.55,entsoe.eu,false,
2022-01-31 00:00:00,Italy,North Italy,IT-NO,351.54,439.6,31.17,20.19,entsoe.eu,false,
2022-01-31 01:00:00,Italy,North Italy,IT-NO,327.44,405.59,38.29,22.81,entsoe.eu,false,
2022-01-31 02:00:00,Italy,North Italy,IT-NO,321.89,400.17,39.06,22.69,entsoe.eu,false,
2022-01-31 03:00:00,Italy,North Italy,IT-NO,331.2,412.95,36.66,21.47,entsoe.eu,false,
2022-01-31 04:00:00,Italy,North Italy,IT-NO,348.37,436.42,31.42,18.64,entsoe.eu,false,
2022-01-31 05:00:00,Italy,North Italy,IT-NO,352.13,444.4,27.35,17.65,entsoe.eu,false,
2022-01-31 06:00:00,Italy,North Italy,IT-NO,338.65,427.6,30.02,21.65,entsoe.eu,false,
2022-01-31 07:00:00,Italy,North Italy,IT-NO,339.39,427.82,30.68,24.96,entsoe.eu,false,
2022-01-31 08:00:00,Italy,North Italy,IT-NO,334.64,423.14,30.84,25.1,entsoe.eu,false,
2022-01-31 09:00:00,Italy,North Italy,IT-NO,332.22,419.43,31.15,24.84,entsoe.eu,false,
2022-01-31 10:00:00,Italy,North Italy,IT-NO,333.76,423.05,30.08,23.85,entsoe.eu,false,
2022-01-31 11:00:00,Italy,North Italy,IT-NO,344.11,438.72,26.05,21.9,entsoe.eu,false,
2022-01-31 12:00:00,Italy,North Italy,IT-NO,342.62,435.65,27.54,23.82,entsoe.eu,false,
2022-01-31 13:00:00,Italy,North Italy,IT-NO,337.89,429.41,28.65,23.46,entsoe.eu,false,
2022-01-31 14:00:00,Italy,North Italy,IT-NO,345.62,438.17,27.59,22.13,entsoe.eu,false,
2022-01-31 15:00:00,Italy,North Italy,IT-NO,344.07,435.39,28.15,21.3,entsoe.eu,false,
2022-01-31 16:00:00,Italy,North Italy,IT-NO,342.93,433.54,28.66,22.72,entsoe.eu,false,
2022-01-31 17:00:00,Italy,North Italy,IT-NO,337.02,425.5,30.58,24.44,entsoe.eu,false,
2022-01-31 18:00:00,Italy,North Italy,IT-NO,344.11,435.44,28.09,22.22,entsoe.eu,false,
2022-01-31 19:00:00,Italy,North Italy,IT-NO,365.2,462.37,22.79,17.81,entsoe.eu,false,
2022-01-31 20:00:00,Italy,North Italy,IT-NO,363.82,458.94,23.98,18.36,entsoe.eu,false,
2022-01-31 21:00:00,Italy,North Italy,IT-NO,367.24,462.61,23.45,17.88,entsoe.eu,false,
2022-01-31 22:00:00,Italy,North Italy,IT-NO,359.29,450.01,26.79,19.85,entsoe.eu,false,
2022-01-31 23:00:00,Italy,North Italy,IT-NO,370.97,465.59,24.87,18.79,entsoe.eu,false,
2022-02-01 00:00:00,Italy,North Italy,IT-NO,366.31,458.44,27.0,20.26,entsoe.eu,false,
2022-02-01 01:00:00,Italy,North Italy,IT-NO,370.43,463.63,25.77,19.17,entsoe.eu,false,
2022-02-01 02:00:00,Italy,North Italy,IT-NO,360.29,449.69,28.6,21.27,entsoe.eu,false,
2022-02-01 03:00:00,Italy,North Italy,IT-NO,351.48,440.25,29.96,20.89,entsoe.eu,false,
2022-02-01 04:00:00,Italy,North Italy,IT-NO,367.6,460.72,25.71,18.34,entsoe.eu,false,
2022-02-01 05:00:00,Italy,North Italy,IT-NO,369.45,465.07,23.54,17.36,entsoe.eu,false,
2022-02-01 06:00:00,Italy,North Italy,IT-NO,348.31,438.58,27.89,21.07,entsoe.eu,false,
2022-02-01 07:00:00,Italy,North Italy,IT-NO,319.2,402.13,35.3,27.76,entsoe.eu,false,
2022-02-01 08:00:00,Italy,North Italy,IT-NO,313.46,397.09,35.58,29.43,entsoe.eu,false,
2022-02-01 09:00:00,Italy,North Italy,IT-NO,315.75,401.16,35.47,30.62,entsoe.eu,false,
2022-02-01 10:00:00,Italy,North Italy,IT-NO,316.65,404.51,33.67,29.04,entsoe.eu,false,
2022-02-01 11:00:00,Italy,North Italy,IT-NO,332.15,424.69,29.47,27.29,entsoe.eu,false,
2022-02-01 12:00:00,Italy,North Italy,IT-NO,338.74,429.12,29.27,26.32,entsoe.eu,false,
2022-02-01 13:00:00,Italy,North Italy,IT-NO,340.04,429.92,29.5,25.64,entsoe.eu,false,
2022-02-01 14:00:00,Italy,North Italy,IT-NO,339.83,428.67,29.68,24.1,entsoe.eu,false,
2022-02-01 15:00:00,Italy,North Italy,IT-NO,347.47,437.63,28.57,22.34,entsoe.eu,false,
2022-02-01 16:00:00,Italy,North Italy,IT-NO,337.77,425.21,31.17,23.59,entsoe.eu,false,
2022-02-01 17:00:00,Italy,North Italy,IT-NO,327.98,414.25,32.53,24.93,entsoe.eu,false,
2022-02-01 18:00:00,Italy,North Italy,IT-NO,325.17,411.72,32.46,24.7,entsoe.eu,false,
2022-02-01 19:00:00,Italy,North Italy,IT-NO,344.23,436.04,27.5,19.34,entsoe.eu,false,
2022-02-01 20:00:00,Italy,North Italy,IT-NO,363.9,460.28,23.5,15.85,entsoe.eu,false,
2022-02-01 21:00:00,Italy,North Italy,IT-NO,373.51,471.48,22.05,15.17,entsoe.eu,false,
2022-02-01 22:00:00,Italy,North Italy,IT-NO,383.26,482.64,20.72,15.46,entsoe.eu,false,
2022-02-01 23:00:00,Italy,North Italy,IT-NO,366.4,460.84,25.36,16.89,entsoe.eu,false,
2022-02-02 00:00:00,Italy,North Italy,IT-NO,358.76,450.31,27.95,18.85,entsoe.eu,false,
2022-02-02 01:00:00,Italy,North Italy,IT-NO,359.12,451.02,28.0,19.91,entsoe.eu,false,
2022-02-02 02:00:00,Italy,North Italy,IT-NO,362.93,455.59,27.02,19.62,entsoe.eu,false,
2022-02-02 03:00:00,Italy,North Italy,IT-NO,356.01,447.17,28.68,20.01,entsoe.eu,false,
2022-02-02 04:00:00,Italy,North Italy,IT-NO,382.52,481.59,21.41,15.24,entsoe.eu,false,
2022-02-02 05:00:00,Italy,North Italy,IT-NO,380.7,481.52,20.07,14.42,entsoe.eu,false,
2022-02-02 06:00:00,Italy,North Italy,IT-NO,360.23,457.13,23.94,17.9,entsoe.eu,false,
2022-02-02 07:00:00,Italy,North Italy,IT-NO,331.15,417.22,32.89,26.78,entsoe.eu,false,
2022-02-02 08:00:00,Italy,North Italy,IT-NO,322.27,409.04,33.19,26.9,entsoe.eu,false,
2022-02-02 09:00:00,Italy,North Italy,IT-NO,325.42,414.31,31.87,27.1,entsoe.eu,false,
2022-02-02 10:00:00,Italy,North Italy,IT-NO,328.26,419.02,30.65,26.85,entsoe.eu,false,
2022-02-02 11:00:00,Italy,North Italy,IT-NO,331.33,423.72,29.44,26.65,entsoe.eu,false,
2022-02-02 12:00:00,Italy,North Italy,IT-NO,334.84,427.88,28.88,25.24,entsoe.eu,false,
2022-02-02 13:00:00,Italy,North Italy,IT-NO,345.7,440.15,26.94,22.78,entsoe.eu,false,
2022-02-02 14:00:00,Italy,North Italy,IT-NO,353.02,447.87,25.62,19.79,entsoe.eu,false,
2022-02-02 15:00:00,Italy,North Italy,IT-NO,352.99,445.69,26.31,17.92,entsoe.eu,false,
2022-02-02 16:00:00,Italy,North Italy,IT-NO,349.63,440.96,27.36,18.9,entsoe.eu,false,
2022-02-02 17:00:00,Italy,North Italy,IT-NO,340.33,429.86,29.26,21.05,entsoe.eu,false,
2022-02-02 18:00:00,Italy,North Italy,IT-NO,350.69,442.6,27.17,19.58,entsoe.eu,false,
2022-02-02 19:00:00,Italy,North Italy,IT-NO,366.37,463.24,23.13,15.22,entsoe.eu,false,
2022-02-02 20:00:00,Italy,North Italy,IT-NO,373.31,470.97,22.23,12.8,entsoe.eu,false,
2022-02-02 21:00:00,Italy,North Italy,IT-NO,386.85,487.05,19.7,11.3,entsoe.eu,false,
2022-02-02 22:00:00,Italy,North Italy,IT-NO,388.56,487.4,20.59,12.69,entsoe.eu,false,
2022-02-02 23:00:00,Italy,North Italy,IT-NO,375.95,470.57,24.5,15.84,entsoe.eu,false,
2022-02-03 00:00:00,Italy,North Italy,IT-NO,348.91,434.7,33.0,19.39,entsoe.eu,false,
2022-02-03 01:00:00,Italy,North Italy,IT-NO,359.77,446.45,30.93,19.65,entsoe.eu,false,
2022-02-03 02:00:00,Italy,North Italy,IT-NO,354.94,439.89,32.66,20.43,entsoe.eu,false,
2022-02-03 03:00:00,Italy,North Italy,IT-NO,356.8,443.55,31.82,19.65,entsoe.eu,false,
2022-02-03 04:00:00,Italy,North Italy,IT-NO,367.17,458.75,28.09,17.04,entsoe.eu,false,
2022-02-03 05:00:00,Italy,North Italy,IT-NO,381.25,479.76,21.36,12.04,entsoe.eu,false,
2022-02-03 06:00:00,Italy,North Italy,IT-NO,372.84,470.75,21.45,14.55,entsoe.eu,false,
2022-02-03 07:00:00,Italy,North Italy,IT-NO,347.74,438.43,27.91,21.62,entsoe.eu,false,
2022-02-03 08:00:00,Italy,North Italy,IT-NO,338.89,428.45,29.51,24.04,entsoe.eu,false,
2022-02-03 09:00:00,Italy,North Italy,IT-NO,338.62,429.37,29.03,24.75,entsoe.eu,false,
2022-02-03 10:00:00,Italy,North Italy,IT-NO,339.4,432.4,28.02,24.32,entsoe.eu,false,
2022-02-03 11:00:00,Italy,North Italy,IT-NO,350.93,447.64,25.09,22.41,entsoe.eu,false,
2022-02-03 12:00:00,Italy,North Italy,IT-NO,348.05,443.83,25.8,21.47,entsoe.eu,false,
2022-02-03 13:00:00,Italy,North Italy,IT-NO,351.77,447.58,25.08,17.92,entsoe.eu,false,
2022-02-03 14:00:00,Italy,North Italy,IT-NO,355.73,451.94,24.37,15.61,entsoe.eu,false,
2022-02-03 15:00:00,Italy,North Italy,IT-NO,350.97,444.21,26.25,15.82,entsoe.eu,false,
2022-02-03 16:00:00,Italy,North Italy,IT-NO,339.6,428.86,29.4,19.12,entsoe.eu,false,
2022-02-03 17:00:00,Italy,North Italy,IT-NO,332.46,418.57,31.77,23.58,entsoe.eu,false,
2022-02-03 18:00:00,Italy,North Italy,IT-NO,332.13,418.67,31.19,22.13,entsoe.eu,false,
2022-02-03 19:00:00,Italy,North Italy,IT-NO,347.24,438.52,27.56,18.37,entsoe.eu,false,
2022-02-03 20:00:00,Italy,North Italy,IT-NO,371.21,467.68,22.83,13.53,entsoe.eu,false,
2022-02-03 21:00:00,Italy,North Italy,IT-NO,370.43,466.09,23.66,13.11,entsoe.eu,false,
2022-02-03 22:00:00,Italy,North Italy,IT-NO,378.28,476.88,21.2,11.56,entsoe.eu,false,
2022-02-03 23:00:00,Italy,North Italy,IT-NO,356.48,447.54,28.22,14.49,entsoe.eu,false,
2022-02-04 00:00:00,Italy,North Italy,IT-NO,353.07,442.51,29.46,14.45,entsoe.eu,false,
2022-02-04 01:00:00,Italy,North Italy,IT-NO,353.63,443.0,29.88,15.58,entsoe.eu,false,
2022-02-04 02:00:00,Italy,North Italy,IT-NO,361.29,452.57,28.25,16.23,entsoe.eu,false,
2022-02-04 03:00:00,Italy,North Italy,IT-NO,366.58,459.38,27.1,15.94,entsoe.eu,false,
2022-02-04 04:00:00,Italy,North Italy,IT-NO,365.57,460.11,25.9,15.53,entsoe.eu,false,
2022-02-04 05:00:00,Italy,North Italy,IT-NO,378.88,477.77,21.31,13.91,entsoe.eu,false,
2022-02-04 06:00:00,Italy,North Italy,IT-NO,354.2,446.71,26.77,19.01,entsoe.eu,false,
2022-02-04 07:00:00,Italy,North Italy,IT-NO,332.24,419.51,31.71,23.86,entsoe.eu,false,
2022-02-04 08:00:00,Italy,North Italy,IT-NO,332.13,418.81,32.18,24.96,entsoe.eu,false,
2022-02-04 09:00:00,Italy,North Italy,IT-NO,327.9,413.54,32.9,25.03,entsoe.eu,false,
2022-02-04 10:00:00,Italy,North Italy,IT-NO,327.92,415.07,32.18,23.84,entsoe.eu,false,
2022-02-04 11:00:00,Italy,North Italy,IT-NO,337.44,427.93,29.55,20.96,entsoe.eu,false,
2022-02-04 12:00:00,Italy,North Italy,IT-NO,340.83,432.0,28.83,20.82,entsoe.eu,false,
2022-02-04 13:00:00,Italy,North Italy,IT-NO,345.26,437.92,27.43,19.23,entsoe.eu,false,
2022-02-04 14:00:00,Italy,North Italy,IT-NO,352.26,445.03,27.09,19.83,entsoe.eu,false,
2022-02-04 15:00:00,Italy,North Italy,IT-NO,338.96,429.21,29.16,20.44,entsoe.eu,false,
2022-02-04 16:00:00,Italy,North Italy,IT-NO,330.48,419.16,30.67,20.9,entsoe.eu,false,
2022-02-04 17:00:00,Italy,North Italy,IT-NO,317.65,401.02,35.49,27.07,entsoe.eu,false,
2022-02-04 18:00:00,Italy,North Italy,IT-NO,315.94,398.31,36.35,27.5,entsoe.eu,false,
2022-02-04 19:00:00,Italy,North Italy,IT-NO,329.15,418.42,30.6,20.62,entsoe.eu,false,
2022-02-04 20:00:00,Italy,North Italy,IT-NO,339.91,432.91,27.42,17.11,entsoe.eu,false,
2022-02-04 21:00:00,Italy,North Italy,IT-NO,339.04,431.84,28.07,15.81,entsoe.eu,false,
2022-02-04 22:00:00,Italy,North Italy,IT-NO,340.53,434.37,27.43,15.44,entsoe.eu,false,
2022-02-04 23:00:00,Italy,North Italy,IT-NO,313.91,400.54,34.26,20.32,entsoe.eu,false,
2022-02-05 00:00:00,Italy,North Italy,IT-NO,320.74,407.27,33.65,18.14,entsoe.eu,false,
2022-02-05 01:00:00,Italy,North Italy,IT-NO,318.48,404.16,34.18,18.15,entsoe.eu,false,
2022-02-05 02:00:00,Italy,North Italy,IT-NO,315.55,399.88,35.31,18.7,entsoe.eu,false,
2022-02-05 03:00:00,Italy,North Italy,IT-NO,321.0,407.1,34.17,19.36,entsoe.eu,false,
2022-02-05 04:00:00,Italy,North Italy,IT-NO,332.27,422.06,30.92,17.45,entsoe.eu,false,
2022-02-05 05:00:00,Italy,North Italy,IT-NO,331.01,420.9,30.71,17.02,entsoe.eu,false,
2022-02-05 06:00:00,Italy,North Italy,IT-NO,321.73,407.93,33.47,20.93,entsoe.eu,false,
2022-02-05 07:00:00,Italy,North Italy,IT-NO,304.58,387.5,36.82,26.48,entsoe.eu,false,
2022-02-05 08:00:00,Italy,North Italy,IT-NO,291.36,371.99,39.32,30.97,entsoe.eu,false,
2022-02-05 09:00:00,Italy,North Italy,IT-NO,287.67,368.74,39.59,29.21,entsoe.eu,false,
2022-02-05 10:00:00,Italy,North Italy,IT-NO,300.1,385.23,36.3,25.78,entsoe.eu,false,
2022-02-05 11:00:00,Italy,North Italy,IT-NO,291.43,374.96,38.11,26.03,entsoe.eu,false,
2022-02-05 12:00:00,Italy,North Italy,IT-NO,297.48,382.24,36.7,24.02,entsoe.eu,false,
2022-02-05 13:00:00,Italy,North Italy,IT-NO,286.35,367.42,40.01,26.51,entsoe.eu,false,
2022-02-05 14:00:00,Italy,North Italy,IT-NO,305.15,390.37,35.91,24.78,entsoe.eu,false,
2022-02-05 15:00:00,Italy,North Italy,IT-NO,327.46,417.48,31.04,21.24,entsoe.eu,false,
2022-02-05 16:00:00,Italy,North Italy,IT-NO,308.39,393.02,35.45,25.23,entsoe.eu,false,
2022-02-05 17:00:00,Italy,North Italy,IT-NO,289.72,367.29,41.12,31.09,entsoe.eu,false,
2022-02-05 18:00:00,Italy,North Italy,IT-NO,288.31,364.51,42.23,32.43,entsoe.eu,false,
2022-02-05 19:00:00,Italy,North Italy,IT-NO,303.24,386.41,36.43,25.02,entsoe.eu,false,
2022-02-05 20:00:00,Italy,North Italy,IT-NO,299.32,382.26,37.11,22.94,entsoe.eu,false,
2022-02-05 21:00:00,Italy,North Italy,IT-NO,308.14,393.49,35.23,20.99,entsoe.eu,false,
2022-02-05 22:00:00,Italy,North Italy,IT-NO,307.79,393.02,35.52,21.18,entsoe.eu,false,
2022-02-05 23:00:00,Italy,North Italy,IT-NO,281.81,357.49,43.51,26.76,entsoe.eu,false,
2022-02-06 00:00:00,Italy,North Italy,IT-NO,278.92,355.33,43.25,27.14,entsoe.eu,false,
2022-02-06 01:00:00,Italy,North Italy,IT-NO,282.51,360.29,42.33,26.26,entsoe.eu,false,
2022-02-06 02:00:00,Italy,North Italy,IT-NO,289.7,368.8,41.06,25.07,entsoe.eu,false,
2022-02-06 03:00:00,Italy,North Italy,IT-NO,292.9,372.75,40.49,25.34,entsoe.eu,false,
2022-02-06 04:00:00,Italy,North Italy,IT-NO,297.48,377.84,39.96,25.5,entsoe.eu,false,
2022-02-06 05:00:00,Italy,North Italy,IT-NO,291.81,370.66,41.1,26.36,entsoe.eu,false,
2022-02-06 06:00:00,Italy,North Italy,IT-NO,284.44,360.65,43.26,27.85,entsoe.eu,false,
2022-02-06 07:00:00,Italy,North Italy,IT-NO,280.53,354.67,45.27,30.45,entsoe.eu,false,
2022-02-06 08:00:00,Italy,North Italy,IT-NO,283.85,360.43,43.67,30.02,entsoe.eu,false,
2022-02-06 09:00:00,Italy,North Italy,IT-NO,278.36,355.64,43.04,28.6,entsoe.eu,false,
2022-02-06 10:00:00,Italy,North Italy,IT-NO,272.25,348.78,44.14,29.77,entsoe.eu,false,
2022-02-06 11:00:00,Italy,North Italy,IT-NO,263.95,339.83,44.98,30.36,entsoe.eu,false,
2022-02-06 12:00:00,Italy,North Italy,IT-NO,249.46,321.3,48.99,32.92,entsoe.eu,false,
2022-02-06 13:00:00,Italy,North Italy,IT-NO,262.07,335.63,46.71,29.93,entsoe.eu,false,
2022-02-06 14:00:00,Italy,North Italy,IT-NO,282.09,359.28,42.57,27.79,entsoe.eu,false,
2022-02-06 15:00:00,Italy,North Italy,IT-NO,299.05,376.11,42.26,29.07,entsoe.eu,false,
2022-02-06 16:00:00,Italy,North Italy,IT-NO,298.23,374.19,43.01,30.57,entsoe.eu,false,
2022-02-06 17:00:00,Italy,North Italy,IT-NO,270.69,338.38,50.1,38.51,entsoe.eu,false,
2022-02-06 18:00:00,Italy,North Italy,IT-NO,270.16,339.61,48.8,37.09,entsoe.eu,false,
2022-02-06 19:00:00,Italy,North Italy,IT-NO,287.18,364.27,42.58,29.44,entsoe.eu,false,
2022-02-06 20:00:00,Italy,North Italy,IT-NO,306.08,390.21,36.52,23.11,entsoe.eu,false,
2022-02-06 21:00:00,Italy,North Italy,IT-NO,305.86,389.53,36.88,22.82,entsoe.eu,false,
2022-02-06 22:00:00,Italy,North Italy,IT-NO,291.26,370.61,41.01,24.1,entsoe.eu,false,
2022-02-06 23:00:00,Italy,North Italy,IT-NO,296.67,372.8,41.69,23.23,entsoe.eu,false,
2022-02-07 00:00:00,Italy,North Italy,IT-NO,281.6,355.04,45.33,25.6,entsoe.eu,false,
2022-02-07 01:00:00,Italy,North Italy,IT-NO,260.99,331.63,48.33,29.0,entsoe.eu,false,
2022-02-07 02:00:00,Italy,North Italy,IT-NO,262.89,334.17,47.9,29.6,entsoe.eu,false,
2022-02-07 03:00:00,Italy,North Italy,IT-NO,273.4,346.51,46.23,27.31,entsoe.eu,false,
2022-02-07 04:00:00,Italy,North Italy,IT-NO,321.84,406.53,35.29,21.29,entsoe.eu,false,
2022-02-07 05:00:00,Italy,North Italy,IT-NO,337.84,425.64,30.86,18.77,entsoe.eu,false,
2022-02-07 06:00:00,Italy,North Italy,IT-NO,344.7,428.46,33.84,25.9,entsoe.eu,false,
2022-02-07 07:00:00,Italy,North Italy,IT-NO,312.75,390.96,39.5,30.98,entsoe.eu,false,
2022-02-07 08:00:00,Italy,North Italy,IT-NO,309.49,388.28,39.57,31.62,entsoe.eu,false,
2022-02-07 09:00:00,Italy,North Italy,IT-NO,306.67,388.73,37.16,28.75,entsoe.eu,false,
2022-02-07 10:00:00,Italy,North Italy,IT-NO,304.39,386.57,37.37,29.43,entsoe.eu,false,
2022-02-07 11:00:00,Italy,North Italy,IT-NO,305.6,389.58,36.19,28.51,entsoe.eu,false,
2022-02-07 12:00:00,Italy,North Italy,IT-NO,293.7,374.03,39.13,28.82,entsoe.eu,false,
2022-02-07 13:00:00,Italy,North Italy,IT-NO,300.66,382.36,37.73,27.28,entsoe.eu,false,
2022-02-07 14:00:00,Italy,North Italy,IT-NO,312.87,395.93,35.68,25.55,entsoe.eu,false,
2022-02-07 15:00:00,Italy,North Italy,IT-NO,321.23,406.14,33.57,21.91,entsoe.eu,false,
2022-02-07 16:00:00,Italy,North Italy,IT-NO,332.93,420.0,31.23,20.67,entsoe.eu,false,
2022-02-07 17:00:00,Italy,North Italy,IT-NO,332.76,417.59,33.42,25.49,entsoe.eu,false,
2022-02-07 18:00:00,Italy,North Italy,IT-NO,338.17,423.33,33.09,26.41,entsoe.eu,false,
2022-02-07 19:00:00,Italy,North Italy,IT-NO,342.84,431.57,30.36,22.18,entsoe.eu,false,
2022-02-07 20:00:00,Italy,North Italy,IT-NO,341.08,429.99,30.06,18.53,entsoe.eu,false,
2022-02-07 21:00:00,Italy,North Italy,IT-NO,357.94,450.87,26.23,15.07,entsoe.eu,false,
2022-02-07 22:00:00,Italy,North Italy,IT-NO,349.13,439.61,28.71,17.85,entsoe.eu,false,
2022-02-07 23:00:00,Italy,North Italy,IT-NO,325.79,406.67,36.87,22.65,entsoe.eu,false,
2022-02-08 00:00:00,Italy,North Italy,IT-NO,324.74,405.21,37.32,22.84,entsoe.eu,false,
2022-02-08 01:00:00,Italy,North Italy,IT-NO,320.43,399.9,38.37,23.11,entsoe.eu,false,
2022-02-08 02:00:00,Italy,North Italy,IT-NO,313.18,390.66,39.77,23.18,entsoe.eu,false,
2022-02-08 03:00:00,Italy,North Italy,IT-NO,330.73,413.91,35.47,21.02,entsoe.eu,false,
2022-02-08 04:00:00,Italy,North Italy,IT-NO,343.62,429.6,32.05,17.79,entsoe.eu,false,
2022-02-08 05:00:00,Italy,North Italy,IT-NO,349.07,438.38,29.32,17.36,entsoe.eu,false,
2022-02-08 06:00:00,Italy,North Italy,IT-NO,333.94,418.8,33.15,23.57,entsoe.eu,false,
2022-02-08 07:00:00,Italy,North Italy,IT-NO,311.06,388.72,39.61,29.95,entsoe.eu,false,
2022-02-08 08:00:00,Italy,North Italy,IT-NO,300.84,379.79,39.67,31.4,entsoe.eu,false,
2022-02-08 09:00:00,Italy,North Italy,IT-NO,292.12,371.64,39.58,31.65,entsoe.eu,false,
2022-02-08 10:00:00,Italy,North Italy,IT-NO,289.8,369.76,39.87,30.83,entsoe.eu,false,
2022-02-08 11:00:00,Italy,North Italy,IT-NO,288.21,368.3,40.23,32.12,entsoe.eu,false,
2022-02-08 12:00:00,Italy,North Italy,IT-NO,286.19,364.61,41.25,31.68,entsoe.eu,false,
2022-02-08 13:00:00,Italy,North Italy,IT-NO,298.82,380.22,38.37,28.05,entsoe.eu,false,
2022-02-08 14:00:00,Italy,North Italy,IT-NO,313.18,397.26,35.26,24.47,entsoe.eu,false,
2022-02-08 15:00:00,Italy,North Italy,IT-NO,332.98,419.36,31.86,20.13,entsoe.eu,false,
2022-02-08 16:00:00,Italy,North Italy,IT-NO,338.09,423.98,32.23,22.31,entsoe.eu,false,
2022-02-08 17:00:00,Italy,North Italy,IT-NO,323.56,405.7,35.81,27.2,entsoe.eu,false,
2022-02-08 18:00:00,Italy,North Italy,IT-NO,330.1,413.93,34.18,25.9,entsoe.eu,false,
2022-02-08 19:00:00,Italy,North Italy,IT-NO,342.5,431.56,30.25,21.84,entsoe.eu,false,
2022-02-08 20:00:00,Italy,North Italy,IT-NO,357.73,450.23,27.08,17.1,entsoe.eu,false,
2022-02-08 21:00:00,Italy,North Italy,IT-NO,373.04,469.92,23.19,14.64,entsoe.eu,false,
2022-02-08 22:00:00,Italy,North Italy,IT-NO,384.8,484.84,20.04,13.15,entsoe.eu,false,
2022-02-08 23:00:00,Italy,North Italy,IT-NO,365.53,460.78,25.42,16.03,entsoe.eu,false,
2022-02-09 00:00:00,Italy,North Italy,IT-NO,357.7,450.82,27.24,15.51,entsoe.eu,false,
2022-02-09 01:00:00,Italy,North Italy,IT-NO,341.92,430.66,31.14,16.02,entsoe.eu,false,
2022-02-09 02:00:00,Italy,North Italy,IT-NO,339.5,427.86,31.52,16.06,entsoe.eu,false,
2022-02-09 03:00:00,Italy,North Italy,IT-NO,341.57,430.24,31.02,15.63,entsoe.eu,false,
2022-02-09 04:00:00,Italy,North Italy,IT-NO,363.78,457.42,25.93,14.37,entsoe.eu,false,
2022-02-09 05:00:00,Italy,North Italy,IT-NO,357.15,451.51,25.86,14.87,entsoe.eu,false,
2022-02-09 06:00:00,Italy,North Italy,IT-NO,339.51,425.61,32.16,22.26,entsoe.eu,false,
2022-02-09 07:00:00,Italy,North Italy,IT-NO,319.89,400.61,37.1,27.9,entsoe.eu,false,
2022-02-09 08:00:00,Italy,North Italy,IT-NO,314.25,395.97,37.22,29.92,entsoe.eu,false,
2022-02-09 09:00:00,Italy,North Italy,IT-NO,311.73,396.48,35.19,28.17,entsoe.eu,false,
2022-02-09 10:00:00,Italy,North Italy,IT-NO,307.21,391.25,36.56,28.18,entsoe.eu,false,
2022-02-09 11:00:00,Italy,North Italy,IT-NO,294.32,375.46,39.57,30.46,entsoe.eu,false,
2022-02-09 12:00:00,Italy,North Italy,IT-NO,299.01,380.44,38.68,29.17,entsoe.eu,false,
2022-02-09 13:00:00,Italy,North Italy,IT-NO,314.36,399.89,34.77,25.3,entsoe.eu,false,
2022-02-09 14:00:00,Italy,North Italy,IT-NO,318.49,403.8,34.27,22.27,entsoe.eu,false,
2022-02-09 15:00:00,Italy,North Italy,IT-NO,327.61,414.98,32.56,20.46,entsoe.eu,false,
2022-02-09 16:00:00,Italy,North Italy,IT-NO,325.01,407.93,35.36,24.38,entsoe.eu,false,
2022-02-09 17:00:00,Italy,North Italy,IT-NO,313.82,394.19,37.36,27.54,entsoe.eu,false,
2022-02-09 18:00:00,Italy,North Italy,IT-NO,313.22,392.93,38.09,29.42,entsoe.eu,false,
2022-02-09 19:00:00,Italy,North Italy,IT-NO,331.23,417.01,32.97,24.21,entsoe.eu,false,
2022-02-09 20:00:00,Italy,North Italy,IT-NO,352.8,444.77,27.63,18.5,entsoe.eu,false,
2022-02-09 21:00:00,Italy,North Italy,IT-NO,362.54,455.67,26.66,17.27,entsoe.eu,false,
2022-02-09 22:00:00,Italy,North Italy,IT-NO,361.02,454.41,26.71,16.16,entsoe.eu,false,
2022-02-09 23:00:00,Italy,North Italy,IT-NO,350.13,438.54,31.49,16.98,entsoe.eu,false,
2022-02-10 00:00:00,Italy,North Italy,IT-NO,350.25,437.87,32.23,16.68,entsoe.eu,false,
2022-02-10 01:00:00,Italy,North Italy,IT-NO,354.39,441.97,31.94,15.47,entsoe.eu,false,
2022-02-10 02:00:00,Italy,North Italy,IT-NO,353.54,441.38,31.9,15.89,entsoe.eu,false,
2022-02-10 03:00:00,Italy,North Italy,IT-NO,355.05,444.09,31.01,15.46,entsoe.eu,false,
2022-02-10 04:00:00,Italy,North Italy,IT-NO,372.62,466.7,26.15,14.0,entsoe.eu,false,
2022-02-10 05:00:00,Italy,North Italy,IT-NO,363.53,457.48,26.0,15.14,entsoe.eu,false,
2022-02-10 06:00:00,Italy,North Italy,IT-NO,350.12,438.23,30.7,21.99,entsoe.eu,false,
2022-02-10 07:00:00,Italy,North Italy,IT-NO,333.63,417.6,34.65,26.51,entsoe.eu,false,
2022-02-10 08:00:00,Italy,North Italy,IT-NO,326.51,411.87,34.24,27.55,entsoe.eu,false,
2022-02-10 09:00:00,Italy,North Italy,IT-NO,320.88,405.62,34.78,27.18,entsoe.eu,false,
2022-02-10 10:00:00,Italy,North Italy,IT-NO,325.0,411.9,33.62,25.65,entsoe.eu,false,
2022-02-10 11:00:00,Italy,North Italy,IT-NO,333.35,423.16,31.38,24.28,entsoe.eu,false,
2022-02-10 12:00:00,Italy,North Italy,IT-NO,324.3,411.28,33.75,24.74,entsoe.eu,false,
2022-02-10 13:00:00,Italy,North Italy,IT-NO,329.57,417.88,32.09,23.06,entsoe.eu,false,
2022-02-10 14:00:00,Italy,North Italy,IT-NO,332.98,420.88,31.77,21.35,entsoe.eu,false,
2022-02-10 15:00:00,Italy,North Italy,IT-NO,326.93,412.46,33.42,21.29,entsoe.eu,false,
2022-02-10 16:00:00,Italy,North Italy,IT-NO,328.61,413.09,33.92,23.05,entsoe.eu,false,
2022-02-10 17:00:00,Italy,North Italy,IT-NO,319.31,401.24,36.35,27.59,entsoe.eu,false,
2022-02-10 18:00:00,Italy,North Italy,IT-NO,313.62,395.18,37.01,28.18,entsoe.eu,false,
2022-02-10 19:00:00,Italy,North Italy,IT-NO,328.85,413.16,34.4,25.19,entsoe.eu,false,
2022-02-10 20:00:00,Italy,North Italy,IT-NO,348.81,438.69,29.56,18.87,entsoe.eu,false,
2022-02-10 21:00:00,Italy,North Italy,IT-NO,353.98,444.63,28.99,18.18,entsoe.eu,false,
2022-02-10 22:00:00,Italy,North Italy,IT-NO,360.86,453.18,27.31,17.59,entsoe.eu,false,
2022-02-10 23:00:00,Italy,North Italy,IT-NO,350.72,438.5,31.33,16.05,entsoe.eu,false,
2022-02-11 00:00:00,Italy,North Italy,IT-NO,344.75,430.56,33.05,16.55,entsoe.eu,false,
2022-02-11 01:00:00,Italy,North Italy,IT-NO,343.79,429.21,33.41,15.73,entsoe.eu,false,
2022-02-11 02:00:00,Italy,North Italy,IT-NO,346.86,434.45,31.88,14.99,entsoe.eu,false,
2022-02-11 03:00:00,Italy,North Italy,IT-NO,344.61,432.66,31.91,14.64,entsoe.eu,false,
2022-02-11 04:00:00,Italy,North Italy,IT-NO,355.08,447.55,27.99,14.4,entsoe.eu,false,
2022-02-11 05:00:00,Italy,North Italy,IT-NO,358.46,452.72,26.09,15.35,entsoe.eu,false,
2022-02-11 06:00:00,Italy,North Italy,IT-NO,343.62,432.95,29.92,19.98,entsoe.eu,false,
2022-02-11 07:00:00,Italy,North Italy,IT-NO,328.39,411.31,35.11,26.23,entsoe.eu,false,
2022-02-11 08:00:00,Italy,North Italy,IT-NO,319.49,399.8,37.79,29.01,entsoe.eu,false,
2022-02-11 09:00:00,Italy,North Italy,IT-NO,327.95,412.43,34.01,26.12,entsoe.eu,false,
2022-02-11 10:00:00,Italy,North Italy,IT-NO,325.58,410.2,34.06,24.58,entsoe.eu,false,
2022-02-11 11:00:00,Italy,North Italy,IT-NO,346.2,437.71,28.29,21.79,entsoe.eu,false,
2022-02-11 12:00:00,Italy,North Italy,IT-NO,328.43,416.4,31.85,22.79,entsoe.eu,false,
2022-02-11 13:00:00,Italy,North Italy,IT-NO,325.84,411.94,32.91,21.95,entsoe.eu,false,
2022-02-11 14:00:00,Italy,North Italy,IT-NO,329.7,417.05,32.36,21.03,entsoe.eu,false,
2022-02-11 15:00:00,Italy,North Italy,IT-NO,320.26,404.96,33.96,21.45,entsoe.eu,false,
2022-02-11 16:00:00,Italy,North Italy,IT-NO,323.71,408.95,33.63,22.68,entsoe.eu,false,
2022-02-11 17:00:00,Italy,North Italy,IT-NO,318.76,398.91,37.79,28.67,entsoe.eu,false,
2022-02-11 18:00:00,Italy,North Italy,IT-NO,314.03,396.18,36.21,27.54,entsoe.eu,false,
2022-02-11 19:00:00,Italy,North Italy,IT-NO,334.84,422.66,31.51,23.2,entsoe.eu,false,
2022-02-11 20:00:00,Italy,North Italy,IT-NO,352.22,443.88,27.8,18.91,entsoe.eu,false,
2022-02-11 21:00:00,Italy,North Italy,IT-NO,367.89,463.97,23.91,16.2,entsoe.eu,false,
2022-02-11 22:00:00,Italy,North Italy,IT-NO,387.99,488.29,19.95,14.26,entsoe.eu,false,
2022-02-11 23:00:00,Italy,North Italy,IT-NO,362.35,456.89,26.6,16.54,entsoe.eu,false,
2022-02-12 00:00:00,Italy,North Italy,IT-NO,352.84,443.5,30.33,17.79,entsoe.eu,false,
2022-02-12 01:00:00,Italy,North Italy,IT-NO,360.82,451.15,29.35,17.89,entsoe.eu,false,
2022-02-12 02:00:00,Italy,North Italy,IT-NO,329.37,407.89,38.47,20.75,entsoe.eu,false,
2022-02-12 03:00:00,Italy,North Italy,IT-NO,336.68,417.6,36.68,19.51,entsoe.eu,false,
2022-02-12 04:00:00,Italy,North Italy,IT-NO,334.8,416.47,36.95,20.33,entsoe.eu,false,
2022-02-12 05:00:00,Italy,North Italy,IT-NO,346.14,433.6,32.19,17.87,entsoe.eu,false,
2022-02-12 06:00:00,Italy,North Italy,IT-NO,338.15,424.58,32.88,21.34,entsoe.eu,false,
2022-02-12 07:00:00,Italy,North Italy,IT-NO,301.07,379.48,39.93,28.83,entsoe.eu,false,
2022-02-12 08:00:00,Italy,North Italy,IT-NO,290.32,368.97,41.09,32.35,entsoe.eu,false,
2022-02-12 09:00:00,Italy,North Italy,IT-NO,293.79,375.42,39.39,31.77,entsoe.eu,false,
2022-02-12 10:00:00,Italy,North Italy,IT-NO,284.65,364.44,41.36,31.96,entsoe.eu,false,
2022-02-12 11:00:00,Italy,North Italy,IT-NO,283.67,365.38,40.31,32.95,entsoe.eu,false,
2022-02-12 12:00:00,Italy,North Italy,IT-NO,273.84,352.9,42.78,33.19,entsoe.eu,false,
2022-02-12 13:00:00,Italy,North Italy,IT-NO,276.48,356.63,42.15,30.62,entsoe.eu,false,
2022-02-12 14:00:00,Italy,North Italy,IT-NO,285.2,363.97,41.7,28.11,entsoe.eu,false,
2022-02-12 15:00:00,Italy,North Italy,IT-NO,321.2,406.13,34.73,21.48,entsoe.eu,false,
2022-02-12 16:00:00,Italy,North Italy,IT-NO,331.09,418.76,32.79,19.83,entsoe.eu,false,
2022-02-12 17:00:00,Italy,North Italy,IT-NO,306.31,385.52,39.84,28.24,entsoe.eu,false,
2022-02-12 18:00:00,Italy,North Italy,IT-NO,301.65,378.95,40.94,29.24,entsoe.eu,false,
2022-02-12 19:00:00,Italy,North Italy,IT-NO,329.76,413.17,35.01,24.29,entsoe.eu,false,
2022-02-12 20:00:00,Italy,North Italy,IT-NO,332.36,420.78,31.59,19.48,entsoe.eu,false,
2022-02-12 21:00:00,Italy,North Italy,IT-NO,362.49,459.48,23.88,15.64,entsoe.eu,false,
2022-02-12 22:00:00,Italy,North Italy,IT-NO,374.83,475.28,21.17,14.35,entsoe.eu,false,
2022-02-12 23:00:00,Italy,North Italy,IT-NO,309.11,391.26,38.49,22.12,entsoe.eu,false,
2022-02-13 00:00:00,Italy,North Italy,IT-NO,305.97,388.57,38.72,21.92,entsoe.eu,false,
2022-02-13 01:00:00,Italy,North Italy,IT-NO,310.89,392.17,38.17,21.67,entsoe.eu,false,
2022-02-13 02:00:00,Italy,North Italy,IT-NO,301.0,379.72,41.35,23.17,entsoe.eu,false,
2022-02-13 03:00:00,Italy,North Italy,IT-NO,305.66,385.92,40.48,22.35,entsoe.eu,false,
2022-02-13 04:00:00,Italy,North Italy,IT-NO,305.71,389.59,38.89,22.0,entsoe.eu,false,
2022-02-13 05:00:00,Italy,North Italy,IT-NO,301.63,381.54,40.79,22.94,entsoe.eu,false,
2022-02-13 06:00:00,Italy,North Italy,IT-NO,283.95,361.68,43.42,25.28,entsoe.eu,false,
2022-02-13 07:00:00,Italy,North Italy,IT-NO,256.79,328.61,49.53,32.2,entsoe.eu,false,
2022-02-13 08:00:00,Italy,North Italy,IT-NO,241.05,310.76,52.2,37.5,entsoe.eu,false,
2022-02-13 09:00:00,Italy,North Italy,IT-NO,223.59,290.1,56.3,42.02,entsoe.eu,false,
2022-02-13 10:00:00,Italy,North Italy,IT-NO,209.29,273.47,59.06,44.51,entsoe.eu,false,
2022-02-13 11:00:00,Italy,North Italy,IT-NO,216.38,281.75,57.68,44.11,entsoe.eu,false,
2022-02-13 12:00:00,Italy,North Italy,IT-NO,210.78,274.87,58.93,44.55,entsoe.eu,false,
2022-02-13 13:00:00,Italy,North Italy,IT-NO,217.34,283.42,57.28,41.24,entsoe.eu,false,
2022-02-13 14:00:00,Italy,North Italy,IT-NO,238.69,308.48,52.55,35.6,entsoe.eu,false,
2022-02-13 15:00:00,Italy,North Italy,IT-NO,280.68,358.35,43.48,26.6,entsoe.eu,false,
2022-02-13 16:00:00,Italy,North Italy,IT-NO,298.65,378.01,41.05,25.59,entsoe.eu,false,
2022-02-13 17:00:00,Italy,North Italy,IT-NO,275.95,347.23,47.81,34.45,entsoe.eu,false,
2022-02-13 18:00:00,Italy,North Italy,IT-NO,264.18,331.59,50.95,37.84,entsoe.eu,false,
2022-02-13 19:00:00,Italy,North Italy,IT-NO,272.18,341.71,49.11,35.18,entsoe.eu,false,
2022-02-13 20:00:00,Italy,North Italy,IT-NO,290.83,366.07,44.54,30.26,entsoe.eu,false,
2022-02-13 21:00:00,Italy,North Italy,IT-NO,298.28,378.11,40.36,24.55,entsoe.eu,false,
2022-02-13 22:00:00,Italy,North Italy,IT-NO,303.57,385.64,38.95,23.82,entsoe.eu,false,
2022-02-13 23:00:00,Italy,North Italy,IT-NO,305.59,385.92,39.94,22.26,entsoe.eu,false,
2022-02-14 00:00:00,Italy,North Italy,IT-NO,303.83,382.57,42.12,23.99,entsoe.eu,false,
2022-02-14 01:00:00,Italy,North Italy,IT-NO,302.53,381.15,42.39,25.01,entsoe.eu,false,
2022-02-14 02:00:00,Italy,North Italy,IT-NO,307.42,387.89,40.94,24.44,entsoe.eu,false,
2022-02-14 03:00:00,Italy,North Italy,IT-NO,318.01,399.34,39.35,23.5,entsoe.eu,false,
2022-02-14 04:00:00,Italy,North Italy,IT-NO,343.24,432.69,32.05,19.12,entsoe.eu,false,
2022-02-14 05:00:00,Italy,North Italy,IT-NO,349.47,441.93,28.57,17.54,entsoe.eu,false,
2022-02-14 06:00:00,Italy,North Italy,IT-NO,335.57,420.36,34.33,23.82,entsoe.eu,false,
2022-02-14 07:00:00,Italy,North Italy,IT-NO,316.27,395.43,38.74,28.75,entsoe.eu,false,
2022-02-14 08:00:00,Italy,North Italy,IT-NO,313.27,394.31,37.62,26.76,entsoe.eu,false,
2022-02-14 09:00:00,Italy,North Italy,IT-NO,317.9,399.79,36.62,25.22,entsoe.eu,false,
2022-02-14 10:00:00,Italy,North Italy,IT-NO,319.07,399.72,38.06,27.83,entsoe.eu,false,
2022-02-14 11:00:00,Italy,North Italy,IT-NO,329.38,414.62,34.52,24.8,entsoe.eu,false,
2022-02-14 12:00:00,Italy,North Italy,IT-NO,333.65,421.78,31.97,21.03,entsoe.eu,false,
2022-02-14 13:00:00,Italy,North Italy,IT-NO,331.75,418.74,32.92,22.3,entsoe.eu,false,
2022-02-14 14:00:00,Italy,North Italy,IT-NO,328.07,413.5,34.02,22.5,entsoe.eu,false,
2022-02-14 15:00:00,Italy,North Italy,IT-NO,323.09,406.45,35.46,24.48,entsoe.eu,false,
2022-02-14 16:00:00,Italy,North Italy,IT-NO,321.59,403.7,36.22,24.81,entsoe.eu,false,
2022-02-14 17:00:00,Italy,North Italy,IT-NO,320.27,402.15,36.32,25.41,entsoe.eu,false,
2022-02-14 18:00:00,Italy,North Italy,IT-NO,320.56,403.08,35.72,25.56,entsoe.eu,false,
2022-02-14 19:00:00,Italy,North Italy,IT-NO,338.76,426.91,30.89,21.0,entsoe.eu,false,
2022-02-14 20:00:00,Italy,North Italy,IT-NO,348.77,440.06,28.18,17.42,entsoe.eu,false,
2022-02-14 21:00:00,Italy,North Italy,IT-NO,385.46,485.77,20.08,12.7,entsoe.eu,false,
2022-02-14 22:00:00,Italy,North Italy,IT-NO,389.23,489.74,20.25,13.79,entsoe.eu,false,
2022-02-14 23:00:00,Italy,North Italy,IT-NO,354.86,446.49,28.36,15.19,entsoe.eu,false,
2022-02-15 00:00:00,Italy,North Italy,IT-NO,359.44,451.77,27.47,15.27,entsoe.eu,false,
2022-02-15 01:00:00,Italy,North Italy,IT-NO,331.79,415.52,35.66,18.35,entsoe.eu,false,
2022-02-15 02:00:00,Italy,North Italy,IT-NO,325.52,406.7,38.01,18.95,entsoe.eu,false,
2022-02-15 03:00:00,Italy,North Italy,IT-NO,332.77,415.27,37.02,19.24,entsoe.eu,false,
2022-02-15 04:00:00,Italy,North Italy,IT-NO,344.8,431.38,33.16,16.95,entsoe.eu,false,
2022-02-15 05:00:00,Italy,North Italy,IT-NO,344.0,431.88,31.93,18.43,entsoe.eu,false,
2022-02-15 06:00:00,Italy,North Italy,IT-NO,355.18,442.63,31.25,23.0,entsoe.eu,false,
2022-02-15 07:00:00,Italy,North Italy,IT-NO,336.64,420.51,34.46,25.86,entsoe.eu,false,
2022-02-15 08:00:00,Italy,North Italy,IT-NO,326.6,407.95,36.5,27.35,entsoe.eu,false,
2022-02-15 09:00:00,Italy,North Italy,IT-NO,323.89,405.17,36.5,26.57,entsoe.eu,false,
2022-02-15 10:00:00,Italy,North Italy,IT-NO,326.4,408.88,36.03,26.09,entsoe.eu,false,
2022-02-15 11:00:00,Italy,North Italy,IT-NO,331.8,420.03,31.94,21.96,entsoe.eu,false,
2022-02-15 12:00:00,Italy,North Italy,IT-NO,323.68,409.59,33.95,23.55,entsoe.eu,false,
2022-02-15 13:00:00,Italy,North Italy,IT-NO,325.97,412.53,33.25,22.61,entsoe.eu,false,
2022-02-15 14:00:00,Italy,North Italy,IT-NO,332.87,420.82,31.69,20.45,entsoe.eu,false,
2022-02-15 15:00:00,Italy,North Italy,IT-NO,324.76,409.41,34.2,22.23,entsoe.eu,false,
2022-02-15 16:00:00,Italy,North Italy,IT-NO,320.47,403.11,35.88,23.0,entsoe.eu,false,
2022-02-15 17:00:00,Italy,North Italy,IT-NO,327.22,410.29,35.53,25.65,entsoe.eu,false,
2022-02-15 18:00:00,Italy,North Italy,IT-NO,319.07,401.17,36.5,26.01,entsoe.eu,false,
2022-02-15 19:00:00,Italy,North Italy,IT-NO,321.24,405.98,34.63,22.8,entsoe.eu,false,
2022-02-15 20:00:00,Italy,North Italy,IT-NO,336.12,424.97,30.9,17.42,entsoe.eu,false,
2022-02-15 21:00:00,Italy,North Italy,IT-NO,336.12,424.18,31.87,18.01,entsoe.eu,false,
2022-02-15 22:00:00,Italy,North Italy,IT-NO,335.08,422.07,32.64,18.07,entsoe.eu,false,
2022-02-15 23:00:00,Italy,North Italy,IT-NO,309.77,390.16,39.3,20.84,entsoe.eu,false,
2022-02-16 00:00:00,Italy,North Italy,IT-NO,306.04,385.37,40.43,21.38,entsoe.eu,false,
2022-02-16 01:00:00,Italy,North Italy,IT-NO,309.31,388.95,40.27,22.72,entsoe.eu,false,
2022-02-16 02:00:00,Italy,North Italy,IT-NO,314.04,393.64,39.98,22.76,entsoe.eu,false,
2022-02-16 03:00:00,Italy,North Italy,IT-NO,315.19,395.91,38.96,21.18,entsoe.eu,false,
2022-02-16 04:00:00,Italy,North Italy,IT-NO,333.51,420.02,33.72,18.89,entsoe.eu,false,
2022-02-16 05:00:00,Italy,North Italy,IT-NO,337.05,423.64,33.07,21.27,entsoe.eu,false,
2022-02-16 06:00:00,Italy,North Italy,IT-NO,336.59,422.79,32.63,21.68,entsoe.eu,false,
2022-02-16 07:00:00,Italy,North Italy,IT-NO,325.58,408.69,35.55,26.28,entsoe.eu,false,
2022-02-16 08:00:00,Italy,North Italy,IT-NO,320.6,403.4,36.18,28.04,entsoe.eu,false,
2022-02-16 09:00:00,Italy,North Italy,IT-NO,329.78,415.58,33.69,25.59,entsoe.eu,false,
2022-02-16 10:00:00,Italy,North Italy,IT-NO,333.34,420.24,32.99,25.53,entsoe.eu,false,
2022-02-16 11:00:00,Italy,North Italy,IT-NO,342.9,434.9,29.18,23.72,entsoe.eu,false,
2022-02-16 12:00:00,Italy,North Italy,IT-NO,328.42,416.29,32.95,26.59,entsoe.eu,false,
2022-02-16 13:00:00,Italy,North Italy,IT-NO,327.5,414.25,33.44,25.92,entsoe.eu,false,
2022-02-16 14:00:00,Italy,North Italy,IT-NO,333.62,421.15,32.2,23.55,entsoe.eu,false,
2022-02-16 15:00:00,Italy,North Italy,IT-NO,330.92,416.89,32.72,22.57,entsoe.eu,false,
2022-02-16 16:00:00,Italy,North Italy,IT-NO,322.1,405.89,34.75,23.52,entsoe.eu,false,
2022-02-16 17:00:00,Italy,North Italy,IT-NO,314.29,395.75,36.85,26.09,entsoe.eu,false,
2022-02-16 18:00:00,Italy,North Italy,IT-NO,316.52,399.03,36.23,25.75,entsoe.eu,false,
2022-02-16 19:00:00,Italy,North Italy,IT-NO,322.92,407.67,34.32,22.8,entsoe.eu,false,
2022-02-16 20:00:00,Italy,North Italy,IT-NO,335.07,424.38,30.78,18.18,entsoe.eu,false,
2022-02-16 21:00:00,Italy,North Italy,IT-NO,336.83,426.6,30.63,17.28,entsoe.eu,false,
2022-02-16 22:00:00,Italy,North Italy,IT-NO,333.25,422.52,31.48,18.05,entsoe.eu,false,
2022-02-16 23:00:00,Italy,North Italy,IT-NO,305.75,387.33,37.68,20.98,entsoe.eu,false,
2022-02-17 00:00:00,Italy,North Italy,IT-NO,303.43,383.68,39.08,22.51,entsoe.eu,false,
2022-02-17 01:00:00,Italy,North Italy,IT-NO,302.23,382.79,39.38,23.53,entsoe.eu,false,
2022-02-17 02:00:00,Italy,North Italy,IT-NO,300.55,379.7,39.87,22.43,entsoe.eu,false,
2022-02-17 03:00:00,Italy,North Italy,IT-NO,297.59,377.07,39.79,21.66,entsoe.eu,false,
2022-02-17 04:00:00,Italy,North Italy,IT-NO,314.05,398.45,35.37,19.46,entsoe.eu,false,
2022-02-17 05:00:00,Italy,North Italy,IT-NO,318.22,403.41,34.35,21.65,entsoe.eu,false,
2022-02-17 06:00:00,Italy,North Italy,IT-NO,304.81,386.62,36.93,24.53,entsoe.eu,false,
2022-02-17 07:00:00,Italy,North Italy,IT-NO,292.31,369.32,41.3,30.13,entsoe.eu,false,
2022-02-17 08:00:00,Italy,North Italy,IT-NO,288.25,367.13,40.29,28.89,entsoe.eu,false,
2022-02-17 09:00:00,Italy,North Italy,IT-NO,287.73,368.28,39.82,29.92,entsoe.eu,false,
2022-02-17 10:00:00,Italy,North Italy,IT-NO,286.65,368.42,39.43,29.49,entsoe.eu,false,
2022-02-17 11:00:00,Italy,North Italy,IT-NO,287.12,369.62,38.98,29.85,entsoe.eu,false,
2022-02-17 12:00:00,Italy,North Italy,IT-NO,284.05,365.54,39.65,30.46,entsoe.eu,false,
2022-02-17 13:00:00,Italy,North Italy,IT-NO,290.63,373.09,38.37,28.92,entsoe.eu,false,
2022-02-17 14:00:00,Italy,North Italy,IT-NO,303.48,387.48,35.89,25.62,entsoe.eu,false,
2022-02-17 15:00:00,Italy,North Italy,IT-NO,308.49,393.03,34.99,23.92,entsoe.eu,false,
2022-02-17 16:00:00,Italy,North Italy,IT-NO,311.89,396.54,34.96,23.21,entsoe.eu,false,
2022-02-17 17:00:00,Italy,North Italy,IT-NO,299.96,380.33,38.47,25.83,entsoe.eu,false,
2022-02-17 18:00:00,Italy,North Italy,IT-NO,295.45,374.45,40.08,27.75,entsoe.eu,false,
2022-02-17 19:00:00,Italy,North Italy,IT-NO,306.69,391.39,35.56,22.1,entsoe.eu,false,
2022-02-17 20:00:00,Italy,North Italy,IT-NO,322.33,410.4,32.38,18.38,entsoe.eu,false,
2022-02-17 21:00:00,Italy,North Italy,IT-NO,317.8,403.87,34.03,18.32,entsoe.eu,false,
2022-02-17 22:00:00,Italy,North Italy,IT-NO,329.92,418.65,31.4,17.14,entsoe.eu,false,
2022-02-17 23:00:00,Italy,North Italy,IT-NO,317.19,402.77,34.32,18.61,entsoe.eu,false,
2022-02-18 00:00:00,Italy,North Italy,IT-NO,318.72,403.57,34.73,19.39,entsoe.eu,false,
2022-02-18 01:00:00,Italy,North Italy,IT-NO,319.63,403.56,35.43,20.33,entsoe.eu,false,
2022-02-18 02:00:00,Italy,North Italy,IT-NO,312.39,394.48,37.14,20.68,entsoe.eu,false,
2022-02-18 03:00:00,Italy,North Italy,IT-NO,313.72,395.55,37.28,20.38,entsoe.eu,false,
2022-02-18 04:00:00,Italy,North Italy,IT-NO,308.87,390.33,37.6,19.86,entsoe.eu,false,
2022-02-18 05:00:00,Italy,North Italy,IT-NO,305.2,388.04,37.43,21.21,entsoe.eu,false,
2022-02-18 06:00:00,Italy,North Italy,IT-NO,307.25,388.58,37.53,23.93,entsoe.eu,false,
2022-02-18 07:00:00,Italy,North Italy,IT-NO,299.71,378.28,39.98,27.96,entsoe.eu,false,
2022-02-18 08:00:00,Italy,North Italy,IT-NO,298.4,376.61,39.52,27.06,entsoe.eu,false,
2022-02-18 09:00:00,Italy,North Italy,IT-NO,295.95,374.49,39.6,26.57,entsoe.eu,false,
2022-02-18 10:00:00,Italy,North Italy,IT-NO,293.13,371.78,39.75,27.87,entsoe.eu,false,
2022-02-18 11:00:00,Italy,North Italy,IT-NO,300.69,381.33,38.46,26.78,entsoe.eu,false,
2022-02-18 12:00:00,Italy,North Italy,IT-NO,296.1,375.81,39.33,27.52,entsoe.eu,false,
2022-02-18 13:00:00,Italy,North Italy,IT-NO,310.8,394.63,35.71,23.89,entsoe.eu,false,
2022-02-18 14:00:00,Italy,North Italy,IT-NO,323.43,408.21,34.8,22.92,entsoe.eu,false,
2022-02-18 15:00:00,Italy,North Italy,IT-NO,320.08,403.76,35.57,23.12,entsoe.eu,false,
2022-02-18 16:00:00,Italy,North Italy,IT-NO,320.95,402.11,37.41,25.44,entsoe.eu,false,
2022-02-18 17:00:00,Italy,North Italy,IT-NO,309.64,387.95,39.97,28.94,entsoe.eu,false,
2022-02-18 18:00:00,Italy,North Italy,IT-NO,300.89,376.84,42.09,30.4,entsoe.eu,false,
2022-02-18 19:00:00,Italy,North Italy,IT-NO,320.39,404.06,35.35,22.85,entsoe.eu,false,
2022-02-18 20:00:00,Italy,North Italy,IT-NO,326.12,411.53,33.66,19.68,entsoe.eu,false,
2022-02-18 21:00:00,Italy,North Italy,IT-NO,326.39,412.05,34.01,19.5,entsoe.eu,false,
2022-02-18 22:00:00,Italy,North Italy,IT-NO,317.92,401.24,36.91,22.06,entsoe.eu,false,
2022-02-18 23:00:00,Italy,North Italy,IT-NO,289.61,367.66,42.73,26.63,entsoe.eu,false,
2022-02-19 00:00:00,Italy,North Italy,IT-NO,287.34,364.51,43.36,25.77,entsoe.eu,false,
2022-02-19 01:00:00,Italy,North Italy,IT-NO,294.22,371.67,42.65,25.73,entsoe.eu,false,
2022-02-19 02:00:00,Italy,North Italy,IT-NO,298.55,375.58,42.54,26.12,entsoe.eu,false,
2022-02-19 03:00:00,Italy,North Italy,IT-NO,291.98,367.06,43.76,26.89,entsoe.eu,false,
2022-02-19 04:00:00,Italy,North Italy,IT-NO,292.58,368.48,42.87,25.69,entsoe.eu,false,
2022-02-19 05:00:00,Italy,North Italy,IT-NO,276.89,351.51,44.68,26.16,entsoe.eu,false,
2022-02-19 06:00:00,Italy,North Italy,IT-NO,273.94,344.89,47.28,29.37,entsoe.eu,false,
2022-02-19 07:00:00,Italy,North Italy,IT-NO,258.5,325.14,51.2,33.98,entsoe.eu,false,
2022-02-19 08:00:00,Italy,North Italy,IT-NO,257.58,324.51,51.63,35.7,entsoe.eu,false,
2022-02-19 09:00:00,Italy,North Italy,IT-NO,258.4,326.74,50.54,35.55,entsoe.eu,false,
2022-02-19 10:00:00,Italy,North Italy,IT-NO,256.27,326.69,49.14,33.84,entsoe.eu,false,
2022-02-19 11:00:00,Italy,North Italy,IT-NO,256.6,328.88,48.28,33.21,entsoe.eu,false,
2022-02-19 12:00:00,Italy,North Italy,IT-NO,261.47,333.83,47.93,32.69,entsoe.eu,false,
2022-02-19 13:00:00,Italy,North Italy,IT-NO,272.67,347.59,45.56,30.59,entsoe.eu,false,
2022-02-19 14:00:00,Italy,North Italy,IT-NO,282.4,360.18,42.58,27.38,entsoe.eu,false,
2022-02-19 15:00:00,Italy,North Italy,IT-NO,290.33,370.59,40.18,24.25,entsoe.eu,false,
2022-02-19 16:00:00,Italy,North Italy,IT-NO,293.14,371.61,40.99,25.58,entsoe.eu,false,
2022-02-19 17:00:00,Italy,North Italy,IT-NO,290.03,361.94,46.51,33.59,entsoe.eu,false,
2022-02-19 18:00:00,Italy,North Italy,IT-NO,282.62,353.08,47.39,35.09,entsoe.eu,false,
2022-02-19 19:00:00,Italy,North Italy,IT-NO,300.0,377.16,41.83,28.92,entsoe.eu,false,
2022-02-19 20:00:00,Italy,North Italy,IT-NO,305.68,389.59,36.95,22.72,entsoe.eu,false,
2022-02-19 21:00:00,Italy,North Italy,IT-NO,314.15,399.55,35.53,20.49,entsoe.eu,false,
2022-02-19 22:00:00,Italy,North Italy,IT-NO,316.99,401.83,36.02,20.77,entsoe.eu,false,
2022-02-19 23:00:00,Italy,North Italy,IT-NO,292.86,371.46,42.44,25.05,entsoe.eu,false,
2022-02-20 00:00:00,Italy,North Italy,IT-NO,282.21,359.07,44.48,26.33,entsoe.eu,false,
2022-02-20 01:00:00,Italy,North Italy,IT-NO,286.8,363.54,43.91,25.33,entsoe.eu,false,
2022-02-20 02:00:00,Italy,North Italy,IT-NO,286.67,363.2,44.17,26.71,entsoe.eu,false,
2022-02-20 03:00:00,Italy,North Italy,IT-NO,283.06,358.63,45.03,25.33,entsoe.eu,false,
2022-02-20 04:00:00,Italy,North Italy,IT-NO,278.92,354.87,44.88,25.43,entsoe.eu,false,
2022-02-20 05:00:00,Italy,North Italy,IT-NO,273.95,349.46,45.65,26.53,entsoe.eu,false,
2022-02-20 06:00:00,Italy,North Italy,IT-NO,258.38,331.33,48.94,29.01,entsoe.eu,false,
2022-02-20 07:00:00,Italy,North Italy,IT-NO,249.21,320.35,50.84,32.44,entsoe.eu,false,
2022-02-20 08:00:00,Italy,North Italy,IT-NO,238.53,308.43,52.7,36.39,entsoe.eu,false,
2022-02-20 09:00:00,Italy,North Italy,IT-NO,236.2,307.09,52.35,38.35,entsoe.eu,false,
2022-02-20 10:00:00,Italy,North Italy,IT-NO,223.6,291.41,55.79,42.15,entsoe.eu,false,
2022-02-20 11:00:00,Italy,North Italy,IT-NO,207.08,271.12,59.85,46.39,entsoe.eu,false,
2022-02-20 12:00:00,Italy,North Italy,IT-NO,196.17,258.45,61.43,45.99,entsoe.eu,false,
2022-02-20 13:00:00,Italy,North Italy,IT-NO,197.79,259.83,60.88,43.2,entsoe.eu,false,
2022-02-20 14:00:00,Italy,North Italy,IT-NO,229.71,297.98,53.82,36.12,entsoe.eu,false,
2022-02-20 15:00:00,Italy,North Italy,IT-NO,260.93,335.03,46.97,28.92,entsoe.eu,false,
2022-02-20 16:00:00,Italy,North Italy,IT-NO,263.99,336.46,47.7,29.52,entsoe.eu,false,
2022-02-20 17:00:00,Italy,North Italy,IT-NO,255.15,319.26,53.98,37.06,entsoe.eu,false,
2022-02-20 18:00:00,Italy,North Italy,IT-NO,237.7,298.68,56.99,42.62,entsoe.eu,false,
2022-02-20 19:00:00,Italy,North Italy,IT-NO,252.76,317.1,53.95,37.95,entsoe.eu,false,
2022-02-20 20:00:00,Italy,North Italy,IT-NO,260.1,328.45,50.94,35.52,entsoe.eu,false,
2022-02-20 21:00:00,Italy,North Italy,IT-NO,260.18,332.91,47.59,32.05,entsoe.eu,false,
2022-02-20 22:00:00,Italy,North Italy,IT-NO,263.04,336.6,47.18,30.9,entsoe.eu,false,
2022-02-20 23:00:00,Italy,North Italy,IT-NO,275.8,351.15,45.5,26.58,entsoe.eu,false,
2022-02-21 00:00:00,Italy,North Italy,IT-NO,265.26,336.88,49.16,28.23,entsoe.eu,false,
2022-02-21 01:00:00,Italy,North Italy,IT-NO,258.18,328.94,50.16,29.71,entsoe.eu,false,
2022-02-21 02:00:00,Italy,North Italy,IT-NO,265.17,337.62,48.25,28.52,entsoe.eu,false,
2022-02-21 03:00:00,Italy,North Italy,IT-NO,270.1,343.24,47.32,28.11,entsoe.eu,false,
2022-02-21 04:00:00,Italy,North Italy,IT-NO,295.83,373.7,42.21,25.12,entsoe.eu,false,
2022-02-21 05:00:00,Italy,North Italy,IT-NO,326.69,410.59,34.82,21.35,entsoe.eu,false,
2022-02-21 06:00:00,Italy,North Italy,IT-NO,329.58,414.97,33.72,22.35,entsoe.eu,false,
2022-02-21 07:00:00,Italy,North Italy,IT-NO,321.62,404.56,36.52,27.5,entsoe.eu,false,
2022-02-21 08:00:00,Italy,North Italy,IT-NO,310.14,392.28,37.8,28.39,entsoe.eu,false,
2022-02-21 09:00:00,Italy,North Italy,IT-NO,306.18,389.56,37.39,28.97,entsoe.eu,false,
2022-02-21 10:00:00,Italy,North Italy,IT-NO,302.6,385.9,37.43,30.1,entsoe.eu,false,
2022-02-21 11:00:00,Italy,North Italy,IT-NO,312.64,399.19,34.52,27.15,entsoe.eu,false,
2022-02-21 12:00:00,Italy,North Italy,IT-NO,313.64,399.54,34.49,27.45,entsoe.eu,false,
2022-02-21 13:00:00,Italy,North Italy,IT-NO,322.24,407.44,33.39,25.51,entsoe.eu,false,
2022-02-21 14:00:00,Italy,North Italy,IT-NO,330.32,415.86,32.35,24.09,entsoe.eu,false,
2022-02-21 15:00:00,Italy,North Italy,IT-NO,344.43,433.2,29.46,20.86,entsoe.eu,false,
2022-02-21 16:00:00,Italy,North Italy,IT-NO,338.24,428.13,29.68,19.46,entsoe.eu,false,
2022-02-21 17:00:00,Italy,North Italy,IT-NO,330.12,417.39,31.64,21.46,entsoe.eu,false,
2022-02-21 18:00:00,Italy,North Italy,IT-NO,340.0,429.29,29.77,21.48,entsoe.eu,false,
2022-02-21 19:00:00,Italy,North Italy,IT-NO,344.52,435.05,28.04,17.59,entsoe.eu,false,
2022-02-21 20:00:00,Italy,North Italy,IT-NO,351.62,444.11,26.67,15.67,entsoe.eu,false,
2022-02-21 21:00:00,Italy,North Italy,IT-NO,366.41,461.41,24.46,15.47,entsoe.eu,false,
2022-02-21 22:00:00,Italy,North Italy,IT-NO,384.12,481.75,21.45,14.8,entsoe.eu,false,
2022-02-21 23:00:00,Italy,North Italy,IT-NO,357.95,446.16,28.95,18.28,entsoe.eu,false,
2022-02-22 00:00:00,Italy,North Italy,IT-NO,352.26,437.98,31.55,20.62,entsoe.eu,false,
2022-02-22 01:00:00,Italy,North Italy,IT-NO,343.81,426.37,33.48,21.48,entsoe.eu,false,
2022-02-22 02:00:00,Italy,North Italy,IT-NO,331.69,413.01,35.69,22.75,entsoe.eu,false,
2022-02-22 03:00:00,Italy,North Italy,IT-NO,296.54,371.92,42.82,25.53,entsoe.eu,false,
2022-02-22 04:00:00,Italy,North Italy,IT-NO,322.68,406.92,35.67,20.76,entsoe.eu,false,
2022-02-22 05:00:00,Italy,North Italy,IT-NO,332.84,417.54,34.08,21.66,entsoe.eu,false,
2022-02-22 06:00:00,Italy,North Italy,IT-NO,339.02,426.44,31.8,23.58,entsoe.eu,false,
2022-02-22 07:00:00,Italy,North Italy,IT-NO,313.78,395.24,38.09,31.4,entsoe.eu,false,
2022-02-22 08:00:00,Italy,North Italy,IT-NO,299.53,380.47,39.74,33.28,entsoe.eu,false,
2022-02-22 09:00:00,Italy,North Italy,IT-NO,300.03,381.62,38.96,32.18,entsoe.eu,false,
2022-02-22 10:00:00,Italy,North Italy,IT-NO,284.04,362.49,42.28,33.23,entsoe.eu,false,
2022-02-22 11:00:00,Italy,North Italy,IT-NO,287.42,367.94,41.32,33.77,entsoe.eu,false,
2022-02-22 12:00:00,Italy,North Italy,IT-NO,273.24,349.71,45.08,35.86,entsoe.eu,false,
2022-02-22 13:00:00,Italy,North Italy,IT-NO,285.23,363.72,42.66,32.89,entsoe.eu,false,
2022-02-22 14:00:00,Italy,North Italy,IT-NO,303.92,385.56,38.66,28.64,entsoe.eu,false,
2022-02-22 15:00:00,Italy,North Italy,IT-NO,311.73,393.86,37.83,26.78,entsoe.eu,false,
2022-02-22 16:00:00,Italy,North Italy,IT-NO,325.98,406.54,38.09,27.03,entsoe.eu,false,
2022-02-22 17:00:00,Italy,North Italy,IT-NO,318.96,396.23,40.13,28.59,entsoe.eu,false,
2022-02-22 18:00:00,Italy,North Italy,IT-NO,311.86,388.96,40.44,28.92,entsoe.eu,false,
2022-02-22 19:00:00,Italy,North Italy,IT-NO,317.27,399.54,37.54,25.27,entsoe.eu,false,
2022-02-22 20:00:00,Italy,North Italy,IT-NO,321.27,407.57,34.41,20.66,entsoe.eu,false,
2022-02-22 21:00:00,Italy,North Italy,IT-NO,328.3,416.45,32.96,19.02,entsoe.eu,false,
2022-02-22 22:00:00,Italy,North Italy,IT-NO,354.72,448.89,27.15,17.05,entsoe.eu,false,
2022-02-22 23:00:00,Italy,North Italy,IT-NO,329.37,413.24,35.13,21.64,entsoe.eu,false,
2022-02-23 00:00:00,Italy,North Italy,IT-NO,340.17,424.68,33.66,19.87,entsoe.eu,false,
2022-02-23 01:00:00,Italy,North Italy,IT-NO,332.59,413.97,35.72,19.91,entsoe.eu,false,
2022-02-23 02:00:00,Italy,North Italy,IT-NO,327.41,408.3,36.84,21.13,entsoe.eu,false,
2022-02-23 03:00:00,Italy,North Italy,IT-NO,325.42,406.87,37.37,21.21,entsoe.eu,false,
2022-02-23 04:00:00,Italy,North Italy,IT-NO,343.04,429.62,32.82,19.07,entsoe.eu,false,
2022-02-23 05:00:00,Italy,North Italy,IT-NO,328.79,412.33,34.89,22.09,entsoe.eu,false,
2022-02-23 06:00:00,Italy,North Italy,IT-NO,322.12,402.03,38.46,28.47,entsoe.eu,false,
2022-02-23 07:00:00,Italy,North Italy,IT-NO,294.32,368.71,44.12,35.47,entsoe.eu,false,
2022-02-23 08:00:00,Italy,North Italy,IT-NO,289.23,364.13,44.94,37.14,entsoe.eu,false,
2022-02-23 09:00:00,Italy,North Italy,IT-NO,286.86,363.72,44.12,38.29,entsoe.eu,false,
2022-02-23 10:00:00,Italy,North Italy,IT-NO,279.28,357.22,43.86,36.34,entsoe.eu,false,
2022-02-23 11:00:00,Italy,North Italy,IT-NO,290.63,372.03,40.6,34.72,entsoe.eu,false,
2022-02-23 12:00:00,Italy,North Italy,IT-NO,281.63,359.8,43.47,35.35,entsoe.eu,false,
2022-02-23 13:00:00,Italy,North Italy,IT-NO,286.65,364.97,42.81,33.16,entsoe.eu,false,
2022-02-23 14:00:00,Italy,North Italy,IT-NO,303.55,383.29,39.75,28.58,entsoe.eu,false,
2022-02-23 15:00:00,Italy,North Italy,IT-NO,317.63,399.83,37.4,25.4,entsoe.eu,false,
2022-02-23 16:00:00,Italy,North Italy,IT-NO,335.88,417.93,36.35,24.31,entsoe.eu,false,
2022-02-23 17:00:00,Italy,North Italy,IT-NO,309.3,385.39,41.39,29.23,entsoe.eu,false,
2022-02-23 18:00:00,Italy,North Italy,IT-NO,309.94,386.04,41.32,30.52,entsoe.eu,false,
2022-02-23 19:00:00,Italy,North Italy,IT-NO,332.73,414.01,36.87,26.26,entsoe.eu,false,
2022-02-23 20:00:00,Italy,North Italy,IT-NO,340.97,425.61,34.49,22.51,entsoe.eu,false,
2022-02-23 21:00:00,Italy,North Italy,IT-NO,340.48,426.38,33.23,19.26,entsoe.eu,false,
2022-02-23 22:00:00,Italy,North Italy,IT-NO,350.9,441.29,29.63,17.28,entsoe.eu,false,
2022-02-23 23:00:00,Italy,North Italy,IT-NO,331.88,415.4,35.29,18.82,entsoe.eu,false,
2022-02-24 00:00:00,Italy,North Italy,IT-NO,332.55,417.46,35.08,17.96,entsoe.eu,false,
2022-02-24 01:00:00,Italy,North Italy,IT-NO,335.68,420.22,34.51,17.61,entsoe.eu,false,
2022-02-24 02:00:00,Italy,North Italy,IT-NO,340.26,425.13,33.72,16.94,entsoe.eu,false,
2022-02-24 03:00:00,Italy,North Italy,IT-NO,334.21,418.55,34.67,17.97,entsoe.eu,false,
2022-02-24 04:00:00,Italy,North Italy,IT-NO,333.47,416.37,35.31,18.63,entsoe.eu,false,
2022-02-24 05:00:00,Italy,North Italy,IT-NO,338.91,421.97,33.91,20.63,entsoe.eu,false,
2022-02-24 06:00:00,Italy,North Italy,IT-NO,337.42,420.75,34.02,24.95,entsoe.eu,false,
2022-02-24 07:00:00,Italy,North Italy,IT-NO,317.2,396.34,37.84,29.63,entsoe.eu,false,
2022-02-24 08:00:00,Italy,North Italy,IT-NO,315.26,396.25,37.1,29.35,entsoe.eu,false,
2022-02-24 09:00:00,Italy,North Italy,IT-NO,305.55,386.28,38.43,30.53,entsoe.eu,false,
2022-02-24 10:00:00,Italy,North Italy,IT-NO,307.98,390.5,37.25,30.25,entsoe.eu,false,
2022-02-24 11:00:00,Italy,North Italy,IT-NO,319.6,406.31,34.22,27.81,entsoe.eu,false,
2022-02-24 12:00:00,Italy,North Italy,IT-NO,311.93,397.48,36.16,28.93,entsoe.eu,false,
2022-02-24 13:00:00,Italy,North Italy,IT-NO,320.07,407.29,34.19,25.71,entsoe.eu,false,
2022-02-24 14:00:00,Italy,North Italy,IT-NO,322.44,408.04,34.21,25.43,entsoe.eu,false,
2022-02-24 15:00:00,Italy,North Italy,IT-NO,315.0,395.98,36.55,25.86,entsoe.eu,false,
2022-02-24 16:00:00,Italy,North Italy,IT-NO,329.05,410.43,35.39,25.99,entsoe.eu,false,
2022-02-24 17:00:00,Italy,North Italy,IT-NO,324.75,401.28,39.59,30.12,entsoe.eu,false,
2022-02-24 18:00:00,Italy,North Italy,IT-NO,317.13,392.68,41.02,31.43,entsoe.eu,false,
2022-02-24 19:00:00,Italy,North Italy,IT-NO,320.74,401.2,36.65,25.64,entsoe.eu,false,
2022-02-24 20:00:00,Italy,North Italy,IT-NO,323.92,407.27,35.18,23.33,entsoe.eu,false,
2022-02-24 21:00:00,Italy,North Italy,IT-NO,324.66,411.69,33.24,20.5,entsoe.eu,false,
2022-02-24 22:00:00,Italy,North Italy,IT-NO,323.62,411.21,33.28,18.78,entsoe.eu,false,
2022-02-24 23:00:00,Italy,North Italy,IT-NO,301.97,383.26,38.74,20.91,entsoe.eu,false,
2022-02-25 00:00:00,Italy,North Italy,IT-NO,308.17,390.11,38.28,20.91,entsoe.eu,false,
2022-02-25 01:00:00,Italy,North Italy,IT-NO,316.73,399.16,37.5,21.7,entsoe.eu,false,
2022-02-25 02:00:00,Italy,North Italy,IT-NO,324.92,408.62,36.12,20.89,entsoe.eu,false,
2022-02-25 03:00:00,Italy,North Italy,IT-NO,335.08,419.81,34.82,20.19,entsoe.eu,false,
2022-02-25 04:00:00,Italy,North Italy,IT-NO,322.88,406.03,36.72,22.15,entsoe.eu,false,
2022-02-25 05:00:00,Italy,North Italy,IT-NO,301.82,379.0,41.02,26.48,entsoe.eu,false,
2022-02-25 06:00:00,Italy,North Italy,IT-NO,298.43,373.71,41.48,28.34,entsoe.eu,false,
2022-02-25 07:00:00,Italy,North Italy,IT-NO,282.66,354.57,45.63,34.81,entsoe.eu,false,
2022-02-25 08:00:00,Italy,North Italy,IT-NO,271.28,343.29,46.5,35.75,entsoe.eu,false,
2022-02-25 09:00:00,Italy,North Italy,IT-NO,272.36,345.21,46.19,35.13,entsoe.eu,false,
2022-02-25 10:00:00,Italy,North Italy,IT-NO,267.49,341.12,46.34,35.56,entsoe.eu,false,
2022-02-25 11:00:00,Italy,North Italy,IT-NO,264.56,338.58,46.64,35.6,entsoe.eu,false,
2022-02-25 12:00:00,Italy,North Italy,IT-NO,263.97,337.14,47.31,35.37,entsoe.eu,false,
2022-02-25 13:00:00,Italy,North Italy,IT-NO,271.28,345.72,45.41,32.44,entsoe.eu,false,
2022-02-25 14:00:00,Italy,North Italy,IT-NO,284.54,360.53,42.9,29.45,entsoe.eu,false,
2022-02-25 15:00:00,Italy,North Italy,IT-NO,296.17,374.26,40.02,25.68,entsoe.eu,false,
2022-02-25 16:00:00,Italy,North Italy,IT-NO,298.82,376.61,40.3,27.33,entsoe.eu,false,
2022-02-25 17:00:00,Italy,North Italy,IT-NO,299.85,370.99,45.22,33.62,entsoe.eu,false,
2022-02-25 18:00:00,Italy,North Italy,IT-NO,298.57,370.03,44.51,32.73,entsoe.eu,false,
2022-02-25 19:00:00,Italy,North Italy,IT-NO,296.05,371.42,41.41,27.55,entsoe.eu,false,
2022-02-25 20:00:00,Italy,North Italy,IT-NO,303.5,379.29,40.88,25.56,entsoe.eu,false,
2022-02-25 21:00:00,Italy,North Italy,IT-NO,319.34,399.91,37.1,21.42,entsoe.eu,false,
2022-02-25 22:00:00,Italy,North Italy,IT-NO,320.12,400.58,37.93,21.91,entsoe.eu,false,
2022-02-25 23:00:00,Italy,North Italy,IT-NO,299.74,374.3,43.79,26.42,entsoe.eu,false,
2022-02-26 00:00:00,Italy,North Italy,IT-NO,307.77,381.97,43.57,24.72,entsoe.eu,false,
2022-02-26 01:00:00,Italy,North Italy,IT-NO,301.49,372.95,46.49,26.65,entsoe.eu,false,
2022-02-26 02:00:00,Italy,North Italy,IT-NO,312.66,385.08,45.1,26.15,entsoe.eu,false,
2022-02-26 03:00:00,Italy,North Italy,IT-NO,316.21,389.34,44.63,26.84,entsoe.eu,false,
2022-02-26 04:00:00,Italy,North Italy,IT-NO,320.79,396.61,42.18,24.45,entsoe.eu,false,
2022-02-26 05:00:00,Italy,North Italy,IT-NO,311.85,384.82,44.06,25.68,entsoe.eu,false,
2022-02-26 06:00:00,Italy,North Italy,IT-NO,281.39,343.02,53.88,37.91,entsoe.eu,false,
2022-02-26 07:00:00,Italy,North Italy,IT-NO,245.48,303.15,58.98,44.53,entsoe.eu,false,
2022-02-26 08:00:00,Italy,North Italy,IT-NO,229.19,288.66,58.9,43.83,entsoe.eu,false,
2022-02-26 09:00:00,Italy,North Italy,IT-NO,214.52,275.29,59.33,45.96,entsoe.eu,false,
2022-02-26 10:00:00,Italy,North Italy,IT-NO,198.63,255.34,63.48,48.26,entsoe.eu,false,
2022-02-26 11:00:00,Italy,North Italy,IT-NO,207.32,264.91,62.92,48.6,entsoe.eu,false,
2022-02-26 12:00:00,Italy,North Italy,IT-NO,221.42,281.9,60.01,44.13,entsoe.eu,false,
2022-02-26 13:00:00,Italy,North Italy,IT-NO,216.15,274.91,61.67,43.21,entsoe.eu,false,
2022-02-26 14:00:00,Italy,North Italy,IT-NO,227.72,287.65,59.36,38.59,entsoe.eu,false,
2022-02-26 15:00:00,Italy,North Italy,IT-NO,254.84,320.55,52.82,31.13,entsoe.eu,false,
2022-02-26 16:00:00,Italy,North Italy,IT-NO,272.1,342.27,47.74,27.08,entsoe.eu,false,
2022-02-26 17:00:00,Italy,North Italy,IT-NO,268.16,331.15,53.12,36.58,entsoe.eu,false,
2022-02-26 18:00:00,Italy,North Italy,IT-NO,274.62,339.29,51.48,37.73,entsoe.eu,false,
2022-02-26 19:00:00,Italy,North Italy,IT-NO,301.98,371.83,46.39,31.65,entsoe.eu,false,
2022-02-26 20:00:00,Italy,North Italy,IT-NO,318.64,397.2,39.23,23.0,entsoe.eu,false,
2022-02-26 21:00:00,Italy,North Italy,IT-NO,324.93,405.48,38.39,21.03,entsoe.eu,false,
2022-02-26 22:00:00,Italy,North Italy,IT-NO,335.16,414.74,39.33,23.88,entsoe.eu,false,
2022-02-26 23:00:00,Italy,North Italy,IT-NO,307.02,376.73,48.11,28.78,entsoe.eu,false,
2022-02-27 00:00:00,Italy,North Italy,IT-NO,299.24,367.06,50.63,30.84,entsoe.eu,false,
2022-02-27 01:00:00,Italy,North Italy,IT-NO,289.13,357.2,50.87,30.74,entsoe.eu,false,
2022-02-27 02:00:00,Italy,North Italy,IT-NO,301.34,372.11,48.17,30.11,entsoe.eu,false,
2022-02-27 03:00:00,Italy,North Italy,IT-NO,308.26,379.05,47.86,30.61,entsoe.eu,false,
2022-02-27 04:00:00,Italy,North Italy,IT-NO,307.6,378.01,48.51,30.24,entsoe.eu,false,
2022-02-27 05:00:00,Italy,North Italy,IT-NO,324.49,397.02,45.01,30.05,entsoe.eu,false,
2022-02-27 06:00:00,Italy,North Italy,IT-NO,307.96,380.47,46.46,31.76,entsoe.eu,false,
2022-02-27 07:00:00,Italy,North Italy,IT-NO,275.83,343.93,51.8,39.44,entsoe.eu,false,
2022-02-27 08:00:00,Italy,North Italy,IT-NO,259.44,328.3,52.93,43.5,entsoe.eu,false,
2022-02-27 09:00:00,Italy,North Italy,IT-NO,230.55,293.89,59.42,48.63,entsoe.eu,false,
2022-02-27 10:00:00,Italy,North Italy,IT-NO,215.99,277.92,61.49,49.77,entsoe.eu,false,
2022-02-27 11:00:00,Italy,North Italy,IT-NO,227.83,293.77,58.39,49.01,entsoe.eu,false,
2022-02-27 12:00:00,Italy,North Italy,IT-NO,212.43,275.34,61.82,47.96,entsoe.eu,false,
2022-02-27 13:00:00,Italy,North Italy,IT-NO,225.02,289.02,59.41,44.31,entsoe.eu,false,
2022-02-27 14:00:00,Italy,North Italy,IT-NO,242.67,307.27,56.43,39.2,entsoe.eu,false,
2022-02-27 15:00:00,Italy,North Italy,IT-NO,284.96,354.28,49.51,32.85,entsoe.eu,false,
2022-02-27 16:00:00,Italy,North Italy,IT-NO,325.22,403.89,39.58,26.24,entsoe.eu,false,
2022-02-27 17:00:00,Italy,North Italy,IT-NO,286.12,357.62,46.44,32.26,entsoe.eu,false,
2022-02-27 18:00:00,Italy,North Italy,IT-NO,273.76,338.46,52.6,40.71,entsoe.eu,false,
2022-02-27 19:00:00,Italy,North Italy,IT-NO,270.7,336.7,51.67,37.92,entsoe.eu,false,
2022-02-27 20:00:00,Italy,North Italy,IT-NO,290.98,362.51,47.0,32.77,entsoe.eu,false,
2022-02-27 21:00:00,Italy,North Italy,IT-NO,312.94,391.45,41.29,28.64,entsoe.eu,false,
2022-02-27 22:00:00,Italy,North Italy,IT-NO,334.99,416.54,37.66,26.09,entsoe.eu,false,
2022-02-27 23:00:00,Italy,North Italy,IT-NO,350.88,434.87,35.63,23.57,entsoe.eu,false,
2022-02-28 00:00:00,Italy,North Italy,IT-NO,369.13,456.33,32.18,23.47,entsoe.eu,false,
2022-02-28 01:00:00,Italy,North Italy,IT-NO,366.51,452.29,33.19,24.81,entsoe.eu,false,
2022-02-28 02:00:00,Italy,North Italy,IT-NO,352.55,433.87,36.72,25.47,entsoe.eu,false,
2022-02-28 03:00:00,Italy,North Italy,IT-NO,355.57,438.86,34.96,23.96,entsoe.eu,false,
2022-02-28 04:00:00,Italy,North Italy,IT-NO,378.34,470.14,27.13,19.84,entsoe.eu,false,
2022-02-28 05:00:00,Italy,North Italy,IT-NO,349.91,433.54,33.61,26.02,entsoe.eu,false,
2022-02-28 06:00:00,Italy,North Italy,IT-NO,326.07,405.51,37.31,31.11,entsoe.eu,false,
2022-02-28 07:00:00,Italy,North Italy,IT-NO,313.99,391.23,40.37,33.66,entsoe.eu,false,
2022-02-28 08:00:00,Italy,North Italy,IT-NO,316.65,397.21,38.28,32.3,entsoe.eu,false,
2022-02-28 09:00:00,Italy,North Italy,IT-NO,305.09,386.78,38.79,32.12,entsoe.eu,false,
2022-02-28 10:00:00,Italy,North Italy,IT-NO,300.97,383.69,38.89,32.63,entsoe.eu,false,
2022-02-28 11:00:00,Italy,North Italy,IT-NO,313.02,399.29,35.62,30.79,entsoe.eu,false,
2022-02-28 12:00:00,Italy,North Italy,IT-NO,305.96,389.72,37.72,31.18,entsoe.eu,false,
2022-02-28 13:00:00,Italy,North Italy,IT-NO,311.63,396.04,36.44,29.05,entsoe.eu,false,
2022-02-28 14:00:00,Italy,North Italy,IT-NO,327.08,413.45,33.46,25.08,entsoe.eu,false,
2022-02-28 15:00:00,Italy,North Italy,IT-NO,330.53,416.25,33.21,21.91,entsoe.eu,false,
2022-02-28 16:00:00,Italy,North Italy,IT-NO,343.77,429.46,32.03,21.8,entsoe.eu,false,
2022-02-28 17:00:00,Italy,North Italy,IT-NO,329.16,409.63,36.16,27.76,entsoe.eu,false,
2022-02-28 18:00:00,Italy,North Italy,IT-NO,324.06,403.25,37.4,30.61,entsoe.eu,false,
2022-02-28 19:00:00,Italy,North Italy,IT-NO,339.47,422.23,34.36,28.19,entsoe.eu,false,
2022-02-28 20:00:00,Italy,North Italy,IT-NO,351.28,440.91,29.02,19.67,entsoe.eu,false,
2022-02-28 21:00:00,Italy,North Italy,IT-NO,371.49,466.01,24.6,16.53,entsoe.eu,false,
2022-02-28 22:00:00,Italy,North Italy,IT-NO,388.49,487.5,20.51,15.28,entsoe.eu,false,
2022-02-28 23:00:00,Italy,North Italy,IT-NO,369.73,465.19,24.96,17.08,entsoe.eu,false,
2022-03-01 00:00:00,Italy,North Italy,IT-NO,383.78,482.04,21.7,16.76,entsoe.eu,false,
2022-03-01 01:00:00,Italy,North Italy,IT-NO,377.0,474.08,22.51,16.81,entsoe.eu,false,
2022-03-01 02:00:00,Italy,North Italy,IT-NO,362.42,454.15,26.77,17.55,entsoe.eu,false,
2022-03-01 03:00:00,Italy,North Italy,IT-NO,373.37,467.04,24.77,16.57,entsoe.eu,false,
2022-03-01 04:00:00,Italy,North Italy,IT-NO,368.45,461.49,25.66,16.39,entsoe.eu,false,
2022-03-01 05:00:00,Italy,North Italy,IT-NO,358.12,448.87,26.25,18.41,entsoe.eu,false,
2022-03-01 06:00:00,Italy,North Italy,IT-NO,355.15,444.05,28.78,22.21,entsoe.eu,false,
2022-03-01 07:00:00,Italy,North Italy,IT-NO,323.9,406.5,35.31,28.94,entsoe.eu,false,
2022-03-01 08:00:00,Italy,North Italy,IT-NO,310.79,393.64,36.57,30.38,entsoe.eu,false,
2022-03-01 09:00:00,Italy,North Italy,IT-NO,305.88,390.5,36.11,29.07,entsoe.eu,false,
2022-03-01 10:00:00,Italy,North Italy,IT-NO,309.38,395.23,35.47,29.23,entsoe.eu,false,
2022-03-01 11:00:00,Italy,North Italy,IT-NO,302.83,388.0,36.51,31.17,entsoe.eu,false,
2022-03-01 12:00:00,Italy,North Italy,IT-NO,295.17,376.97,39.16,30.86,entsoe.eu,false,
2022-03-01 13:00:00,Italy,North Italy,IT-NO,301.36,384.89,37.52,28.65,entsoe.eu,false,
2022-03-01 14:00:00,Italy,North Italy,IT-NO,310.47,396.22,35.08,24.52,entsoe.eu,false,
2022-03-01 15:00:00,Italy,North Italy,IT-NO,330.22,420.41,30.62,21.13,entsoe.eu,false,
2022-03-01 16:00:00,Italy,North Italy,IT-NO,350.27,444.2,26.17,17.28,entsoe.eu,false,
2022-03-01 17:00:00,Italy,North Italy,IT-NO,359.52,445.62,31.9,28.17,entsoe.eu,false,
2022-03-01 18:00:00,Italy,North Italy,IT-NO,362.86,448.34,31.89,28.9,entsoe.eu,false,
2022-03-01 19:00:00,Italy,North Italy,IT-NO,348.95,440.43,27.18,18.81,entsoe.eu,false,
2022-03-01 20:00:00,Italy,North Italy,IT-NO,376.71,475.42,20.64,13.88,entsoe.eu,false,
2022-03-01 21:00:00,Italy,North Italy,IT-NO,378.13,477.09,20.7,13.23,entsoe.eu,false,
2022-03-01 22:00:00,Italy,North Italy,IT-NO,376.23,473.02,22.5,15.61,entsoe.eu,false,
2022-03-01 23:00:00,Italy,North Italy,IT-NO,366.74,461.9,25.12,15.36,entsoe.eu,false,
2022-03-02 00:00:00,Italy,North Italy,IT-NO,365.92,462.58,24.43,14.92,entsoe.eu,false,
2022-03-02 01:00:00,Italy,North Italy,IT-NO,363.28,457.69,25.44,14.87,entsoe.eu,false,
2022-03-02 02:00:00,Italy,North Italy,IT-NO,353.23,444.38,28.28,15.02,entsoe.eu,false,
2022-03-02 03:00:00,Italy,North Italy,IT-NO,351.44,442.14,28.75,14.99,entsoe.eu,false,
2022-03-02 04:00:00,Italy,North Italy,IT-NO,359.91,454.42,25.96,14.01,entsoe.eu,false,
2022-03-02 05:00:00,Italy,North Italy,IT-NO,367.44,464.68,22.38,13.6,entsoe.eu,false,
2022-03-02 06:00:00,Italy,North Italy,IT-NO,347.32,439.59,26.85,18.68,entsoe.eu,false,
2022-03-02 07:00:00,Italy,North Italy,IT-NO,331.22,418.46,31.5,24.34,entsoe.eu,false,
2022-03-02 08:00:00,Italy,North Italy,IT-NO,329.81,417.78,31.48,26.57,entsoe.eu,false,
2022-03-02 09:00:00,Italy,North Italy,IT-NO,318.09,403.22,34.25,28.92,entsoe.eu,false,
2022-03-02 10:00:00,Italy,North Italy,IT-NO,318.29,405.33,33.77,28.56,entsoe.eu,false,
2022-03-02 11:00:00,Italy,North Italy,IT-NO,324.38,414.36,31.43,27.96,entsoe.eu,false,
2022-03-02 12:00:00,Italy,North Italy,IT-NO,308.25,393.39,36.11,29.31,entsoe.eu,false,
2022-03-02 13:00:00,Italy,North Italy,IT-NO,322.42,411.44,32.52,26.62,entsoe.eu,false,
2022-03-02 14:00:00,Italy,North Italy,IT-NO,327.17,415.25,31.74,23.34,entsoe.eu,false,
2022-03-02 15:00:00,Italy,North Italy,IT-NO,345.65,438.31,27.03,18.51,entsoe.eu,false,
2022-03-02 16:00:00,Italy,North Italy,IT-NO,344.27,435.74,27.95,18.91,entsoe.eu,false,
2022-03-02 17:00:00,Italy,North Italy,IT-NO,327.74,414.23,32.09,24.37,entsoe.eu,false,
2022-03-02 18:00:00,Italy,North Italy,IT-NO,331.65,416.45,32.93,26.05,entsoe.eu,false,
2022-03-02 19:00:00,Italy,North Italy,IT-NO,336.24,424.63,29.87,19.15,entsoe.eu,false,
2022-03-02 20:00:00,Italy,North Italy,IT-NO,363.98,460.09,23.2,14.16,entsoe.eu,false,
2022-03-02 21:00:00,Italy,North Italy,IT-NO,372.71,473.1,20.68,12.18,entsoe.eu,false,
2022-03-02 22:00:00,Italy,North Italy,IT-NO,367.58,463.34,24.13,14.47,entsoe.eu,false,
2022-03-02 23:00:00,Italy,North Italy,IT-NO,347.07,436.21,30.69,17.41,entsoe.eu,false,
2022-03-03 00:00:00,Italy,North Italy,IT-NO,354.54,443.48,29.8,15.69,entsoe.eu,false,
2022-03-03 01:00:00,Italy,North Italy,IT-NO,350.42,438.42,30.19,15.08,entsoe.eu,false,
2022-03-03 02:00:00,Italy,North Italy,IT-NO,347.19,434.88,30.75,14.69,entsoe.eu,false,
2022-03-03 03:00:00,Italy,North Italy,IT-NO,343.66,430.66,31.7,14.73,entsoe.eu,false,
2022-03-03 04:00:00,Italy,North Italy,IT-NO,342.13,430.4,31.14,14.79,entsoe.eu,false,
2022-03-03 05:00:00,Italy,North Italy,IT-NO,328.81,415.34,32.07,18.51,entsoe.eu,false,
2022-03-03 06:00:00,Italy,North Italy,IT-NO,326.52,407.14,37.33,30.55,entsoe.eu,false,
2022-03-03 07:00:00,Italy,North Italy,IT-NO,289.21,364.71,42.35,31.18,entsoe.eu,false,
2022-03-03 08:00:00,Italy,North Italy,IT-NO,289.17,364.33,42.92,33.67,entsoe.eu,false,
2022-03-03 09:00:00,Italy,North Italy,IT-NO,295.36,371.99,42.49,33.88,entsoe.eu,false,
2022-03-03 10:00:00,Italy,North Italy,IT-NO,287.76,364.83,43.19,34.1,entsoe.eu,false,
2022-03-03 11:00:00,Italy,North Italy,IT-NO,289.79,368.96,41.78,33.24,entsoe.eu,false,
2022-03-03 12:00:00,Italy,North Italy,IT-NO,289.0,366.28,42.83,32.61,entsoe.eu,false,
2022-03-03 13:00:00,Italy,North Italy,IT-NO,297.85,378.54,40.28,30.7,entsoe.eu,false,
2022-03-03 14:00:00,Italy,North Italy,IT-NO,305.82,387.08,38.73,27.08,entsoe.eu,false,
2022-03-03 15:00:00,Italy,North Italy,IT-NO,311.81,394.99,36.72,23.36,entsoe.eu,false,
2022-03-03 16:00:00,Italy,North Italy,IT-NO,310.46,394.1,35.59,22.85,entsoe.eu,false,
2022-03-03 17:00:00,Italy,North Italy,IT-NO,337.45,420.55,34.84,29.15,entsoe.eu,false,
2022-03-03 18:00:00,Italy,North Italy,IT-NO,328.79,408.88,37.34,30.33,entsoe.eu,false,
2022-03-03 19:00:00,Italy,North Italy,IT-NO,308.77,389.43,37.65,24.68,entsoe.eu,false,
2022-03-03 20:00:00,Italy,North Italy,IT-NO,335.86,422.84,32.12,18.14,entsoe.eu,false,
2022-03-03 21:00:00,Italy,North Italy,IT-NO,336.36,423.06,32.33,17.16,entsoe.eu,false,
2022-03-03 22:00:00,Italy,North Italy,IT-NO,335.36,421.83,32.75,17.99,entsoe.eu,false,
2022-03-03 23:00:00,Italy,North Italy,IT-NO,331.86,417.94,33.31,18.08,entsoe.eu,false,
2022-03-04 00:00:00,Italy,North Italy,IT-NO,333.08,418.25,33.58,17.08,entsoe.eu,false,
2022-03-04 01:00:00,Italy,North Italy,IT-NO,339.0,424.05,33.8,16.21,entsoe.eu,false,
2022-03-04 02:00:00,Italy,North Italy,IT-NO,328.04,411.42,35.55,14.89,entsoe.eu,false,
2022-03-04 03:00:00,Italy,North Italy,IT-NO,325.48,409.88,35.39,14.84,entsoe.eu,false,
2022-03-04 04:00:00,Italy,North Italy,IT-NO,332.23,419.36,33.18,14.82,entsoe.eu,false,
2022-03-04 05:00:00,Italy,North Italy,IT-NO,338.45,428.07,30.49,17.89,entsoe.eu,false,
2022-03-04 06:00:00,Italy,North Italy,IT-NO,341.05,426.06,33.84,29.93,entsoe.eu,false,
2022-03-04 07:00:00,Italy,North Italy,IT-NO,327.65,407.46,38.53,35.15,entsoe.eu,false,
2022-03-04 08:00:00,Italy,North Italy,IT-NO,307.93,387.88,39.46,32.18,entsoe.eu,false,
2022-03-04 09:00:00,Italy,North Italy,IT-NO,313.24,396.89,37.15,29.58,entsoe.eu,false,
2022-03-04 10:00:00,Italy,North Italy,IT-NO,305.9,389.13,38.33,29.8,entsoe.eu,false,
2022-03-04 11:00:00,Italy,North Italy,IT-NO,298.67,382.56,38.57,29.86,entsoe.eu,false,
2022-03-04 12:00:00,Italy,North Italy,IT-NO,295.6,377.86,39.81,30.02,entsoe.eu,false,
2022-03-04 13:00:00,Italy,North Italy,IT-NO,291.63,373.65,39.96,30.64,entsoe.eu,false,
2022-03-04 14:00:00,Italy,North Italy,IT-NO,298.97,382.15,38.37,28.46,entsoe.eu,false,
2022-03-04 15:00:00,Italy,North Italy,IT-NO,305.88,389.21,36.84,24.57,entsoe.eu,false,
2022-03-04 16:00:00,Italy,North Italy,IT-NO,306.78,389.15,36.61,25.08,entsoe.eu,false,
2022-03-04 17:00:00,Italy,North Italy,IT-NO,309.89,387.83,40.19,31.58,entsoe.eu,false,
2022-03-04 18:00:00,Italy,North Italy,IT-NO,318.13,395.83,40.37,33.24,entsoe.eu,false,
2022-03-04 19:00:00,Italy,North Italy,IT-NO,318.05,398.54,38.1,27.45,entsoe.eu,false,
2022-03-04 20:00:00,Italy,North Italy,IT-NO,333.41,420.59,32.33,20.84,entsoe.eu,false,
2022-03-04 21:00:00,Italy,North Italy,IT-NO,355.42,449.61,26.69,17.92,entsoe.eu,false,
2022-03-04 22:00:00,Italy,North Italy,IT-NO,362.74,455.64,26.65,17.57,entsoe.eu,false,
2022-03-04 23:00:00,Italy,North Italy,IT-NO,308.46,387.68,39.9,23.74,entsoe.eu,false,
2022-03-05 00:00:00,Italy,North Italy,IT-NO,316.61,394.63,40.58,23.07,entsoe.eu,false,
2022-03-05 01:00:00,Italy,North Italy,IT-NO,314.95,391.82,41.78,24.27,entsoe.eu,false,
2022-03-05 02:00:00,Italy,North Italy,IT-NO,316.22,393.61,41.07,24.95,entsoe.eu,false,
2022-03-05 03:00:00,Italy,North Italy,IT-NO,318.36,395.59,40.91,22.84,entsoe.eu,false,
2022-03-05 04:00:00,Italy,North Italy,IT-NO,318.41,396.14,40.76,23.48,entsoe.eu,false,
2022-03-05 05:00:00,Italy,North Italy,IT-NO,301.17,374.09,44.81,27.14,entsoe.eu,false,
2022-03-05 06:00:00,Italy,North Italy,IT-NO,271.13,339.79,49.5,35.5,entsoe.eu,false,
2022-03-05 07:00:00,Italy,North Italy,IT-NO,251.08,317.88,52.71,41.17,entsoe.eu,false,
2022-03-05 08:00:00,Italy,North Italy,IT-NO,237.69,304.35,54.86,43.34,entsoe.eu,false,
2022-03-05 09:00:00,Italy,North Italy,IT-NO,232.32,299.41,55.43,44.24,entsoe.eu,false,
2022-03-05 10:00:00,Italy,North Italy,IT-NO,230.88,298.52,55.73,45.17,entsoe.eu,false,
2022-03-05 11:00:00,Italy,North Italy,IT-NO,231.28,299.2,55.68,44.44,entsoe.eu,false,
2022-03-05 12:00:00,Italy,North Italy,IT-NO,224.85,290.86,56.95,44.93,entsoe.eu,false,
2022-03-05 13:00:00,Italy,North Italy,IT-NO,229.12,295.96,55.68,41.71,entsoe.eu,false,
2022-03-05 14:00:00,Italy,North Italy,IT-NO,244.81,313.41,53.22,37.27,entsoe.eu,false,
2022-03-05 15:00:00,Italy,North Italy,IT-NO,260.14,330.01,49.55,31.19,entsoe.eu,false,
2022-03-05 16:00:00,Italy,North Italy,IT-NO,261.43,330.72,48.17,28.8,entsoe.eu,false,
2022-03-05 17:00:00,Italy,North Italy,IT-NO,277.2,340.09,53.58,40.98,entsoe.eu,false,
2022-03-05 18:00:00,Italy,North Italy,IT-NO,281.68,343.47,54.0,45.13,entsoe.eu,false,
2022-03-05 19:00:00,Italy,North Italy,IT-NO,272.65,337.18,51.72,37.97,entsoe.eu,false,
2022-03-05 20:00:00,Italy,North Italy,IT-NO,292.88,365.71,44.67,29.4,entsoe.eu,false,
2022-03-05 21:00:00,Italy,North Italy,IT-NO,300.56,375.87,42.58,31.26,entsoe.eu,false,
2022-03-05 22:00:00,Italy,North Italy,IT-NO,312.57,389.82,40.92,29.3,entsoe.eu,false,
2022-03-05 23:00:00,Italy,North Italy,IT-NO,303.27,373.68,45.97,30.94,entsoe.eu,false,
2022-03-06 00:00:00,Italy,North Italy,IT-NO,305.85,376.14,46.0,31.33,entsoe.eu,false,
2022-03-06 01:00:00,Italy,North Italy,IT-NO,320.49,393.84,43.82,28.87,entsoe.eu,false,
2022-03-06 02:00:00,Italy,North Italy,IT-NO,319.3,393.28,43.55,28.57,entsoe.eu,false,
2022-03-06 03:00:00,Italy,North Italy,IT-NO,313.35,385.62,44.49,28.8,entsoe.eu,false,
2022-03-06 04:00:00,Italy,North Italy,IT-NO,315.64,388.27,44.36,28.2,entsoe.eu,false,
2022-03-06 05:00:00,Italy,North Italy,IT-NO,311.03,381.31,45.5,30.78,entsoe.eu,false,
2022-03-06 06:00:00,Italy,North Italy,IT-NO,287.13,355.99,48.68,34.52,entsoe.eu,false,
2022-03-06 07:00:00,Italy,North Italy,IT-NO,260.44,327.94,53.48,42.57,entsoe.eu,false,
2022-03-06 08:00:00,Italy,North Italy,IT-NO,222.57,286.03,57.55,47.83,entsoe.eu,false,
2022-03-06 09:00:00,Italy,North Italy,IT-NO,211.0,273.03,60.4,52.29,entsoe.eu,false,
2022-03-06 10:00:00,Italy,North Italy,IT-NO,201.95,265.15,61.55,52.38,entsoe.eu,false,
2022-03-06 11:00:00,Italy,North Italy,IT-NO,201.34,264.22,61.68,52.3,entsoe.eu,false,
2022-03-06 12:00:00,Italy,North Italy,IT-NO,208.27,272.7,59.69,50.32,entsoe.eu,false,
2022-03-06 13:00:00,Italy,North Italy,IT-NO,208.79,273.16,59.48,47.54,entsoe.eu,false,
2022-03-06 14:00:00,Italy,North Italy,IT-NO,223.65,288.72,56.82,42.86,entsoe.eu,false,
2022-03-06 15:00:00,Italy,North Italy,IT-NO,253.55,323.09,50.1,35.89,entsoe.eu,false,
2022-03-06 16:00:00,Italy,North Italy,IT-NO,290.66,366.71,41.67,29.08,entsoe.eu,false,
2022-03-06 17:00:00,Italy,North Italy,IT-NO,323.44,402.07,39.09,34.87,entsoe.eu,false,
2022-03-06 18:00:00,Italy,North Italy,IT-NO,318.6,396.28,40.42,36.97,entsoe.eu,false,
2022-03-06 19:00:00,Italy,North Italy,IT-NO,325.21,404.35,38.85,34.89,entsoe.eu,false,
2022-03-06 20:00:00,Italy,North Italy,IT-NO,330.34,414.53,33.98,27.29,entsoe.eu,false,
2022-03-06 21:00:00,Italy,North Italy,IT-NO,337.83,426.08,30.38,25.0,entsoe.eu,false,
2022-03-06 22:00:00,Italy,North Italy,IT-NO,349.33,438.32,28.83,21.88,entsoe.eu,false,
2022-03-06 23:00:00,Italy,North Italy,IT-NO,339.21,424.78,34.38,22.45,entsoe.eu,false,
2022-03-07 00:00:00,Italy,North Italy,IT-NO,348.35,432.9,34.08,21.14,entsoe.eu,false,
2022-03-07 01:00:00,Italy,North Italy,IT-NO,348.84,434.35,32.96,19.92,entsoe.eu,false,
2022-03-07 02:00:00,Italy,North Italy,IT-NO,341.73,425.3,33.23,21.29,entsoe.eu,false,
2022-03-07 03:00:00,Italy,North Italy,IT-NO,339.1,423.24,33.84,22.38,entsoe.eu,false,
2022-03-07 04:00:00,Italy,North Italy,IT-NO,336.8,423.36,33.07,23.27,entsoe.eu,false,
2022-03-07 05:00:00,Italy,North Italy,IT-NO,331.89,414.37,35.75,26.32,entsoe.eu,false,
2022-03-07 06:00:00,Italy,North Italy,IT-NO,320.43,400.56,37.36,28.74,entsoe.eu,false,
2022-03-07 07:00:00,Italy,North Italy,IT-NO,307.47,384.84,40.6,32.83,entsoe.eu,false,
2022-03-07 08:00:00,Italy,North Italy,IT-NO,298.53,376.97,41.01,33.42,entsoe.eu,false,
2022-03-07 09:00:00,Italy,North Italy,IT-NO,301.99,383.79,38.89,32.63,entsoe.eu,false,
2022-03-07 10:00:00,Italy,North Italy,IT-NO,301.71,386.43,36.98,30.48,entsoe.eu,false,
2022-03-07 11:00:00,Italy,North Italy,IT-NO,296.84,381.73,37.56,31.02,entsoe.eu,false,
2022-03-07 12:00:00,Italy,North Italy,IT-NO,296.91,381.05,37.85,30.63,entsoe.eu,false,
2022-03-07 13:00:00,Italy,North Italy,IT-NO,299.11,383.15,37.4,29.29,entsoe.eu,false,
2022-03-07 14:00:00,Italy,North Italy,IT-NO,308.33,393.96,35.33,26.4,entsoe.eu,false,
2022-03-07 15:00:00,Italy,North Italy,IT-NO,324.32,409.66,34.82,25.76,entsoe.eu,false,
2022-03-07 16:00:00,Italy,North Italy,IT-NO,324.75,409.09,34.54,24.38,entsoe.eu,false,
2022-03-07 17:00:00,Italy,North Italy,IT-NO,326.7,410.7,34.53,25.04,entsoe.eu,false,
2022-03-07 18:00:00,Italy,North Italy,IT-NO,337.7,421.45,34.11,27.49,entsoe.eu,false,
2022-03-07 19:00:00,Italy,North Italy,IT-NO,338.0,422.24,33.35,25.61,entsoe.eu,false,
2022-03-07 20:00:00,Italy,North Italy,IT-NO,338.94,423.57,32.68,21.99,entsoe.eu,false,
2022-03-07 21:00:00,Italy,North Italy,IT-NO,337.08,422.54,32.58,22.28,entsoe.eu,false,
2022-03-07 22:00:00,Italy,North Italy,IT-NO,343.47,432.47,29.84,20.31,entsoe.eu,false,
2022-03-07 23:00:00,Italy,North Italy,IT-NO,346.82,435.87,30.41,18.37,entsoe.eu,false,
2022-03-08 00:00:00,Italy,North Italy,IT-NO,344.79,432.71,31.15,17.81,entsoe.eu,false,
2022-03-08 01:00:00,Italy,North Italy,IT-NO,347.29,435.35,30.72,17.84,entsoe.eu,false,
2022-03-08 02:00:00,Italy,North Italy,IT-NO,342.02,428.9,31.66,18.53,entsoe.eu,false,
2022-03-08 03:00:00,Italy,North Italy,IT-NO,341.49,429.1,31.39,18.42,entsoe.eu,false,
2022-03-08 04:00:00,Italy,North Italy,IT-NO,350.28,441.08,28.58,15.94,entsoe.eu,false,
2022-03-08 05:00:00,Italy,North Italy,IT-NO,356.69,451.34,25.42,17.24,entsoe.eu,false,
2022-03-08 06:00:00,Italy,North Italy,IT-NO,336.54,426.86,29.21,22.13,entsoe.eu,false,
2022-03-08 07:00:00,Italy,North Italy,IT-NO,309.03,392.01,35.96,27.21,entsoe.eu,false,
2022-03-08 08:00:00,Italy,North Italy,IT-NO,301.73,383.84,37.86,30.02,entsoe.eu,false,
2022-03-08 09:00:00,Italy,North Italy,IT-NO,304.59,388.17,37.28,30.55,entsoe.eu,false,
2022-03-08 10:00:00,Italy,North Italy,IT-NO,303.48,388.9,36.77,31.58,entsoe.eu,false,
2022-03-08 11:00:00,Italy,North Italy,IT-NO,301.53,389.64,35.74,30.9,entsoe.eu,false,
2022-03-08 12:00:00,Italy,North Italy,IT-NO,296.61,382.67,37.36,32.02,entsoe.eu,false,
2022-03-08 13:00:00,Italy,North Italy,IT-NO,300.52,386.54,36.88,30.82,entsoe.eu,false,
2022-03-08 14:00:00,Italy,North Italy,IT-NO,312.65,399.21,34.77,27.32,entsoe.eu,false,
2022-03-08 15:00:00,Italy,North Italy,IT-NO,324.92,414.08,31.84,21.92,entsoe.eu,false,
2022-03-08 16:00:00,Italy,North Italy,IT-NO,337.66,430.03,28.41,17.47,entsoe.eu,false,
2022-03-08 17:00:00,Italy,North Italy,IT-NO,321.95,409.47,32.13,22.01,entsoe.eu,false,
2022-03-08 18:00:00,Italy,North Italy,IT-NO,320.87,407.02,33.19,24.88,entsoe.eu,false,
2022-03-08 19:00:00,Italy,North Italy,IT-NO,347.87,440.51,26.92,20.57,entsoe.eu,false,
2022-03-08 20:00:00,Italy,North Italy,IT-NO,357.36,452.5,25.28,16.12,entsoe.eu,false,
2022-03-08 21:00:00,Italy,North Italy,IT-NO,360.14,455.74,25.33,16.3,entsoe.eu,false,
2022-03-08 22:00:00,Italy,North Italy,IT-NO,372.63,470.29,22.75,16.01,entsoe.eu,false,
2022-03-08 23:00:00,Italy,North Italy,IT-NO,367.24,460.11,26.28,17.51,entsoe.eu,false,
2022-03-09 00:00:00,Italy,North Italy,IT-NO,356.78,445.89,29.65,18.65,entsoe.eu,false,
2022-03-09 01:00:00,Italy,North Italy,IT-NO,365.38,456.53,28.26,18.84,entsoe.eu,false,
2022-03-09 02:00:00,Italy,North Italy,IT-NO,357.84,446.13,29.85,18.45,entsoe.eu,false,
2022-03-09 03:00:00,Italy,North Italy,IT-NO,350.36,438.46,31.12,17.5,entsoe.eu,false,
2022-03-09 04:00:00,Italy,North Italy,IT-NO,346.93,436.58,30.3,15.95,entsoe.eu,false,
2022-03-09 05:00:00,Italy,North Italy,IT-NO,362.81,458.47,24.12,14.56,entsoe.eu,false,
2022-03-09 06:00:00,Italy,North Italy,IT-NO,357.03,452.96,24.12,17.45,entsoe.eu,false,
2022-03-09 07:00:00,Italy,North Italy,IT-NO,334.2,424.66,29.38,22.2,entsoe.eu,false,
2022-03-09 08:00:00,Italy,North Italy,IT-NO,322.7,412.23,32.24,26.74,entsoe.eu,false,
2022-03-09 09:00:00,Italy,North Italy,IT-NO,307.06,393.29,35.92,30.16,entsoe.eu,false,
2022-03-09 10:00:00,Italy,North Italy,IT-NO,297.49,381.47,38.07,31.89,entsoe.eu,false,
2022-03-09 11:00:00,Italy,North Italy,IT-NO,278.85,359.62,42.11,34.95,entsoe.eu,false,
2022-03-09 12:00:00,Italy,North Italy,IT-NO,283.25,363.58,41.46,34.18,entsoe.eu,false,
2022-03-09 13:00:00,Italy,North Italy,IT-NO,290.32,371.45,39.99,30.89,entsoe.eu,false,
2022-03-09 14:00:00,Italy,North Italy,IT-NO,305.76,391.0,35.85,26.35,entsoe.eu,false,
2022-03-09 15:00:00,Italy,North Italy,IT-NO,322.22,409.72,32.83,21.59,entsoe.eu,false,
2022-03-09 16:00:00,Italy,North Italy,IT-NO,342.21,434.86,27.44,16.8,entsoe.eu,false,
2022-03-09 17:00:00,Italy,North Italy,IT-NO,339.32,429.02,29.31,17.63,entsoe.eu,false,
2022-03-09 18:00:00,Italy,North Italy,IT-NO,340.35,428.48,30.17,20.3,entsoe.eu,false,
2022-03-09 19:00:00,Italy,North Italy,IT-NO,351.54,443.25,27.15,17.41,entsoe.eu,false,
2022-03-09 20:00:00,Italy,North Italy,IT-NO,360.52,453.47,26.07,15.32,entsoe.eu,false,
2022-03-09 21:00:00,Italy,North Italy,IT-NO,364.97,458.08,26.01,15.77,entsoe.eu,false,
2022-03-09 22:00:00,Italy,North Italy,IT-NO,373.24,467.55,25.47,15.37,entsoe.eu,false,
2022-03-09 23:00:00,Italy,North Italy,IT-NO,360.04,450.23,29.21,16.65,entsoe.eu,false,
2022-03-10 00:00:00,Italy,North Italy,IT-NO,357.94,447.47,30.31,16.53,entsoe.eu,false,
2022-03-10 01:00:00,Italy,North Italy,IT-NO,361.76,452.41,30.27,17.01,entsoe.eu,false,
2022-03-10 02:00:00,Italy,North Italy,IT-NO,367.21,457.5,29.45,17.04,entsoe.eu,false,
2022-03-10 03:00:00,Italy,North Italy,IT-NO,361.11,450.32,30.14,17.26,entsoe.eu,false,
2022-03-10 04:00:00,Italy,North Italy,IT-NO,356.4,447.17,29.55,17.23,entsoe.eu,false,
2022-03-10 05:00:00,Italy,North Italy,IT-NO,377.09,473.71,23.55,16.73,entsoe.eu,false,
2022-03-10 06:00:00,Italy,North Italy,IT-NO,341.8,431.58,30.08,22.46,entsoe.eu,false,
2022-03-10 07:00:00,Italy,North Italy,IT-NO,317.99,402.46,35.34,27.74,entsoe.eu,false,
2022-03-10 08:00:00,Italy,North Italy,IT-NO,312.42,396.98,35.72,28.94,entsoe.eu,false,
2022-03-10 09:00:00,Italy,North Italy,IT-NO,314.27,401.7,33.94,29.36,entsoe.eu,false,
2022-03-10 10:00:00,Italy,North Italy,IT-NO,296.54,381.0,37.51,31.11,entsoe.eu,false,
2022-03-10 11:00:00,Italy,North Italy,IT-NO,282.93,366.24,40.11,34.24,entsoe.eu,false,
2022-03-10 12:00:00,Italy,North Italy,IT-NO,273.47,353.96,43.05,35.55,entsoe.eu,false,
2022-03-10 13:00:00,Italy,North Italy,IT-NO,286.76,368.85,40.67,32.71,entsoe.eu,false,
2022-03-10 14:00:00,Italy,North Italy,IT-NO,305.56,390.2,37.48,29.4,entsoe.eu,false,
2022-03-10 15:00:00,Italy,North Italy,IT-NO,331.28,420.85,31.55,22.2,entsoe.eu,false,
2022-03-10 16:00:00,Italy,North Italy,IT-NO,336.84,426.29,30.52,19.32,entsoe.eu,false,
2022-03-10 17:00:00,Italy,North Italy,IT-NO,319.98,401.45,36.84,25.35,entsoe.eu,false,
2022-03-10 18:00:00,Italy,North Italy,IT-NO,320.92,401.3,38.06,27.54,entsoe.eu,false,
2022-03-10 19:00:00,Italy,North Italy,IT-NO,334.92,421.96,32.08,20.44,entsoe.eu,false,
2022-03-10 20:00:00,Italy,North Italy,IT-NO,362.44,455.06,26.59,16.67,entsoe.eu,false,
2022-03-10 21:00:00,Italy,North Italy,IT-NO,360.74,453.9,26.54,15.16,entsoe.eu,false,
2022-03-10 22:00:00,Italy,North Italy,IT-NO,347.16,439.73,28.21,15.01,entsoe.eu,false,
2022-03-10 23:00:00,Italy,North Italy,IT-NO,339.57,431.38,29.13,14.58,entsoe.eu,false,
2022-03-11 00:00:00,Italy,North Italy,IT-NO,338.5,429.52,29.78,15.33,entsoe.eu,false,
2022-03-11 01:00:00,Italy,North Italy,IT-NO,336.27,426.37,30.6,15.17,entsoe.eu,false,
2022-03-11 02:00:00,Italy,North Italy,IT-NO,335.4,424.56,30.85,15.66,entsoe.eu,false,
2022-03-11 03:00:00,Italy,North Italy,IT-NO,346.14,438.94,28.29,14.69,entsoe.eu,false,
2022-03-11 04:00:00,Italy,North Italy,IT-NO,353.55,446.42,26.86,14.27,entsoe.eu,false,
2022-03-11 05:00:00,Italy,North Italy,IT-NO,354.15,447.11,26.14,14.98,entsoe.eu,false,
2022-03-11 06:00:00,Italy,North Italy,IT-NO,353.63,446.97,25.67,17.02,entsoe.eu,false,
2022-03-11 07:00:00,Italy,North Italy,IT-NO,321.24,407.65,32.92,25.49,entsoe.eu,false,
2022-03-11 08:00:00,Italy,North Italy,IT-NO,319.33,405.95,33.29,27.2,entsoe.eu,false,
2022-03-11 09:00:00,Italy,North Italy,IT-NO,321.1,409.2,32.91,28.0,entsoe.eu,false,
2022-03-11 10:00:00,Italy,North Italy,IT-NO,320.75,410.01,32.6,28.87,entsoe.eu,false,
2022-03-11 11:00:00,Italy,North Italy,IT-NO,308.59,394.97,35.55,30.54,entsoe.eu,false,
2022-03-11 12:00:00,Italy,North Italy,IT-NO,307.74,393.86,35.6,29.96,entsoe.eu,false,
2022-03-11 13:00:00,Italy,North Italy,IT-NO,314.83,402.68,33.64,27.55,entsoe.eu,false,
2022-03-11 14:00:00,Italy,North Italy,IT-NO,333.34,426.94,28.77,22.28,entsoe.eu,false,
2022-03-11 15:00:00,Italy,North Italy,IT-NO,343.13,437.18,26.69,17.56,entsoe.eu,false,
2022-03-11 16:00:00,Italy,North Italy,IT-NO,352.55,449.0,24.51,15.28,entsoe.eu,false,
2022-03-11 17:00:00,Italy,North Italy,IT-NO,328.45,415.3,32.47,22.2,entsoe.eu,false,
2022-03-11 18:00:00,Italy,North Italy,IT-NO,322.56,405.66,35.67,26.33,entsoe.eu,false,
2022-03-11 19:00:00,Italy,North Italy,IT-NO,343.15,434.74,28.1,18.75,entsoe.eu,false,
2022-03-11 20:00:00,Italy,North Italy,IT-NO,369.82,469.21,21.06,12.29,entsoe.eu,false,
2022-03-11 21:00:00,Italy,North Italy,IT-NO,362.49,459.43,23.66,13.29,entsoe.eu,false,
2022-03-11 22:00:00,Italy,North Italy,IT-NO,366.01,464.1,23.04,13.24,entsoe.eu,false,
2022-03-11 23:00:00,Italy,North Italy,IT-NO,338.64,427.51,31.81,19.38,entsoe.eu,false,
2022-03-12 00:00:00,Italy,North Italy,IT-NO,326.77,414.65,32.82,17.14,entsoe.eu,false,
2022-03-12 01:00:00,Italy,North Italy,IT-NO,329.47,418.17,32.79,17.69,entsoe.eu,false,
2022-03-12 02:00:00,Italy,North Italy,IT-NO,331.99,420.47,32.83,17.35,entsoe.eu,false,
2022-03-12 03:00:00,Italy,North Italy,IT-NO,334.15,422.97,32.22,17.77,entsoe.eu,false,
2022-03-12 04:00:00,Italy,North Italy,IT-NO,335.64,424.8,31.84,17.52,entsoe.eu,false,
2022-03-12 05:00:00,Italy,North Italy,IT-NO,332.79,420.77,31.99,19.36,entsoe.eu,false,
2022-03-12 06:00:00,Italy,North Italy,IT-NO,317.9,404.29,34.34,22.29,entsoe.eu,false,
2022-03-12 07:00:00,Italy,North Italy,IT-NO,298.71,380.6,38.85,30.59,entsoe.eu,false,
2022-03-12 08:00:00,Italy,North Italy,IT-NO,301.23,384.04,38.44,32.84,entsoe.eu,false,
2022-03-12 09:00:00,Italy,North Italy,IT-NO,301.13,386.55,37.51,33.23,entsoe.eu,false,
2022-03-12 10:00:00,Italy,North Italy,IT-NO,300.11,384.68,38.16,33.84,entsoe.eu,false,
2022-03-12 11:00:00,Italy,North Italy,IT-NO,302.98,388.29,37.79,33.93,entsoe.eu,false,
2022-03-12 12:00:00,Italy,North Italy,IT-NO,294.61,376.63,40.86,35.52,entsoe.eu,false,
2022-03-12 13:00:00,Italy,North Italy,IT-NO,300.69,384.57,39.7,34.24,entsoe.eu,false,
2022-03-12 14:00:00,Italy,North Italy,IT-NO,317.31,404.13,36.13,28.26,entsoe.eu,false,
2022-03-12 15:00:00,Italy,North Italy,IT-NO,338.58,429.78,31.41,22.55,entsoe.eu,false,
2022-03-12 16:00:00,Italy,North Italy,IT-NO,344.19,437.85,28.25,17.85,entsoe.eu,false,
2022-03-12 17:00:00,Italy,North Italy,IT-NO,316.8,400.56,36.05,24.69,entsoe.eu,false,
2022-03-12 18:00:00,Italy,North Italy,IT-NO,312.56,393.4,38.62,28.5,entsoe.eu,false,
2022-03-12 19:00:00,Italy,North Italy,IT-NO,332.57,418.41,34.3,23.61,entsoe.eu,false,
2022-03-12 20:00:00,Italy,North Italy,IT-NO,350.15,441.66,29.66,19.55,entsoe.eu,false,
2022-03-12 21:00:00,Italy,North Italy,IT-NO,351.54,445.86,27.89,16.96,entsoe.eu,false,
2022-03-12 22:00:00,Italy,North Italy,IT-NO,356.46,451.49,27.32,16.22,entsoe.eu,false,
2022-03-12 23:00:00,Italy,North Italy,IT-NO,338.23,421.15,37.76,25.83,entsoe.eu,false,
2022-03-13 00:00:00,Italy,North Italy,IT-NO,348.66,434.65,34.85,23.64,entsoe.eu,false,
2022-03-13 01:00:00,Italy,North Italy,IT-NO,342.06,431.82,32.6,19.72,entsoe.eu,false,
2022-03-13 02:00:00,Italy,North Italy,IT-NO,352.12,443.2,31.23,19.76,entsoe.eu,false,
2022-03-13 03:00:00,Italy,North Italy,IT-NO,351.14,442.78,31.0,19.76,entsoe.eu,false,
2022-03-13 04:00:00,Italy,North Italy,IT-NO,348.07,439.3,31.13,19.45,entsoe.eu,false,
2022-03-13 05:00:00,Italy,North Italy,IT-NO,335.0,423.85,33.18,20.96,entsoe.eu,false,
2022-03-13 06:00:00,Italy,North Italy,IT-NO,323.84,410.28,35.89,25.76,entsoe.eu,false,
2022-03-13 07:00:00,Italy,North Italy,IT-NO,288.62,368.43,42.89,34.44,entsoe.eu,false,
2022-03-13 08:00:00,Italy,North Italy,IT-NO,263.59,339.22,47.94,40.83,entsoe.eu,false,
2022-03-13 09:00:00,Italy,North Italy,IT-NO,247.27,319.84,51.09,42.85,entsoe.eu,false,
2022-03-13 10:00:00,Italy,North Italy,IT-NO,242.8,314.67,51.97,43.75,entsoe.eu,false,
2022-03-13 11:00:00,Italy,North Italy,IT-NO,245.69,319.83,50.59,44.13,entsoe.eu,false,
2022-03-13 12:00:00,Italy,North Italy,IT-NO,236.82,306.9,53.55,45.14,entsoe.eu,false,
2022-03-13 13:00:00,Italy,North Italy,IT-NO,250.07,323.78,50.59,42.12,entsoe.eu,false,
2022-03-13 14:00:00,Italy,North Italy,IT-NO,274.94,355.01,44.19,34.68,entsoe.eu,false,
2022-03-13 15:00:00,Italy,North Italy,IT-NO,316.63,404.34,35.51,26.3,entsoe.eu,false,
2022-03-13 16:00:00,Italy,North Italy,IT-NO,349.52,443.05,28.6,19.44,entsoe.eu,false,
2022-03-13 17:00:00,Italy,North Italy,IT-NO,336.77,423.29,33.85,24.47,entsoe.eu,false,
2022-03-13 18:00:00,Italy,North Italy,IT-NO,311.65,391.93,39.12,29.89,entsoe.eu,false,
2022-03-13 19:00:00,Italy,North Italy,IT-NO,322.83,405.96,36.64,26.72,entsoe.eu,false,
2022-03-13 20:00:00,Italy,North Italy,IT-NO,339.97,427.23,33.13,22.66,entsoe.eu,false,
2022-03-13 21:00:00,Italy,North Italy,IT-NO,345.66,435.97,31.08,20.48,entsoe.eu,false,
2022-03-13 22:00:00,Italy,North Italy,IT-NO,362.13,459.16,25.57,16.03,entsoe.eu,false,
2022-03-13 23:00:00,Italy,North Italy,IT-NO,345.32,435.74,31.22,16.69,entsoe.eu,false,
2022-03-14 00:00:00,Italy,North Italy,IT-NO,343.85,432.32,32.79,17.79,entsoe.eu,false,
2022-03-14 01:00:00,Italy,North Italy,IT-NO,354.8,444.58,31.33,17.83,entsoe.eu,false,
2022-03-14 02:00:00,Italy,North Italy,IT-NO,357.37,448.26,30.91,17.97,entsoe.eu,false,
2022-03-14 03:00:00,Italy,North Italy,IT-NO,361.33,452.67,29.88,16.73,entsoe.eu,false,
2022-03-14 04:00:00,Italy,North Italy,IT-NO,371.23,466.76,25.59,14.14,entsoe.eu,false,
2022-03-14 05:00:00,Italy,North Italy,IT-NO,374.19,471.87,22.26,13.3,entsoe.eu,false,
2022-03-14 06:00:00,Italy,North Italy,IT-NO,365.74,461.35,23.78,16.94,entsoe.eu,false,
2022-03-14 07:00:00,Italy,North Italy,IT-NO,338.14,426.15,30.85,24.4,entsoe.eu,false,
2022-03-14 08:00:00,Italy,North Italy,IT-NO,335.08,424.31,30.83,25.11,entsoe.eu,false,
2022-03-14 09:00:00,Italy,North Italy,IT-NO,327.46,416.48,31.5,26.38,entsoe.eu,false,
2022-03-14 10:00:00,Italy,North Italy,IT-NO,325.02,415.43,31.49,26.55,entsoe.eu,false,
2022-03-14 11:00:00,Italy,North Italy,IT-NO,326.79,419.46,29.94,25.93,entsoe.eu,false,
2022-03-14 12:00:00,Italy,North Italy,IT-NO,319.18,408.29,32.7,27.25,entsoe.eu,false,
2022-03-14 13:00:00,Italy,North Italy,IT-NO,329.68,420.39,30.43,23.95,entsoe.eu,false,
2022-03-14 14:00:00,Italy,North Italy,IT-NO,341.36,435.62,27.37,19.8,entsoe.eu,false,
2022-03-14 15:00:00,Italy,North Italy,IT-NO,346.62,441.25,26.88,17.65,entsoe.eu,false,
2022-03-14 16:00:00,Italy,North Italy,IT-NO,347.98,441.58,26.97,15.67,entsoe.eu,false,
2022-03-14 17:00:00,Italy,North Italy,IT-NO,336.22,424.09,31.15,20.1,entsoe.eu,false,
2022-03-14 18:00:00,Italy,North Italy,IT-NO,336.0,422.17,32.14,22.56,entsoe.eu,false,
2022-03-14 19:00:00,Italy,North Italy,IT-NO,355.61,449.43,26.15,15.88,entsoe.eu,false,
2022-03-14 20:00:00,Italy,North Italy,IT-NO,364.86,462.46,23.34,13.17,entsoe.eu,false,
2022-03-14 21:00:00,Italy,North Italy,IT-NO,365.0,462.61,23.42,11.44,entsoe.eu,false,
2022-03-14 22:00:00,Italy,North Italy,IT-NO,378.49,478.3,21.33,10.5,entsoe.eu,false,
2022-03-14 23:00:00,Italy,North Italy,IT-NO,356.34,450.14,28.05,14.19,entsoe.eu,false,
2022-03-15 00:00:00,Italy,North Italy,IT-NO,356.94,449.57,28.65,13.77,entsoe.eu,false,
2022-03-15 01:00:00,Italy,North Italy,IT-NO,349.92,441.17,30.04,15.46,entsoe.eu,false,
2022-03-15 02:00:00,Italy,North Italy,IT-NO,356.11,447.93,28.37,13.96,entsoe.eu,false,
2022-03-15 03:00:00,Italy,North Italy,IT-NO,351.17,443.65,28.93,14.65,entsoe.eu,false,
2022-03-15 04:00:00,Italy,North Italy,IT-NO,355.45,449.75,27.07,13.2,entsoe.eu,false,
2022-03-15 05:00:00,Italy,North Italy,IT-NO,377.66,480.53,18.82,12.42,entsoe.eu,false,
2022-03-15 06:00:00,Italy,North Italy,IT-NO,365.16,465.46,21.08,14.57,entsoe.eu,false,
2022-03-15 07:00:00,Italy,North Italy,IT-NO,343.85,437.39,26.6,20.05,entsoe.eu,false,
2022-03-15 08:00:00,Italy,North Italy,IT-NO,332.72,424.52,28.79,22.7,entsoe.eu,false,
2022-03-15 09:00:00,Italy,North Italy,IT-NO,323.2,415.08,29.89,24.33,entsoe.eu,false,
2022-03-15 10:00:00,Italy,North Italy,IT-NO,327.88,421.54,28.65,24.18,entsoe.eu,false,
2022-03-15 11:00:00,Italy,North Italy,IT-NO,332.88,428.39,27.56,24.96,entsoe.eu,false,
2022-03-15 12:00:00,Italy,North Italy,IT-NO,334.86,430.59,27.2,23.9,entsoe.eu,false,
2022-03-15 13:00:00,Italy,North Italy,IT-NO,334.54,428.85,27.82,23.92,entsoe.eu,false,
2022-03-15 14:00:00,Italy,North Italy,IT-NO,341.88,436.08,26.69,20.69,entsoe.eu,false,
2022-03-15 15:00:00,Italy,North Italy,IT-NO,345.29,439.35,26.1,17.74,entsoe.eu,false,
2022-03-15 16:00:00,Italy,North Italy,IT-NO,344.87,439.01,26.29,16.92,entsoe.eu,false,
2022-03-15 17:00:00,Italy,North Italy,IT-NO,327.67,416.9,30.46,20.51,entsoe.eu,false,
2022-03-15 18:00:00,Italy,North Italy,IT-NO,319.78,406.58,32.52,24.47,entsoe.eu,false,
2022-03-15 19:00:00,Italy,North Italy,IT-NO,337.52,429.46,28.42,19.02,entsoe.eu,false,
2022-03-15 20:00:00,Italy,North Italy,IT-NO,367.22,467.76,21.11,12.62,entsoe.eu,false,
2022-03-15 21:00:00,Italy,North Italy,IT-NO,382.24,486.03,18.54,11.08,entsoe.eu,false,
2022-03-15 22:00:00,Italy,North Italy,IT-NO,372.39,470.52,23.05,11.59,entsoe.eu,false,
2022-03-15 23:00:00,Italy,North Italy,IT-NO,364.18,457.47,27.62,12.95,entsoe.eu,false,
2022-03-16 00:00:00,Italy,North Italy,IT-NO,358.64,447.41,31.31,14.49,entsoe.eu,false,
2022-03-16 01:00:00,Italy,North Italy,IT-NO,353.4,441.24,32.48,16.44,entsoe.eu,false,
2022-03-16 02:00:00,Italy,North Italy,IT-NO,349.11,435.59,33.24,17.02,entsoe.eu,false,
2022-03-16 03:00:00,Italy,North Italy,IT-NO,342.36,428.77,34.01,17.22,entsoe.eu,false,
2022-03-16 04:00:00,Italy,North Italy,IT-NO,357.15,449.93,27.94,12.9,entsoe.eu,false,
2022-03-16 05:00:00,Italy,North Italy,IT-NO,370.15,466.37,24.26,16.08,entsoe.eu,false,
2022-03-16 06:00:00,Italy,North Italy,IT-NO,364.99,459.96,24.87,18.63,entsoe.eu,false,
2022-03-16 07:00:00,Italy,North Italy,IT-NO,350.26,440.95,28.96,23.66,entsoe.eu,false,
2022-03-16 08:00:00,Italy,North Italy,IT-NO,350.5,442.04,28.6,23.75,entsoe.eu,false,
2022-03-16 09:00:00,Italy,North Italy,IT-NO,346.17,440.3,26.95,22.1,entsoe.eu,false,
2022-03-16 10:00:00,Italy,North Italy,IT-NO,326.96,417.37,31.23,25.33,entsoe.eu,false,
2022-03-16 11:00:00,Italy,North Italy,IT-NO,337.26,432.1,27.77,25.1,entsoe.eu,false,
2022-03-16 12:00:00,Italy,North Italy,IT-NO,334.75,428.58,28.45,25.32,entsoe.eu,false,
2022-03-16 13:00:00,Italy,North Italy,IT-NO,334.86,428.43,28.49,24.52,entsoe.eu,false,
2022-03-16 14:00:00,Italy,North Italy,IT-NO,345.84,439.92,26.79,21.84,entsoe.eu,false,
2022-03-16 15:00:00,Italy,North Italy,IT-NO,336.39,427.15,29.18,21.04,entsoe.eu,false,
2022-03-16 16:00:00,Italy,North Italy,IT-NO,349.13,441.17,27.52,18.26,entsoe.eu,false,
2022-03-16 17:00:00,Italy,North Italy,IT-NO,334.5,422.62,30.86,20.56,entsoe.eu,false,
2022-03-16 18:00:00,Italy,North Italy,IT-NO,318.78,403.62,34.28,24.96,entsoe.eu,false,
2022-03-16 19:00:00,Italy,North Italy,IT-NO,341.35,431.59,29.72,19.13,entsoe.eu,false,
2022-03-16 20:00:00,Italy,North Italy,IT-NO,354.0,450.35,24.4,13.36,entsoe.eu,false,
2022-03-16 21:00:00,Italy,North Italy,IT-NO,351.33,446.27,26.05,13.52,entsoe.eu,false,
2022-03-16 22:00:00,Italy,North Italy,IT-NO,354.94,451.34,25.24,13.67,entsoe.eu,false,
2022-03-16 23:00:00,Italy,North Italy,IT-NO,333.01,421.15,32.74,16.8,entsoe.eu,false,
2022-03-17 00:00:00,Italy,North Italy,IT-NO,335.71,423.6,32.87,17.11,entsoe.eu,false,
2022-03-17 01:00:00,Italy,North Italy,IT-NO,350.09,440.36,30.18,16.21,entsoe.eu,false,
2022-03-17 02:00:00,Italy,North Italy,IT-NO,349.35,438.05,31.27,17.08,entsoe.eu,false,
2022-03-17 03:00:00,Italy,North Italy,IT-NO,348.86,436.78,31.64,17.2,entsoe.eu,false,
2022-03-17 04:00:00,Italy,North Italy,IT-NO,358.23,449.23,29.0,16.13,entsoe.eu,false,
2022-03-17 05:00:00,Italy,North Italy,IT-NO,368.57,465.96,23.76,14.68,entsoe.eu,false,
2022-03-17 06:00:00,Italy,North Italy,IT-NO,368.52,462.4,25.8,20.39,entsoe.eu,false,
2022-03-17 07:00:00,Italy,North Italy,IT-NO,341.12,427.68,32.19,25.06,entsoe.eu,false,
2022-03-17 08:00:00,Italy,North Italy,IT-NO,335.08,420.78,32.44,24.12,entsoe.eu,false,
2022-03-17 09:00:00,Italy,North Italy,IT-NO,328.22,413.09,34.4,27.03,entsoe.eu,false,
2022-03-17 10:00:00,Italy,North Italy,IT-NO,327.19,412.02,34.9,28.99,entsoe.eu,false,
2022-03-17 11:00:00,Italy,North Italy,IT-NO,334.7,424.41,30.58,25.65,entsoe.eu,false,
2022-03-17 12:00:00,Italy,North Italy,IT-NO,332.04,422.31,30.59,25.28,entsoe.eu,false,
2022-03-17 13:00:00,Italy,North Italy,IT-NO,324.73,414.03,31.75,24.55,entsoe.eu,false,
2022-03-17 14:00:00,Italy,North Italy,IT-NO,328.14,417.43,31.12,22.45,entsoe.eu,false,
2022-03-17 15:00:00,Italy,North Italy,IT-NO,332.84,423.08,30.13,20.4,entsoe.eu,false,
2022-03-17 16:00:00,Italy,North Italy,IT-NO,340.93,431.58,29.53,21.23,entsoe.eu,false,
2022-03-17 17:00:00,Italy,North Italy,IT-NO,327.88,413.97,33.44,25.91,entsoe.eu,false,
2022-03-17 18:00:00,Italy,North Italy,IT-NO,325.08,410.77,33.73,25.54,entsoe.eu,false,
2022-03-17 19:00:00,Italy,North Italy,IT-NO,354.48,447.24,27.18,19.26,entsoe.eu,false,
2022-03-17 20:00:00,Italy,North Italy,IT-NO,362.29,458.67,24.49,14.85,entsoe.eu,false,
2022-03-17 21:00:00,Italy,North Italy,IT-NO,352.56,446.43,27.51,15.79,entsoe.eu,false,
2022-03-17 22:00:00,Italy,North Italy,IT-NO,357.13,451.3,27.79,16.71,entsoe.eu,false,
2022-03-17 23:00:00,Italy,North Italy,IT-NO,341.43,428.03,33.49,18.46,entsoe.eu,false,
2022-03-18 00:00:00,Italy,North Italy,IT-NO,354.44,442.19,30.85,16.98,entsoe.eu,false,
2022-03-18 01:00:00,Italy,North Italy,IT-NO,353.59,440.28,31.75,17.83,entsoe.eu,false,
2022-03-18 02:00:00,Italy,North Italy,IT-NO,349.65,434.81,33.04,18.8,entsoe.eu,false,
2022-03-18 03:00:00,Italy,North Italy,IT-NO,341.86,425.83,34.91,19.61,entsoe.eu,false,
2022-03-18 04:00:00,Italy,North Italy,IT-NO,340.03,427.04,33.22,18.65,entsoe.eu,false,
2022-03-18 05:00:00,Italy,North Italy,IT-NO,361.49,456.13,26.32,19.3,entsoe.eu,false,
2022-03-18 06:00:00,Italy,North Italy,IT-NO,348.76,437.97,29.28,23.66,entsoe.eu,false,
2022-03-18 07:00:00,Italy,North Italy,IT-NO,319.11,400.28,36.64,30.55,entsoe.eu,false,
2022-03-18 08:00:00,Italy,North Italy,IT-NO,319.48,401.86,36.26,30.11,entsoe.eu,false,
2022-03-18 09:00:00,Italy,North Italy,IT-NO,323.59,408.88,34.99,28.04,entsoe.eu,false,
2022-03-18 10:00:00,Italy,North Italy,IT-NO,319.87,406.06,34.56,27.17,entsoe.eu,false,
2022-03-18 11:00:00,Italy,North Italy,IT-NO,333.51,422.8,31.71,25.99,entsoe.eu,false,
2022-03-18 12:00:00,Italy,North Italy,IT-NO,332.96,424.0,30.83,25.57,entsoe.eu,false,
2022-03-18 13:00:00,Italy,North Italy,IT-NO,326.58,415.8,31.97,26.28,entsoe.eu,false,
2022-03-18 14:00:00,Italy,North Italy,IT-NO,336.01,426.21,30.58,23.16,entsoe.eu,false,
2022-03-18 15:00:00,Italy,North Italy,IT-NO,334.67,424.61,30.63,21.71,entsoe.eu,false,
2022-03-18 16:00:00,Italy,North Italy,IT-NO,337.67,428.96,29.19,19.65,entsoe.eu,false,
2022-03-18 17:00:00,Italy,North Italy,IT-NO,328.9,415.64,33.13,22.06,entsoe.eu,false,
2022-03-18 18:00:00,Italy,North Italy,IT-NO,325.62,410.52,34.17,25.5,entsoe.eu,false,
2022-03-18 19:00:00,Italy,North Italy,IT-NO,335.92,424.43,31.15,20.98,entsoe.eu,false,
2022-03-18 20:00:00,Italy,North Italy,IT-NO,343.15,434.6,29.48,19.46,entsoe.eu,false,
2022-03-18 21:00:00,Italy,North Italy,IT-NO,354.91,446.58,28.54,19.03,entsoe.eu,false,
2022-03-18 22:00:00,Italy,North Italy,IT-NO,360.1,452.8,28.19,19.68,entsoe.eu,false,
2022-03-18 23:00:00,Italy,North Italy,IT-NO,338.02,422.11,35.89,24.03,entsoe.eu,false,
2022-03-19 00:00:00,Italy,North Italy,IT-NO,338.35,423.26,35.68,23.66,entsoe.eu,false,
2022-03-19 01:00:00,Italy,North Italy,IT-NO,337.6,420.71,36.9,24.54,entsoe.eu,false,
2022-03-19 02:00:00,Italy,North Italy,IT-NO,338.58,421.45,37.0,25.49,entsoe.eu,false,
2022-03-19 03:00:00,Italy,North Italy,IT-NO,339.2,422.98,36.21,24.66,entsoe.eu,false,
2022-03-19 04:00:00,Italy,North Italy,IT-NO,340.21,425.02,35.79,23.7,entsoe.eu,false,
2022-03-19 05:00:00,Italy,North Italy,IT-NO,342.74,429.15,34.32,23.74,entsoe.eu,false,
2022-03-19 06:00:00,Italy,North Italy,IT-NO,313.17,394.05,39.58,28.99,entsoe.eu,false,
2022-03-19 07:00:00,Italy,North Italy,IT-NO,271.84,344.14,47.97,38.13,entsoe.eu,false,
2022-03-19 08:00:00,Italy,North Italy,IT-NO,255.53,326.86,50.44,41.71,entsoe.eu,false,
2022-03-19 09:00:00,Italy,North Italy,IT-NO,246.46,317.57,51.54,43.26,entsoe.eu,false,
2022-03-19 10:00:00,Italy,North Italy,IT-NO,233.69,303.72,54.08,45.58,entsoe.eu,false,
2022-03-19 11:00:00,Italy,North Italy,IT-NO,227.36,295.96,55.5,46.47,entsoe.eu,false,
2022-03-19 12:00:00,Italy,North Italy,IT-NO,236.39,306.7,53.74,45.81,entsoe.eu,false,
2022-03-19 13:00:00,Italy,North Italy,IT-NO,234.93,303.18,55.11,45.51,entsoe.eu,false,
2022-03-19 14:00:00,Italy,North Italy,IT-NO,249.41,320.88,51.41,39.97,entsoe.eu,false,
2022-03-19 15:00:00,Italy,North Italy,IT-NO,271.68,348.44,45.79,32.21,entsoe.eu,false,
2022-03-19 16:00:00,Italy,North Italy,IT-NO,306.35,389.58,38.38,25.36,entsoe.eu,false,
2022-03-19 17:00:00,Italy,North Italy,IT-NO,300.65,377.78,43.04,30.54,entsoe.eu,false,
2022-03-19 18:00:00,Italy,North Italy,IT-NO,274.49,341.46,51.25,39.05,entsoe.eu,false,
2022-03-19 19:00:00,Italy,North Italy,IT-NO,289.2,361.87,46.63,32.88,entsoe.eu,false,
2022-03-19 20:00:00,Italy,North Italy,IT-NO,307.42,389.44,38.56,24.4,entsoe.eu,false,
2022-03-19 21:00:00,Italy,North Italy,IT-NO,338.47,428.67,31.18,19.52,entsoe.eu,false,
2022-03-19 22:00:00,Italy,North Italy,IT-NO,359.53,455.55,26.57,18.68,entsoe.eu,false,
2022-03-19 23:00:00,Italy,North Italy,IT-NO,307.82,389.27,39.61,23.65,entsoe.eu,false,
2022-03-20 00:00:00,Italy,North Italy,IT-NO,308.01,391.03,39.35,23.01,entsoe.eu,false,
2022-03-20 01:00:00,Italy,North Italy,IT-NO,309.49,391.56,39.49,22.94,entsoe.eu,false,
2022-03-20 02:00:00,Italy,North Italy,IT-NO,313.06,394.61,39.16,22.54,entsoe.eu,false,
2022-03-20 03:00:00,Italy,North Italy,IT-NO,310.54,392.02,39.79,23.29,entsoe.eu,false,
2022-03-20 04:00:00,Italy,North Italy,IT-NO,308.16,389.74,39.77,22.43,entsoe.eu,false,
2022-03-20 05:00:00,Italy,North Italy,IT-NO,308.44,390.6,39.03,22.91,entsoe.eu,false,
2022-03-20 06:00:00,Italy,North Italy,IT-NO,277.62,353.58,44.91,30.88,entsoe.eu,false,
2022-03-20 07:00:00,Italy,North Italy,IT-NO,252.74,324.88,50.21,38.77,entsoe.eu,false,
2022-03-20 08:00:00,Italy,North Italy,IT-NO,228.04,295.25,55.63,45.17,entsoe.eu,false,
2022-03-20 09:00:00,Italy,North Italy,IT-NO,209.95,274.07,59.42,49.94,entsoe.eu,false,
2022-03-20 10:00:00,Italy,North Italy,IT-NO,219.0,287.11,56.91,50.43,entsoe.eu,false,
2022-03-20 11:00:00,Italy,North Italy,IT-NO,228.04,298.57,54.24,49.34,entsoe.eu,false,
2022-03-20 12:00:00,Italy,North Italy,IT-NO,214.88,281.58,57.78,51.26,entsoe.eu,false,
2022-03-20 13:00:00,Italy,North Italy,IT-NO,212.47,277.25,59.24,50.21,entsoe.eu,false,
2022-03-20 14:00:00,Italy,North Italy,IT-NO,223.76,290.5,56.66,43.85,entsoe.eu,false,
2022-03-20 15:00:00,Italy,North Italy,IT-NO,271.06,347.65,45.83,31.96,entsoe.eu,false,
2022-03-20 16:00:00,Italy,North Italy,IT-NO,330.97,420.47,31.87,20.41,entsoe.eu,false,
2022-03-20 17:00:00,Italy,North Italy,IT-NO,330.05,416.18,34.03,22.35,entsoe.eu,false,
2022-03-20 18:00:00,Italy,North Italy,IT-NO,293.53,371.54,41.66,30.01,entsoe.eu,false,
2022-03-20 19:00:00,Italy,North Italy,IT-NO,295.66,374.67,40.83,29.77,entsoe.eu,false,
2022-03-20 20:00:00,Italy,North Italy,IT-NO,326.2,414.23,32.3,19.76,entsoe.eu,false,
2022-03-20 21:00:00,Italy,North Italy,IT-NO,352.18,446.53,26.86,15.95,entsoe.eu,false,
2022-03-20 22:00:00,Italy,North Italy,IT-NO,349.05,442.45,28.54,17.09,entsoe.eu,false,
2022-03-20 23:00:00,Italy,North Italy,IT-NO,323.04,408.49,34.65,17.78,entsoe.eu,false,
2022-03-21 00:00:00,Italy,North Italy,IT-NO,338.84,426.66,31.57,16.16,entsoe.eu,false,
2022-03-21 01:00:00,Italy,North Italy,IT-NO,345.49,434.82,31.51,17.01,entsoe.eu,false,
2022-03-21 02:00:00,Italy,North Italy,IT-NO,354.44,443.1,30.67,17.36,entsoe.eu,false,
2022-03-21 03:00:00,Italy,North Italy,IT-NO,353.65,441.01,32.16,19.13,entsoe.eu,false,
2022-03-21 04:00:00,Italy,North Italy,IT-NO,359.16,452.17,28.72,17.15,entsoe.eu,false,
2022-03-21 05:00:00,Italy,North Italy,IT-NO,383.37,479.2,25.14,19.93,entsoe.eu,false,
2022-03-21 06:00:00,Italy,North Italy,IT-NO,357.19,448.07,29.76,26.11,entsoe.eu,false,
2022-03-21 07:00:00,Italy,North Italy,IT-NO,324.03,407.15,36.48,31.52,entsoe.eu,false,
2022-03-21 08:00:00,Italy,North Italy,IT-NO,309.25,391.11,37.61,32.54,entsoe.eu,false,
2022-03-21 09:00:00,Italy,North Italy,IT-NO,304.5,389.08,37.01,31.77,entsoe.eu,false,
2022-03-21 10:00:00,Italy,North Italy,IT-NO,300.46,384.08,38.14,32.62,entsoe.eu,false,
2022-03-21 11:00:00,Italy,North Italy,IT-NO,308.6,394.46,36.17,31.94,entsoe.eu,false,
2022-03-21 12:00:00,Italy,North Italy,IT-NO,296.27,379.13,39.5,33.51,entsoe.eu,false,
2022-03-21 13:00:00,Italy,North Italy,IT-NO,316.71,403.36,35.04,29.01,entsoe.eu,false,
2022-03-21 14:00:00,Italy,North Italy,IT-NO,320.85,406.54,34.59,25.7,entsoe.eu,false,
2022-03-21 15:00:00,Italy,North Italy,IT-NO,329.82,418.95,31.56,21.27,entsoe.eu,false,
2022-03-21 16:00:00,Italy,North Italy,IT-NO,343.44,435.29,28.95,19.4,entsoe.eu,false,
2022-03-21 17:00:00,Italy,North Italy,IT-NO,333.77,420.55,32.37,24.16,entsoe.eu,false,
2022-03-21 18:00:00,Italy,North Italy,IT-NO,319.79,402.23,36.01,27.59,entsoe.eu,false,
2022-03-21 19:00:00,Italy,North Italy,IT-NO,352.33,442.29,29.25,21.32,entsoe.eu,false,
2022-03-21 20:00:00,Italy,North Italy,IT-NO,376.84,476.1,21.19,15.03,entsoe.eu,false,
2022-03-21 21:00:00,Italy,North Italy,IT-NO,381.22,480.09,21.32,13.0,entsoe.eu,false,
2022-03-21 22:00:00,Italy,North Italy,IT-NO,387.07,484.32,21.06,12.75,entsoe.eu,false,
2022-03-21 23:00:00,Italy,North Italy,IT-NO,376.57,468.72,25.38,13.93,entsoe.eu,false,
2022-03-22 00:00:00,Italy,North Italy,IT-NO,373.13,462.75,28.49,15.74,entsoe.eu,false,
2022-03-22 01:00:00,Italy,North Italy,IT-NO,370.2,456.95,30.04,15.8,entsoe.eu,false,
2022-03-22 02:00:00,Italy,North Italy,IT-NO,371.64,461.84,28.22,15.1,entsoe.eu,false,
2022-03-22 03:00:00,Italy,North Italy,IT-NO,365.17,454.62,28.51,13.76,entsoe.eu,false,
2022-03-22 04:00:00,Italy,North Italy,IT-NO,378.31,474.53,23.22,12.32,entsoe.eu,false,
2022-03-22 05:00:00,Italy,North Italy,IT-NO,384.0,479.63,22.45,15.98,entsoe.eu,false,
2022-03-22 06:00:00,Italy,North Italy,IT-NO,350.81,439.33,29.58,24.43,entsoe.eu,false,
2022-03-22 07:00:00,Italy,North Italy,IT-NO,331.86,415.09,33.74,27.87,entsoe.eu,false,
2022-03-22 08:00:00,Italy,North Italy,IT-NO,323.11,407.43,34.75,29.25,entsoe.eu,false,
2022-03-22 09:00:00,Italy,North Italy,IT-NO,303.54,384.7,38.95,32.02,entsoe.eu,false,
2022-03-22 10:00:00,Italy,North Italy,IT-NO,298.02,380.55,38.98,32.53,entsoe.eu,false,
2022-03-22 11:00:00,Italy,North Italy,IT-NO,303.28,387.09,37.61,32.77,entsoe.eu,false,
2022-03-22 12:00:00,Italy,North Italy,IT-NO,298.76,379.4,39.96,33.75,entsoe.eu,false,
2022-03-22 13:00:00,Italy,North Italy,IT-NO,308.24,390.1,38.2,31.01,entsoe.eu,false,
2022-03-22 14:00:00,Italy,North Italy,IT-NO,311.22,394.04,37.31,27.6,entsoe.eu,false,
2022-03-22 15:00:00,Italy,North Italy,IT-NO,330.87,418.54,32.38,21.51,entsoe.eu,false,
2022-03-22 16:00:00,Italy,North Italy,IT-NO,352.26,442.94,28.33,20.08,entsoe.eu,false,
2022-03-22 17:00:00,Italy,North Italy,IT-NO,343.64,432.2,30.79,21.87,entsoe.eu,false,
2022-03-22 18:00:00,Italy,North Italy,IT-NO,334.87,418.47,34.91,28.13,entsoe.eu,false,
2022-03-22 19:00:00,Italy,North Italy,IT-NO,352.16,441.88,29.24,22.32,entsoe.eu,false,
2022-03-22 20:00:00,Italy,North Italy,IT-NO,381.11,480.66,21.03,13.52,entsoe.eu,false,
2022-03-22 21:00:00,Italy,North Italy,IT-NO,391.44,493.58,19.41,12.45,entsoe.eu,false,
2022-03-22 22:00:00,Italy,North Italy,IT-NO,399.15,501.43,18.46,13.13,entsoe.eu,false,
2022-03-22 23:00:00,Italy,North Italy,IT-NO,381.31,475.08,25.92,16.56,entsoe.eu,false,
2022-03-23 00:00:00,Italy,North Italy,IT-NO,381.62,473.47,26.35,15.75,entsoe.eu,false,
2022-03-23 01:00:00,Italy,North Italy,IT-NO,395.83,492.32,22.77,14.53,entsoe.eu,false,
2022-03-23 02:00:00,Italy,North Italy,IT-NO,394.38,488.39,24.44,14.84,entsoe.eu,false,
2022-03-23 03:00:00,Italy,North Italy,IT-NO,396.19,492.15,22.98,13.98,entsoe.eu,false,
2022-03-23 04:00:00,Italy,North Italy,IT-NO,398.49,498.3,20.1,12.69,entsoe.eu,false,
2022-03-23 05:00:00,Italy,North Italy,IT-NO,391.38,491.42,19.56,14.64,entsoe.eu,false,
2022-03-23 06:00:00,Italy,North Italy,IT-NO,352.44,443.05,28.52,24.57,entsoe.eu,false,
2022-03-23 07:00:00,Italy,North Italy,IT-NO,330.22,415.66,33.53,27.78,entsoe.eu,false,
2022-03-23 08:00:00,Italy,North Italy,IT-NO,327.95,414.92,33.37,29.46,entsoe.eu,false,
2022-03-23 09:00:00,Italy,North Italy,IT-NO,327.33,414.96,33.13,29.58,entsoe.eu,false,
2022-03-23 10:00:00,Italy,North Italy,IT-NO,314.3,399.8,36.15,31.68,entsoe.eu,false,
2022-03-23 11:00:00,Italy,North Italy,IT-NO,309.22,394.14,37.42,33.59,entsoe.eu,false,
2022-03-23 12:00:00,Italy,North Italy,IT-NO,302.39,384.0,39.98,34.18,entsoe.eu,false,
2022-03-23 13:00:00,Italy,North Italy,IT-NO,310.7,392.75,38.71,31.12,entsoe.eu,false,
2022-03-23 14:00:00,Italy,North Italy,IT-NO,323.56,407.28,36.34,26.41,entsoe.eu,false,
2022-03-23 15:00:00,Italy,North Italy,IT-NO,339.11,429.62,30.58,20.1,entsoe.eu,false,
2022-03-23 16:00:00,Italy,North Italy,IT-NO,361.56,458.29,24.28,16.4,entsoe.eu,false,
2022-03-23 17:00:00,Italy,North Italy,IT-NO,353.94,447.78,26.43,18.56,entsoe.eu,false,
2022-03-23 18:00:00,Italy,North Italy,IT-NO,348.66,438.47,29.59,24.76,entsoe.eu,false,
2022-03-23 19:00:00,Italy,North Italy,IT-NO,358.14,453.08,25.37,18.66,entsoe.eu,false,
2022-03-23 20:00:00,Italy,North Italy,IT-NO,389.14,492.49,18.18,14.08,entsoe.eu,false,
2022-03-23 21:00:00,Italy,North Italy,IT-NO,418.34,528.99,11.59,9.95,entsoe.eu,false,
2022-03-23 22:00:00,Italy,North Italy,IT-NO,421.14,530.83,12.05,10.02,entsoe.eu,false,
2022-03-23 23:00:00,Italy,North Italy,IT-NO,412.64,517.29,16.41,11.69,entsoe.eu,false,
2022-03-24 00:00:00,Italy,North Italy,IT-NO,411.19,512.36,18.97,12.64,entsoe.eu,false,
2022-03-24 01:00:00,Italy,North Italy,IT-NO,416.49,517.9,18.27,12.68,entsoe.eu,false,
2022-03-24 02:00:00,Italy,North Italy,IT-NO,413.26,511.9,20.36,13.25,entsoe.eu,false,
2022-03-24 03:00:00,Italy,North Italy,IT-NO,410.57,510.69,19.9,13.26,entsoe.eu,false,
2022-03-24 04:00:00,Italy,North Italy,IT-NO,395.89,496.53,20.97,13.28,entsoe.eu,false,
2022-03-24 05:00:00,Italy,North Italy,IT-NO,371.26,467.43,25.17,19.46,entsoe.eu,false,
2022-03-24 06:00:00,Italy,North Italy,IT-NO,342.61,432.51,30.78,25.79,entsoe.eu,false,
2022-03-24 07:00:00,Italy,North Italy,IT-NO,315.75,399.77,36.59,31.94,entsoe.eu,false,
2022-03-24 08:00:00,Italy,North Italy,IT-NO,322.09,409.27,34.35,30.89,entsoe.eu,false,
2022-03-24 09:00:00,Italy,North Italy,IT-NO,326.99,415.74,33.09,30.06,entsoe.eu,false,
2022-03-24 10:00:00,Italy,North Italy,IT-NO,313.85,399.76,36.44,31.82,entsoe.eu,false,
2022-03-24 11:00:00,Italy,North Italy,IT-NO,313.07,398.86,36.76,32.5,entsoe.eu,false,
2022-03-24 12:00:00,Italy,North Italy,IT-NO,305.9,388.62,39.13,33.7,entsoe.eu,false,
2022-03-24 13:00:00,Italy,North Italy,IT-NO,314.02,397.06,38.13,31.1,entsoe.eu,false,
2022-03-24 14:00:00,Italy,North Italy,IT-NO,329.22,414.77,35.17,27.2,entsoe.eu,false,
2022-03-24 15:00:00,Italy,North Italy,IT-NO,341.53,432.22,30.61,20.98,entsoe.eu,false,
2022-03-24 16:00:00,Italy,North Italy,IT-NO,345.83,435.66,30.11,23.68,entsoe.eu,false,
2022-03-24 17:00:00,Italy,North Italy,IT-NO,335.21,421.9,32.77,24.43,entsoe.eu,false,
2022-03-24 18:00:00,Italy,North Italy,IT-NO,335.14,418.62,34.72,27.92,entsoe.eu,false,
2022-03-24 19:00:00,Italy,North Italy,IT-NO,344.72,432.24,31.45,24.06,entsoe.eu,false,
2022-03-24 20:00:00,Italy,North Italy,IT-NO,373.27,468.85,23.76,17.89,entsoe.eu,false,
2022-03-24 21:00:00,Italy,North Italy,IT-NO,384.64,481.57,22.24,14.27,entsoe.eu,false,
2022-03-24 22:00:00,Italy,North Italy,IT-NO,395.71,493.2,21.36,14.49,entsoe.eu,false,
2022-03-24 23:00:00,Italy,North Italy,IT-NO,378.92,471.74,26.58,16.1,entsoe.eu,false,
2022-03-25 00:00:00,Italy,North Italy,IT-NO,382.59,474.98,26.95,16.34,entsoe.eu,false,
2022-03-25 01:00:00,Italy,North Italy,IT-NO,381.44,471.47,28.73,16.69,entsoe.eu,false,
2022-03-25 02:00:00,Italy,North Italy,IT-NO,387.21,477.39,27.44,14.65,entsoe.eu,false,
2022-03-25 03:00:00,Italy,North Italy,IT-NO,388.84,480.6,26.27,14.15,entsoe.eu,false,
2022-03-25 04:00:00,Italy,North Italy,IT-NO,376.52,469.79,26.33,15.74,entsoe.eu,false,
2022-03-25 05:00:00,Italy,North Italy,IT-NO,358.16,445.35,31.34,24.15,entsoe.eu,false,
2022-03-25 06:00:00,Italy,North Italy,IT-NO,342.28,425.99,34.56,29.56,entsoe.eu,false,
2022-03-25 07:00:00,Italy,North Italy,IT-NO,321.92,402.19,38.69,33.03,entsoe.eu,false,
2022-03-25 08:00:00,Italy,North Italy,IT-NO,316.77,398.97,37.76,32.01,entsoe.eu,false,
2022-03-25 09:00:00,Italy,North Italy,IT-NO,307.53,389.31,39.07,34.61,entsoe.eu,false,
2022-03-25 10:00:00,Italy,North Italy,IT-NO,305.14,387.81,38.56,33.08,entsoe.eu,false,
2022-03-25 11:00:00,Italy,North Italy,IT-NO,306.22,389.63,38.34,33.84,entsoe.eu,false,
2022-03-25 12:00:00,Italy,North Italy,IT-NO,282.1,360.32,43.43,35.54,entsoe.eu,false,
2022-03-25 13:00:00,Italy,North Italy,IT-NO,292.25,371.07,42.5,33.03,entsoe.eu,false,
2022-03-25 14:00:00,Italy,North Italy,IT-NO,320.29,402.03,37.81,28.13,entsoe.eu,false,
2022-03-25 15:00:00,Italy,North Italy,IT-NO,331.18,417.13,34.51,22.89,entsoe.eu,false,
2022-03-25 16:00:00,Italy,North Italy,IT-NO,345.85,435.7,30.2,18.27,entsoe.eu,false,
2022-03-25 17:00:00,Italy,North Italy,IT-NO,331.06,415.74,35.07,23.39,entsoe.eu,false,
2022-03-25 18:00:00,Italy,North Italy,IT-NO,318.46,397.67,39.47,28.99,entsoe.eu,false,
2022-03-25 19:00:00,Italy,North Italy,IT-NO,335.39,418.39,35.48,24.61,entsoe.eu,false,
2022-03-25 20:00:00,Italy,North Italy,IT-NO,363.51,455.06,27.98,18.93,entsoe.eu,false,
2022-03-25 21:00:00,Italy,North Italy,IT-NO,371.47,464.81,26.93,16.2,entsoe.eu,false,
2022-03-25 22:00:00,Italy,North Italy,IT-NO,385.92,482.29,23.63,14.08,entsoe.eu,false,
2022-03-25 23:00:00,Italy,North Italy,IT-NO,363.26,452.8,30.66,17.87,entsoe.eu,false,
2022-03-26 00:00:00,Italy,North Italy,IT-NO,352.69,436.09,35.56,19.29,entsoe.eu,false,
2022-03-26 01:00:00,Italy,North Italy,IT-NO,359.45,445.74,33.32,18.45,entsoe.eu,false,
2022-03-26 02:00:00,Italy,North Italy,IT-NO,353.03,437.6,35.36,20.06,entsoe.eu,false,
2022-03-26 03:00:00,Italy,North Italy,IT-NO,353.69,439.9,34.43,20.59,entsoe.eu,false,
2022-03-26 04:00:00,Italy,North Italy,IT-NO,363.36,451.75,32.09,18.54,entsoe.eu,false,
2022-03-26 05:00:00,Italy,North Italy,IT-NO,358.27,446.38,32.02,20.6,entsoe.eu,false,
2022-03-26 06:00:00,Italy,North Italy,IT-NO,322.86,404.83,38.57,27.46,entsoe.eu,false,
2022-03-26 07:00:00,Italy,North Italy,IT-NO,296.14,373.46,43.56,35.37,entsoe.eu,false,
2022-03-26 08:00:00,Italy,North Italy,IT-NO,277.99,351.75,46.87,40.52,entsoe.eu,false,
2022-03-26 09:00:00,Italy,North Italy,IT-NO,250.26,318.65,53.27,45.04,entsoe.eu,false,
2022-03-26 10:00:00,Italy,North Italy,IT-NO,233.61,301.45,55.59,47.59,entsoe.eu,false,
2022-03-26 11:00:00,Italy,North Italy,IT-NO,243.13,313.49,53.6,47.78,entsoe.eu,false,
2022-03-26 12:00:00,Italy,North Italy,IT-NO,248.82,320.21,51.79,45.41,entsoe.eu,false,
2022-03-26 13:00:00,Italy,North Italy,IT-NO,249.77,319.72,52.03,42.6,entsoe.eu,false,
2022-03-26 14:00:00,Italy,North Italy,IT-NO,265.37,335.39,50.05,37.11,entsoe.eu,false,
2022-03-26 15:00:00,Italy,North Italy,IT-NO,288.89,363.3,46.4,31.11,entsoe.eu,false,
2022-03-26 16:00:00,Italy,North Italy,IT-NO,316.48,397.22,40.13,26.08,entsoe.eu,false,
2022-03-26 17:00:00,Italy,North Italy,IT-NO,325.26,400.78,43.1,31.69,entsoe.eu,false,
2022-03-26 18:00:00,Italy,North Italy,IT-NO,306.25,376.39,47.85,35.76,entsoe.eu,false,
2022-03-26 19:00:00,Italy,North Italy,IT-NO,327.9,403.16,43.4,32.22,entsoe.eu,false,
2022-03-26 20:00:00,Italy,North Italy,IT-NO,338.07,420.29,37.24,22.23,entsoe.eu,false,
2022-03-26 21:00:00,Italy,North Italy,IT-NO,369.44,460.91,29.04,18.13,entsoe.eu,false,
2022-03-26 22:00:00,Italy,North Italy,IT-NO,384.31,476.65,27.99,20.32,entsoe.eu,false,
2022-03-26 23:00:00,Italy,North Italy,IT-NO,381.38,470.95,30.61,20.25,entsoe.eu,false,
2022-03-27 00:00:00,Italy,North Italy,IT-NO,383.64,472.54,31.57,22.36,entsoe.eu,false,
2022-03-27 01:00:00,Italy,North Italy,IT-NO,378.3,462.42,35.31,21.14,entsoe.eu,false,
2022-03-27 02:00:00,Italy,North Italy,IT-NO,370.1,451.03,37.53,20.76,entsoe.eu,false,
2022-03-27 03:00:00,Italy,North Italy,IT-NO,370.1,451.53,37.06,20.12,entsoe.eu,false,
2022-03-27 04:00:00,Italy,North Italy,IT-NO,367.21,449.51,36.17,20.59,entsoe.eu,false,
2022-03-27 05:00:00,Italy,North Italy,IT-NO,342.8,422.94,39.56,25.03,entsoe.eu,false,
2022-03-27 06:00:00,Italy,North Italy,IT-NO,306.56,380.87,46.1,32.13,entsoe.eu,false,
2022-03-27 07:00:00,Italy,North Italy,IT-NO,289.19,363.29,47.78,37.26,entsoe.eu,false,
2022-03-27 08:00:00,Italy,North Italy,IT-NO,255.26,323.24,54.59,42.39,entsoe.eu,false,
2022-03-27 09:00:00,Italy,North Italy,IT-NO,243.19,310.3,56.16,45.75,entsoe.eu,false,
2022-03-27 10:00:00,Italy,North Italy,IT-NO,253.55,323.44,53.18,45.7,entsoe.eu,false,
2022-03-27 11:00:00,Italy,North Italy,IT-NO,237.04,304.48,56.34,49.49,entsoe.eu,false,
2022-03-27 12:00:00,Italy,North Italy,IT-NO,231.34,296.04,58.61,48.55,entsoe.eu,false,
2022-03-27 13:00:00,Italy,North Italy,IT-NO,239.66,305.75,57.14,45.05,entsoe.eu,false,
2022-03-27 14:00:00,Italy,North Italy,IT-NO,262.45,331.77,53.21,39.12,entsoe.eu,false,
2022-03-27 15:00:00,Italy,North Italy,IT-NO,289.37,363.52,47.94,30.87,entsoe.eu,false,
2022-03-27 16:00:00,Italy,North Italy,IT-NO,315.22,395.72,41.16,22.68,entsoe.eu,false,
2022-03-27 17:00:00,Italy,North Italy,IT-NO,333.91,410.9,42.93,31.97,entsoe.eu,false,
2022-03-27 18:00:00,Italy,North Italy,IT-NO,319.69,391.46,46.81,35.8,entsoe.eu,false,
2022-03-27 19:00:00,Italy,North Italy,IT-NO,362.61,441.43,39.64,32.07,entsoe.eu,false,
2022-03-27 20:00:00,Italy,North Italy,IT-NO,376.83,458.79,36.34,30.42,entsoe.eu,false,
2022-03-27 21:00:00,Italy,North Italy,IT-NO,386.82,479.84,27.22,20.66,entsoe.eu,false,
2022-03-27 22:00:00,Italy,North Italy,IT-NO,368.18,453.4,32.86,20.54,entsoe.eu,false,
2022-03-27 23:00:00,Italy,North Italy,IT-NO,373.33,456.55,33.56,16.66,entsoe.eu,false,
2022-03-28 00:00:00,Italy,North Italy,IT-NO,373.15,457.55,33.23,15.3,entsoe.eu,false,
2022-03-28 01:00:00,Italy,North Italy,IT-NO,370.84,455.84,32.83,15.15,entsoe.eu,false,
2022-03-28 02:00:00,Italy,North Italy,IT-NO,382.71,470.49,29.95,14.66,entsoe.eu,false,
2022-03-28 03:00:00,Italy,North Italy,IT-NO,389.79,484.64,24.7,13.07,entsoe.eu,false,
2022-03-28 04:00:00,Italy,North Italy,IT-NO,408.71,508.22,20.04,16.89,entsoe.eu,false,
2022-03-28 05:00:00,Italy,North Italy,IT-NO,372.04,466.15,25.22,22.05,entsoe.eu,false,
2022-03-28 06:00:00,Italy,North Italy,IT-NO,341.93,428.95,32.12,27.28,entsoe.eu,false,
2022-03-28 07:00:00,Italy,North Italy,IT-NO,328.7,413.39,34.94,30.46,entsoe.eu,false,
2022-03-28 08:00:00,Italy,North Italy,IT-NO,329.98,417.84,33.22,29.12,entsoe.eu,false,
2022-03-28 09:00:00,Italy,North Italy,IT-NO,324.64,413.78,32.85,27.53,entsoe.eu,false,
2022-03-28 10:00:00,Italy,North Italy,IT-NO,331.43,423.25,30.81,28.87,entsoe.eu,false,
2022-03-28 11:00:00,Italy,North Italy,IT-NO,312.3,398.12,36.13,30.21,entsoe.eu,false,
2022-03-28 12:00:00,Italy,North Italy,IT-NO,304.71,389.04,37.91,30.19,entsoe.eu,false,
2022-03-28 13:00:00,Italy,North Italy,IT-NO,303.95,387.86,38.34,29.49,entsoe.eu,false,
2022-03-28 14:00:00,Italy,North Italy,IT-NO,321.99,409.07,34.9,25.79,entsoe.eu,false,
2022-03-28 15:00:00,Italy,North Italy,IT-NO,345.26,434.48,30.56,21.36,entsoe.eu,false,
2022-03-28 16:00:00,Italy,North Italy,IT-NO,367.08,459.04,26.8,18.97,entsoe.eu,false,
2022-03-28 17:00:00,Italy,North Italy,IT-NO,336.73,420.51,34.49,24.14,entsoe.eu,false,
2022-03-28 18:00:00,Italy,North Italy,IT-NO,348.18,434.86,31.46,23.0,entsoe.eu,false,
2022-03-28 19:00:00,Italy,North Italy,IT-NO,378.63,475.5,22.93,17.69,entsoe.eu,false,
2022-03-28 20:00:00,Italy,North Italy,IT-NO,388.96,489.12,20.95,13.64,entsoe.eu,false,
2022-03-28 21:00:00,Italy,North Italy,IT-NO,405.51,507.62,18.45,12.68,entsoe.eu,false,
2022-03-28 22:00:00,Italy,North Italy,IT-NO,404.75,505.07,19.64,13.29,entsoe.eu,false,
2022-03-28 23:00:00,Italy,North Italy,IT-NO,397.17,493.22,22.87,13.31,entsoe.eu,false,
2022-03-29 00:00:00,Italy,North Italy,IT-NO,385.02,475.92,27.07,15.15,entsoe.eu,false,
2022-03-29 01:00:00,Italy,North Italy,IT-NO,379.86,470.08,28.18,15.07,entsoe.eu,false,
2022-03-29 02:00:00,Italy,North Italy,IT-NO,385.32,477.28,26.64,14.66,entsoe.eu,false,
2022-03-29 03:00:00,Italy,North Italy,IT-NO,405.04,506.03,19.93,12.64,entsoe.eu,false,
2022-03-29 04:00:00,Italy,North Italy,IT-NO,405.12,510.1,16.51,11.31,entsoe.eu,false,
2022-03-29 05:00:00,Italy,North Italy,IT-NO,364.03,459.67,24.63,18.07,entsoe.eu,false,
2022-03-29 06:00:00,Italy,North Italy,IT-NO,330.46,416.53,33.12,26.24,entsoe.eu,false,
2022-03-29 07:00:00,Italy,North Italy,IT-NO,326.96,413.65,33.06,27.13,entsoe.eu,false,
2022-03-29 08:00:00,Italy,North Italy,IT-NO,339.35,429.6,30.22,25.95,entsoe.eu,false,
2022-03-29 09:00:00,Italy,North Italy,IT-NO,343.89,435.14,29.46,26.23,entsoe.eu,false,
2022-03-29 10:00:00,Italy,North Italy,IT-NO,345.63,439.47,27.82,26.65,entsoe.eu,false,
2022-03-29 11:00:00,Italy,North Italy,IT-NO,345.77,438.4,28.16,26.95,entsoe.eu,false,
2022-03-29 12:00:00,Italy,North Italy,IT-NO,341.17,432.84,29.57,27.51,entsoe.eu,false,
2022-03-29 13:00:00,Italy,North Italy,IT-NO,346.39,438.33,28.49,25.28,entsoe.eu,false,
2022-03-29 14:00:00,Italy,North Italy,IT-NO,356.86,450.01,26.34,22.37,entsoe.eu,false,
2022-03-29 15:00:00,Italy,North Italy,IT-NO,380.71,478.52,21.34,18.27,entsoe.eu,false,
2022-03-29 16:00:00,Italy,North Italy,IT-NO,390.1,487.37,21.17,18.17,entsoe.eu,false,
2022-03-29 17:00:00,Italy,North Italy,IT-NO,369.73,463.57,25.01,19.69,entsoe.eu,false,
2022-03-29 18:00:00,Italy,North Italy,IT-NO,372.36,467.37,24.27,19.29,entsoe.eu,false,
2022-03-29 19:00:00,Italy,North Italy,IT-NO,406.86,509.54,16.69,13.82,entsoe.eu,false,
2022-03-29 20:00:00,Italy,North Italy,IT-NO,407.44,508.8,17.95,13.94,entsoe.eu,false,
2022-03-29 21:00:00,Italy,North Italy,IT-NO,423.98,528.58,14.83,12.68,entsoe.eu,false,
2022-03-29 22:00:00,Italy,North Italy,IT-NO,419.41,520.17,17.3,13.82,entsoe.eu,false,
2022-03-29 23:00:00,Italy,North Italy,IT-NO,406.6,501.73,22.52,17.2,entsoe.eu,false,
2022-03-30 00:00:00,Italy,North Italy,IT-NO,405.05,499.86,22.89,16.77,entsoe.eu,false,
2022-03-30 01:00:00,Italy,North Italy,IT-NO,407.85,502.69,21.95,15.75,entsoe.eu,false,
2022-03-30 02:00:00,Italy,North Italy,IT-NO,401.9,497.71,22.6,15.55,entsoe.eu,false,
2022-03-30 03:00:00,Italy,North Italy,IT-NO,400.18,499.62,20.03,13.07,entsoe.eu,false,
2022-03-30 04:00:00,Italy,North Italy,IT-NO,400.93,503.75,16.93,13.45,entsoe.eu,false,
2022-03-30 05:00:00,Italy,North Italy,IT-NO,374.21,471.51,21.3,16.02,entsoe.eu,false,
2022-03-30 06:00:00,Italy,North Italy,IT-NO,340.12,428.78,30.06,23.72,entsoe.eu,false,
2022-03-30 07:00:00,Italy,North Italy,IT-NO,322.6,404.58,35.97,30.38,entsoe.eu,false,
2022-03-30 08:00:00,Italy,North Italy,IT-NO,317.53,397.88,36.72,30.5,entsoe.eu,false,
2022-03-30 09:00:00,Italy,North Italy,IT-NO,323.32,405.5,35.29,29.57,entsoe.eu,false,
2022-03-30 10:00:00,Italy,North Italy,IT-NO,338.56,424.99,31.38,27.13,entsoe.eu,false,
2022-03-30 11:00:00,Italy,North Italy,IT-NO,337.59,426.47,29.77,24.55,entsoe.eu,false,
2022-03-30 12:00:00,Italy,North Italy,IT-NO,335.76,423.69,30.54,24.15,entsoe.eu,false,
2022-03-30 13:00:00,Italy,North Italy,IT-NO,335.31,423.21,30.72,23.7,entsoe.eu,false,
2022-03-30 14:00:00,Italy,North Italy,IT-NO,345.28,435.11,28.64,21.27,entsoe.eu,false,
2022-03-30 15:00:00,Italy,North Italy,IT-NO,347.94,438.31,28.18,21.97,entsoe.eu,false,
2022-03-30 16:00:00,Italy,North Italy,IT-NO,356.34,449.09,25.65,19.1,entsoe.eu,false,
2022-03-30 17:00:00,Italy,North Italy,IT-NO,347.47,436.81,29.01,23.51,entsoe.eu,false,
2022-03-30 18:00:00,Italy,North Italy,IT-NO,354.45,446.77,26.68,21.23,entsoe.eu,false,
2022-03-30 19:00:00,Italy,North Italy,IT-NO,381.93,481.63,19.53,13.84,entsoe.eu,false,
2022-03-30 20:00:00,Italy,North Italy,IT-NO,380.5,475.88,22.62,15.79,entsoe.eu,false,
2022-03-30 21:00:00,Italy,North Italy,IT-NO,406.73,508.37,16.87,14.56,entsoe.eu,false,
2022-03-30 22:00:00,Italy,North Italy,IT-NO,403.33,503.66,18.09,15.02,entsoe.eu,false,
2022-03-30 23:00:00,Italy,North Italy,IT-NO,403.58,502.88,18.21,15.71,entsoe.eu,false,
2022-03-31 00:00:00,Italy,North Italy,IT-NO,400.99,502.7,17.83,16.18,entsoe.eu,false,
2022-03-31 01:00:00,Italy,North Italy,IT-NO,396.5,502.25,17.01,16.52,entsoe.eu,false,
2022-03-31 02:00:00,Italy,North Italy,IT-NO,376.46,471.31,23.43,18.2,entsoe.eu,false,
2022-03-31 03:00:00,Italy,North Italy,IT-NO,376.46,472.59,23.08,17.57,entsoe.eu,false,
2022-03-31 04:00:00,Italy,North Italy,IT-NO,376.95,473.86,21.87,16.83,entsoe.eu,false,
2022-03-31 05:00:00,Italy,North Italy,IT-NO,363.03,456.18,25.56,21.21,entsoe.eu,false,
2022-03-31 06:00:00,Italy,North Italy,IT-NO,336.23,422.18,31.83,27.94,entsoe.eu,false,
2022-03-31 07:00:00,Italy,North Italy,IT-NO,329.69,414.99,32.61,28.02,entsoe.eu,false,
2022-03-31 08:00:00,Italy,North Italy,IT-NO,317.79,404.54,32.34,26.22,entsoe.eu,false,
2022-03-31 09:00:00,Italy,North Italy,IT-NO,318.59,405.72,32.28,26.31,entsoe.eu,false,
2022-03-31 10:00:00,Italy,North Italy,IT-NO,344.4,436.94,26.74,22.61,entsoe.eu,false,
2022-03-31 11:00:00,Italy,North Italy,IT-NO,344.56,437.49,26.34,21.35,entsoe.eu,false,
2022-03-31 12:00:00,Italy,North Italy,IT-NO,342.36,433.65,27.54,21.61,entsoe.eu,false,
2022-03-31 13:00:00,Italy,North Italy,IT-NO,343.24,434.17,27.48,21.79,entsoe.eu,false,
2022-03-31 14:00:00,Italy,North Italy,IT-NO,342.54,432.93,27.78,21.43,entsoe.eu,false,
2022-03-31 15:00:00,Italy,North Italy,IT-NO,357.31,450.81,24.46,17.35,entsoe.eu,false,
2022-03-31 16:00:00,Italy,North Italy,IT-NO,366.55,461.29,22.97,16.94,entsoe.eu,false,
2022-03-31 17:00:00,Italy,North Italy,IT-NO,358.37,449.9,26.15,19.74,entsoe.eu,false,
2022-03-31 18:00:00,Italy,North Italy,IT-NO,368.98,462.03,25.31,20.97,entsoe.eu,false,
2022-03-31 19:00:00,Italy,North Italy,IT-NO,397.0,495.82,19.45,17.75,entsoe.eu,false,
2022-03-31 20:00:00,Italy,North Italy,IT-NO,397.27,497.84,17.84,15.81,entsoe.eu,false,
2022-03-31 21:00:00,Italy,North Italy,IT-NO,410.18,514.0,15.1,13.47,entsoe.eu,false,
2022-03-31 22:00:00,Italy,North Italy,IT-NO,401.08,502.75,17.59,15.41,entsoe.eu,false,
2022-03-31 23:00:00,Italy,North Italy,IT-NO,392.91,494.04,19.44,17.33,entsoe.eu,false,
2022-04-01 00:00:00,Italy,North Italy,IT-NO,393.23,491.17,19.91,18.42,entsoe.eu,false,
2022-04-01 01:00:00,Italy,North Italy,IT-NO,388.48,485.52,20.49,18.4,entsoe.eu,false,
2022-04-01 02:00:00,Italy,North Italy,IT-NO,382.59,478.61,21.78,18.96,entsoe.eu,false,
2022-04-01 03:00:00,Italy,North Italy,IT-NO,381.03,479.5,21.63,18.3,entsoe.eu,false,
2022-04-01 04:00:00,Italy,North Italy,IT-NO,371.54,464.98,23.84,19.66,entsoe.eu,false,
2022-04-01 05:00:00,Italy,North Italy,IT-NO,356.77,445.94,27.33,24.25,entsoe.eu,false,
2022-04-01 06:00:00,Italy,North Italy,IT-NO,329.67,410.53,34.98,32.52,entsoe.eu,false,
2022-04-01 07:00:00,Italy,North Italy,IT-NO,307.21,386.67,37.99,34.22,entsoe.eu,false,
2022-04-01 08:00:00,Italy,North Italy,IT-NO,304.95,383.75,38.13,34.53,entsoe.eu,false,
2022-04-01 09:00:00,Italy,North Italy,IT-NO,305.27,385.41,37.23,34.34,entsoe.eu,false,
2022-04-01 10:00:00,Italy,North Italy,IT-NO,321.06,408.14,32.0,30.64,entsoe.eu,false,
2022-04-01 11:00:00,Italy,North Italy,IT-NO,333.98,424.31,28.41,26.63,entsoe.eu,false,
2022-04-01 12:00:00,Italy,North Italy,IT-NO,344.07,435.18,26.7,24.2,entsoe.eu,false,
2022-04-01 13:00:00,Italy,North Italy,IT-NO,342.67,434.04,27.45,24.56,entsoe.eu,false,
2022-04-01 14:00:00,Italy,North Italy,IT-NO,334.9,423.57,29.58,25.3,entsoe.eu,false,
2022-04-01 15:00:00,Italy,North Italy,IT-NO,353.01,445.6,25.64,21.47,entsoe.eu,false,
2022-04-01 16:00:00,Italy,North Italy,IT-NO,363.05,457.03,23.64,20.05,entsoe.eu,false,
2022-04-01 17:00:00,Italy,North Italy,IT-NO,356.37,449.41,25.26,20.91,entsoe.eu,false,
2022-04-01 18:00:00,Italy,North Italy,IT-NO,352.96,444.63,26.16,21.7,entsoe.eu,false,
2022-04-01 19:00:00,Italy,North Italy,IT-NO,374.32,469.6,23.18,20.12,entsoe.eu,false,
2022-04-01 20:00:00,Italy,North Italy,IT-NO,388.16,484.0,21.77,18.77,entsoe.eu,false,
2022-04-01 21:00:00,Italy,North Italy,IT-NO,394.37,492.47,20.12,17.73,entsoe.eu,false,
2022-04-01 22:00:00,Italy,North Italy,IT-NO,371.74,460.8,26.91,21.69,entsoe.eu,false,
2022-04-01 23:00:00,Italy,North Italy,IT-NO,370.73,458.69,27.81,21.5,entsoe.eu,false,
2022-04-02 00:00:00,Italy,North Italy,IT-NO,364.65,451.4,29.45,23.67,entsoe.eu,false,
2022-04-02 01:00:00,Italy,North Italy,IT-NO,363.85,449.34,30.22,23.05,entsoe.eu,false,
2022-04-02 02:00:00,Italy,North Italy,IT-NO,364.33,449.83,30.38,22.83,entsoe.eu,false,
2022-04-02 03:00:00,Italy,North Italy,IT-NO,367.59,454.39,29.75,22.82,entsoe.eu,false,
2022-04-02 04:00:00,Italy,North Italy,IT-NO,358.12,440.44,32.46,23.22,entsoe.eu,false,
2022-04-02 05:00:00,Italy,North Italy,IT-NO,327.1,404.81,38.78,31.92,entsoe.eu,false,
2022-04-02 06:00:00,Italy,North Italy,IT-NO,299.05,372.44,44.27,38.04,entsoe.eu,false,
2022-04-02 07:00:00,Italy,North Italy,IT-NO,272.21,340.64,48.6,43.5,entsoe.eu,false,
2022-04-02 08:00:00,Italy,North Italy,IT-NO,258.71,324.84,51.47,47.5,entsoe.eu,false,
2022-04-02 09:00:00,Italy,North Italy,IT-NO,273.29,345.61,47.33,43.95,entsoe.eu,false,
2022-04-02 10:00:00,Italy,North Italy,IT-NO,293.21,366.88,44.22,42.25,entsoe.eu,false,
2022-04-02 11:00:00,Italy,North Italy,IT-NO,297.35,375.26,40.86,38.41,entsoe.eu,false,
2022-04-02 12:00:00,Italy,North Italy,IT-NO,297.44,375.42,40.34,37.37,entsoe.eu,false,
2022-04-02 13:00:00,Italy,North Italy,IT-NO,314.23,396.1,36.45,33.29,entsoe.eu,false,
2022-04-02 14:00:00,Italy,North Italy,IT-NO,321.86,404.74,35.56,31.55,entsoe.eu,false,
2022-04-02 15:00:00,Italy,North Italy,IT-NO,342.3,431.68,31.09,27.42,entsoe.eu,false,
2022-04-02 16:00:00,Italy,North Italy,IT-NO,334.09,420.3,33.29,29.5,entsoe.eu,false,
2022-04-02 17:00:00,Italy,North Italy,IT-NO,333.59,416.41,34.87,30.37,entsoe.eu,false,
2022-04-02 18:00:00,Italy,North Italy,IT-NO,324.8,402.22,39.58,35.05,entsoe.eu,false,
2022-04-02 19:00:00,Italy,North Italy,IT-NO,351.72,436.08,31.98,27.16,entsoe.eu,false,
2022-04-02 20:00:00,Italy,North Italy,IT-NO,375.81,469.44,25.15,21.96,entsoe.eu,false,
2022-04-02 21:00:00,Italy,North Italy,IT-NO,393.16,487.01,22.57,20.91,entsoe.eu,false,
2022-04-02 22:00:00,Italy,North Italy,IT-NO,375.98,465.11,27.02,23.98,entsoe.eu,false,
2022-04-02 23:00:00,Italy,North Italy,IT-NO,376.69,467.57,25.51,21.86,entsoe.eu,false,
2022-04-03 00:00:00,Italy,North Italy,IT-NO,378.65,470.71,24.85,21.68,entsoe.eu,false,
2022-04-03 01:00:00,Italy,North Italy,IT-NO,378.33,469.15,24.89,21.42,entsoe.eu,false,
2022-04-03 02:00:00,Italy,North Italy,IT-NO,383.04,475.47,24.25,20.99,entsoe.eu,false,
2022-04-03 03:00:00,Italy,North Italy,IT-NO,383.4,474.37,25.27,21.8,entsoe.eu,false,
2022-04-03 04:00:00,Italy,North Italy,IT-NO,374.97,462.8,27.71,23.43,entsoe.eu,false,
2022-04-03 05:00:00,Italy,North Italy,IT-NO,364.51,453.28,28.71,24.84,entsoe.eu,false,
2022-04-03 06:00:00,Italy,North Italy,IT-NO,334.41,418.72,34.28,31.43,entsoe.eu,false,
2022-04-03 07:00:00,Italy,North Italy,IT-NO,303.98,384.64,39.16,36.83,entsoe.eu,false,
2022-04-03 08:00:00,Italy,North Italy,IT-NO,292.1,371.45,41.17,38.62,entsoe.eu,false,
2022-04-03 09:00:00,Italy,North Italy,IT-NO,289.73,369.69,41.46,39.35,entsoe.eu,false,
2022-04-03 10:00:00,Italy,North Italy,IT-NO,295.57,375.81,40.38,39.05,entsoe.eu,false,
2022-04-03 11:00:00,Italy,North Italy,IT-NO,283.03,361.85,43.16,41.96,entsoe.eu,false,
2022-04-03 12:00:00,Italy,North Italy,IT-NO,294.03,373.12,40.86,39.49,entsoe.eu,false,
2022-04-03 13:00:00,Italy,North Italy,IT-NO,305.44,386.58,39.1,36.63,entsoe.eu,false,
2022-04-03 14:00:00,Italy,North Italy,IT-NO,324.69,407.67,35.69,33.25,entsoe.eu,false,
2022-04-03 15:00:00,Italy,North Italy,IT-NO,344.47,431.08,31.19,26.62,entsoe.eu,false,
2022-04-03 16:00:00,Italy,North Italy,IT-NO,352.5,439.83,29.78,24.45,entsoe.eu,false,
2022-04-03 17:00:00,Italy,North Italy,IT-NO,335.64,419.57,33.27,26.05,entsoe.eu,false,
2022-04-03 18:00:00,Italy,North Italy,IT-NO,319.5,399.27,37.68,31.57,entsoe.eu,false,
2022-04-03 19:00:00,Italy,North Italy,IT-NO,347.33,433.95,30.86,24.64,entsoe.eu,false,
2022-04-03 20:00:00,Italy,North Italy,IT-NO,382.18,476.71,23.49,19.32,entsoe.eu,false,
2022-04-03 21:00:00,Italy,North Italy,IT-NO,414.17,515.59,16.93,15.03,entsoe.eu,false,
2022-04-03 22:00:00,Italy,North Italy,IT-NO,416.37,519.81,14.87,12.62,entsoe.eu,false,
2022-04-03 23:00:00,Italy,North Italy,IT-NO,422.47,527.17,14.41,12.28,entsoe.eu,false,
2022-04-04 00:00:00,Italy,North Italy,IT-NO,424.21,527.67,14.57,12.35,entsoe.eu,false,
2022-04-04 01:00:00,Italy,North Italy,IT-NO,424.44,529.12,13.99,11.95,entsoe.eu,false,
2022-04-04 02:00:00,Italy,North Italy,IT-NO,421.19,527.02,13.51,11.59,entsoe.eu,false,
2022-04-04 03:00:00,Italy,North Italy,IT-NO,421.28,528.33,12.99,11.31,entsoe.eu,false,
2022-04-04 04:00:00,Italy,North Italy,IT-NO,393.38,494.32,17.93,15.42,entsoe.eu,false,
2022-04-04 05:00:00,Italy,North Italy,IT-NO,366.43,461.87,23.02,20.3,entsoe.eu,false,
2022-04-04 06:00:00,Italy,North Italy,IT-NO,334.64,421.2,31.42,28.15,entsoe.eu,false,
2022-04-04 07:00:00,Italy,North Italy,IT-NO,328.58,412.08,35.08,32.48,entsoe.eu,false,
2022-04-04 08:00:00,Italy,North Italy,IT-NO,319.24,405.62,33.21,29.39,entsoe.eu,false,
2022-04-04 09:00:00,Italy,North Italy,IT-NO,322.59,411.85,31.32,26.8,entsoe.eu,false,
2022-04-04 10:00:00,Italy,North Italy,IT-NO,335.69,428.49,28.53,26.49,entsoe.eu,false,
2022-04-04 11:00:00,Italy,North Italy,IT-NO,343.21,437.4,26.73,24.48,entsoe.eu,false,
2022-04-04 12:00:00,Italy,North Italy,IT-NO,325.23,415.55,30.57,26.13,entsoe.eu,false,
2022-04-04 13:00:00,Italy,North Italy,IT-NO,328.25,418.83,30.11,24.99,entsoe.eu,false,
2022-04-04 14:00:00,Italy,North Italy,IT-NO,327.76,417.39,30.55,24.11,entsoe.eu,false,
2022-04-04 15:00:00,Italy,North Italy,IT-NO,333.56,424.66,29.27,21.8,entsoe.eu,false,
2022-04-04 16:00:00,Italy,North Italy,IT-NO,358.35,454.94,23.32,16.95,entsoe.eu,false,
2022-04-04 17:00:00,Italy,North Italy,IT-NO,335.79,426.24,29.08,22.01,entsoe.eu,false,
2022-04-04 18:00:00,Italy,North Italy,IT-NO,340.94,430.49,29.5,23.02,entsoe.eu,false,
2022-04-04 19:00:00,Italy,North Italy,IT-NO,359.18,455.11,23.43,16.92,entsoe.eu,false,
2022-04-04 20:00:00,Italy,North Italy,IT-NO,384.96,487.18,17.83,12.61,entsoe.eu,false,
2022-04-04 21:00:00,Italy,North Italy,IT-NO,422.71,532.07,11.17,10.41,entsoe.eu,false,
2022-04-04 22:00:00,Italy,North Italy,IT-NO,422.61,535.25,9.14,8.67,entsoe.eu,false,
2022-04-04 23:00:00,Italy,North Italy,IT-NO,421.27,533.5,9.65,9.28,entsoe.eu,false,
2022-04-05 00:00:00,Italy,North Italy,IT-NO,420.56,533.09,9.49,9.04,entsoe.eu,false,
2022-04-05 01:00:00,Italy,North Italy,IT-NO,420.56,533.06,9.69,9.34,entsoe.eu,false,
2022-04-05 02:00:00,Italy,North Italy,IT-NO,409.21,518.95,12.3,10.28,entsoe.eu,false,
2022-04-05 03:00:00,Italy,North Italy,IT-NO,416.94,528.17,10.56,9.57,entsoe.eu,false,
2022-04-05 04:00:00,Italy,North Italy,IT-NO,397.17,502.01,15.63,13.6,entsoe.eu,false,
2022-04-05 05:00:00,Italy,North Italy,IT-NO,358.12,454.01,23.6,20.47,entsoe.eu,false,
2022-04-05 06:00:00,Italy,North Italy,IT-NO,337.09,424.72,31.2,28.77,entsoe.eu,false,
2022-04-05 07:00:00,Italy,North Italy,IT-NO,326.58,413.78,31.89,29.7,entsoe.eu,false,
2022-04-05 08:00:00,Italy,North Italy,IT-NO,331.34,420.7,29.69,28.15,entsoe.eu,false,
2022-04-05 09:00:00,Italy,North Italy,IT-NO,325.44,415.25,30.72,29.77,entsoe.eu,false,
2022-04-05 10:00:00,Italy,North Italy,IT-NO,318.6,407.57,32.25,31.43,entsoe.eu,false,
2022-04-05 11:00:00,Italy,North Italy,IT-NO,318.49,406.8,32.6,31.67,entsoe.eu,false,
2022-04-05 12:00:00,Italy,North Italy,IT-NO,323.62,412.38,31.37,30.21,entsoe.eu,false,
2022-04-05 13:00:00,Italy,North Italy,IT-NO,329.54,419.14,30.42,29.19,entsoe.eu,false,
2022-04-05 14:00:00,Italy,North Italy,IT-NO,347.89,441.14,26.78,25.37,entsoe.eu,false,
2022-04-05 15:00:00,Italy,North Italy,IT-NO,361.23,456.34,24.39,22.15,entsoe.eu,false,
2022-04-05 16:00:00,Italy,North Italy,IT-NO,370.99,468.52,21.95,17.66,entsoe.eu,false,
2022-04-05 17:00:00,Italy,North Italy,IT-NO,346.76,438.57,27.69,21.31,entsoe.eu,false,
2022-04-05 18:00:00,Italy,North Italy,IT-NO,337.59,426.46,30.01,23.66,entsoe.eu,false,
2022-04-05 19:00:00,Italy,North Italy,IT-NO,365.54,461.69,22.85,17.59,entsoe.eu,false,
2022-04-05 20:00:00,Italy,North Italy,IT-NO,396.56,499.41,16.86,13.7,entsoe.eu,false,
2022-04-05 21:00:00,Italy,North Italy,IT-NO,415.87,523.81,12.45,11.21,entsoe.eu,false,
2022-04-05 22:00:00,Italy,North Italy,IT-NO,411.27,520.59,11.56,9.56,entsoe.eu,false,
2022-04-05 23:00:00,Italy,North Italy,IT-NO,402.79,508.79,13.62,10.15,entsoe.eu,false,
2022-04-06 00:00:00,Italy,North Italy,IT-NO,396.68,500.38,15.47,10.88,entsoe.eu,false,
2022-04-06 01:00:00,Italy,North Italy,IT-NO,386.7,487.56,18.23,11.55,entsoe.eu,false,
2022-04-06 02:00:00,Italy,North Italy,IT-NO,383.28,484.55,18.74,11.61,entsoe.eu,false,
2022-04-06 03:00:00,Italy,North Italy,IT-NO,393.27,498.53,15.76,10.52,entsoe.eu,false,
2022-04-06 04:00:00,Italy,North Italy,IT-NO,385.06,488.94,17.22,12.73,entsoe.eu,false,
2022-04-06 05:00:00,Italy,North Italy,IT-NO,350.43,445.41,25.21,20.79,entsoe.eu,false,
2022-04-06 06:00:00,Italy,North Italy,IT-NO,336.72,426.99,29.79,27.07,entsoe.eu,false,
2022-04-06 07:00:00,Italy,North Italy,IT-NO,325.16,415.6,30.38,27.57,entsoe.eu,false,
2022-04-06 08:00:00,Italy,North Italy,IT-NO,329.04,419.65,29.23,27.05,entsoe.eu,false,
2022-04-06 09:00:00,Italy,North Italy,IT-NO,333.71,426.5,27.73,26.15,entsoe.eu,false,
2022-04-06 10:00:00,Italy,North Italy,IT-NO,335.31,429.94,26.51,25.65,entsoe.eu,false,
2022-04-06 11:00:00,Italy,North Italy,IT-NO,328.35,420.78,28.5,27.34,entsoe.eu,false,
2022-04-06 12:00:00,Italy,North Italy,IT-NO,316.03,406.19,30.66,27.66,entsoe.eu,false,
2022-04-06 13:00:00,Italy,North Italy,IT-NO,305.02,391.35,33.47,26.45,entsoe.eu,false,
2022-04-06 14:00:00,Italy,North Italy,IT-NO,309.57,396.21,32.91,24.18,entsoe.eu,false,
2022-04-06 15:00:00,Italy,North Italy,IT-NO,326.54,416.17,29.71,21.08,entsoe.eu,false,
2022-04-06 16:00:00,Italy,North Italy,IT-NO,343.14,434.93,26.91,18.48,entsoe.eu,false,
2022-04-06 17:00:00,Italy,North Italy,IT-NO,335.04,422.36,30.97,22.94,entsoe.eu,false,
2022-04-06 18:00:00,Italy,North Italy,IT-NO,328.07,414.31,32.24,24.51,entsoe.eu,false,
2022-04-06 19:00:00,Italy,North Italy,IT-NO,352.32,445.72,25.04,16.77,entsoe.eu,false,
2022-04-06 20:00:00,Italy,North Italy,IT-NO,356.0,451.22,24.24,15.32,entsoe.eu,false,
2022-04-06 21:00:00,Italy,North Italy,IT-NO,381.61,483.92,17.84,12.52,entsoe.eu,false,
2022-04-06 22:00:00,Italy,North Italy,IT-NO,322.26,408.48,33.54,20.6,entsoe.eu,false,
2022-04-06 23:00:00,Italy,North Italy,IT-NO,312.45,395.41,36.4,21.93,entsoe.eu,false,
2022-04-07 00:00:00,Italy,North Italy,IT-NO,310.83,392.63,37.6,22.63,entsoe.eu,false,
2022-04-07 01:00:00,Italy,North Italy,IT-NO,312.81,395.01,37.61,23.62,entsoe.eu,false,
2022-04-07 02:00:00,Italy,North Italy,IT-NO,315.27,398.18,37.4,24.0,entsoe.eu,false,
2022-04-07 03:00:00,Italy,North Italy,IT-NO,320.2,404.57,35.56,22.48,entsoe.eu,false,
2022-04-07 04:00:00,Italy,North Italy,IT-NO,330.01,416.34,31.81,20.27,entsoe.eu,false,
2022-04-07 05:00:00,Italy,North Italy,IT-NO,329.93,416.42,32.03,22.89,entsoe.eu,false,
2022-04-07 06:00:00,Italy,North Italy,IT-NO,298.29,376.47,40.36,32.87,entsoe.eu,false,
2022-04-07 07:00:00,Italy,North Italy,IT-NO,281.21,356.91,43.28,36.39,entsoe.eu,false,
2022-04-07 08:00:00,Italy,North Italy,IT-NO,278.9,359.1,40.54,33.36,entsoe.eu,false,
2022-04-07 09:00:00,Italy,North Italy,IT-NO,275.87,355.64,41.41,35.23,entsoe.eu,false,
2022-04-07 10:00:00,Italy,North Italy,IT-NO,250.15,325.11,47.06,40.5,entsoe.eu,false,
2022-04-07 11:00:00,Italy,North Italy,IT-NO,230.03,299.66,51.96,43.3,entsoe.eu,false,
2022-04-07 12:00:00,Italy,North Italy,IT-NO,239.72,311.8,49.56,40.7,entsoe.eu,false,
2022-04-07 13:00:00,Italy,North Italy,IT-NO,244.24,316.74,48.8,39.05,entsoe.eu,false,
2022-04-07 14:00:00,Italy,North Italy,IT-NO,257.14,332.22,46.22,36.01,entsoe.eu,false,
2022-04-07 15:00:00,Italy,North Italy,IT-NO,280.04,358.12,41.71,30.89,entsoe.eu,false,
2022-04-07 16:00:00,Italy,North Italy,IT-NO,297.36,378.47,38.39,27.12,entsoe.eu,false,
2022-04-07 17:00:00,Italy,North Italy,IT-NO,311.22,394.13,36.49,25.78,entsoe.eu,false,
2022-04-07 18:00:00,Italy,North Italy,IT-NO,307.75,390.47,36.88,25.95,entsoe.eu,false,
2022-04-07 19:00:00,Italy,North Italy,IT-NO,337.73,427.31,30.67,22.73,entsoe.eu,false,
2022-04-07 20:00:00,Italy,North Italy,IT-NO,325.54,413.66,32.75,22.6,entsoe.eu,false,
2022-04-07 21:00:00,Italy,North Italy,IT-NO,319.14,404.75,34.87,23.55,entsoe.eu,false,
2022-04-07 22:00:00,Italy,North Italy,IT-NO,283.01,358.2,44.59,28.77,entsoe.eu,false,
2022-04-07 23:00:00,Italy,North Italy,IT-NO,274.94,348.56,46.25,28.92,entsoe.eu,false,
2022-04-08 00:00:00,Italy,North Italy,IT-NO,273.87,347.96,46.0,29.5,entsoe.eu,false,
2022-04-08 01:00:00,Italy,North Italy,IT-NO,272.45,346.84,46.29,29.6,entsoe.eu,false,
2022-04-08 02:00:00,Italy,North Italy,IT-NO,281.87,357.77,44.6,28.34,entsoe.eu,false,
2022-04-08 03:00:00,Italy,North Italy,IT-NO,293.69,370.35,42.17,25.59,entsoe.eu,false,
2022-04-08 04:00:00,Italy,North Italy,IT-NO,306.08,387.07,37.63,24.08,entsoe.eu,false,
2022-04-08 05:00:00,Italy,North Italy,IT-NO,301.99,382.81,37.44,25.91,entsoe.eu,false,
2022-04-08 06:00:00,Italy,North Italy,IT-NO,282.99,361.17,41.09,31.59,entsoe.eu,false,
2022-04-08 07:00:00,Italy,North Italy,IT-NO,273.51,348.83,43.15,35.38,entsoe.eu,false,
2022-04-08 08:00:00,Italy,North Italy,IT-NO,270.56,346.98,43.3,36.81,entsoe.eu,false,
2022-04-08 09:00:00,Italy,North Italy,IT-NO,256.57,332.07,45.48,38.31,entsoe.eu,false,
2022-04-08 10:00:00,Italy,North Italy,IT-NO,254.37,330.83,45.63,39.22,entsoe.eu,false,
2022-04-08 11:00:00,Italy,North Italy,IT-NO,253.91,328.51,46.29,39.12,entsoe.eu,false,
2022-04-08 12:00:00,Italy,North Italy,IT-NO,252.56,326.17,46.9,38.18,entsoe.eu,false,
2022-04-08 13:00:00,Italy,North Italy,IT-NO,253.82,326.4,47.74,38.24,entsoe.eu,false,
2022-04-08 14:00:00,Italy,North Italy,IT-NO,255.19,327.73,47.92,37.73,entsoe.eu,false,
2022-04-08 15:00:00,Italy,North Italy,IT-NO,280.16,356.8,42.25,31.38,entsoe.eu,false,
2022-04-08 16:00:00,Italy,North Italy,IT-NO,299.5,379.26,38.24,27.16,entsoe.eu,false,
2022-04-08 17:00:00,Italy,North Italy,IT-NO,301.91,382.24,38.3,26.49,entsoe.eu,false,
2022-04-08 18:00:00,Italy,North Italy,IT-NO,300.23,377.02,40.13,28.92,entsoe.eu,false,
2022-04-08 19:00:00,Italy,North Italy,IT-NO,315.42,398.88,35.55,23.28,entsoe.eu,false,
2022-04-08 20:00:00,Italy,North Italy,IT-NO,315.5,396.57,37.08,23.78,entsoe.eu,false,
2022-04-08 21:00:00,Italy,North Italy,IT-NO,333.07,419.9,32.33,20.44,entsoe.eu,false,
2022-04-08 22:00:00,Italy,North Italy,IT-NO,298.87,377.33,41.5,25.87,entsoe.eu,false,
2022-04-08 23:00:00,Italy,North Italy,IT-NO,299.21,376.72,41.86,26.18,entsoe.eu,false,
2022-04-09 00:00:00,Italy,North Italy,IT-NO,302.09,380.66,41.65,26.93,entsoe.eu,false,
2022-04-09 01:00:00,Italy,North Italy,IT-NO,307.71,387.56,40.53,26.63,entsoe.eu,false,
2022-04-09 02:00:00,Italy,North Italy,IT-NO,311.97,394.21,38.66,25.03,entsoe.eu,false,
2022-04-09 03:00:00,Italy,North Italy,IT-NO,307.33,387.66,39.74,25.34,entsoe.eu,false,
2022-04-09 04:00:00,Italy,North Italy,IT-NO,308.45,389.47,38.13,23.3,entsoe.eu,false,
2022-04-09 05:00:00,Italy,North Italy,IT-NO,299.82,380.97,39.09,25.68,entsoe.eu,false,
2022-04-09 06:00:00,Italy,North Italy,IT-NO,269.09,344.17,45.39,33.78,entsoe.eu,false,
2022-04-09 07:00:00,Italy,North Italy,IT-NO,253.26,325.75,48.3,38.67,entsoe.eu,false,
2022-04-09 08:00:00,Italy,North Italy,IT-NO,245.47,317.76,49.65,43.1,entsoe.eu,false,
2022-04-09 09:00:00,Italy,North Italy,IT-NO,220.25,287.51,55.64,50.69,entsoe.eu,false,
2022-04-09 10:00:00,Italy,North Italy,IT-NO,210.52,275.61,57.83,54.08,entsoe.eu,false,
2022-04-09 11:00:00,Italy,North Italy,IT-NO,203.91,268.4,58.64,55.21,entsoe.eu,false,
2022-04-09 12:00:00,Italy,North Italy,IT-NO,209.83,274.51,57.88,53.97,entsoe.eu,false,
2022-04-09 13:00:00,Italy,North Italy,IT-NO,224.74,291.33,55.43,49.51,entsoe.eu,false,
2022-04-09 14:00:00,Italy,North Italy,IT-NO,241.6,311.99,52.01,43.71,entsoe.eu,false,
2022-04-09 15:00:00,Italy,North Italy,IT-NO,265.28,340.89,46.4,35.97,entsoe.eu,false,
2022-04-09 16:00:00,Italy,North Italy,IT-NO,269.98,345.33,45.4,32.72,entsoe.eu,false,
2022-04-09 17:00:00,Italy,North Italy,IT-NO,275.47,350.8,44.97,31.96,entsoe.eu,false,
2022-04-09 18:00:00,Italy,North Italy,IT-NO,271.06,344.38,46.08,33.82,entsoe.eu,false,
2022-04-09 19:00:00,Italy,North Italy,IT-NO,300.08,379.27,40.55,31.61,entsoe.eu,false,
2022-04-09 20:00:00,Italy,North Italy,IT-NO,332.06,417.79,34.48,28.3,entsoe.eu,false,
2022-04-09 21:00:00,Italy,North Italy,IT-NO,360.08,451.09,29.41,25.88,entsoe.eu,false,
2022-04-09 22:00:00,Italy,North Italy,IT-NO,344.75,430.67,33.61,29.88,entsoe.eu,false,
2022-04-09 23:00:00,Italy,North Italy,IT-NO,347.35,435.08,32.69,28.65,entsoe.eu,false,
2022-04-10 00:00:00,Italy,North Italy,IT-NO,351.0,439.44,32.08,28.4,entsoe.eu,false,
2022-04-10 01:00:00,Italy,North Italy,IT-NO,354.21,443.6,31.34,27.03,entsoe.eu,false,
2022-04-10 02:00:00,Italy,North Italy,IT-NO,355.52,444.33,31.64,27.85,entsoe.eu,false,
2022-04-10 03:00:00,Italy,North Italy,IT-NO,345.43,433.16,33.1,28.56,entsoe.eu,false,
2022-04-10 04:00:00,Italy,North Italy,IT-NO,330.11,413.54,36.6,29.71,entsoe.eu,false,
2022-04-10 05:00:00,Italy,North Italy,IT-NO,323.77,405.97,37.33,32.13,entsoe.eu,false,
2022-04-10 06:00:00,Italy,North Italy,IT-NO,280.61,356.96,44.99,41.51,entsoe.eu,false,
2022-04-10 07:00:00,Italy,North Italy,IT-NO,244.31,316.39,51.18,48.38,entsoe.eu,false,
2022-04-10 08:00:00,Italy,North Italy,IT-NO,196.18,258.27,61.72,57.81,entsoe.eu,false,
2022-04-10 09:00:00,Italy,North Italy,IT-NO,179.93,239.95,64.87,61.26,entsoe.eu,false,
2022-04-10 10:00:00,Italy,North Italy,IT-NO,174.29,232.8,66.57,63.94,entsoe.eu,false,
2022-04-10 11:00:00,Italy,North Italy,IT-NO,166.48,222.14,69.12,66.58,entsoe.eu,false,
2022-04-10 12:00:00,Italy,North Italy,IT-NO,171.42,226.62,68.97,65.67,entsoe.eu,false,
2022-04-10 13:00:00,Italy,North Italy,IT-NO,188.18,245.84,65.61,60.96,entsoe.eu,false,
2022-04-10 14:00:00,Italy,North Italy,IT-NO,203.24,263.79,62.66,56.96,entsoe.eu,false,
2022-04-10 15:00:00,Italy,North Italy,IT-NO,227.35,292.13,57.97,48.95,entsoe.eu,false,
2022-04-10 16:00:00,Italy,North Italy,IT-NO,271.04,340.36,49.57,36.52,entsoe.eu,false,
2022-04-10 17:00:00,Italy,North Italy,IT-NO,301.33,376.83,43.88,33.11,entsoe.eu,false,
2022-04-10 18:00:00,Italy,North Italy,IT-NO,294.0,367.19,45.86,33.97,entsoe.eu,false,
2022-04-10 19:00:00,Italy,North Italy,IT-NO,309.1,384.84,42.95,29.52,entsoe.eu,false,
2022-04-10 20:00:00,Italy,North Italy,IT-NO,334.56,416.77,37.1,25.08,entsoe.eu,false,
2022-04-10 21:00:00,Italy,North Italy,IT-NO,325.42,404.42,39.87,26.3,entsoe.eu,false,
2022-04-10 22:00:00,Italy,North Italy,IT-NO,345.12,428.42,35.6,22.64,entsoe.eu,false,
2022-04-10 23:00:00,Italy,North Italy,IT-NO,325.91,401.67,41.74,24.22,entsoe.eu,false,
2022-04-11 00:00:00,Italy,North Italy,IT-NO,320.93,395.24,43.29,25.35,entsoe.eu,false,
2022-04-11 01:00:00,Italy,North Italy,IT-NO,307.07,378.79,46.23,25.45,entsoe.eu,false,
2022-04-11 02:00:00,Italy,North Italy,IT-NO,312.35,386.49,44.02,23.49,entsoe.eu,false,
2022-04-11 03:00:00,Italy,North Italy,IT-NO,332.29,412.0,38.1,20.22,entsoe.eu,false,
2022-04-11 04:00:00,Italy,North Italy,IT-NO,355.5,438.86,34.61,26.25,entsoe.eu,false,
2022-04-11 05:00:00,Italy,North Italy,IT-NO,328.06,403.05,41.73,35.55,entsoe.eu,false,
2022-04-11 06:00:00,Italy,North Italy,IT-NO,317.49,393.17,41.98,37.05,entsoe.eu,false,
2022-04-11 07:00:00,Italy,North Italy,IT-NO,293.91,371.54,42.15,34.15,entsoe.eu,false,
2022-04-11 08:00:00,Italy,North Italy,IT-NO,264.64,335.97,48.87,39.32,entsoe.eu,false,
2022-04-11 09:00:00,Italy,North Italy,IT-NO,262.6,336.61,47.71,40.33,entsoe.eu,false,
2022-04-11 10:00:00,Italy,North Italy,IT-NO,252.8,324.39,50.32,43.12,entsoe.eu,false,
2022-04-11 11:00:00,Italy,North Italy,IT-NO,233.32,300.93,54.72,46.26,entsoe.eu,false,
2022-04-11 12:00:00,Italy,North Italy,IT-NO,237.61,306.08,53.84,44.71,entsoe.eu,false,
2022-04-11 13:00:00,Italy,North Italy,IT-NO,243.08,311.75,52.96,42.5,entsoe.eu,false,
2022-04-11 14:00:00,Italy,North Italy,IT-NO,256.35,328.5,49.87,38.16,entsoe.eu,false,
2022-04-11 15:00:00,Italy,North Italy,IT-NO,291.33,369.8,42.03,30.58,entsoe.eu,false,
2022-04-11 16:00:00,Italy,North Italy,IT-NO,330.48,415.02,35.17,25.19,entsoe.eu,false,
2022-04-11 17:00:00,Italy,North Italy,IT-NO,316.44,397.02,38.18,27.37,entsoe.eu,false,
2022-04-11 18:00:00,Italy,North Italy,IT-NO,301.37,379.31,40.74,28.87,entsoe.eu,false,
2022-04-11 19:00:00,Italy,North Italy,IT-NO,323.88,407.84,35.43,24.62,entsoe.eu,false,
2022-04-11 20:00:00,Italy,North Italy,IT-NO,339.2,426.33,32.75,19.24,entsoe.eu,false,
2022-04-11 21:00:00,Italy,North Italy,IT-NO,353.91,443.34,30.22,16.9,entsoe.eu,false,
2022-04-11 22:00:00,Italy,North Italy,IT-NO,330.57,414.53,35.53,18.22,entsoe.eu,false,
2022-04-11 23:00:00,Italy,North Italy,IT-NO,327.44,408.71,37.5,19.05,entsoe.eu,false,
2022-04-12 00:00:00,Italy,North Italy,IT-NO,321.79,402.83,38.16,19.68,entsoe.eu,false,
2022-04-12 01:00:00,Italy,North Italy,IT-NO,331.43,414.4,35.85,18.12,entsoe.eu,false,
2022-04-12 02:00:00,Italy,North Italy,IT-NO,335.08,418.37,35.57,17.48,entsoe.eu,false,
2022-04-12 03:00:00,Italy,North Italy,IT-NO,340.39,426.13,33.33,16.21,entsoe.eu,false,
2022-04-12 04:00:00,Italy,North Italy,IT-NO,328.92,413.13,34.45,21.97,entsoe.eu,false,
2022-04-12 05:00:00,Italy,North Italy,IT-NO,310.64,392.0,37.67,26.12,entsoe.eu,false,
2022-04-12 06:00:00,Italy,North Italy,IT-NO,309.37,388.06,40.45,31.27,entsoe.eu,false,
2022-04-12 07:00:00,Italy,North Italy,IT-NO,312.02,392.85,39.09,30.4,entsoe.eu,false,
2022-04-12 08:00:00,Italy,North Italy,IT-NO,291.55,370.37,42.0,33.46,entsoe.eu,false,
2022-04-12 09:00:00,Italy,North Italy,IT-NO,275.87,352.36,44.9,36.53,entsoe.eu,false,
2022-04-12 10:00:00,Italy,North Italy,IT-NO,288.76,369.2,41.54,36.46,entsoe.eu,false,
2022-04-12 11:00:00,Italy,North Italy,IT-NO,279.31,356.9,44.08,38.34,entsoe.eu,false,
2022-04-12 12:00:00,Italy,North Italy,IT-NO,275.26,352.71,44.74,37.9,entsoe.eu,false,
2022-04-12 13:00:00,Italy,North Italy,IT-NO,274.4,350.81,45.07,35.46,entsoe.eu,false,
2022-04-12 14:00:00,Italy,North Italy,IT-NO,283.22,359.84,43.63,31.85,entsoe.eu,false,
2022-04-12 15:00:00,Italy,North Italy,IT-NO,304.19,385.0,39.29,27.33,entsoe.eu,false,
2022-04-12 16:00:00,Italy,North Italy,IT-NO,329.44,416.19,33.24,22.0,entsoe.eu,false,
2022-04-12 17:00:00,Italy,North Italy,IT-NO,323.27,407.32,35.37,24.59,entsoe.eu,false,
2022-04-12 18:00:00,Italy,North Italy,IT-NO,320.23,404.14,35.37,25.08,entsoe.eu,false,
2022-04-12 19:00:00,Italy,North Italy,IT-NO,340.23,429.69,30.49,19.4,entsoe.eu,false,
2022-04-12 20:00:00,Italy,North Italy,IT-NO,345.43,436.03,29.76,17.35,entsoe.eu,false,
2022-04-12 21:00:00,Italy,North Italy,IT-NO,366.17,460.89,25.62,15.01,entsoe.eu,false,
2022-04-12 22:00:00,Italy,North Italy,IT-NO,344.13,433.4,31.47,18.41,entsoe.eu,false,
2022-04-12 23:00:00,Italy,North Italy,IT-NO,315.73,397.63,38.47,21.66,entsoe.eu,false,
2022-04-13 00:00:00,Italy,North Italy,IT-NO,319.99,402.04,37.79,20.19,entsoe.eu,false,
2022-04-13 01:00:00,Italy,North Italy,IT-NO,320.53,402.65,37.72,20.11,entsoe.eu,false,
2022-04-13 02:00:00,Italy,North Italy,IT-NO,323.26,406.13,37.07,21.15,entsoe.eu,false,
2022-04-13 03:00:00,Italy,North Italy,IT-NO,332.56,416.93,34.91,18.26,entsoe.eu,false,
2022-04-13 04:00:00,Italy,North Italy,IT-NO,320.37,403.48,36.34,21.68,entsoe.eu,false,
2022-04-13 05:00:00,Italy,North Italy,IT-NO,314.03,390.33,41.97,30.95,entsoe.eu,false,
2022-04-13 06:00:00,Italy,North Italy,IT-NO,297.09,369.06,45.74,37.0,entsoe.eu,false,
2022-04-13 07:00:00,Italy,North Italy,IT-NO,288.75,365.28,43.05,34.43,entsoe.eu,false,
2022-04-13 08:00:00,Italy,North Italy,IT-NO,286.95,364.1,43.32,35.46,entsoe.eu,false,
2022-04-13 09:00:00,Italy,North Italy,IT-NO,272.84,347.13,46.19,38.14,entsoe.eu,false,
2022-04-13 10:00:00,Italy,North Italy,IT-NO,259.57,331.72,49.06,41.89,entsoe.eu,false,
2022-04-13 11:00:00,Italy,North Italy,IT-NO,241.99,309.59,53.43,44.07,entsoe.eu,false,
2022-04-13 12:00:00,Italy,North Italy,IT-NO,240.42,308.07,53.47,42.38,entsoe.eu,false,
2022-04-13 13:00:00,Italy,North Italy,IT-NO,249.91,321.39,50.13,38.13,entsoe.eu,false,
2022-04-13 14:00:00,Italy,North Italy,IT-NO,267.35,340.95,46.94,33.53,entsoe.eu,false,
2022-04-13 15:00:00,Italy,North Italy,IT-NO,292.94,371.29,41.63,28.72,entsoe.eu,false,
2022-04-13 16:00:00,Italy,North Italy,IT-NO,323.96,404.21,38.27,28.38,entsoe.eu,false,
2022-04-13 17:00:00,Italy,North Italy,IT-NO,320.05,399.45,38.92,30.35,entsoe.eu,false,
2022-04-13 18:00:00,Italy,North Italy,IT-NO,308.77,386.61,40.42,30.45,entsoe.eu,false,
2022-04-13 19:00:00,Italy,North Italy,IT-NO,324.42,405.88,36.98,25.27,entsoe.eu,false,
2022-04-13 20:00:00,Italy,North Italy,IT-NO,328.06,412.52,34.37,20.91,entsoe.eu,false,
2022-04-13 21:00:00,Italy,North Italy,IT-NO,333.19,417.54,34.82,19.87,entsoe.eu,false,
2022-04-13 22:00:00,Italy,North Italy,IT-NO,324.87,407.34,37.0,19.52,entsoe.eu,false,
2022-04-13 23:00:00,Italy,North Italy,IT-NO,322.23,403.3,37.91,19.93,entsoe.eu,false,
2022-04-14 00:00:00,Italy,North Italy,IT-NO,310.8,390.22,39.61,20.23,entsoe.eu,false,
2022-04-14 01:00:00,Italy,North Italy,IT-NO,316.49,399.05,37.75,19.48,entsoe.eu,false,
2022-04-14 02:00:00,Italy,North Italy,IT-NO,314.0,395.07,38.77,19.78,entsoe.eu,false,
2022-04-14 03:00:00,Italy,North Italy,IT-NO,325.14,407.49,36.6,18.14,entsoe.eu,false,
2022-04-14 04:00:00,Italy,North Italy,IT-NO,331.42,415.41,34.55,19.96,entsoe.eu,false,
2022-04-14 05:00:00,Italy,North Italy,IT-NO,311.23,392.21,38.29,27.46,entsoe.eu,false,
2022-04-14 06:00:00,Italy,North Italy,IT-NO,285.43,360.04,43.89,34.87,entsoe.eu,false,
2022-04-14 07:00:00,Italy,North Italy,IT-NO,283.13,357.28,44.37,35.54,entsoe.eu,false,
2022-04-14 08:00:00,Italy,North Italy,IT-NO,273.11,345.41,46.14,37.53,entsoe.eu,false,
2022-04-14 09:00:00,Italy,North Italy,IT-NO,246.66,316.5,51.42,41.71,entsoe.eu,false,
2022-04-14 10:00:00,Italy,North Italy,IT-NO,227.49,294.04,55.62,46.1,entsoe.eu,false,
2022-04-14 11:00:00,Italy,North Italy,IT-NO,226.67,292.65,56.03,45.62,entsoe.eu,false,
2022-04-14 12:00:00,Italy,North Italy,IT-NO,228.35,293.74,55.79,43.39,entsoe.eu,false,
2022-04-14 13:00:00,Italy,North Italy,IT-NO,237.61,305.3,53.29,40.51,entsoe.eu,false,
2022-04-14 14:00:00,Italy,North Italy,IT-NO,247.28,317.54,51.01,36.03,entsoe.eu,false,
2022-04-14 15:00:00,Italy,North Italy,IT-NO,269.95,343.9,46.02,30.46,entsoe.eu,false,
2022-04-14 16:00:00,Italy,North Italy,IT-NO,295.96,375.82,40.63,26.17,entsoe.eu,false,
2022-04-14 17:00:00,Italy,North Italy,IT-NO,293.37,368.91,43.53,30.57,entsoe.eu,false,
2022-04-14 18:00:00,Italy,North Italy,IT-NO,290.61,364.68,44.53,32.68,entsoe.eu,false,
2022-04-14 19:00:00,Italy,North Italy,IT-NO,305.59,382.65,41.84,28.21,entsoe.eu,false,
2022-04-14 20:00:00,Italy,North Italy,IT-NO,316.52,398.28,37.73,22.88,entsoe.eu,false,
2022-04-14 21:00:00,Italy,North Italy,IT-NO,326.67,409.61,37.0,22.16,entsoe.eu,false,
2022-04-14 22:00:00,Italy,North Italy,IT-NO,321.98,403.86,38.46,22.81,entsoe.eu,false,
2022-04-14 23:00:00,Italy,North Italy,IT-NO,314.36,394.91,39.71,22.26,entsoe.eu,false,
2022-04-15 00:00:00,Italy,North Italy,IT-NO,301.19,379.15,41.88,22.98,entsoe.eu,false,
2022-04-15 01:00:00,Italy,North Italy,IT-NO,280.93,356.41,45.4,24.59,entsoe.eu,false,
2022-04-15 02:00:00,Italy,North Italy,IT-NO,281.92,358.89,44.66,24.46,entsoe.eu,false,
2022-04-15 03:00:00,Italy,North Italy,IT-NO,292.44,372.03,42.1,24.3,entsoe.eu,false,
2022-04-15 04:00:00,Italy,North Italy,IT-NO,308.33,389.38,39.96,25.13,entsoe.eu,false,
2022-04-15 05:00:00,Italy,North Italy,IT-NO,279.65,354.73,45.3,33.71,entsoe.eu,false,
2022-04-15 06:00:00,Italy,North Italy,IT-NO,256.48,325.4,51.05,40.7,entsoe.eu,false,
2022-04-15 07:00:00,Italy,North Italy,IT-NO,261.47,330.49,51.0,40.29,entsoe.eu,false,
2022-04-15 08:00:00,Italy,North Italy,IT-NO,249.44,317.57,53.31,42.63,entsoe.eu,false,
2022-04-15 09:00:00,Italy,North Italy,IT-NO,224.97,291.03,56.6,45.39,entsoe.eu,false,
2022-04-15 10:00:00,Italy,North Italy,IT-NO,204.33,266.69,60.4,48.33,entsoe.eu,false,
2022-04-15 11:00:00,Italy,North Italy,IT-NO,196.14,256.79,62.89,51.5,entsoe.eu,false,
2022-04-15 12:00:00,Italy,North Italy,IT-NO,204.96,267.99,60.48,48.99,entsoe.eu,false,
2022-04-15 13:00:00,Italy,North Italy,IT-NO,209.82,273.26,59.53,46.5,entsoe.eu,false,
2022-04-15 14:00:00,Italy,North Italy,IT-NO,225.83,292.76,55.52,41.08,entsoe.eu,false,
2022-04-15 15:00:00,Italy,North Italy,IT-NO,250.84,319.99,51.43,35.69,entsoe.eu,false,
2022-04-15 16:00:00,Italy,North Italy,IT-NO,277.89,351.03,45.84,29.66,entsoe.eu,false,
2022-04-15 17:00:00,Italy,North Italy,IT-NO,261.81,330.56,49.23,35.55,entsoe.eu,false,
2022-04-15 18:00:00,Italy,North Italy,IT-NO,265.57,334.9,48.52,35.91,entsoe.eu,false,
2022-04-15 19:00:00,Italy,North Italy,IT-NO,294.4,370.8,42.15,29.89,entsoe.eu,false,
2022-04-15 20:00:00,Italy,North Italy,IT-NO,307.48,387.12,39.36,25.3,entsoe.eu,false,
2022-04-15 21:00:00,Italy,North Italy,IT-NO,305.06,382.76,40.75,24.93,entsoe.eu,false,
2022-04-15 22:00:00,Italy,North Italy,IT-NO,276.13,352.1,44.62,26.63,entsoe.eu,false,
2022-04-15 23:00:00,Italy,North Italy,IT-NO,274.72,349.82,44.83,26.37,entsoe.eu,false,
2022-04-16 00:00:00,Italy,North Italy,IT-NO,273.57,348.85,45.31,25.84,entsoe.eu,false,
2022-04-16 01:00:00,Italy,North Italy,IT-NO,258.68,332.23,47.89,26.77,entsoe.eu,false,
2022-04-16 02:00:00,Italy,North Italy,IT-NO,256.41,328.53,48.73,27.18,entsoe.eu,false,
2022-04-16 03:00:00,Italy,North Italy,IT-NO,257.82,330.23,48.69,27.75,entsoe.eu,false,
2022-04-16 04:00:00,Italy,North Italy,IT-NO,253.15,324.63,49.46,30.03,entsoe.eu,false,
2022-04-16 05:00:00,Italy,North Italy,IT-NO,242.05,312.59,51.15,33.65,entsoe.eu,false,
2022-04-16 06:00:00,Italy,North Italy,IT-NO,219.21,286.22,55.72,39.77,entsoe.eu,false,
2022-04-16 07:00:00,Italy,North Italy,IT-NO,188.38,248.9,62.47,45.43,entsoe.eu,false,
2022-04-16 08:00:00,Italy,North Italy,IT-NO,170.47,228.67,66.53,51.67,entsoe.eu,false,
2022-04-16 09:00:00,Italy,North Italy,IT-NO,153.25,208.24,70.18,55.99,entsoe.eu,false,
2022-04-16 10:00:00,Italy,North Italy,IT-NO,144.11,198.58,71.68,58.95,entsoe.eu,false,
2022-04-16 11:00:00,Italy,North Italy,IT-NO,135.87,188.93,72.91,60.33,entsoe.eu,false,
2022-04-16 12:00:00,Italy,North Italy,IT-NO,144.37,199.08,70.85,57.04,entsoe.eu,false,
2022-04-16 13:00:00,Italy,North Italy,IT-NO,158.03,214.58,68.36,51.44,entsoe.eu,false,
2022-04-16 14:00:00,Italy,North Italy,IT-NO,178.53,238.44,64.21,44.49,entsoe.eu,false,
2022-04-16 15:00:00,Italy,North Italy,IT-NO,215.62,281.94,56.01,36.79,entsoe.eu,false,
2022-04-16 16:00:00,Italy,North Italy,IT-NO,219.85,285.2,55.74,35.96,entsoe.eu,false,
2022-04-16 17:00:00,Italy,North Italy,IT-NO,220.56,281.75,58.79,41.26,entsoe.eu,false,
2022-04-16 18:00:00,Italy,North Italy,IT-NO,234.44,296.76,57.48,43.07,entsoe.eu,false,
2022-04-16 19:00:00,Italy,North Italy,IT-NO,238.62,306.33,52.57,36.24,entsoe.eu,false,
2022-04-16 20:00:00,Italy,North Italy,IT-NO,265.18,338.79,46.37,30.42,entsoe.eu,false,
2022-04-16 21:00:00,Italy,North Italy,IT-NO,266.14,339.18,47.01,29.59,entsoe.eu,false,
2022-04-16 22:00:00,Italy,North Italy,IT-NO,278.64,355.82,43.91,28.53,entsoe.eu,false,
2022-04-16 23:00:00,Italy,North Italy,IT-NO,193.83,250.46,62.62,31.55,entsoe.eu,false,
2022-04-17 00:00:00,Italy,North Italy,IT-NO,287.76,367.98,42.3,30.54,entsoe.eu,false,
2022-04-17 01:00:00,Italy,North Italy,IT-NO,270.08,345.37,46.23,32.2,entsoe.eu,false,
2022-04-17 02:00:00,Italy,North Italy,IT-NO,265.6,339.21,47.99,34.98,entsoe.eu,false,
2022-04-17 03:00:00,Italy,North Italy,IT-NO,269.3,343.48,47.53,36.75,entsoe.eu,false,
2022-04-17 04:00:00,Italy,North Italy,IT-NO,275.43,350.3,46.23,40.14,entsoe.eu,false,
2022-04-17 05:00:00,Italy,North Italy,IT-NO,248.47,318.15,52.04,45.83,entsoe.eu,false,
2022-04-17 06:00:00,Italy,North Italy,IT-NO,214.59,278.57,58.17,53.71,entsoe.eu,false,
2022-04-17 07:00:00,Italy,North Italy,IT-NO,194.18,257.71,61.42,58.35,entsoe.eu,false,
2022-04-17 08:00:00,Italy,North Italy,IT-NO,164.8,221.82,68.18,66.32,entsoe.eu,false,
2022-04-17 09:00:00,Italy,North Italy,IT-NO,152.92,208.69,70.46,68.74,entsoe.eu,false,
2022-04-17 10:00:00,Italy,North Italy,IT-NO,141.62,195.62,72.73,70.77,entsoe.eu,false,
2022-04-17 11:00:00,Italy,North Italy,IT-NO,134.57,187.56,74.12,72.47,entsoe.eu,false,
2022-04-17 12:00:00,Italy,North Italy,IT-NO,138.85,193.23,72.97,71.37,entsoe.eu,false,
2022-04-17 13:00:00,Italy,North Italy,IT-NO,153.67,211.64,69.68,67.83,entsoe.eu,false,
2022-04-17 14:00:00,Italy,North Italy,IT-NO,170.81,231.4,66.28,64.36,entsoe.eu,false,
2022-04-17 15:00:00,Italy,North Italy,IT-NO,226.31,297.07,54.38,50.84,entsoe.eu,false,
2022-04-17 16:00:00,Italy,North Italy,IT-NO,239.73,308.62,52.19,42.91,entsoe.eu,false,
2022-04-17 17:00:00,Italy,North Italy,IT-NO,220.16,283.75,58.36,44.5,entsoe.eu,false,
2022-04-17 18:00:00,Italy,North Italy,IT-NO,232.59,293.48,59.31,46.07,entsoe.eu,false,
2022-04-17 19:00:00,Italy,North Italy,IT-NO,238.52,305.11,55.28,41.47,entsoe.eu,false,
2022-04-17 20:00:00,Italy,North Italy,IT-NO,247.53,318.1,52.1,37.03,entsoe.eu,false,
2022-04-17 21:00:00,Italy,North Italy,IT-NO,243.63,312.75,53.51,37.27,entsoe.eu,false,
2022-04-17 22:00:00,Italy,North Italy,IT-NO,256.87,329.96,49.58,36.47,entsoe.eu,false,
2022-04-17 23:00:00,Italy,North Italy,IT-NO,272.47,348.95,46.26,35.17,entsoe.eu,false,
2022-04-18 00:00:00,Italy,North Italy,IT-NO,296.28,379.23,40.23,31.95,entsoe.eu,false,
2022-04-18 01:00:00,Italy,North Italy,IT-NO,286.83,367.99,42.43,33.15,entsoe.eu,false,
2022-04-18 02:00:00,Italy,North Italy,IT-NO,288.65,369.65,42.19,33.91,entsoe.eu,false,
2022-04-18 03:00:00,Italy,North Italy,IT-NO,301.81,384.85,39.4,31.81,entsoe.eu,false,
2022-04-18 04:00:00,Italy,North Italy,IT-NO,293.25,373.62,41.51,35.19,entsoe.eu,false,
2022-04-18 05:00:00,Italy,North Italy,IT-NO,270.84,348.89,44.88,37.84,entsoe.eu,false,
2022-04-18 06:00:00,Italy,North Italy,IT-NO,225.85,294.6,54.78,51.04,entsoe.eu,false,
2022-04-18 07:00:00,Italy,North Italy,IT-NO,200.24,264.69,60.04,57.54,entsoe.eu,false,
2022-04-18 08:00:00,Italy,North Italy,IT-NO,174.16,235.45,65.11,63.37,entsoe.eu,false,
2022-04-18 09:00:00,Italy,North Italy,IT-NO,157.17,215.35,68.75,67.22,entsoe.eu,false,
2022-04-18 10:00:00,Italy,North Italy,IT-NO,139.33,194.03,72.6,71.23,entsoe.eu,false,
2022-04-18 11:00:00,Italy,North Italy,IT-NO,137.89,192.57,72.98,71.93,entsoe.eu,false,
2022-04-18 12:00:00,Italy,North Italy,IT-NO,148.02,205.1,70.75,69.83,entsoe.eu,false,
2022-04-18 13:00:00,Italy,North Italy,IT-NO,160.2,219.64,68.28,67.39,entsoe.eu,false,
2022-04-18 14:00:00,Italy,North Italy,IT-NO,187.61,252.44,62.61,61.5,entsoe.eu,false,
2022-04-18 15:00:00,Italy,North Italy,IT-NO,217.54,286.53,56.61,48.67,entsoe.eu,false,
2022-04-18 16:00:00,Italy,North Italy,IT-NO,241.17,313.94,51.12,35.89,entsoe.eu,false,
2022-04-18 17:00:00,Italy,North Italy,IT-NO,255.02,325.96,50.07,33.61,entsoe.eu,false,
2022-04-18 18:00:00,Italy,North Italy,IT-NO,251.31,315.09,54.96,38.69,entsoe.eu,false,
2022-04-18 19:00:00,Italy,North Italy,IT-NO,267.54,334.95,51.87,37.45,entsoe.eu,false,
2022-04-18 20:00:00,Italy,North Italy,IT-NO,269.44,343.4,47.12,30.51,entsoe.eu,false,
2022-04-18 21:00:00,Italy,North Italy,IT-NO,274.8,350.89,45.77,26.72,entsoe.eu,false,
2022-04-18 22:00:00,Italy,North Italy,IT-NO,262.6,337.02,47.98,25.3,entsoe.eu,false,
2022-04-18 23:00:00,Italy,North Italy,IT-NO,248.14,319.7,51.16,25.58,entsoe.eu,false,
2022-04-19 00:00:00,Italy,North Italy,IT-NO,248.69,319.6,51.27,24.88,entsoe.eu,false,
2022-04-19 01:00:00,Italy,North Italy,IT-NO,243.37,314.46,51.68,24.45,entsoe.eu,false,
2022-04-19 02:00:00,Italy,North Italy,IT-NO,257.21,330.62,48.22,21.3,entsoe.eu,false,
2022-04-19 03:00:00,Italy,North Italy,IT-NO,270.98,348.38,44.2,20.49,entsoe.eu,false,
2022-04-19 04:00:00,Italy,North Italy,IT-NO,292.36,367.85,44.23,26.71,entsoe.eu,false,
2022-04-19 05:00:00,Italy,North Italy,IT-NO,292.59,364.62,46.45,34.51,entsoe.eu,false,
2022-04-19 06:00:00,Italy,North Italy,IT-NO,286.55,357.64,48.07,38.11,entsoe.eu,false,
2022-04-19 07:00:00,Italy,North Italy,IT-NO,274.92,346.52,49.31,40.12,entsoe.eu,false,
2022-04-19 08:00:00,Italy,North Italy,IT-NO,265.3,342.0,46.72,39.22,entsoe.eu,false,
2022-04-19 09:00:00,Italy,North Italy,IT-NO,247.16,320.38,50.35,41.23,entsoe.eu,false,
2022-04-19 10:00:00,Italy,North Italy,IT-NO,246.48,321.48,49.46,40.73,entsoe.eu,false,
2022-04-19 11:00:00,Italy,North Italy,IT-NO,242.71,316.94,50.23,40.72,entsoe.eu,false,
2022-04-19 12:00:00,Italy,North Italy,IT-NO,234.43,306.62,51.98,42.11,entsoe.eu,false,
2022-04-19 13:00:00,Italy,North Italy,IT-NO,234.27,305.69,52.2,40.81,entsoe.eu,false,
2022-04-19 14:00:00,Italy,North Italy,IT-NO,251.92,325.81,49.0,37.02,entsoe.eu,false,
2022-04-19 15:00:00,Italy,North Italy,IT-NO,266.9,343.05,45.87,31.97,entsoe.eu,false,
2022-04-19 16:00:00,Italy,North Italy,IT-NO,286.7,365.7,42.08,28.67,entsoe.eu,false,
2022-04-19 17:00:00,Italy,North Italy,IT-NO,303.45,378.45,43.9,33.1,entsoe.eu,false,
2022-04-19 18:00:00,Italy,North Italy,IT-NO,293.82,367.02,45.3,33.59,entsoe.eu,false,
2022-04-19 19:00:00,Italy,North Italy,IT-NO,303.38,381.16,41.64,28.58,entsoe.eu,false,
2022-04-19 20:00:00,Italy,North Italy,IT-NO,295.06,375.32,40.53,23.41,entsoe.eu,false,
2022-04-19 21:00:00,Italy,North Italy,IT-NO,293.01,373.64,40.55,22.72,entsoe.eu,false,
2022-04-19 22:00:00,Italy,North Italy,IT-NO,268.5,342.36,46.41,23.54,entsoe.eu,false,
2022-04-19 23:00:00,Italy,North Italy,IT-NO,264.97,337.68,47.28,21.77,entsoe.eu,false,
2022-04-20 00:00:00,Italy,North Italy,IT-NO,263.8,335.7,47.1,21.95,entsoe.eu,false,
2022-04-20 01:00:00,Italy,North Italy,IT-NO,252.91,325.25,48.84,23.95,entsoe.eu,false,
2022-04-20 02:00:00,Italy,North Italy,IT-NO,255.24,326.86,48.22,22.68,entsoe.eu,false,
2022-04-20 03:00:00,Italy,North Italy,IT-NO,252.86,324.68,48.71,22.92,entsoe.eu,false,
2022-04-20 04:00:00,Italy,North Italy,IT-NO,273.95,350.32,43.77,23.57,entsoe.eu,false,
2022-04-20 05:00:00,Italy,North Italy,IT-NO,285.05,362.98,41.69,28.84,entsoe.eu,false,
2022-04-20 06:00:00,Italy,North Italy,IT-NO,274.21,346.61,46.74,35.99,entsoe.eu,false,
2022-04-20 07:00:00,Italy,North Italy,IT-NO,271.38,342.12,48.17,39.81,entsoe.eu,false,
2022-04-20 08:00:00,Italy,North Italy,IT-NO,272.92,345.38,47.76,39.49,entsoe.eu,false,
2022-04-20 09:00:00,Italy,North Italy,IT-NO,275.95,352.73,44.82,35.88,entsoe.eu,false,
2022-04-20 10:00:00,Italy,North Italy,IT-NO,281.9,360.7,43.26,34.11,entsoe.eu,false,
2022-04-20 11:00:00,Italy,North Italy,IT-NO,271.28,348.45,44.97,35.61,entsoe.eu,false,
2022-04-20 12:00:00,Italy,North Italy,IT-NO,280.03,358.62,43.36,33.79,entsoe.eu,false,
2022-04-20 13:00:00,Italy,North Italy,IT-NO,276.48,354.24,43.95,33.73,entsoe.eu,false,
2022-04-20 14:00:00,Italy,North Italy,IT-NO,286.68,366.23,41.68,30.09,entsoe.eu,false,
2022-04-20 15:00:00,Italy,North Italy,IT-NO,285.53,364.03,41.75,29.6,entsoe.eu,false,
2022-04-20 16:00:00,Italy,North Italy,IT-NO,278.09,353.65,43.83,29.89,entsoe.eu,false,
2022-04-20 17:00:00,Italy,North Italy,IT-NO,278.02,349.27,46.89,35.61,entsoe.eu,false,
2022-04-20 18:00:00,Italy,North Italy,IT-NO,283.91,354.07,47.39,36.55,entsoe.eu,false,
2022-04-20 19:00:00,Italy,North Italy,IT-NO,292.72,368.44,43.13,29.68,entsoe.eu,false,
2022-04-20 20:00:00,Italy,North Italy,IT-NO,298.08,376.8,41.0,25.05,entsoe.eu,false,
2022-04-20 21:00:00,Italy,North Italy,IT-NO,304.85,387.67,37.85,21.92,entsoe.eu,false,
2022-04-20 22:00:00,Italy,North Italy,IT-NO,287.21,365.37,41.67,22.02,entsoe.eu,false,
2022-04-20 23:00:00,Italy,North Italy,IT-NO,285.97,364.58,41.0,20.27,entsoe.eu,false,
2022-04-21 00:00:00,Italy,North Italy,IT-NO,286.7,365.78,40.94,20.0,entsoe.eu,false,
2022-04-21 01:00:00,Italy,North Italy,IT-NO,282.97,361.03,41.32,19.42,entsoe.eu,false,
2022-04-21 02:00:00,Italy,North Italy,IT-NO,282.81,361.98,41.08,18.79,entsoe.eu,false,
2022-04-21 03:00:00,Italy,North Italy,IT-NO,287.46,367.96,39.72,18.21,entsoe.eu,false,
2022-04-21 04:00:00,Italy,North Italy,IT-NO,298.35,379.18,38.65,21.89,entsoe.eu,false,
2022-04-21 05:00:00,Italy,North Italy,IT-NO,297.78,375.07,41.37,28.84,entsoe.eu,false,
2022-04-21 06:00:00,Italy,North Italy,IT-NO,274.14,344.42,47.73,37.81,entsoe.eu,false,
2022-04-21 07:00:00,Italy,North Italy,IT-NO,269.38,339.57,48.22,38.6,entsoe.eu,false,
2022-04-21 08:00:00,Italy,North Italy,IT-NO,273.62,346.84,46.26,35.61,entsoe.eu,false,
2022-04-21 09:00:00,Italy,North Italy,IT-NO,268.03,342.06,46.32,36.04,entsoe.eu,false,
2022-04-21 10:00:00,Italy,North Italy,IT-NO,271.09,347.37,44.88,34.09,entsoe.eu,false,
2022-04-21 11:00:00,Italy,North Italy,IT-NO,280.65,358.66,42.66,30.93,entsoe.eu,false,
2022-04-21 12:00:00,Italy,North Italy,IT-NO,274.67,350.01,44.55,32.78,entsoe.eu,false,
2022-04-21 13:00:00,Italy,North Italy,IT-NO,267.37,341.08,45.82,34.03,entsoe.eu,false,
2022-04-21 14:00:00,Italy,North Italy,IT-NO,272.67,348.07,44.12,31.58,entsoe.eu,false,
2022-04-21 15:00:00,Italy,North Italy,IT-NO,279.63,356.95,42.42,28.7,entsoe.eu,false,
2022-04-21 16:00:00,Italy,North Italy,IT-NO,292.36,372.1,39.89,25.9,entsoe.eu,false,
2022-04-21 17:00:00,Italy,North Italy,IT-NO,292.66,371.41,40.28,27.73,entsoe.eu,false,
2022-04-21 18:00:00,Italy,North Italy,IT-NO,293.98,372.63,40.42,27.3,entsoe.eu,false,
2022-04-21 19:00:00,Italy,North Italy,IT-NO,303.29,384.24,38.2,25.37,entsoe.eu,false,
2022-04-21 20:00:00,Italy,North Italy,IT-NO,292.47,372.2,39.87,23.62,entsoe.eu,false,
2022-04-21 21:00:00,Italy,North Italy,IT-NO,294.3,374.31,40.0,23.53,entsoe.eu,false,
2022-04-21 22:00:00,Italy,North Italy,IT-NO,272.22,346.89,45.41,25.67,entsoe.eu,false,
2022-04-21 23:00:00,Italy,North Italy,IT-NO,265.13,336.62,47.12,24.94,entsoe.eu,false,
2022-04-22 00:00:00,Italy,North Italy,IT-NO,253.22,321.48,50.31,26.75,entsoe.eu,false,
2022-04-22 01:00:00,Italy,North Italy,IT-NO,248.9,317.13,50.61,26.89,entsoe.eu,false,
2022-04-22 02:00:00,Italy,North Italy,IT-NO,254.95,325.0,48.81,24.55,entsoe.eu,false,
2022-04-22 03:00:00,Italy,North Italy,IT-NO,263.56,336.72,46.5,23.43,entsoe.eu,false,
2022-04-22 04:00:00,Italy,North Italy,IT-NO,267.01,340.58,44.99,25.31,entsoe.eu,false,
2022-04-22 05:00:00,Italy,North Italy,IT-NO,272.88,346.32,44.84,29.42,entsoe.eu,false,
2022-04-22 06:00:00,Italy,North Italy,IT-NO,264.86,335.94,47.54,36.23,entsoe.eu,false,
2022-04-22 07:00:00,Italy,North Italy,IT-NO,257.69,328.18,48.12,37.98,entsoe.eu,false,
2022-04-22 08:00:00,Italy,North Italy,IT-NO,256.35,326.9,48.94,38.54,entsoe.eu,false,
2022-04-22 09:00:00,Italy,North Italy,IT-NO,249.64,319.89,49.14,38.91,entsoe.eu,false,
2022-04-22 10:00:00,Italy,North Italy,IT-NO,253.73,325.59,48.42,37.48,entsoe.eu,false,
2022-04-22 11:00:00,Italy,North Italy,IT-NO,264.46,339.53,45.58,33.51,entsoe.eu,false,
2022-04-22 12:00:00,Italy,North Italy,IT-NO,264.7,339.31,45.23,33.5,entsoe.eu,false,
2022-04-22 13:00:00,Italy,North Italy,IT-NO,268.22,343.39,44.44,31.98,entsoe.eu,false,
2022-04-22 14:00:00,Italy,North Italy,IT-NO,273.28,350.43,43.44,30.46,entsoe.eu,false,
2022-04-22 15:00:00,Italy,North Italy,IT-NO,277.58,354.67,43.14,28.57,entsoe.eu,false,
2022-04-22 16:00:00,Italy,North Italy,IT-NO,285.65,359.94,43.94,31.21,entsoe.eu,false,
2022-04-22 17:00:00,Italy,North Italy,IT-NO,281.12,352.8,46.14,34.29,entsoe.eu,false,
2022-04-22 18:00:00,Italy,North Italy,IT-NO,275.43,345.17,47.94,36.56,entsoe.eu,false,
2022-04-22 19:00:00,Italy,North Italy,IT-NO,289.79,361.52,45.69,33.07,entsoe.eu,false,
2022-04-22 20:00:00,Italy,North Italy,IT-NO,279.1,353.39,44.83,29.34,entsoe.eu,false,
2022-04-22 21:00:00,Italy,North Italy,IT-NO,297.1,376.16,40.27,23.69,entsoe.eu,false,
2022-04-22 22:00:00,Italy,North Italy,IT-NO,292.03,369.73,41.68,22.67,entsoe.eu,false,
2022-04-22 23:00:00,Italy,North Italy,IT-NO,280.47,355.08,45.12,24.09,entsoe.eu,false,
2022-04-23 00:00:00,Italy,North Italy,IT-NO,278.65,352.25,46.66,25.65,entsoe.eu,false,
2022-04-23 01:00:00,Italy,North Italy,IT-NO,277.76,350.4,47.54,25.43,entsoe.eu,false,
2022-04-23 02:00:00,Italy,North Italy,IT-NO,275.42,349.06,47.33,25.42,entsoe.eu,false,
2022-04-23 03:00:00,Italy,North Italy,IT-NO,278.23,352.39,46.27,24.59,entsoe.eu,false,
2022-04-23 04:00:00,Italy,North Italy,IT-NO,271.56,344.34,47.28,26.71,entsoe.eu,false,
2022-04-23 05:00:00,Italy,North Italy,IT-NO,260.39,331.33,49.0,32.07,entsoe.eu,false,
2022-04-23 06:00:00,Italy,North Italy,IT-NO,242.34,311.15,52.58,38.15,entsoe.eu,false,
2022-04-23 07:00:00,Italy,North Italy,IT-NO,219.7,284.6,57.44,43.4,entsoe.eu,false,
2022-04-23 08:00:00,Italy,North Italy,IT-NO,194.1,254.62,62.26,48.85,entsoe.eu,false,
2022-04-23 09:00:00,Italy,North Italy,IT-NO,185.68,245.26,63.76,51.08,entsoe.eu,false,
2022-04-23 10:00:00,Italy,North Italy,IT-NO,184.98,244.56,63.8,51.65,entsoe.eu,false,
2022-04-23 11:00:00,Italy,North Italy,IT-NO,180.94,239.61,64.83,52.29,entsoe.eu,false,
2022-04-23 12:00:00,Italy,North Italy,IT-NO,192.75,253.76,62.41,48.82,entsoe.eu,false,
2022-04-23 13:00:00,Italy,North Italy,IT-NO,190.22,250.65,62.92,47.21,entsoe.eu,false,
2022-04-23 14:00:00,Italy,North Italy,IT-NO,208.36,270.92,59.65,40.85,entsoe.eu,false,
2022-04-23 15:00:00,Italy,North Italy,IT-NO,237.88,306.61,52.94,33.27,entsoe.eu,false,
2022-04-23 16:00:00,Italy,North Italy,IT-NO,255.32,326.89,49.55,33.91,entsoe.eu,false,
2022-04-23 17:00:00,Italy,North Italy,IT-NO,248.26,316.21,52.34,38.1,entsoe.eu,false,
2022-04-23 18:00:00,Italy,North Italy,IT-NO,240.47,303.73,55.64,41.94,entsoe.eu,false,
2022-04-23 19:00:00,Italy,North Italy,IT-NO,254.7,324.05,50.61,35.3,entsoe.eu,false,
2022-04-23 20:00:00,Italy,North Italy,IT-NO,262.06,335.57,47.62,31.06,entsoe.eu,false,
2022-04-23 21:00:00,Italy,North Italy,IT-NO,264.17,338.05,47.5,29.53,entsoe.eu,false,
2022-04-23 22:00:00,Italy,North Italy,IT-NO,261.43,334.93,48.21,29.75,entsoe.eu,false,
2022-04-23 23:00:00,Italy,North Italy,IT-NO,264.59,338.18,47.3,29.27,entsoe.eu,false,
2022-04-24 00:00:00,Italy,North Italy,IT-NO,258.5,330.62,48.78,29.93,entsoe.eu,false,
2022-04-24 01:00:00,Italy,North Italy,IT-NO,257.99,328.81,49.12,30.32,entsoe.eu,false,
2022-04-24 02:00:00,Italy,North Italy,IT-NO,256.36,327.25,49.19,30.2,entsoe.eu,false,
2022-04-24 03:00:00,Italy,North Italy,IT-NO,259.67,330.89,48.69,30.5,entsoe.eu,false,
2022-04-24 04:00:00,Italy,North Italy,IT-NO,251.38,321.8,50.12,32.12,entsoe.eu,false,
2022-04-24 05:00:00,Italy,North Italy,IT-NO,239.0,306.5,52.19,35.8,entsoe.eu,false,
2022-04-24 06:00:00,Italy,North Italy,IT-NO,220.63,286.46,55.33,40.01,entsoe.eu,false,
2022-04-24 07:00:00,Italy,North Italy,IT-NO,197.7,260.29,59.29,45.32,entsoe.eu,false,
2022-04-24 08:00:00,Italy,North Italy,IT-NO,188.76,250.97,60.9,50.12,entsoe.eu,false,
2022-04-24 09:00:00,Italy,North Italy,IT-NO,182.7,242.14,62.99,53.43,entsoe.eu,false,
2022-04-24 10:00:00,Italy,North Italy,IT-NO,175.47,233.49,64.57,56.14,entsoe.eu,false,
2022-04-24 11:00:00,Italy,North Italy,IT-NO,168.82,223.71,66.61,59.94,entsoe.eu,false,
2022-04-24 12:00:00,Italy,North Italy,IT-NO,174.74,230.83,65.42,58.61,entsoe.eu,false,
2022-04-24 13:00:00,Italy,North Italy,IT-NO,180.0,236.95,64.45,55.99,entsoe.eu,false,
2022-04-24 14:00:00,Italy,North Italy,IT-NO,179.93,237.32,64.78,55.23,entsoe.eu,false,
2022-04-24 15:00:00,Italy,North Italy,IT-NO,202.7,263.83,59.95,47.2,entsoe.eu,false,
2022-04-24 16:00:00,Italy,North Italy,IT-NO,215.38,274.44,58.36,40.18,entsoe.eu,false,
2022-04-24 17:00:00,Italy,North Italy,IT-NO,235.67,296.84,56.89,39.95,entsoe.eu,false,
2022-04-24 18:00:00,Italy,North Italy,IT-NO,229.39,291.34,56.97,41.56,entsoe.eu,false,
2022-04-24 19:00:00,Italy,North Italy,IT-NO,250.88,313.8,55.52,42.26,entsoe.eu,false,
2022-04-24 20:00:00,Italy,North Italy,IT-NO,261.62,330.5,50.44,36.04,entsoe.eu,false,
2022-04-24 21:00:00,Italy,North Italy,IT-NO,297.78,373.37,42.94,31.84,entsoe.eu,false,
2022-04-24 22:00:00,Italy,North Italy,IT-NO,328.96,411.38,36.59,32.6,entsoe.eu,false,
2022-04-24 23:00:00,Italy,North Italy,IT-NO,337.33,422.96,31.79,28.38,entsoe.eu,false,
2022-04-25 00:00:00,Italy,North Italy,IT-NO,343.08,428.58,30.63,26.76,entsoe.eu,false,
2022-04-25 01:00:00,Italy,North Italy,IT-NO,342.9,432.21,29.37,25.15,entsoe.eu,false,
2022-04-25 02:00:00,Italy,North Italy,IT-NO,347.2,439.4,27.87,23.56,entsoe.eu,false,
2022-04-25 03:00:00,Italy,North Italy,IT-NO,339.84,430.55,29.14,23.48,entsoe.eu,false,
2022-04-25 04:00:00,Italy,North Italy,IT-NO,315.84,402.01,33.82,27.12,entsoe.eu,false,
2022-04-25 05:00:00,Italy,North Italy,IT-NO,283.77,363.62,40.76,35.55,entsoe.eu,false,
2022-04-25 06:00:00,Italy,North Italy,IT-NO,266.65,344.81,43.83,40.69,entsoe.eu,false,
2022-04-25 07:00:00,Italy,North Italy,IT-NO,244.85,319.27,48.22,45.96,entsoe.eu,false,
2022-04-25 08:00:00,Italy,North Italy,IT-NO,228.21,300.68,51.09,48.63,entsoe.eu,false,
2022-04-25 09:00:00,Italy,North Italy,IT-NO,206.66,274.29,56.15,53.76,entsoe.eu,false,
2022-04-25 10:00:00,Italy,North Italy,IT-NO,203.16,269.19,57.28,54.38,entsoe.eu,false,
2022-04-25 11:00:00,Italy,North Italy,IT-NO,222.82,292.47,52.93,49.58,entsoe.eu,false,
2022-04-25 12:00:00,Italy,North Italy,IT-NO,232.8,305.3,50.83,47.9,entsoe.eu,false,
2022-04-25 13:00:00,Italy,North Italy,IT-NO,228.08,298.47,52.31,48.09,entsoe.eu,false,
2022-04-25 14:00:00,Italy,North Italy,IT-NO,235.37,306.71,50.85,44.9,entsoe.eu,false,
2022-04-25 15:00:00,Italy,North Italy,IT-NO,258.78,335.6,45.3,39.51,entsoe.eu,false,
2022-04-25 16:00:00,Italy,North Italy,IT-NO,276.71,358.31,40.87,34.68,entsoe.eu,false,
2022-04-25 17:00:00,Italy,North Italy,IT-NO,273.94,351.13,43.22,36.46,entsoe.eu,false,
2022-04-25 18:00:00,Italy,North Italy,IT-NO,265.18,339.9,45.36,37.46,entsoe.eu,false,
2022-04-25 19:00:00,Italy,North Italy,IT-NO,268.41,344.86,44.24,36.2,entsoe.eu,false,
2022-04-25 20:00:00,Italy,North Italy,IT-NO,281.99,362.54,40.67,31.58,entsoe.eu,false,
2022-04-25 21:00:00,Italy,North Italy,IT-NO,292.38,377.43,37.79,28.54,entsoe.eu,false,
2022-04-25 22:00:00,Italy,North Italy,IT-NO,285.73,364.44,41.19,25.87,entsoe.eu,false,
2022-04-25 23:00:00,Italy,North Italy,IT-NO,293.8,374.35,39.16,24.52,entsoe.eu,false,
2022-04-26 00:00:00,Italy,North Italy,IT-NO,283.27,360.15,41.99,25.1,entsoe.eu,false,
2022-04-26 01:00:00,Italy,North Italy,IT-NO,275.08,352.05,43.44,24.49,entsoe.eu,false,
2022-04-26 02:00:00,Italy,North Italy,IT-NO,278.4,355.75,42.48,23.88,entsoe.eu,false,
2022-04-26 03:00:00,Italy,North Italy,IT-NO,284.32,365.29,39.96,22.58,entsoe.eu,false,
2022-04-26 04:00:00,Italy,North Italy,IT-NO,289.91,373.16,37.84,24.84,entsoe.eu,false,
2022-04-26 05:00:00,Italy,North Italy,IT-NO,287.4,360.99,44.75,37.32,entsoe.eu,false,
2022-04-26 06:00:00,Italy,North Italy,IT-NO,272.33,341.18,49.23,42.42,entsoe.eu,false,
2022-04-26 07:00:00,Italy,North Italy,IT-NO,261.73,334.82,46.81,39.46,entsoe.eu,false,
2022-04-26 08:00:00,Italy,North Italy,IT-NO,257.24,333.09,45.07,35.81,entsoe.eu,false,
2022-04-26 09:00:00,Italy,North Italy,IT-NO,259.13,335.16,44.85,35.3,entsoe.eu,false,
2022-04-26 10:00:00,Italy,North Italy,IT-NO,258.34,335.47,44.82,36.81,entsoe.eu,false,
2022-04-26 11:00:00,Italy,North Italy,IT-NO,242.71,315.51,48.78,38.54,entsoe.eu,false,
2022-04-26 12:00:00,Italy,North Italy,IT-NO,244.66,317.78,48.32,37.27,entsoe.eu,false,
2022-04-26 13:00:00,Italy,North Italy,IT-NO,249.59,323.47,47.1,35.16,entsoe.eu,false,
2022-04-26 14:00:00,Italy,North Italy,IT-NO,252.16,326.59,46.43,33.8,entsoe.eu,false,
2022-04-26 15:00:00,Italy,North Italy,IT-NO,268.19,346.59,42.75,30.05,entsoe.eu,false,
2022-04-26 16:00:00,Italy,North Italy,IT-NO,283.02,363.86,39.8,27.44,entsoe.eu,false,
2022-04-26 17:00:00,Italy,North Italy,IT-NO,274.1,347.61,45.31,35.04,entsoe.eu,false,
2022-04-26 18:00:00,Italy,North Italy,IT-NO,272.77,344.11,46.75,36.57,entsoe.eu,false,
2022-04-26 19:00:00,Italy,North Italy,IT-NO,276.67,353.46,42.44,30.76,entsoe.eu,false,
2022-04-26 20:00:00,Italy,North Italy,IT-NO,283.69,365.06,39.02,25.85,entsoe.eu,false,
2022-04-26 21:00:00,Italy,North Italy,IT-NO,302.44,387.6,35.81,22.95,entsoe.eu,false,
2022-04-26 22:00:00,Italy,North Italy,IT-NO,294.43,375.86,38.44,23.36,entsoe.eu,false,
2022-04-26 23:00:00,Italy,North Italy,IT-NO,295.73,376.37,38.49,22.51,entsoe.eu,false,
2022-04-27 00:00:00,Italy,North Italy,IT-NO,293.13,374.49,39.21,22.29,entsoe.eu,false,
2022-04-27 01:00:00,Italy,North Italy,IT-NO,286.56,367.03,40.33,21.73,entsoe.eu,false,
2022-04-27 02:00:00,Italy,North Italy,IT-NO,283.69,363.46,40.57,22.19,entsoe.eu,false,
2022-04-27 03:00:00,Italy,North Italy,IT-NO,280.5,360.72,40.82,23.53,entsoe.eu,false,
2022-04-27 04:00:00,Italy,North Italy,IT-NO,268.87,347.93,41.65,25.46,entsoe.eu,false,
2022-04-27 05:00:00,Italy,North Italy,IT-NO,254.41,327.68,46.59,35.17,entsoe.eu,false,
2022-04-27 06:00:00,Italy,North Italy,IT-NO,247.06,317.43,49.69,40.15,entsoe.eu,false,
2022-04-27 07:00:00,Italy,North Italy,IT-NO,239.97,314.29,48.03,38.17,entsoe.eu,false,
2022-04-27 08:00:00,Italy,North Italy,IT-NO,244.54,319.21,47.65,39.11,entsoe.eu,false,
2022-04-27 09:00:00,Italy,North Italy,IT-NO,229.24,300.67,51.38,41.18,entsoe.eu,false,
2022-04-27 10:00:00,Italy,North Italy,IT-NO,228.93,301.52,51.17,41.62,entsoe.eu,false,
2022-04-27 11:00:00,Italy,North Italy,IT-NO,210.01,278.3,55.41,44.23,entsoe.eu,false,
2022-04-27 12:00:00,Italy,North Italy,IT-NO,214.84,283.67,54.05,42.36,entsoe.eu,false,
2022-04-27 13:00:00,Italy,North Italy,IT-NO,222.62,292.67,52.2,39.81,entsoe.eu,false,
2022-04-27 14:00:00,Italy,North Italy,IT-NO,234.99,308.07,49.52,37.23,entsoe.eu,false,
2022-04-27 15:00:00,Italy,North Italy,IT-NO,243.33,316.99,47.94,34.55,entsoe.eu,false,
2022-04-27 16:00:00,Italy,North Italy,IT-NO,256.82,333.53,44.54,31.68,entsoe.eu,false,
2022-04-27 17:00:00,Italy,North Italy,IT-NO,255.12,327.56,47.27,36.52,entsoe.eu,false,
2022-04-27 18:00:00,Italy,North Italy,IT-NO,257.97,329.53,47.8,37.14,entsoe.eu,false,
2022-04-27 19:00:00,Italy,North Italy,IT-NO,267.32,344.16,43.11,30.64,entsoe.eu,false,
2022-04-27 20:00:00,Italy,North Italy,IT-NO,286.58,367.95,38.47,25.16,entsoe.eu,false,
2022-04-27 21:00:00,Italy,North Italy,IT-NO,291.34,372.77,38.62,25.02,entsoe.eu,false,
2022-04-27 22:00:00,Italy,North Italy,IT-NO,281.51,360.21,41.47,25.52,entsoe.eu,false,
2022-04-27 23:00:00,Italy,North Italy,IT-NO,278.8,355.15,42.7,24.86,entsoe.eu,false,
2022-04-28 00:00:00,Italy,North Italy,IT-NO,279.27,355.62,42.67,24.54,entsoe.eu,false,
2022-04-28 01:00:00,Italy,North Italy,IT-NO,265.07,339.07,46.1,27.06,entsoe.eu,false,
2022-04-28 02:00:00,Italy,North Italy,IT-NO,261.26,335.3,47.01,26.58,entsoe.eu,false,
2022-04-28 03:00:00,Italy,North Italy,IT-NO,261.83,336.19,45.61,25.84,entsoe.eu,false,
2022-04-28 04:00:00,Italy,North Italy,IT-NO,266.48,344.55,42.76,26.74,entsoe.eu,false,
2022-04-28 05:00:00,Italy,North Italy,IT-NO,258.39,330.62,47.85,38.61,entsoe.eu,false,
2022-04-28 06:00:00,Italy,North Italy,IT-NO,246.56,314.59,52.01,44.48,entsoe.eu,false,
2022-04-28 07:00:00,Italy,North Italy,IT-NO,220.14,288.49,53.97,44.29,entsoe.eu,false,
2022-04-28 08:00:00,Italy,North Italy,IT-NO,212.17,278.6,56.08,46.5,entsoe.eu,false,
2022-04-28 09:00:00,Italy,North Italy,IT-NO,200.08,263.97,59.08,49.31,entsoe.eu,false,
2022-04-28 10:00:00,Italy,North Italy,IT-NO,186.38,246.78,62.14,51.67,entsoe.eu,false,
2022-04-28 11:00:00,Italy,North Italy,IT-NO,180.61,238.83,63.59,52.67,entsoe.eu,false,
2022-04-28 12:00:00,Italy,North Italy,IT-NO,181.0,240.15,63.33,51.9,entsoe.eu,false,
2022-04-28 13:00:00,Italy,North Italy,IT-NO,197.61,260.12,59.88,47.35,entsoe.eu,false,
2022-04-28 14:00:00,Italy,North Italy,IT-NO,212.24,276.72,57.38,43.64,entsoe.eu,false,
2022-04-28 15:00:00,Italy,North Italy,IT-NO,227.43,295.5,53.53,39.74,entsoe.eu,false,
2022-04-28 16:00:00,Italy,North Italy,IT-NO,245.58,316.67,50.0,35.72,entsoe.eu,false,
2022-04-28 17:00:00,Italy,North Italy,IT-NO,258.97,326.19,51.78,41.59,entsoe.eu,false,
2022-04-28 18:00:00,Italy,North Italy,IT-NO,249.04,313.87,53.41,43.22,entsoe.eu,false,
2022-04-28 19:00:00,Italy,North Italy,IT-NO,259.36,327.91,50.47,38.75,entsoe.eu,false,
2022-04-28 20:00:00,Italy,North Italy,IT-NO,268.46,344.77,44.68,30.41,entsoe.eu,false,
2022-04-28 21:00:00,Italy,North Italy,IT-NO,276.7,353.94,43.34,28.19,entsoe.eu,false,
2022-04-28 22:00:00,Italy,North Italy,IT-NO,263.25,334.68,47.2,28.94,entsoe.eu,false,
2022-04-28 23:00:00,Italy,North Italy,IT-NO,254.89,323.98,50.13,30.3,entsoe.eu,false,
2022-04-29 00:00:00,Italy,North Italy,IT-NO,256.72,326.03,50.09,29.61,entsoe.eu,false,
2022-04-29 01:00:00,Italy,North Italy,IT-NO,251.25,321.69,50.94,28.98,entsoe.eu,false,
2022-04-29 02:00:00,Italy,North Italy,IT-NO,251.38,321.02,50.85,29.37,entsoe.eu,false,
2022-04-29 03:00:00,Italy,North Italy,IT-NO,253.99,324.01,50.24,30.29,entsoe.eu,false,
2022-04-29 04:00:00,Italy,North Italy,IT-NO,274.24,350.19,44.3,31.12,entsoe.eu,false,
2022-04-29 05:00:00,Italy,North Italy,IT-NO,265.78,334.95,49.6,40.76,entsoe.eu,false,
2022-04-29 06:00:00,Italy,North Italy,IT-NO,238.14,300.95,54.95,45.56,entsoe.eu,false,
2022-04-29 07:00:00,Italy,North Italy,IT-NO,228.32,294.46,54.12,44.52,entsoe.eu,false,
2022-04-29 08:00:00,Italy,North Italy,IT-NO,227.56,293.98,53.79,44.76,entsoe.eu,false,
2022-04-29 09:00:00,Italy,North Italy,IT-NO,211.88,276.33,57.38,49.58,entsoe.eu,false,
2022-04-29 10:00:00,Italy,North Italy,IT-NO,189.87,250.87,62.68,52.99,entsoe.eu,false,
2022-04-29 11:00:00,Italy,North Italy,IT-NO,186.0,245.7,63.87,53.62,entsoe.eu,false,
2022-04-29 12:00:00,Italy,North Italy,IT-NO,200.37,262.27,60.58,49.4,entsoe.eu,false,
2022-04-29 13:00:00,Italy,North Italy,IT-NO,205.37,267.73,59.56,47.07,entsoe.eu,false,
2022-04-29 14:00:00,Italy,North Italy,IT-NO,217.3,281.17,56.82,42.73,entsoe.eu,false,
2022-04-29 15:00:00,Italy,North Italy,IT-NO,230.13,296.4,53.58,38.11,entsoe.eu,false,
2022-04-29 16:00:00,Italy,North Italy,IT-NO,251.77,321.64,49.7,35.45,entsoe.eu,false,
2022-04-29 17:00:00,Italy,North Italy,IT-NO,246.11,310.14,53.82,40.91,entsoe.eu,false,
2022-04-29 18:00:00,Italy,North Italy,IT-NO,248.17,310.8,55.1,42.63,entsoe.eu,false,
2022-04-29 19:00:00,Italy,North Italy,IT-NO,254.58,321.93,51.17,36.76,entsoe.eu,false,
2022-04-29 20:00:00,Italy,North Italy,IT-NO,264.44,336.14,48.24,31.76,entsoe.eu,false,
2022-04-29 21:00:00,Italy,North Italy,IT-NO,276.41,350.45,46.13,29.14,entsoe.eu,false,
2022-04-29 22:00:00,Italy,North Italy,IT-NO,270.66,342.04,47.69,27.69,entsoe.eu,false,
2022-04-29 23:00:00,Italy,North Italy,IT-NO,268.89,337.83,48.91,27.52,entsoe.eu,false,
2022-04-30 00:00:00,Italy,North Italy,IT-NO,264.74,335.44,49.73,27.96,entsoe.eu,false,
2022-04-30 01:00:00,Italy,North Italy,IT-NO,269.66,339.9,49.23,25.5,entsoe.eu,false,
2022-04-30 02:00:00,Italy,North Italy,IT-NO,264.06,330.59,51.21,27.89,entsoe.eu,false,
2022-04-30 03:00:00,Italy,North Italy,IT-NO,262.37,331.36,50.61,28.89,entsoe.eu,false,
2022-04-30 04:00:00,Italy,North Italy,IT-NO,256.76,324.85,50.8,29.79,entsoe.eu,false,
2022-04-30 05:00:00,Italy,North Italy,IT-NO,240.33,304.81,54.81,35.8,entsoe.eu,false,
2022-04-30 06:00:00,Italy,North Italy,IT-NO,216.7,277.33,59.5,42.67,entsoe.eu,false,
2022-04-30 07:00:00,Italy,North Italy,IT-NO,202.65,262.7,60.97,45.04,entsoe.eu,false,
2022-04-30 08:00:00,Italy,North Italy,IT-NO,179.9,235.84,65.96,49.37,entsoe.eu,false,
2022-04-30 09:00:00,Italy,North Italy,IT-NO,164.92,217.84,69.34,52.45,entsoe.eu,false,
2022-04-30 10:00:00,Italy,North Italy,IT-NO,164.56,219.28,68.9,54.45,entsoe.eu,false,
2022-04-30 11:00:00,Italy,North Italy,IT-NO,159.18,213.91,69.82,55.84,entsoe.eu,false,
2022-04-30 12:00:00,Italy,North Italy,IT-NO,157.13,211.34,70.09,55.24,entsoe.eu,false,
2022-04-30 13:00:00,Italy,North Italy,IT-NO,164.0,217.96,68.73,50.67,entsoe.eu,false,
2022-04-30 14:00:00,Italy,North Italy,IT-NO,178.68,232.85,66.44,45.63,entsoe.eu,false,
2022-04-30 15:00:00,Italy,North Italy,IT-NO,192.21,250.37,63.05,42.09,entsoe.eu,false,
2022-04-30 16:00:00,Italy,North Italy,IT-NO,212.74,275.32,58.13,38.93,entsoe.eu,false,
2022-04-30 17:00:00,Italy,North Italy,IT-NO,229.14,292.18,57.23,40.31,entsoe.eu,false,
2022-04-30 18:00:00,Italy,North Italy,IT-NO,218.39,278.7,58.94,42.95,entsoe.eu,false,
2022-04-30 19:00:00,Italy,North Italy,IT-NO,226.64,289.52,56.98,39.32,entsoe.eu,false,
2022-04-30 20:00:00,Italy,North Italy,IT-NO,242.89,309.45,54.04,36.23,entsoe.eu,false,
2022-04-30 21:00:00,Italy,North Italy,IT-NO,252.02,321.5,51.25,31.82,entsoe.eu,false,
2022-04-30 22:00:00,Italy,North Italy,IT-NO,247.81,314.36,53.34,34.18,entsoe.eu,false,
2022-04-30 23:00:00,Italy,North Italy,IT-NO,254.46,321.24,52.26,32.71,entsoe.eu,false,
2022-05-01 00:00:00,Italy,North Italy,IT-NO,252.95,319.51,52.07,30.9,entsoe.eu,false,
2022-05-01 01:00:00,Italy,North Italy,IT-NO,260.18,328.88,50.44,29.08,entsoe.eu,false,
2022-05-01 02:00:00,Italy,North Italy,IT-NO,261.3,331.05,49.85,28.94,entsoe.eu,false,
2022-05-01 03:00:00,Italy,North Italy,IT-NO,262.02,330.84,50.13,30.07,entsoe.eu,false,
2022-05-01 04:00:00,Italy,North Italy,IT-NO,251.52,316.0,52.72,30.28,entsoe.eu,false,
2022-05-01 05:00:00,Italy,North Italy,IT-NO,220.31,279.16,59.14,36.97,entsoe.eu,false,
2022-05-01 06:00:00,Italy,North Italy,IT-NO,198.47,252.98,64.45,42.62,entsoe.eu,false,
2022-05-01 07:00:00,Italy,North Italy,IT-NO,181.69,233.64,67.32,46.58,entsoe.eu,false,
2022-05-01 08:00:00,Italy,North Italy,IT-NO,161.31,212.63,70.16,50.62,entsoe.eu,false,
2022-05-01 09:00:00,Italy,North Italy,IT-NO,153.19,204.84,71.29,54.39,entsoe.eu,false,
2022-05-01 10:00:00,Italy,North Italy,IT-NO,151.03,203.74,71.51,58.55,entsoe.eu,false,
2022-05-01 11:00:00,Italy,North Italy,IT-NO,157.14,211.81,70.02,57.08,entsoe.eu,false,
2022-05-01 12:00:00,Italy,North Italy,IT-NO,171.32,228.7,67.61,55.47,entsoe.eu,false,
2022-05-01 13:00:00,Italy,North Italy,IT-NO,173.14,229.73,67.08,51.91,entsoe.eu,false,
2022-05-01 14:00:00,Italy,North Italy,IT-NO,167.93,222.26,68.34,49.3,entsoe.eu,false,
2022-05-01 15:00:00,Italy,North Italy,IT-NO,189.0,246.57,63.6,41.83,entsoe.eu,false,
2022-05-01 16:00:00,Italy,North Italy,IT-NO,246.32,317.33,50.01,31.89,entsoe.eu,false,
2022-05-01 17:00:00,Italy,North Italy,IT-NO,238.42,308.01,51.21,32.83,entsoe.eu,false,
2022-05-01 18:00:00,Italy,North Italy,IT-NO,239.33,305.35,53.45,36.9,entsoe.eu,false,
2022-05-01 19:00:00,Italy,North Italy,IT-NO,243.03,309.76,52.5,37.04,entsoe.eu,false,
2022-05-01 20:00:00,Italy,North Italy,IT-NO,265.73,339.35,46.81,29.77,entsoe.eu,false,
2022-05-01 21:00:00,Italy,North Italy,IT-NO,290.93,368.5,42.01,26.59,entsoe.eu,false,
2022-05-01 22:00:00,Italy,North Italy,IT-NO,280.84,357.37,43.86,24.4,entsoe.eu,false,
2022-05-01 23:00:00,Italy,North Italy,IT-NO,270.86,345.38,45.82,23.83,entsoe.eu,false,
2022-05-02 00:00:00,Italy,North Italy,IT-NO,277.91,350.86,45.3,23.05,entsoe.eu,false,
2022-05-02 01:00:00,Italy,North Italy,IT-NO,270.52,342.16,47.31,23.53,entsoe.eu,false,
2022-05-02 02:00:00,Italy,North Italy,IT-NO,280.79,356.33,43.86,21.44,entsoe.eu,false,
2022-05-02 03:00:00,Italy,North Italy,IT-NO,327.3,412.43,33.94,19.15,entsoe.eu,false,
2022-05-02 04:00:00,Italy,North Italy,IT-NO,353.03,438.75,32.51,24.95,entsoe.eu,false,
2022-05-02 05:00:00,Italy,North Italy,IT-NO,318.55,394.69,41.66,36.77,entsoe.eu,false,
2022-05-02 06:00:00,Italy,North Italy,IT-NO,289.01,359.37,46.64,40.06,entsoe.eu,false,
2022-05-02 07:00:00,Italy,North Italy,IT-NO,274.82,345.77,46.84,39.26,entsoe.eu,false,
2022-05-02 08:00:00,Italy,North Italy,IT-NO,261.49,332.4,48.52,39.95,entsoe.eu,false,
2022-05-02 09:00:00,Italy,North Italy,IT-NO,250.92,321.27,50.2,41.38,entsoe.eu,false,
2022-05-02 10:00:00,Italy,North Italy,IT-NO,230.64,296.32,55.03,45.2,entsoe.eu,false,
2022-05-02 11:00:00,Italy,North Italy,IT-NO,226.8,292.56,55.43,45.05,entsoe.eu,false,
2022-05-02 12:00:00,Italy,North Italy,IT-NO,235.45,303.71,53.58,43.22,entsoe.eu,false,
2022-05-02 13:00:00,Italy,North Italy,IT-NO,255.86,328.3,48.58,37.31,entsoe.eu,false,
2022-05-02 14:00:00,Italy,North Italy,IT-NO,257.05,329.61,48.54,37.01,entsoe.eu,false,
2022-05-02 15:00:00,Italy,North Italy,IT-NO,278.35,355.46,44.09,32.87,entsoe.eu,false,
2022-05-02 16:00:00,Italy,North Italy,IT-NO,298.82,379.02,39.94,30.61,entsoe.eu,false,
2022-05-02 17:00:00,Italy,North Italy,IT-NO,293.37,369.26,42.81,34.62,entsoe.eu,false,
2022-05-02 18:00:00,Italy,North Italy,IT-NO,290.15,367.5,41.83,32.72,entsoe.eu,false,
2022-05-02 19:00:00,Italy,North Italy,IT-NO,301.66,382.31,38.96,28.74,entsoe.eu,false,
2022-05-02 20:00:00,Italy,North Italy,IT-NO,321.42,405.62,35.44,24.82,entsoe.eu,false,
2022-05-02 21:00:00,Italy,North Italy,IT-NO,310.75,391.89,38.38,24.49,entsoe.eu,false,
2022-05-02 22:00:00,Italy,North Italy,IT-NO,317.45,399.22,37.26,22.79,entsoe.eu,false,
2022-05-02 23:00:00,Italy,North Italy,IT-NO,323.31,405.93,36.31,21.3,entsoe.eu,false,
2022-05-03 00:00:00,Italy,North Italy,IT-NO,326.28,407.48,36.55,21.17,entsoe.eu,false,
2022-05-03 01:00:00,Italy,North Italy,IT-NO,325.1,406.52,37.28,21.84,entsoe.eu,false,
2022-05-03 02:00:00,Italy,North Italy,IT-NO,318.81,400.79,37.37,21.68,entsoe.eu,false,
2022-05-03 03:00:00,Italy,North Italy,IT-NO,323.61,406.68,36.21,21.4,entsoe.eu,false,
2022-05-03 04:00:00,Italy,North Italy,IT-NO,326.67,411.24,34.97,22.79,entsoe.eu,false,
2022-05-03 05:00:00,Italy,North Italy,IT-NO,300.54,378.81,41.34,33.05,entsoe.eu,false,
2022-05-03 06:00:00,Italy,North Italy,IT-NO,274.91,347.35,47.02,40.84,entsoe.eu,false,
2022-05-03 07:00:00,Italy,North Italy,IT-NO,270.26,342.08,47.76,41.65,entsoe.eu,false,
2022-05-03 08:00:00,Italy,North Italy,IT-NO,270.94,344.68,47.16,40.73,entsoe.eu,false,
2022-05-03 09:00:00,Italy,North Italy,IT-NO,260.73,332.64,49.38,42.79,entsoe.eu,false,
2022-05-03 10:00:00,Italy,North Italy,IT-NO,252.21,323.95,50.83,44.21,entsoe.eu,false,
2022-05-03 11:00:00,Italy,North Italy,IT-NO,257.63,330.88,49.27,42.27,entsoe.eu,false,
2022-05-03 12:00:00,Italy,North Italy,IT-NO,266.3,340.64,47.51,40.16,entsoe.eu,false,
2022-05-03 13:00:00,Italy,North Italy,IT-NO,276.08,352.56,45.11,36.99,entsoe.eu,false,
2022-05-03 14:00:00,Italy,North Italy,IT-NO,290.44,369.74,41.63,32.72,entsoe.eu,false,
2022-05-03 15:00:00,Italy,North Italy,IT-NO,298.48,378.96,40.07,30.91,entsoe.eu,false,
2022-05-03 16:00:00,Italy,North Italy,IT-NO,304.55,386.37,38.09,28.86,entsoe.eu,false,
2022-05-03 17:00:00,Italy,North Italy,IT-NO,296.91,374.94,40.74,32.97,entsoe.eu,false,
2022-05-03 18:00:00,Italy,North Italy,IT-NO,291.1,368.39,41.24,32.81,entsoe.eu,false,
2022-05-03 19:00:00,Italy,North Italy,IT-NO,309.08,391.08,36.98,28.1,entsoe.eu,false,
2022-05-03 20:00:00,Italy,North Italy,IT-NO,334.65,422.79,31.83,22.48,entsoe.eu,false,
2022-05-03 21:00:00,Italy,North Italy,IT-NO,336.62,425.03,31.87,21.37,entsoe.eu,false,
2022-05-03 22:00:00,Italy,North Italy,IT-NO,338.42,427.72,30.67,19.07,entsoe.eu,false,
2022-05-03 23:00:00,Italy,North Italy,IT-NO,344.88,435.44,28.99,17.16,entsoe.eu,false,
2022-05-04 00:00:00,Italy,North Italy,IT-NO,336.56,424.02,31.46,18.42,entsoe.eu,false,
2022-05-04 01:00:00,Italy,North Italy,IT-NO,314.87,398.22,35.22,18.67,entsoe.eu,false,
2022-05-04 02:00:00,Italy,North Italy,IT-NO,313.39,398.03,34.85,18.8,entsoe.eu,false,
2022-05-04 03:00:00,Italy,North Italy,IT-NO,315.62,401.48,34.13,18.98,entsoe.eu,false,
2022-05-04 04:00:00,Italy,North Italy,IT-NO,327.07,414.48,32.34,23.57,entsoe.eu,false,
2022-05-04 05:00:00,Italy,North Italy,IT-NO,302.18,383.12,38.15,30.9,entsoe.eu,false,
2022-05-04 06:00:00,Italy,North Italy,IT-NO,289.03,367.0,41.62,34.25,entsoe.eu,false,
2022-05-04 07:00:00,Italy,North Italy,IT-NO,283.01,360.26,43.13,35.56,entsoe.eu,false,
2022-05-04 08:00:00,Italy,North Italy,IT-NO,274.93,351.01,45.24,37.42,entsoe.eu,false,
2022-05-04 09:00:00,Italy,North Italy,IT-NO,275.37,351.72,45.04,37.81,entsoe.eu,false,
2022-05-04 10:00:00,Italy,North Italy,IT-NO,265.27,339.4,47.49,40.68,entsoe.eu,false,
2022-05-04 11:00:00,Italy,North Italy,IT-NO,244.03,312.82,52.59,42.74,entsoe.eu,false,
2022-05-04 12:00:00,Italy,North Italy,IT-NO,255.22,326.13,50.11,39.78,entsoe.eu,false,
2022-05-04 13:00:00,Italy,North Italy,IT-NO,267.8,341.55,46.99,35.79,entsoe.eu,false,
2022-05-04 14:00:00,Italy,North Italy,IT-NO,289.37,365.67,43.59,31.4,entsoe.eu,false,
2022-05-04 15:00:00,Italy,North Italy,IT-NO,292.84,371.66,41.62,29.22,entsoe.eu,false,
2022-05-04 16:00:00,Italy,North Italy,IT-NO,298.79,378.78,40.03,30.11,entsoe.eu,false,
2022-05-04 17:00:00,Italy,North Italy,IT-NO,289.28,366.0,42.45,32.65,entsoe.eu,false,
2022-05-04 18:00:00,Italy,North Italy,IT-NO,275.34,348.81,45.08,34.6,entsoe.eu,false,
2022-05-04 19:00:00,Italy,North Italy,IT-NO,297.39,375.75,40.8,30.5,entsoe.eu,false,
2022-05-04 20:00:00,Italy,North Italy,IT-NO,323.45,407.39,35.84,27.01,entsoe.eu,false,
2022-05-04 21:00:00,Italy,North Italy,IT-NO,330.01,414.94,34.28,24.09,entsoe.eu,false,
2022-05-04 22:00:00,Italy,North Italy,IT-NO,323.63,409.38,34.34,21.47,entsoe.eu,false,
2022-05-04 23:00:00,Italy,North Italy,IT-NO,323.53,408.44,34.29,20.73,entsoe.eu,false,
2022-05-05 00:00:00,Italy,North Italy,IT-NO,323.95,408.85,34.35,20.35,entsoe.eu,false,
2022-05-05 01:00:00,Italy,North Italy,IT-NO,325.07,409.76,34.25,19.66,entsoe.eu,false,
2022-05-05 02:00:00,Italy,North Italy,IT-NO,323.86,408.65,34.51,20.0,entsoe.eu,false,
2022-05-05 03:00:00,Italy,North Italy,IT-NO,318.33,404.18,34.29,20.18,entsoe.eu,false,
2022-05-05 04:00:00,Italy,North Italy,IT-NO,311.24,392.81,37.57,26.53,entsoe.eu,false,
2022-05-05 05:00:00,Italy,North Italy,IT-NO,290.41,368.41,41.18,32.88,entsoe.eu,false,
2022-05-05 06:00:00,Italy,North Italy,IT-NO,269.87,340.75,46.95,39.84,entsoe.eu,false,
2022-05-05 07:00:00,Italy,North Italy,IT-NO,264.25,333.09,47.85,40.22,entsoe.eu,false,
2022-05-05 08:00:00,Italy,North Italy,IT-NO,263.24,331.2,48.96,40.99,entsoe.eu,false,
2022-05-05 09:00:00,Italy,North Italy,IT-NO,263.35,332.25,49.62,42.41,entsoe.eu,false,
2022-05-05 10:00:00,Italy,North Italy,IT-NO,272.7,345.13,46.92,38.21,entsoe.eu,false,
2022-05-05 11:00:00,Italy,North Italy,IT-NO,279.89,356.01,43.82,32.84,entsoe.eu,false,
2022-05-05 12:00:00,Italy,North Italy,IT-NO,280.78,357.16,43.35,31.81,entsoe.eu,false,
2022-05-05 13:00:00,Italy,North Italy,IT-NO,281.07,355.24,44.33,33.62,entsoe.eu,false,
2022-05-05 14:00:00,Italy,North Italy,IT-NO,282.44,358.34,43.36,32.88,entsoe.eu,false,
2022-05-05 15:00:00,Italy,North Italy,IT-NO,289.31,367.53,41.38,29.76,entsoe.eu,false,
2022-05-05 16:00:00,Italy,North Italy,IT-NO,286.21,364.1,41.85,30.76,entsoe.eu,false,
2022-05-05 17:00:00,Italy,North Italy,IT-NO,283.48,359.57,42.94,33.81,entsoe.eu,false,
2022-05-05 18:00:00,Italy,North Italy,IT-NO,283.9,359.59,43.12,33.93,entsoe.eu,false,
2022-05-05 19:00:00,Italy,North Italy,IT-NO,299.69,379.42,39.73,30.4,entsoe.eu,false,
2022-05-05 20:00:00,Italy,North Italy,IT-NO,293.18,371.93,41.26,29.28,entsoe.eu,false,
2022-05-05 21:00:00,Italy,North Italy,IT-NO,301.84,382.6,38.99,26.89,entsoe.eu,false,
2022-05-05 22:00:00,Italy,North Italy,IT-NO,321.75,407.9,34.48,22.92,entsoe.eu,false,
2022-05-05 23:00:00,Italy,North Italy,IT-NO,320.44,404.15,35.83,23.13,entsoe.eu,false,
2022-05-06 00:00:00,Italy,North Italy,IT-NO,313.31,395.02,37.32,24.24,entsoe.eu,false,
2022-05-06 01:00:00,Italy,North Italy,IT-NO,310.78,392.59,37.44,23.7,entsoe.eu,false,
2022-05-06 02:00:00,Italy,North Italy,IT-NO,317.19,401.21,35.44,22.52,entsoe.eu,false,
2022-05-06 03:00:00,Italy,North Italy,IT-NO,317.48,401.48,35.69,22.79,entsoe.eu,false,
2022-05-06 04:00:00,Italy,North Italy,IT-NO,323.38,408.73,34.15,23.61,entsoe.eu,false,
2022-05-06 05:00:00,Italy,North Italy,IT-NO,310.31,391.3,36.96,29.58,entsoe.eu,false,
2022-05-06 06:00:00,Italy,North Italy,IT-NO,293.08,368.57,42.0,35.11,entsoe.eu,false,
2022-05-06 07:00:00,Italy,North Italy,IT-NO,273.14,346.82,44.57,35.19,entsoe.eu,false,
2022-05-06 08:00:00,Italy,North Italy,IT-NO,280.02,355.93,43.32,33.27,entsoe.eu,false,
2022-05-06 09:00:00,Italy,North Italy,IT-NO,278.33,353.62,43.92,33.28,entsoe.eu,false,
2022-05-06 10:00:00,Italy,North Italy,IT-NO,284.23,362.58,41.6,30.37,entsoe.eu,false,
2022-05-06 11:00:00,Italy,North Italy,IT-NO,283.37,361.67,41.5,30.35,entsoe.eu,false,
2022-05-06 12:00:00,Italy,North Italy,IT-NO,284.08,361.53,41.46,30.13,entsoe.eu,false,
2022-05-06 13:00:00,Italy,North Italy,IT-NO,280.49,356.98,42.53,33.44,entsoe.eu,false,
2022-05-06 14:00:00,Italy,North Italy,IT-NO,288.05,365.04,41.32,31.97,entsoe.eu,false,
2022-05-06 15:00:00,Italy,North Italy,IT-NO,282.81,360.0,41.74,29.37,entsoe.eu,false,
2022-05-06 16:00:00,Italy,North Italy,IT-NO,283.43,360.55,41.46,28.77,entsoe.eu,false,
2022-05-06 17:00:00,Italy,North Italy,IT-NO,283.15,360.58,42.02,31.08,entsoe.eu,false,
2022-05-06 18:00:00,Italy,North Italy,IT-NO,282.34,360.23,41.72,30.04,entsoe.eu,false,
2022-05-06 19:00:00,Italy,North Italy,IT-NO,291.72,370.83,40.48,29.6,entsoe.eu,false,
2022-05-06 20:00:00,Italy,North Italy,IT-NO,284.24,361.39,43.1,30.53,entsoe.eu,false,
2022-05-06 21:00:00,Italy,North Italy,IT-NO,268.63,340.67,45.91,30.24,entsoe.eu,false,
2022-05-06 22:00:00,Italy,North Italy,IT-NO,235.98,301.24,54.07,34.55,entsoe.eu,false,
2022-05-06 23:00:00,Italy,North Italy,IT-NO,231.03,294.14,56.12,35.14,entsoe.eu,false,
2022-05-07 00:00:00,Italy,North Italy,IT-NO,232.43,295.58,55.87,34.69,entsoe.eu,false,
2022-05-07 01:00:00,Italy,North Italy,IT-NO,233.14,295.21,56.14,35.54,entsoe.eu,false,
2022-05-07 02:00:00,Italy,North Italy,IT-NO,229.28,292.05,56.79,35.22,entsoe.eu,false,
2022-05-07 03:00:00,Italy,North Italy,IT-NO,231.73,294.56,55.87,34.2,entsoe.eu,false,
2022-05-07 04:00:00,Italy,North Italy,IT-NO,223.19,284.29,57.51,36.81,entsoe.eu,false,
2022-05-07 05:00:00,Italy,North Italy,IT-NO,198.27,254.4,62.75,42.07,entsoe.eu,false,
2022-05-07 06:00:00,Italy,North Italy,IT-NO,188.79,241.49,65.34,47.31,entsoe.eu,false,
2022-05-07 07:00:00,Italy,North Italy,IT-NO,186.46,239.11,65.64,49.43,entsoe.eu,false,
2022-05-07 08:00:00,Italy,North Italy,IT-NO,187.97,242.77,65.49,48.76,entsoe.eu,false,
2022-05-07 09:00:00,Italy,North Italy,IT-NO,174.17,228.03,67.47,51.83,entsoe.eu,false,
2022-05-07 10:00:00,Italy,North Italy,IT-NO,164.02,215.4,69.9,53.76,entsoe.eu,false,
2022-05-07 11:00:00,Italy,North Italy,IT-NO,165.84,218.79,68.89,52.61,entsoe.eu,false,
2022-05-07 12:00:00,Italy,North Italy,IT-NO,170.91,223.26,68.7,50.93,entsoe.eu,false,
2022-05-07 13:00:00,Italy,North Italy,IT-NO,177.58,230.26,67.52,48.42,entsoe.eu,false,
2022-05-07 14:00:00,Italy,North Italy,IT-NO,180.29,234.41,66.33,46.15,entsoe.eu,false,
2022-05-07 15:00:00,Italy,North Italy,IT-NO,195.95,252.69,62.78,42.16,entsoe.eu,false,
2022-05-07 16:00:00,Italy,North Italy,IT-NO,202.41,260.48,61.57,41.19,entsoe.eu,false,
2022-05-07 17:00:00,Italy,North Italy,IT-NO,204.68,260.09,62.79,45.08,entsoe.eu,false,
2022-05-07 18:00:00,Italy,North Italy,IT-NO,207.75,262.46,63.63,46.85,entsoe.eu,false,
2022-05-07 19:00:00,Italy,North Italy,IT-NO,211.81,269.48,60.46,41.39,entsoe.eu,false,
2022-05-07 20:00:00,Italy,North Italy,IT-NO,215.12,276.06,58.41,36.88,entsoe.eu,false,
2022-05-07 21:00:00,Italy,North Italy,IT-NO,224.74,286.54,57.34,35.76,entsoe.eu,false,
2022-05-07 22:00:00,Italy,North Italy,IT-NO,218.95,280.15,58.94,36.09,entsoe.eu,false,
2022-05-07 23:00:00,Italy,North Italy,IT-NO,211.99,269.96,61.16,35.5,entsoe.eu,false,
2022-05-08 00:00:00,Italy,North Italy,IT-NO,212.64,270.22,61.72,34.95,entsoe.eu,false,
2022-05-08 01:00:00,Italy,North Italy,IT-NO,205.01,260.34,63.21,34.79,entsoe.eu,false,
2022-05-08 02:00:00,Italy,North Italy,IT-NO,202.64,257.67,63.58,34.94,entsoe.eu,false,
2022-05-08 03:00:00,Italy,North Italy,IT-NO,203.98,260.01,63.19,34.89,entsoe.eu,false,
2022-05-08 04:00:00,Italy,North Italy,IT-NO,202.29,256.92,63.78,35.77,entsoe.eu,false,
2022-05-08 05:00:00,Italy,North Italy,IT-NO,184.66,237.15,66.69,41.63,entsoe.eu,false,
2022-05-08 06:00:00,Italy,North Italy,IT-NO,169.38,221.03,68.75,45.58,entsoe.eu,false,
2022-05-08 07:00:00,Italy,North Italy,IT-NO,156.72,206.74,71.2,49.97,entsoe.eu,false,
2022-05-08 08:00:00,Italy,North Italy,IT-NO,157.71,208.96,71.29,54.35,entsoe.eu,false,
2022-05-08 09:00:00,Italy,North Italy,IT-NO,155.08,205.73,72.04,55.76,entsoe.eu,false,
2022-05-08 10:00:00,Italy,North Italy,IT-NO,152.38,202.64,72.35,58.33,entsoe.eu,false,
2022-05-08 11:00:00,Italy,North Italy,IT-NO,155.33,206.4,71.43,59.22,entsoe.eu,false,
2022-05-08 12:00:00,Italy,North Italy,IT-NO,148.47,197.62,72.54,59.89,entsoe.eu,false,
2022-05-08 13:00:00,Italy,North Italy,IT-NO,145.74,195.92,73.01,58.31,entsoe.eu,false,
2022-05-08 14:00:00,Italy,North Italy,IT-NO,142.17,191.38,73.24,54.18,entsoe.eu,false,
2022-05-08 15:00:00,Italy,North Italy,IT-NO,163.06,214.85,69.29,48.46,entsoe.eu,false,
2022-05-08 16:00:00,Italy,North Italy,IT-NO,189.56,246.15,63.48,43.13,entsoe.eu,false,
2022-05-08 17:00:00,Italy,North Italy,IT-NO,198.26,253.35,64.23,45.86,entsoe.eu,false,
2022-05-08 18:00:00,Italy,North Italy,IT-NO,214.91,268.59,64.36,48.57,entsoe.eu,false,
2022-05-08 19:00:00,Italy,North Italy,IT-NO,222.98,277.68,63.22,46.73,entsoe.eu,false,
2022-05-08 20:00:00,Italy,North Italy,IT-NO,226.97,286.78,58.74,40.01,entsoe.eu,false,
2022-05-08 21:00:00,Italy,North Italy,IT-NO,237.23,300.73,55.53,36.24,entsoe.eu,false,
2022-05-08 22:00:00,Italy,North Italy,IT-NO,228.46,292.4,56.56,35.51,entsoe.eu,false,
2022-05-08 23:00:00,Italy,North Italy,IT-NO,219.68,280.91,58.63,36.74,entsoe.eu,false,
2022-05-09 00:00:00,Italy,North Italy,IT-NO,219.07,278.85,59.28,35.9,entsoe.eu,false,
2022-05-09 01:00:00,Italy,North Italy,IT-NO,233.88,297.28,55.28,32.71,entsoe.eu,false,
2022-05-09 02:00:00,Italy,North Italy,IT-NO,231.28,296.57,55.08,31.82,entsoe.eu,false,
2022-05-09 03:00:00,Italy,North Italy,IT-NO,246.16,315.88,50.98,30.28,entsoe.eu,false,
2022-05-09 04:00:00,Italy,North Italy,IT-NO,261.56,335.17,46.37,31.41,entsoe.eu,false,
2022-05-09 05:00:00,Italy,North Italy,IT-NO,248.69,317.3,50.45,38.95,entsoe.eu,false,
2022-05-09 06:00:00,Italy,North Italy,IT-NO,237.44,303.58,53.43,42.82,entsoe.eu,false,
2022-05-09 07:00:00,Italy,North Italy,IT-NO,230.48,296.83,54.1,43.45,entsoe.eu,false,
2022-05-09 08:00:00,Italy,North Italy,IT-NO,219.99,286.97,55.04,45.53,entsoe.eu,false,
2022-05-09 09:00:00,Italy,North Italy,IT-NO,201.98,266.84,58.8,49.46,entsoe.eu,false,
2022-05-09 10:00:00,Italy,North Italy,IT-NO,199.59,263.57,59.61,49.19,entsoe.eu,false,
2022-05-09 11:00:00,Italy,North Italy,IT-NO,206.29,269.09,59.48,48.56,entsoe.eu,false,
2022-05-09 12:00:00,Italy,North Italy,IT-NO,218.32,284.85,56.13,45.38,entsoe.eu,false,
2022-05-09 13:00:00,Italy,North Italy,IT-NO,217.07,283.58,56.34,44.96,entsoe.eu,false,
2022-05-09 14:00:00,Italy,North Italy,IT-NO,217.24,283.17,56.28,43.68,entsoe.eu,false,
2022-05-09 15:00:00,Italy,North Italy,IT-NO,227.64,295.18,53.77,40.1,entsoe.eu,false,
2022-05-09 16:00:00,Italy,North Italy,IT-NO,242.16,308.67,53.04,40.86,entsoe.eu,false,
2022-05-09 17:00:00,Italy,North Italy,IT-NO,249.53,313.46,54.11,43.06,entsoe.eu,false,
2022-05-09 18:00:00,Italy,North Italy,IT-NO,255.75,320.16,53.31,42.04,entsoe.eu,false,
2022-05-09 19:00:00,Italy,North Italy,IT-NO,265.92,333.0,50.83,39.67,entsoe.eu,false,
2022-05-09 20:00:00,Italy,North Italy,IT-NO,270.74,341.66,48.11,34.91,entsoe.eu,false,
2022-05-09 21:00:00,Italy,North Italy,IT-NO,280.84,356.16,43.82,30.18,entsoe.eu,false,
2022-05-09 22:00:00,Italy,North Italy,IT-NO,259.38,330.4,48.35,30.0,entsoe.eu,false,
2022-05-09 23:00:00,Italy,North Italy,IT-NO,245.28,312.54,52.03,31.64,entsoe.eu,false,
2022-05-10 00:00:00,Italy,North Italy,IT-NO,244.41,314.23,51.8,31.76,entsoe.eu,false,
2022-05-10 01:00:00,Italy,North Italy,IT-NO,244.24,311.37,52.21,30.47,entsoe.eu,false,
2022-05-10 02:00:00,Italy,North Italy,IT-NO,246.76,314.51,51.69,28.47,entsoe.eu,false,
2022-05-10 03:00:00,Italy,North Italy,IT-NO,245.85,313.3,51.87,30.37,entsoe.eu,false,
2022-05-10 04:00:00,Italy,North Italy,IT-NO,240.09,308.31,51.79,32.48,entsoe.eu,false,
2022-05-10 05:00:00,Italy,North Italy,IT-NO,225.31,288.86,55.96,42.78,entsoe.eu,false,
2022-05-10 06:00:00,Italy,North Italy,IT-NO,216.2,277.02,59.0,48.03,entsoe.eu,false,
2022-05-10 07:00:00,Italy,North Italy,IT-NO,215.11,278.15,57.75,46.78,entsoe.eu,false,
2022-05-10 08:00:00,Italy,North Italy,IT-NO,198.54,260.56,60.49,48.79,entsoe.eu,false,
2022-05-10 09:00:00,Italy,North Italy,IT-NO,190.85,251.96,61.99,50.39,entsoe.eu,false,
2022-05-10 10:00:00,Italy,North Italy,IT-NO,185.28,245.62,63.01,51.85,entsoe.eu,false,
2022-05-10 11:00:00,Italy,North Italy,IT-NO,177.38,236.09,64.68,52.84,entsoe.eu,false,
2022-05-10 12:00:00,Italy,North Italy,IT-NO,189.46,250.58,62.24,50.52,entsoe.eu,false,
2022-05-10 13:00:00,Italy,North Italy,IT-NO,193.38,254.74,61.56,48.79,entsoe.eu,false,
2022-05-10 14:00:00,Italy,North Italy,IT-NO,205.49,268.71,59.18,45.63,entsoe.eu,false,
2022-05-10 15:00:00,Italy,North Italy,IT-NO,209.94,274.29,57.74,43.66,Electricity Maps Estimation,true,ESTIMATED_TIME_SLICER_AVERAGE
2022-05-10 16:00:00,Italy,North Italy,IT-NO,221.12,285.99,55.79,42.38,Electricity Maps Estimation,true,ESTIMATED_TIME_SLICER_AVERAGE
2022-05-10 17:00:00,Italy,North Italy,IT-NO,226.09,289.34,56.15,44.32,Electricity Maps Estimation,true,ESTIMATED_TIME_SLICER_AVERAGE
2022-05-10 18:00:00,Italy,North Italy,IT-NO,231.79,296.61,54.56,42.59,Electricity Maps Estimation,true,ESTIMATED_TIME_SLICER_AVERAGE
2022-05-10 19:00:00,Italy,North Italy,IT-NO,250.28,319.19,50.41,37.87,Electricity Maps Estimation,true,ESTIMATED_TIME_SLICER_AVERAGE
2022-05-10 20:00:00,Italy,North Italy,IT-NO,252.93,323.43,49.29,34.21,Electricity Maps Estimation,true,ESTIMATED_TIME_SLICER_AVERAGE
2022-05-10 21:00:00,Italy,North Italy,IT-NO,259.49,332.13,47.73,31.89,Electricity Maps Estimation,true,ESTIMATED_TIME_SLICER_AVERAGE
2022-05-10 22:00:00,Italy,North Italy,IT-NO,256.91,329.74,47.92,30.54,entsoe.eu,false,
2022-05-10 23:00:00,Italy,North Italy,IT-NO,261.46,334.72,47.38,29.53,Electricity Maps Estimation,true,ESTIMATED_TIME_SLICER_AVERAGE
2022-05-11 00:00:00,Italy,North Italy,IT-NO,261.58,334.3,47.88,27.88,Electricity Maps Estimation,true,ESTIMATED_TIME_SLICER_AVERAGE
2022-05-11 01:00:00,Italy,North Italy,IT-NO,256.87,329.21,48.51,28.25,Electricity Maps Estimation,true,ESTIMATED_TIME_SLICER_AVERAGE
2022-05-11 02:00:00,Italy,North Italy,IT-NO,253.03,324.9,48.96,28.3,Electricity Maps Estimation,true,ESTIMATED_TIME_SLICER_AVERAGE
2022-05-11 03:00:00,Italy,North Italy,IT-NO,254.16,326.4,48.34,28.15,Electricity Maps Estimation,true,ESTIMATED_TIME_SLICER_AVERAGE
2022-05-11 04:00:00,Italy,North Italy,IT-NO,247.83,319.64,48.61,30.89,Electricity Maps Estimation,true,ESTIMATED_TIME_SLICER_AVERAGE
2022-05-11 05:00:00,Italy,North Italy,IT-NO,241.22,308.99,51.58,38.29,Electricity Maps Estimation,true,ESTIMATED_TIME_SLICER_AVERAGE
2022-05-11 06:00:00,Italy,North Italy,IT-NO,230.82,295.95,54.39,42.79,Electricity Maps Estimation,true,ESTIMATED_TIME_SLICER_AVERAGE
2022-05-11 07:00:00,Italy,North Italy,IT-NO,226.39,292.7,54.12,43.14,Electricity Maps Estimation,true,ESTIMATED_TIME_SLICER_AVERAGE
2022-05-11 08:00:00,Italy,North Italy,IT-NO,217.97,284.47,55.15,43.83,Electricity Maps Estimation,true,ESTIMATED_TIME_SLICER_AVERAGE
2022-05-11 09:00:00,Italy,North Italy,IT-NO,212.77,279.38,55.53,44.08,Electricity Maps Estimation,true,ESTIMATED_TIME_SLICER_AVERAGE
2022-05-11 10:00:00,Italy,North Italy,IT-NO,200.21,264.69,58.16,45.46,Electricity Maps Estimation,true,ESTIMATED_TIME_SLICER_AVERAGE
2022-05-11 11:00:00,Italy,North Italy,IT-NO,195.34,258.93,59.1,45.45,Electricity Maps Estimation,true,ESTIMATED_TIME_SLICER_AVERAGE
2022-05-11 12:00:00,Italy,North Italy,IT-NO,204.96,269.57,57.11,43.75,Electricity Maps Estimation,true,ESTIMATED_TIME_SLICER_AVERAGE
2022-05-11 13:00:00,Italy,North Italy,IT-NO,207.51,272.06,56.74,43.14,Electricity Maps Estimation,true,ESTIMATED_TIME_SLICER_AVERAGE
2022-05-11 14:00:00,Italy,North Italy,IT-NO,216.07,281.01,55.42,41.7,Electricity Maps Estimation,true,ESTIMATED_TIME_SLICER_AVERAGE
2022-05-11 15:00:00,Italy,North Italy,IT-NO,229.41,295.22,53.26,39.35,Electricity Maps Estimation,true,ESTIMATED_TIME_SLICER_AVERAGE
2022-05-11 16:00:00,Italy,North Italy,IT-NO,227.19,293.26,53.75,39.03,Electricity Maps Estimation,true,ESTIMATED_TIME_SLICER_AVERAGE
2022-05-11 17:00:00,Italy,North Italy,IT-NO,229.34,293.86,54.25,41.01,Electricity Maps Estimation,true,ESTIMATED_TIME_SLICER_AVERAGE
2022-05-11 18:00:00,Italy,North Italy,IT-NO,231.53,296.49,53.69,40.15,Electricity Maps Estimation,true,ESTIMATED_TIME_SLICER_AVERAGE
2022-05-11 19:00:00,Italy,North Italy,IT-NO,236.26,302.12,53.08,38.85,Electricity Maps Estimation,true,ESTIMATED_TIME_SLICER_AVERAGE
2022-05-11 20:00:00,Italy,North Italy,IT-NO,238.97,307.39,51.42,35.53,Electricity Maps Estimation,true,ESTIMATED_TIME_SLICER_AVERAGE
2022-05-11 21:00:00,Italy,North Italy,IT-NO,242.41,311.34,51.05,34.26,Electricity Maps Estimation,true,ESTIMATED_TIME_SLICER_AVERAGE
2022-05-11 22:00:00,Italy,North Italy,IT-NO,246.91,316.3,50.53,32.27,entsoe.eu,false,
2022-05-11 23:00:00,Italy,North Italy,IT-NO,247.44,315.63,50.66,31.98,Electricity Maps Estimation,true,ESTIMATED_TIME_SLICER_AVERAGE
2022-05-12 00:00:00,Italy,North Italy,IT-NO,244.44,312.87,51.45,31.92,Electricity Maps Estimation,true,ESTIMATED_TIME_SLICER_AVERAGE
2022-05-12 01:00:00,Italy,North Italy,IT-NO,246.86,315.46,51.14,31.75,Electricity Maps Estimation,true,ESTIMATED_TIME_SLICER_AVERAGE
2022-05-12 02:00:00,Italy,North Italy,IT-NO,248.16,316.36,50.82,31.17,Electricity Maps Estimation,true,ESTIMATED_TIME_SLICER_AVERAGE
2022-05-12 03:00:00,Italy,North Italy,IT-NO,245.36,314.96,50.4,31.05,Electricity Maps Estimation,true,ESTIMATED_TIME_SLICER_AVERAGE
2022-05-12 04:00:00,Italy,North Italy,IT-NO,245.75,315.46,49.7,32.72,Electricity Maps Estimation,true,ESTIMATED_TIME_SLICER_AVERAGE
2022-05-12 05:00:00,Italy,North Italy,IT-NO,237.96,304.22,52.45,39.71,Electricity Maps Estimation,true,ESTIMATED_TIME_SLICER_AVERAGE
2022-05-12 06:00:00,Italy,North Italy,IT-NO,230.63,295.04,54.39,43.27,Electricity Maps Estimation,true,ESTIMATED_TIME_SLICER_AVERAGE
2022-05-12 07:00:00,Italy,North Italy,IT-NO,222.76,287.51,55.02,43.47,Electricity Maps Estimation,true,ESTIMATED_TIME_SLICER_AVERAGE
2022-05-12 08:00:00,Italy,North Italy,IT-NO,215.11,279.53,55.92,43.09,Electricity Maps Estimation,true,ESTIMATED_TIME_SLICER_AVERAGE
2022-05-12 09:00:00,Italy,North Italy,IT-NO,214.01,280.8,55.06,44.22,Electricity Maps Estimation,true,ESTIMATED_TIME_SLICER_AVERAGE
2022-05-12 10:00:00,Italy,North Italy,IT-NO,201.83,266.72,57.63,45.88,Electricity Maps Estimation,true,ESTIMATED_TIME_SLICER_AVERAGE
2022-05-12 11:00:00,Italy,North Italy,IT-NO,200.13,264.45,58.09,45.32,Electricity Maps Estimation,true,ESTIMATED_TIME_SLICER_AVERAGE
2022-05-12 12:00:00,Italy,North Italy,IT-NO,210.44,277.13,55.58,42.9,Electricity Maps Estimation,true,ESTIMATED_TIME_SLICER_AVERAGE
2022-05-12 13:00:00,Italy,North Italy,IT-NO,214.71,282.03,54.71,42.42,Electricity Maps Estimation,true,ESTIMATED_TIME_SLICER_AVERAGE
2022-05-12 14:00:00,Italy,North Italy,IT-NO,219.26,286.48,54.01,40.96,Electricity Maps Estimation,true,ESTIMATED_TIME_SLICER_AVERAGE
2022-05-12 15:00:00,Italy,North Italy,IT-NO,226.83,294.31,52.98,40.2,Electricity Maps Estimation,true,ESTIMATED_TIME_SLICER_AVERAGE
2022-05-12 16:00:00,Italy,North Italy,IT-NO,231.38,298.64,52.42,39.65,Electricity Maps Estimation,true,ESTIMATED_TIME_SLICER_AVERAGE
2022-05-12 17:00:00,Italy,North Italy,IT-NO,232.2,297.59,53.03,41.58,Electricity Maps Estimation,true,ESTIMATED_TIME_SLICER_AVERAGE
2022-05-12 18:00:00,Italy,North Italy,IT-NO,234.64,300.23,52.47,40.82,Electricity Maps Estimation,true,ESTIMATED_TIME_SLICER_AVERAGE
2022-05-12 19:00:00,Italy,North Italy,IT-NO,240.63,307.58,51.14,39.18,Electricity Maps Estimation,true,ESTIMATED_TIME_SLICER_AVERAGE
2022-05-12 20:00:00,Italy,North Italy,IT-NO,236.37,303.99,51.52,37.71,Electricity Maps Estimation,true,ESTIMATED_TIME_SLICER_AVERAGE
2022-05-12 21:00:00,Italy,North Italy,IT-NO,237.57,305.5,51.75,36.51,Electricity Maps Estimation,true,ESTIMATED_TIME_SLICER_AVERAGE
2022-05-12 22:00:00,Italy,North Italy,IT-NO,246.17,314.97,49.99,34.74,entsoe.eu,false,
2022-05-12 23:00:00,Italy,North Italy,IT-NO,246.2,315.25,50.08,33.41,entsoe.eu,false,
2022-05-13 00:00:00,Italy,North Italy,IT-NO,250.8,319.15,49.31,32.04,entsoe.eu,false,
2022-05-13 01:00:00,Italy,North Italy,IT-NO,249.25,317.01,49.59,31.68,entsoe.eu,false,
2022-05-13 02:00:00,Italy,North Italy,IT-NO,247.77,317.22,49.48,31.53,entsoe.eu,false,
2022-05-13 03:00:00,Italy,North Italy,IT-NO,240.56,310.27,50.53,33.33,entsoe.eu,false,
2022-05-13 04:00:00,Italy,North Italy,IT-NO,231.36,296.74,53.61,38.16,entsoe.eu,false,
2022-05-13 05:00:00,Italy,North Italy,IT-NO,232.4,291.76,58.1,47.74,entsoe.eu,false,
2022-05-13 06:00:00,Italy,North Italy,IT-NO,222.41,280.97,59.43,50.16,entsoe.eu,false,
2022-05-13 07:00:00,Italy,North Italy,IT-NO,208.67,270.93,57.72,47.11,entsoe.eu,false,
2022-05-13 08:00:00,Italy,North Italy,IT-NO,204.61,268.04,57.71,46.16,entsoe.eu,false,
2022-05-13 09:00:00,Italy,North Italy,IT-NO,194.81,256.48,59.92,48.39,entsoe.eu,false,
2022-05-13 10:00:00,Italy,North Italy,IT-NO,180.62,240.45,62.58,50.64,entsoe.eu,false,
2022-05-13 11:00:00,Italy,North Italy,IT-NO,180.02,239.77,62.6,50.56,entsoe.eu,false,
2022-05-13 12:00:00,Italy,North Italy,IT-NO,192.31,254.02,60.14,48.38,entsoe.eu,false,
2022-05-13 13:00:00,Italy,North Italy,IT-NO,200.81,264.21,58.18,46.56,entsoe.eu,false,
2022-05-13 14:00:00,Italy,North Italy,IT-NO,207.6,271.32,57.27,45.08,entsoe.eu,false,
2022-05-13 15:00:00,Italy,North Italy,IT-NO,216.4,279.48,56.73,44.43,entsoe.eu,false,
2022-05-13 16:00:00,Italy,North Italy,IT-NO,213.53,276.52,56.82,42.8,entsoe.eu,false,
2022-05-13 17:00:00,Italy,North Italy,IT-NO,219.83,279.59,58.48,46.18,entsoe.eu,false,
2022-05-13 18:00:00,Italy,North Italy,IT-NO,213.82,273.85,58.18,45.32,entsoe.eu,false,
2022-05-13 19:00:00,Italy,North Italy,IT-NO,221.6,283.45,56.55,43.41,entsoe.eu,false,
2022-05-13 20:00:00,Italy,North Italy,IT-NO,222.74,286.68,55.33,41.69,entsoe.eu,false,
2022-05-13 21:00:00,Italy,North Italy,IT-NO,236.03,301.58,52.86,38.93,entsoe.eu,false,
2022-05-13 22:00:00,Italy,North Italy,IT-NO,215.84,278.25,57.71,42.2,entsoe.eu,false,
2022-05-13 23:00:00,Italy,North Italy,IT-NO,215.72,276.93,58.23,40.63,entsoe.eu,false,
2022-05-14 00:00:00,Italy,North Italy,IT-NO,220.51,281.84,58.04,39.21,entsoe.eu,false,
2022-05-14 01:00:00,Italy,North Italy,IT-NO,219.59,280.81,58.04,38.63,entsoe.eu,false,
2022-05-14 02:00:00,Italy,North Italy,IT-NO,223.21,284.86,57.63,37.82,entsoe.eu,false,
2022-05-14 03:00:00,Italy,North Italy,IT-NO,220.02,281.18,58.13,38.61,entsoe.eu,false,
2022-05-14 04:00:00,Italy,North Italy,IT-NO,212.87,273.75,58.94,41.01,entsoe.eu,false,
2022-05-14 05:00:00,Italy,North Italy,IT-NO,187.65,242.34,64.74,48.61,entsoe.eu,false,
2022-05-14 06:00:00,Italy,North Italy,IT-NO,175.58,227.07,67.66,53.72,entsoe.eu,false,
2022-05-14 07:00:00,Italy,North Italy,IT-NO,166.45,217.11,69.6,57.28,entsoe.eu,false,
2022-05-14 08:00:00,Italy,North Italy,IT-NO,141.77,188.23,74.46,61.44,entsoe.eu,false,
2022-05-14 09:00:00,Italy,North Italy,IT-NO,135.21,182.15,75.13,62.06,entsoe.eu,false,
2022-05-14 10:00:00,Italy,North Italy,IT-NO,126.32,171.29,77.19,64.06,entsoe.eu,false,
2022-05-14 11:00:00,Italy,North Italy,IT-NO,123.97,169.95,77.33,65.36,entsoe.eu,false,
2022-05-14 12:00:00,Italy,North Italy,IT-NO,134.55,182.07,75.42,63.66,entsoe.eu,false,
2022-05-14 13:00:00,Italy,North Italy,IT-NO,149.99,199.78,72.75,60.41,entsoe.eu,false,
2022-05-14 14:00:00,Italy,North Italy,IT-NO,159.58,211.35,71.09,57.85,entsoe.eu,false,
2022-05-14 15:00:00,Italy,North Italy,IT-NO,172.51,226.27,67.57,51.57,entsoe.eu,false,
2022-05-14 16:00:00,Italy,North Italy,IT-NO,179.35,235.69,64.58,48.53,entsoe.eu,false,
2022-05-14 17:00:00,Italy,North Italy,IT-NO,207.12,263.61,62.41,48.72,entsoe.eu,false,
2022-05-14 18:00:00,Italy,North Italy,IT-NO,205.94,261.91,62.64,49.39,entsoe.eu,false,
2022-05-14 19:00:00,Italy,North Italy,IT-NO,217.45,275.25,60.61,48.33,entsoe.eu,false,
2022-05-14 20:00:00,Italy,North Italy,IT-NO,218.6,278.54,59.15,46.61,entsoe.eu,false,
2022-05-14 21:00:00,Italy,North Italy,IT-NO,215.46,276.45,59.04,45.27,entsoe.eu,false,
2022-05-14 22:00:00,Italy,North Italy,IT-NO,206.27,265.97,60.69,44.39,entsoe.eu,false,
2022-05-14 23:00:00,Italy,North Italy,IT-NO,200.71,259.61,61.88,44.39,entsoe.eu,false,
2022-05-15 00:00:00,Italy,North Italy,IT-NO,201.93,260.33,62.1,43.36,entsoe.eu,false,
2022-05-15 01:00:00,Italy,North Italy,IT-NO,203.44,262.43,60.84,41.61,entsoe.eu,false,
2022-05-15 02:00:00,Italy,North Italy,IT-NO,202.3,262.59,60.28,40.69,entsoe.eu,false,
2022-05-15 03:00:00,Italy,North Italy,IT-NO,196.52,254.8,61.27,40.54,entsoe.eu,false,
2022-05-15 04:00:00,Italy,North Italy,IT-NO,191.88,248.25,63.02,42.24,entsoe.eu,false,
2022-05-15 05:00:00,Italy,North Italy,IT-NO,162.86,214.11,69.21,49.11,entsoe.eu,false,
2022-05-15 06:00:00,Italy,North Italy,IT-NO,139.83,186.96,73.8,56.35,entsoe.eu,false,
2022-05-15 07:00:00,Italy,North Italy,IT-NO,127.93,173.51,76.46,62.59,entsoe.eu,false,
2022-05-15 08:00:00,Italy,North Italy,IT-NO,120.51,166.33,77.48,65.96,entsoe.eu,false,
2022-05-15 09:00:00,Italy,North Italy,IT-NO,111.28,156.57,78.96,68.58,entsoe.eu,false,
2022-05-15 10:00:00,Italy,North Italy,IT-NO,115.47,161.67,77.84,69.29,entsoe.eu,false,
2022-05-15 11:00:00,Italy,North Italy,IT-NO,112.76,159.06,78.16,70.73,entsoe.eu,false,
2022-05-15 12:00:00,Italy,North Italy,IT-NO,119.5,166.88,76.82,69.64,entsoe.eu,false,
2022-05-15 13:00:00,Italy,North Italy,IT-NO,127.57,176.65,75.02,66.27,entsoe.eu,false,
2022-05-15 14:00:00,Italy,North Italy,IT-NO,132.02,181.46,74.2,62.0,entsoe.eu,false,
2022-05-15 15:00:00,Italy,North Italy,IT-NO,151.82,202.62,70.71,54.28,entsoe.eu,false,
2022-05-15 16:00:00,Italy,North Italy,IT-NO,172.47,226.57,66.14,49.78,entsoe.eu,false,
2022-05-15 17:00:00,Italy,North Italy,IT-NO,192.19,247.09,64.09,49.4,entsoe.eu,false,
2022-05-15 18:00:00,Italy,North Italy,IT-NO,203.49,258.07,63.3,48.9,entsoe.eu,false,
2022-05-15 19:00:00,Italy,North Italy,IT-NO,210.21,266.33,61.99,48.89,entsoe.eu,false,
2022-05-15 20:00:00,Italy,North Italy,IT-NO,223.09,283.03,58.69,45.55,entsoe.eu,false,
2022-05-15 21:00:00,Italy,North Italy,IT-NO,217.61,278.02,59.13,45.41,entsoe.eu,false,
2022-05-15 22:00:00,Italy,North Italy,IT-NO,205.53,262.63,61.84,43.86,entsoe.eu,false,
2022-05-15 23:00:00,Italy,North Italy,IT-NO,201.71,257.53,62.56,42.14,entsoe.eu,false,
2022-05-16 00:00:00,Italy,North Italy,IT-NO,212.91,271.3,60.35,39.63,entsoe.eu,false,
2022-05-16 01:00:00,Italy,North Italy,IT-NO,210.77,268.59,61.02,40.09,entsoe.eu,false,
2022-05-16 02:00:00,Italy,North Italy,IT-NO,204.63,262.98,61.4,40.43,entsoe.eu,false,
2022-05-16 03:00:00,Italy,North Italy,IT-NO,213.52,275.19,58.72,41.0,entsoe.eu,false,
2022-05-16 04:00:00,Italy,North Italy,IT-NO,217.44,280.29,56.74,41.86,entsoe.eu,false,
2022-05-16 05:00:00,Italy,North Italy,IT-NO,227.02,289.5,56.29,44.75,entsoe.eu,false,
2022-05-16 06:00:00,Italy,North Italy,IT-NO,212.53,272.71,58.86,48.19,entsoe.eu,false,
2022-05-16 07:00:00,Italy,North Italy,IT-NO,203.86,263.7,59.97,50.73,entsoe.eu,false,
2022-05-16 08:00:00,Italy,North Italy,IT-NO,193.64,253.84,60.59,50.24,entsoe.eu,false,
2022-05-16 09:00:00,Italy,North Italy,IT-NO,195.76,257.96,59.54,49.21,entsoe.eu,false,
2022-05-16 10:00:00,Italy,North Italy,IT-NO,200.0,262.57,59.25,49.58,entsoe.eu,false,
2022-05-16 11:00:00,Italy,North Italy,IT-NO,194.15,254.54,61.2,50.68,entsoe.eu,false,
2022-05-16 12:00:00,Italy,North Italy,IT-NO,205.72,268.73,58.62,48.5,entsoe.eu,false,
2022-05-16 13:00:00,Italy,North Italy,IT-NO,209.96,273.33,58.0,47.87,entsoe.eu,false,
2022-05-16 14:00:00,Italy,North Italy,IT-NO,211.65,274.27,58.09,47.56,entsoe.eu,false,
2022-05-16 15:00:00,Italy,North Italy,IT-NO,231.96,298.0,53.74,44.5,entsoe.eu,false,
2022-05-16 16:00:00,Italy,North Italy,IT-NO,239.3,303.67,54.24,45.15,entsoe.eu,false,
2022-05-16 17:00:00,Italy,North Italy,IT-NO,239.97,301.94,55.79,47.04,entsoe.eu,false,
2022-05-16 18:00:00,Italy,North Italy,IT-NO,244.76,307.26,54.9,46.22,entsoe.eu,false,
2022-05-16 19:00:00,Italy,North Italy,IT-NO,253.79,319.23,52.27,43.49,entsoe.eu,false,
2022-05-16 20:00:00,Italy,North Italy,IT-NO,250.67,317.68,51.52,41.43,entsoe.eu,false,
2022-05-16 21:00:00,Italy,North Italy,IT-NO,268.6,340.7,47.26,36.69,entsoe.eu,false,
2022-05-16 22:00:00,Italy,North Italy,IT-NO,249.58,318.22,51.32,37.15,entsoe.eu,false,
2022-05-16 23:00:00,Italy,North Italy,IT-NO,246.71,314.31,52.11,36.66,entsoe.eu,false,
2022-05-17 00:00:00,Italy,North Italy,IT-NO,245.88,313.3,52.62,36.4,entsoe.eu,false,
2022-05-17 01:00:00,Italy,North Italy,IT-NO,244.2,310.18,53.09,35.83,entsoe.eu,false,
2022-05-17 02:00:00,Italy,North Italy,IT-NO,242.98,309.63,52.82,35.44,entsoe.eu,false,
2022-05-17 03:00:00,Italy,North Italy,IT-NO,240.56,306.91,52.84,36.52,entsoe.eu,false,
2022-05-17 04:00:00,Italy,North Italy,IT-NO,256.01,324.94,49.85,37.43,entsoe.eu,false,
2022-05-17 05:00:00,Italy,North Italy,IT-NO,253.98,322.78,49.86,40.76,entsoe.eu,false,
2022-05-17 06:00:00,Italy,North Italy,IT-NO,244.97,311.42,52.36,44.58,entsoe.eu,false,
2022-05-17 07:00:00,Italy,North Italy,IT-NO,235.84,301.14,54.42,47.37,entsoe.eu,false,
2022-05-17 08:00:00,Italy,North Italy,IT-NO,223.59,287.93,56.46,48.98,entsoe.eu,false,
2022-05-17 09:00:00,Italy,North Italy,IT-NO,218.44,282.56,57.2,49.71,entsoe.eu,false,
2022-05-17 10:00:00,Italy,North Italy,IT-NO,198.32,260.46,60.11,51.26,entsoe.eu,false,
2022-05-17 11:00:00,Italy,North Italy,IT-NO,193.73,254.72,61.12,51.08,entsoe.eu,false,
2022-05-17 12:00:00,Italy,North Italy,IT-NO,203.78,266.42,59.08,49.23,entsoe.eu,false,
2022-05-17 13:00:00,Italy,North Italy,IT-NO,203.85,265.92,59.08,48.01,entsoe.eu,false,
2022-05-17 14:00:00,Italy,North Italy,IT-NO,211.17,274.05,57.69,46.61,entsoe.eu,false,
2022-05-17 15:00:00,Italy,North Italy,IT-NO,226.02,289.63,55.85,45.12,entsoe.eu,false,
2022-05-17 16:00:00,Italy,North Italy,IT-NO,239.77,304.91,53.38,43.71,entsoe.eu,false,
2022-05-17 17:00:00,Italy,North Italy,IT-NO,242.89,305.91,54.61,46.06,entsoe.eu,false,
2022-05-17 18:00:00,Italy,North Italy,IT-NO,231.98,293.22,56.39,45.45,entsoe.eu,false,
2022-05-17 19:00:00,Italy,North Italy,IT-NO,242.48,306.37,53.73,43.65,entsoe.eu,false,
2022-05-17 20:00:00,Italy,North Italy,IT-NO,249.46,315.48,52.12,41.28,entsoe.eu,false,
2022-05-17 21:00:00,Italy,North Italy,IT-NO,253.54,322.41,50.17,39.21,entsoe.eu,false,
2022-05-17 22:00:00,Italy,North Italy,IT-NO,256.44,322.97,50.74,38.69,entsoe.eu,false,
2022-05-17 23:00:00,Italy,North Italy,IT-NO,254.05,320.17,50.8,37.84,entsoe.eu,false,
2022-05-18 00:00:00,Italy,North Italy,IT-NO,245.3,309.82,52.46,37.79,entsoe.eu,false,
2022-05-18 01:00:00,Italy,North Italy,IT-NO,242.82,306.36,52.71,36.74,entsoe.eu,false,
2022-05-18 02:00:00,Italy,North Italy,IT-NO,236.18,299.79,53.41,37.4,entsoe.eu,false,
2022-05-18 03:00:00,Italy,North Italy,IT-NO,239.91,301.74,53.25,38.43,entsoe.eu,false,
2022-05-18 04:00:00,Italy,North Italy,IT-NO,240.99,305.81,52.13,39.69,entsoe.eu,false,
2022-05-18 05:00:00,Italy,North Italy,IT-NO,239.67,302.95,53.84,44.11,entsoe.eu,false,
2022-05-18 06:00:00,Italy,North Italy,IT-NO,236.83,297.01,56.41,47.73,entsoe.eu,false,
2022-05-18 07:00:00,Italy,North Italy,IT-NO,229.45,292.48,55.3,45.94,entsoe.eu,false,
2022-05-18 08:00:00,Italy,North Italy,IT-NO,219.02,281.21,56.84,47.57,entsoe.eu,false,
2022-05-18 09:00:00,Italy,North Italy,IT-NO,210.19,272.48,57.86,48.81,entsoe.eu,false,
2022-05-18 10:00:00,Italy,North Italy,IT-NO,192.22,249.29,63.19,53.78,entsoe.eu,false,
2022-05-18 11:00:00,Italy,North Italy,IT-NO,188.76,245.73,63.51,53.83,entsoe.eu,false,
2022-05-18 12:00:00,Italy,North Italy,IT-NO,204.35,264.47,60.08,50.68,entsoe.eu,false,
2022-05-18 13:00:00,Italy,North Italy,IT-NO,211.5,273.0,58.36,48.85,entsoe.eu,false,
2022-05-18 14:00:00,Italy,North Italy,IT-NO,221.8,285.16,56.19,46.15,entsoe.eu,false,
2022-05-18 15:00:00,Italy,North Italy,IT-NO,225.34,288.51,55.65,46.09,entsoe.eu,false,
2022-05-18 16:00:00,Italy,North Italy,IT-NO,247.93,311.95,52.93,44.76,entsoe.eu,false,
2022-05-18 17:00:00,Italy,North Italy,IT-NO,253.04,316.89,52.39,44.63,entsoe.eu,false,
2022-05-18 18:00:00,Italy,North Italy,IT-NO,245.08,308.73,53.19,43.86,entsoe.eu,false,
2022-05-18 19:00:00,Italy,North Italy,IT-NO,250.05,314.03,52.68,43.45,entsoe.eu,false,
2022-05-18 20:00:00,Italy,North Italy,IT-NO,250.05,315.41,51.46,40.9,entsoe.eu,false,
2022-05-18 21:00:00,Italy,North Italy,IT-NO,258.07,326.74,49.63,39.85,entsoe.eu,false,
2022-05-18 22:00:00,Italy,North Italy,IT-NO,239.72,299.4,55.56,42.56,entsoe.eu,false,
2022-05-18 23:00:00,Italy,North Italy,IT-NO,226.78,281.99,58.93,43.43,entsoe.eu,false,
2022-05-19 00:00:00,Italy,North Italy,IT-NO,226.86,283.0,58.23,41.49,entsoe.eu,false,
2022-05-19 01:00:00,Italy,North Italy,IT-NO,226.87,283.37,58.01,39.23,entsoe.eu,false,
2022-05-19 02:00:00,Italy,North Italy,IT-NO,225.61,281.84,57.59,39.32,entsoe.eu,false,
2022-05-19 03:00:00,Italy,North Italy,IT-NO,224.97,282.14,56.98,40.33,entsoe.eu,false,
2022-05-19 04:00:00,Italy,North Italy,IT-NO,210.16,265.4,60.46,45.08,entsoe.eu,false,
2022-05-19 05:00:00,Italy,North Italy,IT-NO,217.15,272.86,60.01,48.54,entsoe.eu,false,
2022-05-19 06:00:00,Italy,North Italy,IT-NO,209.0,264.51,61.33,51.61,entsoe.eu,false,
2022-05-19 07:00:00,Italy,North Italy,IT-NO,202.86,258.02,62.62,53.5,entsoe.eu,false,
2022-05-19 08:00:00,Italy,North Italy,IT-NO,190.18,244.6,63.93,54.43,entsoe.eu,false,
2022-05-19 09:00:00,Italy,North Italy,IT-NO,185.68,241.85,63.44,54.03,entsoe.eu,false,
2022-05-19 10:00:00,Italy,North Italy,IT-NO,171.76,224.98,66.52,56.33,entsoe.eu,false,
2022-05-19 11:00:00,Italy,North Italy,IT-NO,172.23,225.68,66.62,56.7,entsoe.eu,false,
2022-05-19 12:00:00,Italy,North Italy,IT-NO,179.15,233.59,65.1,54.16,entsoe.eu,false,
2022-05-19 13:00:00,Italy,North Italy,IT-NO,189.71,246.85,62.54,51.17,entsoe.eu,false,
2022-05-19 14:00:00,Italy,North Italy,IT-NO,195.01,252.71,61.9,50.61,entsoe.eu,false,
2022-05-19 15:00:00,Italy,North Italy,IT-NO,209.92,269.51,59.2,48.39,entsoe.eu,false,
2022-05-19 16:00:00,Italy,North Italy,IT-NO,226.95,286.57,57.64,47.72,entsoe.eu,false,
2022-05-19 17:00:00,Italy,North Italy,IT-NO,226.17,284.37,58.34,48.6,entsoe.eu,false,
2022-05-19 18:00:00,Italy,North Italy,IT-NO,232.15,290.91,57.54,47.24,entsoe.eu,false,
2022-05-19 19:00:00,Italy,North Italy,IT-NO,239.57,299.33,56.54,46.19,entsoe.eu,false,
2022-05-19 20:00:00,Italy,North Italy,IT-NO,239.23,301.69,54.89,43.11,entsoe.eu,false,
2022-05-19 21:00:00,Italy,North Italy,IT-NO,242.0,307.37,52.94,40.07,entsoe.eu,false,
2022-05-19 22:00:00,Italy,North Italy,IT-NO,226.45,288.4,56.0,40.88,entsoe.eu,false,
2022-05-19 23:00:00,Italy,North Italy,IT-NO,221.15,281.74,57.22,40.65,entsoe.eu,false,
2022-05-20 00:00:00,Italy,North Italy,IT-NO,219.79,279.96,56.82,38.6,entsoe.eu,false,
2022-05-20 01:00:00,Italy,North Italy,IT-NO,211.0,270.02,58.08,39.03,entsoe.eu,false,
2022-05-20 02:00:00,Italy,North Italy,IT-NO,206.66,266.42,58.57,39.43,entsoe.eu,false,
2022-05-20 03:00:00,Italy,North Italy,IT-NO,212.31,272.78,58.04,39.67,entsoe.eu,false,
2022-05-20 04:00:00,Italy,North Italy,IT-NO,227.56,289.27,55.87,40.82,entsoe.eu,false,
2022-05-20 05:00:00,Italy,North Italy,IT-NO,222.81,281.73,58.39,47.75,entsoe.eu,false,
2022-05-20 06:00:00,Italy,North Italy,IT-NO,213.1,270.11,60.65,50.98,entsoe.eu,false,
2022-05-20 07:00:00,Italy,North Italy,IT-NO,206.34,263.58,61.09,51.79,entsoe.eu,false,
2022-05-20 08:00:00,Italy,North Italy,IT-NO,200.74,258.38,61.68,52.34,entsoe.eu,false,
2022-05-20 09:00:00,Italy,North Italy,IT-NO,191.93,248.64,63.35,54.31,entsoe.eu,false,
2022-05-20 10:00:00,Italy,North Italy,IT-NO,176.15,231.28,66.25,56.43,entsoe.eu,false,
2022-05-20 11:00:00,Italy,North Italy,IT-NO,173.47,227.31,67.28,57.13,entsoe.eu,false,
2022-05-20 12:00:00,Italy,North Italy,IT-NO,183.96,239.89,64.75,54.39,entsoe.eu,false,
2022-05-20 13:00:00,Italy,North Italy,IT-NO,179.41,234.97,65.39,53.54,entsoe.eu,false,
2022-05-20 14:00:00,Italy,North Italy,IT-NO,188.42,244.01,64.32,52.18,entsoe.eu,false,
2022-05-20 15:00:00,Italy,North Italy,IT-NO,199.14,255.51,62.71,51.05,entsoe.eu,false,
2022-05-20 16:00:00,Italy,North Italy,IT-NO,212.72,270.62,59.76,48.06,entsoe.eu,false,
2022-05-20 17:00:00,Italy,North Italy,IT-NO,205.44,260.45,61.88,50.29,entsoe.eu,false,
2022-05-20 18:00:00,Italy,North Italy,IT-NO,210.1,265.78,61.13,49.28,entsoe.eu,false,
2022-05-20 19:00:00,Italy,North Italy,IT-NO,220.55,278.15,58.71,46.65,entsoe.eu,false,
2022-05-20 20:00:00,Italy,North Italy,IT-NO,227.25,288.97,55.81,43.33,entsoe.eu,false,
2022-05-20 21:00:00,Italy,North Italy,IT-NO,218.66,278.54,58.07,44.45,entsoe.eu,false,
2022-05-20 22:00:00,Italy,North Italy,IT-NO,223.11,282.42,59.19,45.8,entsoe.eu,false,
2022-05-20 23:00:00,Italy,North Italy,IT-NO,214.79,273.87,60.11,45.89,entsoe.eu,false,
2022-05-21 00:00:00,Italy,North Italy,IT-NO,225.06,284.27,59.42,45.58,entsoe.eu,false,
2022-05-21 01:00:00,Italy,North Italy,IT-NO,222.43,281.79,59.83,46.21,entsoe.eu,false,
2022-05-21 02:00:00,Italy,North Italy,IT-NO,228.06,288.75,58.73,45.87,entsoe.eu,false,
2022-05-21 03:00:00,Italy,North Italy,IT-NO,225.23,284.33,59.71,46.28,entsoe.eu,false,
2022-05-21 04:00:00,Italy,North Italy,IT-NO,214.31,269.41,63.21,49.33,entsoe.eu,false,
2022-05-21 05:00:00,Italy,North Italy,IT-NO,183.15,232.67,69.13,56.55,entsoe.eu,false,
2022-05-21 06:00:00,Italy,North Italy,IT-NO,166.16,211.97,72.73,61.95,entsoe.eu,false,
2022-05-21 07:00:00,Italy,North Italy,IT-NO,162.17,208.38,73.41,63.17,entsoe.eu,false,
2022-05-21 08:00:00,Italy,North Italy,IT-NO,132.78,175.93,77.79,66.72,entsoe.eu,false,
2022-05-21 09:00:00,Italy,North Italy,IT-NO,125.61,168.83,78.4,67.85,entsoe.eu,false,
2022-05-21 10:00:00,Italy,North Italy,IT-NO,122.64,166.27,78.5,67.68,entsoe.eu,false,
2022-05-21 11:00:00,Italy,North Italy,IT-NO,125.56,169.81,77.85,67.58,entsoe.eu,false,
2022-05-21 12:00:00,Italy,North Italy,IT-NO,125.04,169.52,77.74,67.19,entsoe.eu,false,
2022-05-21 13:00:00,Italy,North Italy,IT-NO,126.65,171.12,77.21,65.5,entsoe.eu,false,
2022-05-21 14:00:00,Italy,North Italy,IT-NO,144.38,192.1,73.28,60.88,entsoe.eu,false,
2022-05-21 15:00:00,Italy,North Italy,IT-NO,171.58,222.6,68.99,57.25,entsoe.eu,false,
2022-05-21 16:00:00,Italy,North Italy,IT-NO,189.47,240.63,66.98,55.79,entsoe.eu,false,
2022-05-21 17:00:00,Italy,North Italy,IT-NO,198.06,247.16,67.47,57.56,entsoe.eu,false,
2022-05-21 18:00:00,Italy,North Italy,IT-NO,197.99,247.83,66.56,56.59,entsoe.eu,false,
2022-05-21 19:00:00,Italy,North Italy,IT-NO,202.9,256.19,64.03,53.22,entsoe.eu,false,
2022-05-21 20:00:00,Italy,North Italy,IT-NO,210.64,264.78,63.29,52.13,entsoe.eu,false,
2022-05-21 21:00:00,Italy,North Italy,IT-NO,210.66,267.18,61.57,50.79,entsoe.eu,false,
2022-05-21 22:00:00,Italy,North Italy,IT-NO,207.09,262.54,62.68,49.49,entsoe.eu,false,
2022-05-21 23:00:00,Italy,North Italy,IT-NO,199.57,254.53,63.41,46.78,entsoe.eu,false,
2022-05-22 00:00:00,Italy,North Italy,IT-NO,197.42,251.15,64.23,46.26,entsoe.eu,false,
2022-05-22 01:00:00,Italy,North Italy,IT-NO,183.23,232.81,67.62,46.85,entsoe.eu,false,
2022-05-22 02:00:00,Italy,North Italy,IT-NO,181.67,230.56,68.16,47.21,entsoe.eu,false,
2022-05-22 03:00:00,Italy,North Italy,IT-NO,186.97,236.28,67.2,46.01,entsoe.eu,false,
2022-05-22 04:00:00,Italy,North Italy,IT-NO,184.14,232.82,68.17,47.04,entsoe.eu,false,
2022-05-22 05:00:00,Italy,North Italy,IT-NO,172.81,219.57,70.93,51.38,entsoe.eu,false,
2022-05-22 06:00:00,Italy,North Italy,IT-NO,148.91,193.35,74.57,57.1,entsoe.eu,false,
2022-05-22 07:00:00,Italy,North Italy,IT-NO,143.63,187.9,75.72,60.9,entsoe.eu,false,
2022-05-22 08:00:00,Italy,North Italy,IT-NO,132.92,176.94,77.77,65.04,entsoe.eu,false,
2022-05-22 09:00:00,Italy,North Italy,IT-NO,134.64,179.62,77.26,66.7,entsoe.eu,false,
2022-05-22 10:00:00,Italy,North Italy,IT-NO,138.11,182.73,77.31,69.47,entsoe.eu,false,
2022-05-22 11:00:00,Italy,North Italy,IT-NO,139.67,185.26,76.83,70.12,entsoe.eu,false,
2022-05-22 12:00:00,Italy,North Italy,IT-NO,149.25,196.6,74.9,68.35,entsoe.eu,false,
2022-05-22 13:00:00,Italy,North Italy,IT-NO,155.45,204.1,73.3,64.78,entsoe.eu,false,
2022-05-22 14:00:00,Italy,North Italy,IT-NO,155.52,202.43,73.94,60.38,entsoe.eu,false,
2022-05-22 15:00:00,Italy,North Italy,IT-NO,162.54,209.31,73.09,57.1,entsoe.eu,false,
2022-05-22 16:00:00,Italy,North Italy,IT-NO,172.46,221.76,70.05,54.01,entsoe.eu,false,
2022-05-22 17:00:00,Italy,North Italy,IT-NO,186.11,234.93,68.78,54.53,entsoe.eu,false,
2022-05-22 18:00:00,Italy,North Italy,IT-NO,192.19,243.04,66.65,52.89,entsoe.eu,false,
2022-05-22 19:00:00,Italy,North Italy,IT-NO,194.42,244.43,66.96,54.85,entsoe.eu,false,
2022-05-22 20:00:00,Italy,North Italy,IT-NO,200.31,253.25,64.82,52.07,entsoe.eu,false,
2022-05-22 21:00:00,Italy,North Italy,IT-NO,220.8,276.03,63.01,49.09,entsoe.eu,false,
2022-05-22 22:00:00,Italy,North Italy,IT-NO,215.78,272.35,61.72,45.17,entsoe.eu,false,
2022-05-22 23:00:00,Italy,North Italy,IT-NO,217.51,274.24,60.43,42.41,entsoe.eu,false,
2022-05-23 00:00:00,Italy,North Italy,IT-NO,225.7,285.01,59.07,40.02,entsoe.eu,false,
2022-05-23 01:00:00,Italy,North Italy,IT-NO,213.71,268.61,61.78,41.08,entsoe.eu,false,
2022-05-23 02:00:00,Italy,North Italy,IT-NO,218.03,274.71,60.43,40.32,entsoe.eu,false,
2022-05-23 03:00:00,Italy,North Italy,IT-NO,224.69,284.01,58.42,38.0,entsoe.eu,false,
2022-05-23 04:00:00,Italy,North Italy,IT-NO,222.28,281.88,58.49,43.34,entsoe.eu,false,
2022-05-23 05:00:00,Italy,North Italy,IT-NO,226.31,284.25,59.08,48.11,entsoe.eu,false,
2022-05-23 06:00:00,Italy,North Italy,IT-NO,214.05,268.5,62.09,52.47,entsoe.eu,false,
2022-05-23 07:00:00,Italy,North Italy,IT-NO,214.42,269.83,61.67,53.21,entsoe.eu,false,
2022-05-23 08:00:00,Italy,North Italy,IT-NO,211.76,269.53,60.73,52.42,entsoe.eu,false,
2022-05-23 09:00:00,Italy,North Italy,IT-NO,216.61,277.55,58.62,50.09,entsoe.eu,false,
2022-05-23 10:00:00,Italy,North Italy,IT-NO,218.6,281.06,57.49,48.86,entsoe.eu,false,
2022-05-23 11:00:00,Italy,North Italy,IT-NO,219.89,282.74,57.12,48.18,entsoe.eu,false,
2022-05-23 12:00:00,Italy,North Italy,IT-NO,217.03,278.78,58.18,49.06,entsoe.eu,false,
2022-05-23 13:00:00,Italy,North Italy,IT-NO,219.73,280.43,58.53,49.03,entsoe.eu,false,
2022-05-23 14:00:00,Italy,North Italy,IT-NO,222.4,282.99,57.96,48.01,entsoe.eu,false,
2022-05-23 15:00:00,Italy,North Italy,IT-NO,231.94,294.06,55.83,46.09,entsoe.eu,false,
2022-05-23 16:00:00,Italy,North Italy,IT-NO,238.53,299.88,55.91,46.79,entsoe.eu,false,
2022-05-23 17:00:00,Italy,North Italy,IT-NO,242.21,302.92,56.08,47.33,entsoe.eu,false,
2022-05-23 18:00:00,Italy,North Italy,IT-NO,248.54,310.94,54.55,46.0,entsoe.eu,false,
2022-05-23 19:00:00,Italy,North Italy,IT-NO,255.57,318.17,53.96,46.73,entsoe.eu,false,
2022-05-23 20:00:00,Italy,North Italy,IT-NO,262.63,329.19,50.95,42.27,entsoe.eu,false,
2022-05-23 21:00:00,Italy,North Italy,IT-NO,280.51,353.75,45.33,36.58,entsoe.eu,false,
2022-05-23 22:00:00,Italy,North Italy,IT-NO,262.85,332.5,49.31,37.76,entsoe.eu,false,
2022-05-23 23:00:00,Italy,North Italy,IT-NO,250.5,317.86,51.62,38.15,entsoe.eu,false,
2022-05-24 00:00:00,Italy,North Italy,IT-NO,244.42,310.99,52.45,38.1,entsoe.eu,false,
2022-05-24 01:00:00,Italy,North Italy,IT-NO,249.48,318.61,50.26,36.76,entsoe.eu,false,
2022-05-24 02:00:00,Italy,North Italy,IT-NO,241.94,309.75,51.4,37.78,entsoe.eu,false,
2022-05-24 03:00:00,Italy,North Italy,IT-NO,248.81,316.61,51.18,38.95,entsoe.eu,false,
2022-05-24 04:00:00,Italy,North Italy,IT-NO,261.27,330.83,48.83,38.75,entsoe.eu,false,
2022-05-24 05:00:00,Italy,North Italy,IT-NO,259.41,328.22,49.3,40.99,entsoe.eu,false,
2022-05-24 06:00:00,Italy,North Italy,IT-NO,241.67,306.12,53.48,46.38,entsoe.eu,false,
2022-05-24 07:00:00,Italy,North Italy,IT-NO,236.49,301.58,53.62,46.82,entsoe.eu,false,
2022-05-24 08:00:00,Italy,North Italy,IT-NO,226.49,291.64,54.47,46.49,entsoe.eu,false,
2022-05-24 09:00:00,Italy,North Italy,IT-NO,229.34,295.44,53.92,45.3,entsoe.eu,false,
2022-05-24 10:00:00,Italy,North Italy,IT-NO,216.23,280.56,56.07,46.59,entsoe.eu,false,
2022-05-24 11:00:00,Italy,North Italy,IT-NO,219.42,284.32,55.73,46.79,entsoe.eu,false,
2022-05-24 12:00:00,Italy,North Italy,IT-NO,225.61,291.21,54.74,45.77,entsoe.eu,false,
2022-05-24 13:00:00,Italy,North Italy,IT-NO,233.02,298.75,54.28,45.16,entsoe.eu,false,
2022-05-24 14:00:00,Italy,North Italy,IT-NO,241.69,308.89,52.43,42.94,entsoe.eu,false,
2022-05-24 15:00:00,Italy,North Italy,IT-NO,247.82,316.42,50.7,40.89,entsoe.eu,false,
2022-05-24 16:00:00,Italy,North Italy,IT-NO,252.71,321.05,50.06,40.34,entsoe.eu,false,
2022-05-24 17:00:00,Italy,North Italy,IT-NO,254.43,321.34,50.56,41.95,entsoe.eu,false,
2022-05-24 18:00:00,Italy,North Italy,IT-NO,246.57,312.24,51.68,42.09,entsoe.eu,false,
2022-05-24 19:00:00,Italy,North Italy,IT-NO,263.36,332.76,48.17,39.55,entsoe.eu,false,
2022-05-24 20:00:00,Italy,North Italy,IT-NO,275.81,348.63,45.22,36.72,entsoe.eu,false,
2022-05-24 21:00:00,Italy,North Italy,IT-NO,276.21,349.29,45.12,35.79,entsoe.eu,false,
2022-05-24 22:00:00,Italy,North Italy,IT-NO,252.99,320.95,50.55,38.18,entsoe.eu,false,
2022-05-24 23:00:00,Italy,North Italy,IT-NO,249.93,316.53,51.47,37.67,entsoe.eu,false,
2022-05-25 00:00:00,Italy,North Italy,IT-NO,258.91,327.23,49.49,35.46,entsoe.eu,false,
2022-05-25 01:00:00,Italy,North Italy,IT-NO,248.88,317.31,50.09,34.54,entsoe.eu,false,
2022-05-25 02:00:00,Italy,North Italy,IT-NO,258.05,328.36,48.43,33.5,entsoe.eu,false,
2022-05-25 03:00:00,Italy,North Italy,IT-NO,258.0,327.72,48.88,33.96,entsoe.eu,false,
2022-05-25 04:00:00,Italy,North Italy,IT-NO,271.15,344.38,45.25,33.47,entsoe.eu,false,
2022-05-25 05:00:00,Italy,North Italy,IT-NO,262.22,332.74,47.63,37.72,entsoe.eu,false,
2022-05-25 06:00:00,Italy,North Italy,IT-NO,243.3,308.61,52.36,43.61,entsoe.eu,false,
2022-05-25 07:00:00,Italy,North Italy,IT-NO,238.52,303.94,52.96,44.36,entsoe.eu,false,
2022-05-25 08:00:00,Italy,North Italy,IT-NO,233.58,298.68,54.01,44.55,entsoe.eu,false,
2022-05-25 09:00:00,Italy,North Italy,IT-NO,228.86,294.9,53.77,44.36,entsoe.eu,false,
2022-05-25 10:00:00,Italy,North Italy,IT-NO,218.65,281.78,56.91,47.61,entsoe.eu,false,
2022-05-25 11:00:00,Italy,North Italy,IT-NO,218.09,280.92,57.2,47.65,entsoe.eu,false,
2022-05-25 12:00:00,Italy,North Italy,IT-NO,227.24,292.34,55.07,46.54,entsoe.eu,false,
2022-05-25 13:00:00,Italy,North Italy,IT-NO,226.32,291.06,55.08,46.27,entsoe.eu,false,
2022-05-25 14:00:00,Italy,North Italy,IT-NO,234.24,298.54,54.64,46.66,entsoe.eu,false,
2022-05-25 15:00:00,Italy,North Italy,IT-NO,241.91,307.63,53.17,44.6,entsoe.eu,false,
2022-05-25 16:00:00,Italy,North Italy,IT-NO,240.65,305.5,53.27,43.25,entsoe.eu,false,
2022-05-25 17:00:00,Italy,North Italy,IT-NO,233.14,295.81,54.73,45.58,entsoe.eu,false,
2022-05-25 18:00:00,Italy,North Italy,IT-NO,243.27,307.9,52.91,44.22,entsoe.eu,false,
2022-05-25 19:00:00,Italy,North Italy,IT-NO,247.21,312.22,52.46,43.22,entsoe.eu,false,
2022-05-25 20:00:00,Italy,North Italy,IT-NO,260.5,328.92,49.7,39.67,entsoe.eu,false,
2022-05-25 21:00:00,Italy,North Italy,IT-NO,259.41,326.82,51.15,41.7,entsoe.eu,false,
2022-05-25 22:00:00,Italy,North Italy,IT-NO,253.43,321.23,51.82,40.88,entsoe.eu,false,
2022-05-25 23:00:00,Italy,North Italy,IT-NO,243.7,310.06,53.9,41.94,entsoe.eu,false,
2022-05-26 00:00:00,Italy,North Italy,IT-NO,246.05,311.61,54.0,41.0,entsoe.eu,false,
2022-05-26 01:00:00,Italy,North Italy,IT-NO,247.76,313.77,53.4,40.28,entsoe.eu,false,
2022-05-26 02:00:00,Italy,North Italy,IT-NO,246.2,311.61,53.94,40.46,entsoe.eu,false,
2022-05-26 03:00:00,Italy,North Italy,IT-NO,247.42,313.34,53.7,40.56,entsoe.eu,false,
2022-05-26 04:00:00,Italy,North Italy,IT-NO,251.83,319.52,51.77,40.17,entsoe.eu,false,
2022-05-26 05:00:00,Italy,North Italy,IT-NO,243.42,308.77,53.74,43.5,entsoe.eu,false,
2022-05-26 06:00:00,Italy,North Italy,IT-NO,223.6,284.58,57.98,49.01,entsoe.eu,false,
2022-05-26 07:00:00,Italy,North Italy,IT-NO,214.06,273.22,59.83,51.16,entsoe.eu,false,
2022-05-26 08:00:00,Italy,North Italy,IT-NO,210.81,270.81,59.8,49.99,entsoe.eu,false,
2022-05-26 09:00:00,Italy,North Italy,IT-NO,206.34,268.2,58.77,48.22,entsoe.eu,false,
2022-05-26 10:00:00,Italy,North Italy,IT-NO,212.27,275.22,58.1,49.33,entsoe.eu,false,
2022-05-26 11:00:00,Italy,North Italy,IT-NO,217.29,281.23,57.05,47.03,entsoe.eu,false,
2022-05-26 12:00:00,Italy,North Italy,IT-NO,216.25,279.2,57.65,47.69,entsoe.eu,false,
2022-05-26 13:00:00,Italy,North Italy,IT-NO,212.53,273.3,59.3,49.9,entsoe.eu,false,
2022-05-26 14:00:00,Italy,North Italy,IT-NO,212.76,272.05,59.92,50.17,entsoe.eu,false,
2022-05-26 15:00:00,Italy,North Italy,IT-NO,218.59,278.74,58.74,48.86,entsoe.eu,false,
2022-05-26 16:00:00,Italy,North Italy,IT-NO,224.61,284.99,57.86,48.05,entsoe.eu,false,
2022-05-26 17:00:00,Italy,North Italy,IT-NO,231.08,290.75,58.21,49.72,entsoe.eu,false,
2022-05-26 18:00:00,Italy,North Italy,IT-NO,240.39,300.83,56.92,48.76,entsoe.eu,false,
2022-05-26 19:00:00,Italy,North Italy,IT-NO,243.5,304.97,55.82,47.42,entsoe.eu,false,
2022-05-26 20:00:00,Italy,North Italy,IT-NO,248.18,312.8,53.29,44.01,entsoe.eu,false,
2022-05-26 21:00:00,Italy,North Italy,IT-NO,248.93,315.02,52.59,42.39,entsoe.eu,false,
2022-05-26 22:00:00,Italy,North Italy,IT-NO,261.73,331.4,49.65,40.07,entsoe.eu,false,
2022-05-26 23:00:00,Italy,North Italy,IT-NO,260.53,330.71,49.62,38.86,entsoe.eu,false,
2022-05-27 00:00:00,Italy,North Italy,IT-NO,264.82,335.02,49.62,38.84,entsoe.eu,false,
2022-05-27 01:00:00,Italy,North Italy,IT-NO,260.15,328.41,50.93,37.56,entsoe.eu,false,
2022-05-27 02:00:00,Italy,North Italy,IT-NO,252.98,320.96,51.66,37.81,entsoe.eu,false,
2022-05-27 03:00:00,Italy,North Italy,IT-NO,262.17,331.79,49.91,36.68,entsoe.eu,false,
2022-05-27 04:00:00,Italy,North Italy,IT-NO,265.67,335.4,49.55,38.51,entsoe.eu,false,
2022-05-27 05:00:00,Italy,North Italy,IT-NO,255.03,322.67,51.11,42.72,entsoe.eu,false,
2022-05-27 06:00:00,Italy,North Italy,IT-NO,237.77,302.71,53.62,46.04,entsoe.eu,false,
2022-05-27 07:00:00,Italy,North Italy,IT-NO,227.52,289.89,56.26,48.47,entsoe.eu,false,
2022-05-27 08:00:00,Italy,North Italy,IT-NO,227.06,290.51,55.74,46.9,entsoe.eu,false,
2022-05-27 09:00:00,Italy,North Italy,IT-NO,225.26,288.89,56.06,47.39,entsoe.eu,false,
2022-05-27 10:00:00,Italy,North Italy,IT-NO,220.4,284.93,56.33,47.58,entsoe.eu,false,
2022-05-27 11:00:00,Italy,North Italy,IT-NO,219.86,283.57,57.01,47.82,entsoe.eu,false,
2022-05-27 12:00:00,Italy,North Italy,IT-NO,218.32,282.6,56.75,46.96,entsoe.eu,false,
2022-05-27 13:00:00,Italy,North Italy,IT-NO,222.37,287.56,55.63,45.99,entsoe.eu,false,
2022-05-27 14:00:00,Italy,North Italy,IT-NO,228.13,293.41,55.05,44.93,entsoe.eu,false,
2022-05-27 15:00:00,Italy,North Italy,IT-NO,236.11,301.94,53.82,43.68,entsoe.eu,false,
2022-05-27 16:00:00,Italy,North Italy,IT-NO,239.26,304.32,53.61,43.76,entsoe.eu,false,
2022-05-27 17:00:00,Italy,North Italy,IT-NO,237.09,299.7,55.12,47.05,entsoe.eu,false,
2022-05-27 18:00:00,Italy,North Italy,IT-NO,246.03,310.58,53.25,45.88,entsoe.eu,false,
2022-05-27 19:00:00,Italy,North Italy,IT-NO,248.54,313.9,52.53,44.26,entsoe.eu,false,
2022-05-27 20:00:00,Italy,North Italy,IT-NO,261.14,330.71,49.18,39.84,entsoe.eu,false,
2022-05-27 21:00:00,Italy,North Italy,IT-NO,263.6,332.5,49.98,41.27,entsoe.eu,false,
2022-05-27 22:00:00,Italy,North Italy,IT-NO,241.95,307.36,53.96,43.26,entsoe.eu,false,
2022-05-27 23:00:00,Italy,North Italy,IT-NO,247.02,314.68,52.08,39.81,entsoe.eu,false,
2022-05-28 00:00:00,Italy,North Italy,IT-NO,242.58,309.87,52.69,38.88,entsoe.eu,false,
2022-05-28 01:00:00,Italy,North Italy,IT-NO,243.48,311.19,52.35,37.89,entsoe.eu,false,
2022-05-28 02:00:00,Italy,North Italy,IT-NO,238.46,303.77,54.4,39.06,entsoe.eu,false,
2022-05-28 03:00:00,Italy,North Italy,IT-NO,239.31,304.61,54.17,39.5,entsoe.eu,false,
2022-05-28 04:00:00,Italy,North Italy,IT-NO,229.37,292.31,56.37,41.94,entsoe.eu,false,
2022-05-28 05:00:00,Italy,North Italy,IT-NO,223.18,284.29,58.42,45.72,entsoe.eu,false,
2022-05-28 06:00:00,Italy,North Italy,IT-NO,206.67,264.67,61.92,50.87,entsoe.eu,false,
2022-05-28 07:00:00,Italy,North Italy,IT-NO,197.52,254.04,64.06,54.3,entsoe.eu,false,
2022-05-28 08:00:00,Italy,North Italy,IT-NO,187.14,242.05,65.79,55.03,entsoe.eu,false,
2022-05-28 09:00:00,Italy,North Italy,IT-NO,176.73,231.96,66.21,54.31,entsoe.eu,false,
2022-05-28 10:00:00,Italy,North Italy,IT-NO,166.28,219.68,68.71,56.71,entsoe.eu,false,
2022-05-28 11:00:00,Italy,North Italy,IT-NO,170.3,223.95,68.28,55.7,entsoe.eu,false,
2022-05-28 12:00:00,Italy,North Italy,IT-NO,164.71,217.88,69.43,57.58,entsoe.eu,false,
2022-05-28 13:00:00,Italy,North Italy,IT-NO,178.64,234.24,66.47,54.52,entsoe.eu,false,
2022-05-28 14:00:00,Italy,North Italy,IT-NO,188.93,245.55,64.73,52.85,entsoe.eu,false,
2022-05-28 15:00:00,Italy,North Italy,IT-NO,194.75,253.41,62.29,50.02,entsoe.eu,false,
2022-05-28 16:00:00,Italy,North Italy,IT-NO,197.62,254.34,62.64,51.44,entsoe.eu,false,
2022-05-28 17:00:00,Italy,North Italy,IT-NO,209.46,264.43,63.43,53.96,entsoe.eu,false,
2022-05-28 18:00:00,Italy,North Italy,IT-NO,215.91,269.84,63.54,53.94,entsoe.eu,false,
2022-05-28 19:00:00,Italy,North Italy,IT-NO,222.68,280.6,60.37,50.6,entsoe.eu,false,
2022-05-28 20:00:00,Italy,North Italy,IT-NO,224.44,287.35,56.63,46.49,entsoe.eu,false,
2022-05-28 21:00:00,Italy,North Italy,IT-NO,229.12,292.3,55.61,45.39,entsoe.eu,false,
2022-05-28 22:00:00,Italy,North Italy,IT-NO,217.79,276.69,59.64,47.82,entsoe.eu,false,
2022-05-28 23:00:00,Italy,North Italy,IT-NO,219.25,276.27,61.59,46.73,entsoe.eu,false,
2022-05-29 00:00:00,Italy,North Italy,IT-NO,223.96,280.23,61.31,45.48,entsoe.eu,false,
2022-05-29 01:00:00,Italy,North Italy,IT-NO,220.44,276.39,61.96,44.25,entsoe.eu,false,
2022-05-29 02:00:00,Italy,North Italy,IT-NO,223.71,279.49,61.23,42.88,entsoe.eu,false,
2022-05-29 03:00:00,Italy,North Italy,IT-NO,229.64,286.91,60.1,42.94,entsoe.eu,false,
2022-05-29 04:00:00,Italy,North Italy,IT-NO,217.0,271.31,62.45,44.63,entsoe.eu,false,
2022-05-29 05:00:00,Italy,North Italy,IT-NO,213.48,269.67,62.58,46.07,entsoe.eu,false,
2022-05-29 06:00:00,Italy,North Italy,IT-NO,184.87,236.16,67.94,51.73,entsoe.eu,false,
2022-05-29 07:00:00,Italy,North Italy,IT-NO,179.56,229.75,69.51,54.79,entsoe.eu,false,
2022-05-29 08:00:00,Italy,North Italy,IT-NO,173.97,224.48,70.1,55.8,entsoe.eu,false,
2022-05-29 09:00:00,Italy,North Italy,IT-NO,163.01,211.88,71.79,56.73,entsoe.eu,false,
2022-05-29 10:00:00,Italy,North Italy,IT-NO,172.97,223.84,69.71,56.04,entsoe.eu,false,
2022-05-29 11:00:00,Italy,North Italy,IT-NO,171.34,221.87,69.91,56.34,entsoe.eu,false,
2022-05-29 12:00:00,Italy,North Italy,IT-NO,166.76,217.22,70.62,57.25,entsoe.eu,false,
2022-05-29 13:00:00,Italy,North Italy,IT-NO,166.19,216.06,70.75,54.28,entsoe.eu,false,
2022-05-29 14:00:00,Italy,North Italy,IT-NO,161.83,212.08,70.81,52.21,entsoe.eu,false,
2022-05-29 15:00:00,Italy,North Italy,IT-NO,167.43,218.93,69.3,50.75,entsoe.eu,false,
2022-05-29 16:00:00,Italy,North Italy,IT-NO,184.53,239.59,64.77,47.3,entsoe.eu,false,
2022-05-29 17:00:00,Italy,North Italy,IT-NO,206.53,266.09,59.82,46.38,entsoe.eu,false,
2022-05-29 18:00:00,Italy,North Italy,IT-NO,211.77,270.68,59.61,47.38,entsoe.eu,false,
2022-05-29 19:00:00,Italy,North Italy,IT-NO,218.69,276.76,59.8,48.22,entsoe.eu,false,
2022-05-29 20:00:00,Italy,North Italy,IT-NO,231.78,293.18,56.7,47.53,entsoe.eu,false,
2022-05-29 21:00:00,Italy,North Italy,IT-NO,243.28,309.31,52.59,42.93,entsoe.eu,false,
2022-05-29 22:00:00,Italy,North Italy,IT-NO,225.04,284.2,57.71,42.1,entsoe.eu,false,
2022-05-29 23:00:00,Italy,North Italy,IT-NO,213.5,268.83,60.86,40.91,entsoe.eu,false,
2022-05-30 00:00:00,Italy,North Italy,IT-NO,215.12,270.92,60.73,39.73,entsoe.eu,false,
2022-05-30 01:00:00,Italy,North Italy,IT-NO,213.27,269.64,60.08,36.77,entsoe.eu,false,
2022-05-30 02:00:00,Italy,North Italy,IT-NO,208.47,265.26,60.43,37.17,entsoe.eu,false,
2022-05-30 03:00:00,Italy,North Italy,IT-NO,229.33,291.46,55.07,35.0,entsoe.eu,false,
2022-05-30 04:00:00,Italy,North Italy,IT-NO,243.33,311.27,50.66,35.68,entsoe.eu,false,
2022-05-30 05:00:00,Italy,North Italy,IT-NO,252.7,321.67,49.36,39.62,entsoe.eu,false,
2022-05-30 06:00:00,Italy,North Italy,IT-NO,248.96,316.53,50.75,42.25,entsoe.eu,false,
2022-05-30 07:00:00,Italy,North Italy,IT-NO,235.68,301.39,53.07,45.58,entsoe.eu,false,
2022-05-30 08:00:00,Italy,North Italy,IT-NO,238.51,306.7,51.85,43.94,entsoe.eu,false,
2022-05-30 09:00:00,Italy,North Italy,IT-NO,224.94,290.67,55.02,46.49,entsoe.eu,false,
2022-05-30 10:00:00,Italy,North Italy,IT-NO,240.56,311.27,50.59,44.19,entsoe.eu,false,
2022-05-30 11:00:00,Italy,North Italy,IT-NO,234.33,304.13,51.71,44.88,entsoe.eu,false,
2022-05-30 12:00:00,Italy,North Italy,IT-NO,233.38,302.15,52.1,43.61,entsoe.eu,false,
2022-05-30 13:00:00,Italy,North Italy,IT-NO,231.66,300.69,52.29,41.8,entsoe.eu,false,
2022-05-30 14:00:00,Italy,North Italy,IT-NO,245.46,317.11,49.35,37.94,entsoe.eu,false,
2022-05-30 15:00:00,Italy,North Italy,IT-NO,256.23,329.26,47.41,37.75,entsoe.eu,false,
2022-05-30 16:00:00,Italy,North Italy,IT-NO,271.57,347.43,44.07,37.94,entsoe.eu,false,
2022-05-30 17:00:00,Italy,North Italy,IT-NO,270.92,344.42,45.5,40.01,entsoe.eu,false,
2022-05-30 18:00:00,Italy,North Italy,IT-NO,265.52,337.22,47.24,40.66,entsoe.eu,false,
2022-05-30 19:00:00,Italy,North Italy,IT-NO,271.59,346.19,44.77,38.63,entsoe.eu,false,
2022-05-30 20:00:00,Italy,North Italy,IT-NO,291.45,370.36,40.98,36.6,entsoe.eu,false,
2022-05-30 21:00:00,Italy,North Italy,IT-NO,288.65,367.26,41.81,34.46,entsoe.eu,false,
2022-05-30 22:00:00,Italy,North Italy,IT-NO,276.86,352.83,44.47,32.49,entsoe.eu,false,
2022-05-30 23:00:00,Italy,North Italy,IT-NO,281.94,355.6,45.22,32.03,entsoe.eu,false,
2022-05-31 00:00:00,Italy,North Italy,IT-NO,282.74,358.21,44.03,30.3,entsoe.eu,false,
2022-05-31 01:00:00,Italy,North Italy,IT-NO,277.08,351.95,44.76,29.5,entsoe.eu,false,
2022-05-31 02:00:00,Italy,North Italy,IT-NO,272.6,346.56,45.68,30.1,entsoe.eu,false,
2022-05-31 03:00:00,Italy,North Italy,IT-NO,281.05,357.94,43.07,29.63,entsoe.eu,false,
2022-05-31 04:00:00,Italy,North Italy,IT-NO,286.2,363.82,42.57,33.55,entsoe.eu,false,
2022-05-31 05:00:00,Italy,North Italy,IT-NO,267.92,340.77,46.35,40.23,entsoe.eu,false,
2022-05-31 06:00:00,Italy,North Italy,IT-NO,244.9,311.69,51.82,44.88,entsoe.eu,false,
2022-05-31 07:00:00,Italy,North Italy,IT-NO,246.76,315.73,50.51,43.15,entsoe.eu,false,
2022-05-31 08:00:00,Italy,North Italy,IT-NO,238.53,306.58,52.42,44.17,entsoe.eu,false,
2022-05-31 09:00:00,Italy,North Italy,IT-NO,244.02,314.44,50.8,42.76,entsoe.eu,false,
2022-05-31 10:00:00,Italy,North Italy,IT-NO,248.89,321.28,49.73,42.37,entsoe.eu,false,
2022-05-31 11:00:00,Italy,North Italy,IT-NO,246.02,316.77,51.24,43.19,entsoe.eu,false,
2022-05-31 12:00:00,Italy,North Italy,IT-NO,250.12,322.47,49.49,41.12,entsoe.eu,false,
2022-05-31 13:00:00,Italy,North Italy,IT-NO,247.9,319.0,50.46,41.74,entsoe.eu,false,
2022-05-31 14:00:00,Italy,North Italy,IT-NO,254.95,326.88,49.19,38.89,entsoe.eu,false,
2022-05-31 15:00:00,Italy,North Italy,IT-NO,255.93,326.95,49.08,39.59,entsoe.eu,false,
2022-05-31 16:00:00,Italy,North Italy,IT-NO,252.54,322.4,49.52,40.83,entsoe.eu,false,
2022-05-31 17:00:00,Italy,North Italy,IT-NO,249.86,319.02,49.9,42.13,entsoe.eu,false,
2022-05-31 18:00:00,Italy,North Italy,IT-NO,254.79,324.26,49.24,41.71,entsoe.eu,false,
2022-05-31 19:00:00,Italy,North Italy,IT-NO,263.9,334.98,47.55,40.64,entsoe.eu,false,
2022-05-31 20:00:00,Italy,North Italy,IT-NO,271.77,346.63,44.99,39.43,entsoe.eu,false,
2022-05-31 21:00:00,Italy,North Italy,IT-NO,277.43,354.29,43.9,36.55,entsoe.eu,false,
2022-05-31 22:00:00,Italy,North Italy,IT-NO,254.08,324.56,49.28,36.83,entsoe.eu,false,
2022-05-31 23:00:00,Italy,North Italy,IT-NO,248.73,314.77,51.89,34.74,entsoe.eu,false,
2022-06-01 00:00:00,Italy,North Italy,IT-NO,251.15,319.27,50.7,32.47,entsoe.eu,false,
2022-06-01 01:00:00,Italy,North Italy,IT-NO,267.65,341.31,45.76,30.56,entsoe.eu,false,
2022-06-01 02:00:00,Italy,North Italy,IT-NO,270.45,344.57,45.12,29.78,entsoe.eu,false,
2022-06-01 03:00:00,Italy,North Italy,IT-NO,268.16,342.0,45.36,30.71,entsoe.eu,false,
2022-06-01 04:00:00,Italy,North Italy,IT-NO,247.8,317.34,49.66,37.56,entsoe.eu,false,
2022-06-01 05:00:00,Italy,North Italy,IT-NO,228.43,291.43,55.03,45.13,entsoe.eu,false,
2022-06-01 06:00:00,Italy,North Italy,IT-NO,212.28,271.22,58.9,49.29,entsoe.eu,false,
2022-06-01 07:00:00,Italy,North Italy,IT-NO,212.29,272.4,58.52,49.26,entsoe.eu,false,
2022-06-01 08:00:00,Italy,North Italy,IT-NO,213.5,275.39,57.94,47.22,entsoe.eu,false,
2022-06-01 09:00:00,Italy,North Italy,IT-NO,209.8,272.63,58.35,48.17,entsoe.eu,false,
2022-06-01 10:00:00,Italy,North Italy,IT-NO,213.1,277.56,57.25,48.09,entsoe.eu,false,
2022-06-01 11:00:00,Italy,North Italy,IT-NO,213.93,277.07,58.11,48.09,entsoe.eu,false,
2022-06-01 12:00:00,Italy,North Italy,IT-NO,220.23,283.32,57.52,47.15,entsoe.eu,false,
2022-06-01 13:00:00,Italy,North Italy,IT-NO,218.14,281.35,57.33,47.25,entsoe.eu,false,
2022-06-01 14:00:00,Italy,North Italy,IT-NO,226.55,290.18,56.34,46.08,entsoe.eu,false,
2022-06-01 15:00:00,Italy,North Italy,IT-NO,232.25,294.47,56.55,46.39,entsoe.eu,false,
2022-06-01 16:00:00,Italy,North Italy,IT-NO,231.08,292.63,56.87,46.58,entsoe.eu,false,
2022-06-01 17:00:00,Italy,North Italy,IT-NO,228.63,288.37,58.1,49.43,entsoe.eu,false,
2022-06-01 18:00:00,Italy,North Italy,IT-NO,230.83,292.1,56.68,47.36,entsoe.eu,false,
2022-06-01 19:00:00,Italy,North Italy,IT-NO,242.28,305.35,54.71,45.84,entsoe.eu,false,
2022-06-01 20:00:00,Italy,North Italy,IT-NO,243.78,311.24,51.88,41.96,entsoe.eu,false,
2022-06-01 21:00:00,Italy,North Italy,IT-NO,252.09,321.57,50.52,38.97,entsoe.eu,false,
2022-06-01 22:00:00,Italy,North Italy,IT-NO,237.29,300.47,54.96,38.15,entsoe.eu,false,
2022-06-01 23:00:00,Italy,North Italy,IT-NO,247.57,311.93,53.23,34.77,entsoe.eu,false,
2022-06-02 00:00:00,Italy,North Italy,IT-NO,254.98,320.26,51.43,33.06,entsoe.eu,false,
2022-06-02 01:00:00,Italy,North Italy,IT-NO,266.77,336.49,47.81,31.85,entsoe.eu,false,
2022-06-02 02:00:00,Italy,North Italy,IT-NO,262.94,333.4,47.95,31.59,entsoe.eu,false,
2022-06-02 03:00:00,Italy,North Italy,IT-NO,261.99,333.24,47.9,32.55,entsoe.eu,false,
2022-06-02 04:00:00,Italy,North Italy,IT-NO,249.37,317.09,50.58,35.07,entsoe.eu,false,
2022-06-02 05:00:00,Italy,North Italy,IT-NO,226.0,289.7,55.67,43.8,entsoe.eu,false,
2022-06-02 06:00:00,Italy,North Italy,IT-NO,213.12,273.81,58.95,48.68,entsoe.eu,false,
2022-06-02 07:00:00,Italy,North Italy,IT-NO,194.78,250.83,63.53,53.51,entsoe.eu,false,
2022-06-02 08:00:00,Italy,North Italy,IT-NO,175.48,228.77,67.37,57.59,entsoe.eu,false,
2022-06-02 09:00:00,Italy,North Italy,IT-NO,166.98,219.55,69.07,59.31,entsoe.eu,false,
2022-06-02 10:00:00,Italy,North Italy,IT-NO,168.01,222.5,68.44,58.79,entsoe.eu,false,
2022-06-02 11:00:00,Italy,North Italy,IT-NO,163.19,218.35,68.39,59.84,entsoe.eu,false,
2022-06-02 12:00:00,Italy,North Italy,IT-NO,172.58,229.23,66.67,58.14,entsoe.eu,false,
2022-06-02 13:00:00,Italy,North Italy,IT-NO,187.75,246.2,63.9,54.19,entsoe.eu,false,
2022-06-02 14:00:00,Italy,North Italy,IT-NO,195.48,255.83,62.42,51.63,entsoe.eu,false,
2022-06-02 15:00:00,Italy,North Italy,IT-NO,224.67,289.57,56.1,46.1,entsoe.eu,false,
2022-06-02 16:00:00,Italy,North Italy,IT-NO,247.97,314.97,52.66,44.09,entsoe.eu,false,
2022-06-02 17:00:00,Italy,North Italy,IT-NO,238.6,301.75,55.26,47.71,entsoe.eu,false,
2022-06-02 18:00:00,Italy,North Italy,IT-NO,225.86,287.07,57.49,48.14,entsoe.eu,false,
2022-06-02 19:00:00,Italy,North Italy,IT-NO,225.64,287.65,56.88,46.16,entsoe.eu,false,
2022-06-02 20:00:00,Italy,North Italy,IT-NO,237.42,305.47,52.72,42.39,entsoe.eu,false,
2022-06-02 21:00:00,Italy,North Italy,IT-NO,256.71,324.54,51.08,38.71,entsoe.eu,false,
2022-06-02 22:00:00,Italy,North Italy,IT-NO,243.14,309.79,52.81,39.45,entsoe.eu,false,
2022-06-02 23:00:00,Italy,North Italy,IT-NO,254.89,323.34,50.18,34.05,entsoe.eu,false,
2022-06-03 00:00:00,Italy,North Italy,IT-NO,251.75,318.44,50.98,33.74,entsoe.eu,false,
2022-06-03 01:00:00,Italy,North Italy,IT-NO,255.07,321.46,50.17,32.65,entsoe.eu,false,
2022-06-03 02:00:00,Italy,North Italy,IT-NO,262.0,330.75,48.01,29.89,entsoe.eu,false,
2022-06-03 03:00:00,Italy,North Italy,IT-NO,262.35,333.02,47.81,30.48,entsoe.eu,false,
2022-06-03 04:00:00,Italy,North Italy,IT-NO,251.88,321.67,49.13,34.73,entsoe.eu,false,
2022-06-03 05:00:00,Italy,North Italy,IT-NO,236.13,301.67,53.55,42.2,entsoe.eu,false,
2022-06-03 06:00:00,Italy,North Italy,IT-NO,228.71,293.4,55.0,45.68,entsoe.eu,false,
2022-06-03 07:00:00,Italy,North Italy,IT-NO,224.92,287.99,56.19,46.57,entsoe.eu,false,
2022-06-03 08:00:00,Italy,North Italy,IT-NO,217.71,280.62,57.13,47.64,entsoe.eu,false,
2022-06-03 09:00:00,Italy,North Italy,IT-NO,218.45,282.4,56.49,46.79,entsoe.eu,false,
2022-06-03 10:00:00,Italy,North Italy,IT-NO,222.27,286.57,56.29,47.75,entsoe.eu,false,
2022-06-03 11:00:00,Italy,North Italy,IT-NO,231.37,298.22,53.49,45.61,entsoe.eu,false,
2022-06-03 12:00:00,Italy,North Italy,IT-NO,245.34,314.48,50.95,44.56,entsoe.eu,false,
2022-06-03 13:00:00,Italy,North Italy,IT-NO,239.88,308.3,51.68,43.18,entsoe.eu,false,
2022-06-03 14:00:00,Italy,North Italy,IT-NO,240.26,307.68,52.03,41.18,entsoe.eu,false,
2022-06-03 15:00:00,Italy,North Italy,IT-NO,229.85,296.84,52.78,41.12,entsoe.eu,false,
2022-06-03 16:00:00,Italy,North Italy,IT-NO,223.35,286.7,55.27,44.82,entsoe.eu,false,
2022-06-03 17:00:00,Italy,North Italy,IT-NO,226.08,286.81,57.48,49.6,entsoe.eu,false,
2022-06-03 18:00:00,Italy,North Italy,IT-NO,225.33,288.88,55.64,48.52,entsoe.eu,false,
2022-06-03 19:00:00,Italy,North Italy,IT-NO,226.47,289.05,56.31,48.44,entsoe.eu,false,
2022-06-03 20:00:00,Italy,North Italy,IT-NO,229.04,294.74,54.27,45.91,entsoe.eu,false,
2022-06-03 21:00:00,Italy,North Italy,IT-NO,235.7,301.2,53.88,44.8,entsoe.eu,false,
2022-06-03 22:00:00,Italy,North Italy,IT-NO,230.02,293.75,55.77,42.03,entsoe.eu,false,
2022-06-03 23:00:00,Italy,North Italy,IT-NO,236.33,301.43,54.3,38.33,entsoe.eu,false,
2022-06-04 00:00:00,Italy,North Italy,IT-NO,235.9,299.44,55.18,37.66,entsoe.eu,false,
2022-06-04 01:00:00,Italy,North Italy,IT-NO,244.3,311.8,51.83,35.58,entsoe.eu,false,
2022-06-04 02:00:00,Italy,North Italy,IT-NO,246.55,314.12,51.49,34.87,entsoe.eu,false,
2022-06-04 03:00:00,Italy,North Italy,IT-NO,252.08,321.07,50.41,34.69,entsoe.eu,false,
2022-06-04 04:00:00,Italy,North Italy,IT-NO,239.06,305.24,53.34,38.9,entsoe.eu,false,
2022-06-04 05:00:00,Italy,North Italy,IT-NO,216.82,279.47,57.45,43.28,entsoe.eu,false,
2022-06-04 06:00:00,Italy,North Italy,IT-NO,205.59,266.38,59.84,47.88,entsoe.eu,false,
2022-06-04 07:00:00,Italy,North Italy,IT-NO,196.9,256.52,61.54,50.36,entsoe.eu,false,
2022-06-04 08:00:00,Italy,North Italy,IT-NO,184.92,242.61,64.02,53.03,entsoe.eu,false,
2022-06-04 09:00:00,Italy,North Italy,IT-NO,168.07,222.41,67.57,56.18,entsoe.eu,false,
2022-06-04 10:00:00,Italy,North Italy,IT-NO,170.69,226.47,66.22,57.04,entsoe.eu,false,
2022-06-04 11:00:00,Italy,North Italy,IT-NO,166.19,220.07,67.95,57.16,entsoe.eu,false,
2022-06-04 12:00:00,Italy,North Italy,IT-NO,166.36,220.5,68.07,57.13,entsoe.eu,false,
2022-06-04 13:00:00,Italy,North Italy,IT-NO,177.13,233.54,65.45,53.85,entsoe.eu,false,
2022-06-04 14:00:00,Italy,North Italy,IT-NO,197.99,258.27,60.91,49.4,entsoe.eu,false,
2022-06-04 15:00:00,Italy,North Italy,IT-NO,218.73,281.09,58.09,48.13,entsoe.eu,false,
2022-06-04 16:00:00,Italy,North Italy,IT-NO,216.11,274.17,60.47,50.21,entsoe.eu,false,
2022-06-04 17:00:00,Italy,North Italy,IT-NO,209.28,265.71,61.3,51.47,entsoe.eu,false,
2022-06-04 18:00:00,Italy,North Italy,IT-NO,212.65,271.4,59.68,49.99,entsoe.eu,false,
2022-06-04 19:00:00,Italy,North Italy,IT-NO,221.77,280.32,59.47,48.93,entsoe.eu,false,
2022-06-04 20:00:00,Italy,North Italy,IT-NO,229.79,290.69,57.47,45.18,entsoe.eu,false,
2022-06-04 21:00:00,Italy,North Italy,IT-NO,232.64,295.83,55.92,43.56,entsoe.eu,false,
2022-06-04 22:00:00,Italy,North Italy,IT-NO,221.72,282.6,57.97,43.4,entsoe.eu,false,
2022-06-04 23:00:00,Italy,North Italy,IT-NO,226.42,290.16,55.85,41.14,entsoe.eu,false,
2022-06-05 00:00:00,Italy,North Italy,IT-NO,236.24,300.88,54.9,39.67,entsoe.eu,false,
2022-06-05 01:00:00,Italy,North Italy,IT-NO,231.67,293.36,56.82,38.99,entsoe.eu,false,
2022-06-05 02:00:00,Italy,North Italy,IT-NO,238.76,302.07,55.62,37.28,entsoe.eu,false,
2022-06-05 03:00:00,Italy,North Italy,IT-NO,231.58,292.56,57.31,38.58,entsoe.eu,false,
2022-06-05 04:00:00,Italy,North Italy,IT-NO,211.8,269.23,61.57,42.28,entsoe.eu,false,
2022-06-05 05:00:00,Italy,North Italy,IT-NO,203.73,259.89,63.26,45.75,entsoe.eu,false,
2022-06-05 06:00:00,Italy,North Italy,IT-NO,187.57,240.45,66.81,51.27,entsoe.eu,false,
2022-06-05 07:00:00,Italy,North Italy,IT-NO,170.75,220.9,70.38,56.14,entsoe.eu,false,
2022-06-05 08:00:00,Italy,North Italy,IT-NO,163.99,213.48,71.7,59.0,entsoe.eu,false,
2022-06-05 09:00:00,Italy,North Italy,IT-NO,164.91,215.03,70.86,58.36,entsoe.eu,false,
2022-06-05 10:00:00,Italy,North Italy,IT-NO,163.38,213.85,70.61,58.82,entsoe.eu,false,
2022-06-05 11:00:00,Italy,North Italy,IT-NO,157.98,207.28,71.35,56.97,entsoe.eu,false,
2022-06-05 12:00:00,Italy,North Italy,IT-NO,175.76,229.24,67.2,53.5,entsoe.eu,false,
2022-06-05 13:00:00,Italy,North Italy,IT-NO,174.31,227.95,67.23,52.76,entsoe.eu,false,
2022-06-05 14:00:00,Italy,North Italy,IT-NO,172.07,225.24,67.47,52.42,entsoe.eu,false,
2022-06-05 15:00:00,Italy,North Italy,IT-NO,188.19,241.87,66.2,51.63,entsoe.eu,false,
2022-06-05 16:00:00,Italy,North Italy,IT-NO,199.76,256.36,62.71,48.7,entsoe.eu,false,
2022-06-05 17:00:00,Italy,North Italy,IT-NO,207.26,264.4,61.52,49.98,entsoe.eu,false,
2022-06-05 18:00:00,Italy,North Italy,IT-NO,205.96,261.75,62.65,51.34,entsoe.eu,false,
2022-06-05 19:00:00,Italy,North Italy,IT-NO,219.96,279.91,59.02,47.87,entsoe.eu,false,
2022-06-05 20:00:00,Italy,North Italy,IT-NO,227.82,289.51,57.23,45.7,entsoe.eu,false,
2022-06-05 21:00:00,Italy,North Italy,IT-NO,236.81,300.61,55.3,43.28,entsoe.eu,false,
2022-06-05 22:00:00,Italy,North Italy,IT-NO,255.88,322.57,52.06,39.46,entsoe.eu,false,
2022-06-05 23:00:00,Italy,North Italy,IT-NO,260.69,330.47,49.12,36.1,entsoe.eu,false,
2022-06-06 00:00:00,Italy,North Italy,IT-NO,256.66,326.47,48.97,36.3,entsoe.eu,false,
2022-06-06 01:00:00,Italy,North Italy,IT-NO,247.49,314.78,51.3,37.79,entsoe.eu,false,
2022-06-06 02:00:00,Italy,North Italy,IT-NO,243.71,311.24,51.8,37.72,entsoe.eu,false,
2022-06-06 03:00:00,Italy,North Italy,IT-NO,259.82,331.37,47.98,35.5,entsoe.eu,false,
2022-06-06 04:00:00,Italy,North Italy,IT-NO,262.96,333.89,48.32,37.08,entsoe.eu,false,
2022-06-06 05:00:00,Italy,North Italy,IT-NO,247.75,315.96,51.12,41.18,entsoe.eu,false,
2022-06-06 06:00:00,Italy,North Italy,IT-NO,232.36,296.45,55.06,46.36,entsoe.eu,false,
2022-06-06 07:00:00,Italy,North Italy,IT-NO,225.4,289.09,56.18,48.16,entsoe.eu,false,
2022-06-06 08:00:00,Italy,North Italy,IT-NO,225.34,290.39,55.49,47.7,entsoe.eu,false,
2022-06-06 09:00:00,Italy,North Italy,IT-NO,226.75,293.19,54.94,47.5,entsoe.eu,false,
2022-06-06 10:00:00,Italy,North Italy,IT-NO,221.54,288.63,55.27,47.82,entsoe.eu,false,
2022-06-06 11:00:00,Italy,North Italy,IT-NO,216.85,284.12,55.45,46.84,entsoe.eu,false,
2022-06-06 12:00:00,Italy,North Italy,IT-NO,210.86,276.78,56.55,46.85,entsoe.eu,false,
2022-06-06 13:00:00,Italy,North Italy,IT-NO,210.45,275.19,56.84,47.26,entsoe.eu,false,
2022-06-06 14:00:00,Italy,North Italy,IT-NO,220.41,285.59,55.54,46.03,entsoe.eu,false,
2022-06-06 15:00:00,Italy,North Italy,IT-NO,239.22,307.28,52.08,42.55,entsoe.eu,false,
2022-06-06 16:00:00,Italy,North Italy,IT-NO,246.9,314.23,52.1,43.23,entsoe.eu,false,
2022-06-06 17:00:00,Italy,North Italy,IT-NO,248.45,314.44,52.57,43.64,entsoe.eu,false,
2022-06-06 18:00:00,Italy,North Italy,IT-NO,249.22,315.16,52.29,43.48,entsoe.eu,false,
2022-06-06 19:00:00,Italy,North Italy,IT-NO,253.45,321.13,50.53,41.34,entsoe.eu,false,
2022-06-06 20:00:00,Italy,North Italy,IT-NO,263.97,334.76,48.27,38.98,entsoe.eu,false,
2022-06-06 21:00:00,Italy,North Italy,IT-NO,275.98,350.31,45.18,35.24,entsoe.eu,false,
2022-06-06 22:00:00,Italy,North Italy,IT-NO,282.39,358.97,42.83,31.9,entsoe.eu,false,
2022-06-06 23:00:00,Italy,North Italy,IT-NO,283.9,360.61,42.3,29.65,entsoe.eu,false,
2022-06-07 00:00:00,Italy,North Italy,IT-NO,280.95,356.28,43.35,29.2,entsoe.eu,false,
2022-06-07 01:00:00,Italy,North Italy,IT-NO,278.93,353.37,44.05,29.06,entsoe.eu,false,
2022-06-07 02:00:00,Italy,North Italy,IT-NO,270.34,344.44,45.37,29.91,entsoe.eu,false,
2022-06-07 03:00:00,Italy,North Italy,IT-NO,276.22,351.05,44.66,30.03,entsoe.eu,false,
2022-06-07 04:00:00,Italy,North Italy,IT-NO,279.47,355.77,43.38,31.34,entsoe.eu,false,
2022-06-07 05:00:00,Italy,North Italy,IT-NO,268.46,340.19,46.98,37.89,entsoe.eu,false,
2022-06-07 06:00:00,Italy,North Italy,IT-NO,247.26,313.94,51.71,43.94,entsoe.eu,false,
2022-06-07 07:00:00,Italy,North Italy,IT-NO,237.4,303.86,52.43,44.79,entsoe.eu,false,
2022-06-07 08:00:00,Italy,North Italy,IT-NO,233.86,300.42,52.65,44.6,entsoe.eu,false,
2022-06-07 09:00:00,Italy,North Italy,IT-NO,235.9,304.84,51.24,43.54,entsoe.eu,false,
2022-06-07 10:00:00,Italy,North Italy,IT-NO,237.82,308.29,50.78,42.23,entsoe.eu,false,
2022-06-07 11:00:00,Italy,North Italy,IT-NO,239.08,310.34,50.16,41.75,entsoe.eu,false,
2022-06-07 12:00:00,Italy,North Italy,IT-NO,245.98,318.27,48.81,40.33,entsoe.eu,false,
2022-06-07 13:00:00,Italy,North Italy,IT-NO,249.61,322.09,48.38,40.03,entsoe.eu,false,
2022-06-07 14:00:00,Italy,North Italy,IT-NO,255.32,328.45,47.49,38.26,entsoe.eu,false,
2022-06-07 15:00:00,Italy,North Italy,IT-NO,257.6,330.3,47.54,37.51,entsoe.eu,false,
2022-06-07 16:00:00,Italy,North Italy,IT-NO,259.62,331.09,47.92,38.09,entsoe.eu,false,
2022-06-07 17:00:00,Italy,North Italy,IT-NO,243.91,311.96,50.67,42.49,entsoe.eu,false,
2022-06-07 18:00:00,Italy,North Italy,IT-NO,249.74,318.86,49.61,42.58,entsoe.eu,false,
2022-06-07 19:00:00,Italy,North Italy,IT-NO,257.45,328.3,47.92,41.35,entsoe.eu,false,
2022-06-07 20:00:00,Italy,North Italy,IT-NO,279.9,357.84,42.34,36.29,entsoe.eu,false,
2022-06-07 21:00:00,Italy,North Italy,IT-NO,284.68,363.88,41.4,33.9,entsoe.eu,false,
2022-06-07 22:00:00,Italy,North Italy,IT-NO,258.75,330.45,48.5,36.31,entsoe.eu,false,
2022-06-07 23:00:00,Italy,North Italy,IT-NO,253.8,324.35,49.45,34.99,entsoe.eu,false,
2022-06-08 00:00:00,Italy,North Italy,IT-NO,252.4,321.96,49.92,33.65,entsoe.eu,false,
2022-06-08 01:00:00,Italy,North Italy,IT-NO,251.9,321.71,49.62,32.84,entsoe.eu,false,
2022-06-08 02:00:00,Italy,North Italy,IT-NO,252.88,323.5,48.97,31.97,entsoe.eu,false,
2022-06-08 03:00:00,Italy,North Italy,IT-NO,250.93,321.67,48.79,31.73,entsoe.eu,false,
2022-06-08 04:00:00,Italy,North Italy,IT-NO,275.46,351.8,43.25,33.8,entsoe.eu,false,
2022-06-08 05:00:00,Italy,North Italy,IT-NO,266.85,339.49,46.28,40.57,entsoe.eu,false,
2022-06-08 06:00:00,Italy,North Italy,IT-NO,245.0,311.98,51.78,46.81,entsoe.eu,false,
2022-06-08 07:00:00,Italy,North Italy,IT-NO,235.07,301.94,53.21,46.75,entsoe.eu,false,
2022-06-08 08:00:00,Italy,North Italy,IT-NO,227.19,293.73,54.3,46.9,entsoe.eu,false,
2022-06-08 09:00:00,Italy,North Italy,IT-NO,234.51,302.84,52.84,46.17,entsoe.eu,false,
2022-06-08 10:00:00,Italy,North Italy,IT-NO,235.2,305.12,52.06,45.69,entsoe.eu,false,
2022-06-08 11:00:00,Italy,North Italy,IT-NO,232.41,301.46,52.79,44.96,entsoe.eu,false,
2022-06-08 12:00:00,Italy,North Italy,IT-NO,236.55,306.52,51.74,43.89,entsoe.eu,false,
2022-06-08 13:00:00,Italy,North Italy,IT-NO,241.65,311.8,50.63,42.21,entsoe.eu,false,
2022-06-08 14:00:00,Italy,North Italy,IT-NO,242.98,312.48,50.32,39.73,entsoe.eu,false,
2022-06-08 15:00:00,Italy,North Italy,IT-NO,248.82,319.05,49.11,39.28,entsoe.eu,false,
2022-06-08 16:00:00,Italy,North Italy,IT-NO,260.11,329.69,48.81,41.42,entsoe.eu,false,
2022-06-08 17:00:00,Italy,North Italy,IT-NO,254.2,321.82,50.49,43.3,entsoe.eu,false,
2022-06-08 18:00:00,Italy,North Italy,IT-NO,258.15,327.52,48.93,41.42,entsoe.eu,false,
2022-06-08 19:00:00,Italy,North Italy,IT-NO,264.14,334.61,47.96,39.55,entsoe.eu,false,
2022-06-08 20:00:00,Italy,North Italy,IT-NO,276.86,352.39,43.75,36.45,entsoe.eu,false,
2022-06-08 21:00:00,Italy,North Italy,IT-NO,268.49,343.66,44.58,36.04,entsoe.eu,false,
2022-06-08 22:00:00,Italy,North Italy,IT-NO,242.45,310.31,51.64,38.42,entsoe.eu,false,
2022-06-08 23:00:00,Italy,North Italy,IT-NO,249.54,317.43,51.18,35.71,entsoe.eu,false,
2022-06-09 00:00:00,Italy,North Italy,IT-NO,240.2,305.15,53.35,36.14,entsoe.eu,false,
2022-06-09 01:00:00,Italy,North Italy,IT-NO,235.53,298.75,54.35,36.05,entsoe.eu,false,
2022-06-09 02:00:00,Italy,North Italy,IT-NO,232.29,295.23,54.72,36.36,entsoe.eu,false,
2022-06-09 03:00:00,Italy,North Italy,IT-NO,238.58,304.79,52.7,36.65,entsoe.eu,false,
2022-06-09 04:00:00,Italy,North Italy,IT-NO,263.73,335.92,47.06,37.15,entsoe.eu,false,
2022-06-09 05:00:00,Italy,North Italy,IT-NO,256.38,326.99,48.29,40.79,entsoe.eu,false,
2022-06-09 06:00:00,Italy,North Italy,IT-NO,241.36,305.32,54.08,47.28,entsoe.eu,false,
2022-06-09 07:00:00,Italy,North Italy,IT-NO,226.77,288.67,56.37,48.46,entsoe.eu,false,
2022-06-09 08:00:00,Italy,North Italy,IT-NO,217.08,280.47,55.82,47.4,entsoe.eu,false,
2022-06-09 09:00:00,Italy,North Italy,IT-NO,217.81,282.04,55.53,47.43,entsoe.eu,false,
2022-06-09 10:00:00,Italy,North Italy,IT-NO,222.61,289.3,53.85,45.57,entsoe.eu,false,
2022-06-09 11:00:00,Italy,North Italy,IT-NO,238.48,307.17,51.37,41.85,entsoe.eu,false,
2022-06-09 12:00:00,Italy,North Italy,IT-NO,231.43,297.74,53.31,44.38,entsoe.eu,false,
2022-06-09 13:00:00,Italy,North Italy,IT-NO,235.02,301.97,52.64,42.59,entsoe.eu,false,
2022-06-09 14:00:00,Italy,North Italy,IT-NO,242.96,311.43,51.63,43.69,entsoe.eu,false,
2022-06-09 15:00:00,Italy,North Italy,IT-NO,245.59,313.87,51.08,40.58,entsoe.eu,false,
2022-06-09 16:00:00,Italy,North Italy,IT-NO,254.12,324.53,48.46,41.04,entsoe.eu,false,
2022-06-09 17:00:00,Italy,North Italy,IT-NO,248.29,315.98,50.45,44.67,entsoe.eu,false,
2022-06-09 18:00:00,Italy,North Italy,IT-NO,257.79,326.86,48.91,43.18,entsoe.eu,false,
2022-06-09 19:00:00,Italy,North Italy,IT-NO,258.63,328.9,48.15,41.36,entsoe.eu,false,
2022-06-09 20:00:00,Italy,North Italy,IT-NO,266.86,340.06,46.01,39.54,entsoe.eu,false,
2022-06-09 21:00:00,Italy,North Italy,IT-NO,266.44,340.3,45.86,38.42,entsoe.eu,false,
2022-06-09 22:00:00,Italy,North Italy,IT-NO,265.91,338.15,46.92,39.74,entsoe.eu,false,
2022-06-09 23:00:00,Italy,North Italy,IT-NO,276.49,348.82,45.11,36.74,entsoe.eu,false,
2022-06-10 00:00:00,Italy,North Italy,IT-NO,276.48,347.64,45.93,36.41,entsoe.eu,false,
2022-06-10 01:00:00,Italy,North Italy,IT-NO,262.75,330.55,49.15,36.42,entsoe.eu,false,
2022-06-10 02:00:00,Italy,North Italy,IT-NO,258.68,326.34,49.6,35.93,entsoe.eu,false,
2022-06-10 03:00:00,Italy,North Italy,IT-NO,262.65,333.61,47.76,35.46,entsoe.eu,false,
2022-06-10 04:00:00,Italy,North Italy,IT-NO,253.87,323.63,49.27,39.93,entsoe.eu,false,
2022-06-10 05:00:00,Italy,North Italy,IT-NO,251.17,320.11,49.97,43.91,entsoe.eu,false,
2022-06-10 06:00:00,Italy,North Italy,IT-NO,237.8,303.7,53.02,46.61,entsoe.eu,false,
2022-06-10 07:00:00,Italy,North Italy,IT-NO,238.14,304.07,53.1,47.2,entsoe.eu,false,
2022-06-10 08:00:00,Italy,North Italy,IT-NO,233.23,299.08,53.81,47.74,entsoe.eu,false,
2022-06-10 09:00:00,Italy,North Italy,IT-NO,227.22,290.8,56.08,49.77,entsoe.eu,false,
2022-06-10 10:00:00,Italy,North Italy,IT-NO,218.25,282.66,56.8,49.9,entsoe.eu,false,
2022-06-10 11:00:00,Italy,North Italy,IT-NO,206.69,268.35,59.46,51.92,entsoe.eu,false,
2022-06-10 12:00:00,Italy,North Italy,IT-NO,202.38,263.65,60.02,51.95,entsoe.eu,false,
2022-06-10 13:00:00,Italy,North Italy,IT-NO,210.5,274.44,57.53,49.17,entsoe.eu,false,
2022-06-10 14:00:00,Italy,North Italy,IT-NO,218.98,284.45,55.73,47.79,entsoe.eu,false,
2022-06-10 15:00:00,Italy,North Italy,IT-NO,217.99,282.73,56.04,46.2,entsoe.eu,false,
2022-06-10 16:00:00,Italy,North Italy,IT-NO,241.03,308.97,52.11,44.9,entsoe.eu,false,
2022-06-10 17:00:00,Italy,North Italy,IT-NO,246.57,314.27,51.14,45.18,entsoe.eu,false,
2022-06-10 18:00:00,Italy,North Italy,IT-NO,253.98,322.7,49.99,44.7,entsoe.eu,false,
2022-06-10 19:00:00,Italy,North Italy,IT-NO,256.51,326.46,48.98,43.26,entsoe.eu,false,
2022-06-10 20:00:00,Italy,North Italy,IT-NO,257.41,327.42,48.92,42.54,entsoe.eu,false,
2022-06-10 21:00:00,Italy,North Italy,IT-NO,263.09,334.68,47.63,41.15,entsoe.eu,false,
2022-06-10 22:00:00,Italy,North Italy,IT-NO,242.12,307.51,53.94,42.55,entsoe.eu,false,
2022-06-10 23:00:00,Italy,North Italy,IT-NO,235.21,295.42,57.03,42.6,entsoe.eu,false,
2022-06-11 00:00:00,Italy,North Italy,IT-NO,223.96,280.14,60.47,44.38,entsoe.eu,false,
2022-06-11 01:00:00,Italy,North Italy,IT-NO,226.96,283.45,60.38,41.35,entsoe.eu,false,
2022-06-11 02:00:00,Italy,North Italy,IT-NO,232.64,290.28,59.3,41.27,entsoe.eu,false,
2022-06-11 03:00:00,Italy,North Italy,IT-NO,229.0,285.77,59.98,42.16,entsoe.eu,false,
2022-06-11 04:00:00,Italy,North Italy,IT-NO,225.56,281.57,60.8,43.32,entsoe.eu,false,
2022-06-11 05:00:00,Italy,North Italy,IT-NO,203.44,258.25,63.61,49.42,entsoe.eu,false,
2022-06-11 06:00:00,Italy,North Italy,IT-NO,172.04,221.57,70.15,58.04,entsoe.eu,false,
2022-06-11 07:00:00,Italy,North Italy,IT-NO,156.59,204.88,72.64,61.17,entsoe.eu,false,
2022-06-11 08:00:00,Italy,North Italy,IT-NO,157.06,206.54,72.04,62.44,entsoe.eu,false,
2022-06-11 09:00:00,Italy,North Italy,IT-NO,148.39,197.07,73.3,64.65,entsoe.eu,false,
2022-06-11 10:00:00,Italy,North Italy,IT-NO,155.36,206.39,71.31,65.59,entsoe.eu,false,
2022-06-11 11:00:00,Italy,North Italy,IT-NO,169.42,221.75,69.66,65.66,entsoe.eu,false,
2022-06-11 12:00:00,Italy,North Italy,IT-NO,172.28,226.25,68.15,63.72,entsoe.eu,false,
2022-06-11 13:00:00,Italy,North Italy,IT-NO,164.12,217.05,69.25,62.38,entsoe.eu,false,
2022-06-11 14:00:00,Italy,North Italy,IT-NO,169.47,222.56,68.41,58.91,entsoe.eu,false,
2022-06-11 15:00:00,Italy,North Italy,IT-NO,177.95,230.65,67.48,54.0,entsoe.eu,false,
2022-06-11 16:00:00,Italy,North Italy,IT-NO,192.63,245.84,65.7,51.27,entsoe.eu,false,
2022-06-11 17:00:00,Italy,North Italy,IT-NO,214.1,270.83,61.29,50.16,entsoe.eu,false,
2022-06-11 18:00:00,Italy,North Italy,IT-NO,210.65,264.93,62.84,51.69,entsoe.eu,false,
2022-06-11 19:00:00,Italy,North Italy,IT-NO,211.83,266.81,62.18,50.45,entsoe.eu,false,
2022-06-11 20:00:00,Italy,North Italy,IT-NO,211.88,268.95,60.59,47.55,entsoe.eu,false,
2022-06-11 21:00:00,Italy,North Italy,IT-NO,225.94,285.52,58.21,44.54,entsoe.eu,false,
2022-06-11 22:00:00,Italy,North Italy,IT-NO,194.05,243.84,66.38,49.09,entsoe.eu,false,
2022-06-11 23:00:00,Italy,North Italy,IT-NO,188.37,235.94,68.17,48.07,entsoe.eu,false,
2022-06-12 00:00:00,Italy,North Italy,IT-NO,209.9,259.65,65.11,41.73,entsoe.eu,false,
2022-06-12 01:00:00,Italy,North Italy,IT-NO,219.46,270.36,64.37,39.58,entsoe.eu,false,
2022-06-12 02:00:00,Italy,North Italy,IT-NO,219.41,267.88,64.67,40.34,entsoe.eu,false,
2022-06-12 03:00:00,Italy,North Italy,IT-NO,222.91,271.82,63.96,39.6,entsoe.eu,false,
2022-06-12 04:00:00,Italy,North Italy,IT-NO,212.86,260.42,66.28,42.81,entsoe.eu,false,
2022-06-12 05:00:00,Italy,North Italy,IT-NO,186.57,232.19,70.3,50.29,entsoe.eu,false,
2022-06-12 06:00:00,Italy,North Italy,IT-NO,163.95,208.42,72.69,57.37,entsoe.eu,false,
2022-06-12 07:00:00,Italy,North Italy,IT-NO,145.26,189.48,75.76,62.92,entsoe.eu,false,
2022-06-12 08:00:00,Italy,North Italy,IT-NO,134.97,179.01,76.91,66.65,entsoe.eu,false,
2022-06-12 09:00:00,Italy,North Italy,IT-NO,132.0,176.74,77.1,68.68,entsoe.eu,false,
2022-06-12 10:00:00,Italy,North Italy,IT-NO,138.01,184.79,75.37,68.98,entsoe.eu,false,
2022-06-12 11:00:00,Italy,North Italy,IT-NO,130.87,177.16,76.78,70.58,entsoe.eu,false,
2022-06-12 12:00:00,Italy,North Italy,IT-NO,128.99,175.07,77.25,71.45,entsoe.eu,false,
2022-06-12 13:00:00,Italy,North Italy,IT-NO,135.45,182.03,76.34,69.14,entsoe.eu,false,
2022-06-12 14:00:00,Italy,North Italy,IT-NO,138.38,184.59,76.1,65.69,entsoe.eu,false,
2022-06-12 15:00:00,Italy,North Italy,IT-NO,155.39,202.92,73.24,59.07,entsoe.eu,false,
2022-06-12 16:00:00,Italy,North Italy,IT-NO,180.57,229.26,69.91,52.42,entsoe.eu,false,
2022-06-12 17:00:00,Italy,North Italy,IT-NO,199.48,248.7,67.69,54.03,entsoe.eu,false,
2022-06-12 18:00:00,Italy,North Italy,IT-NO,199.3,249.17,67.36,55.64,entsoe.eu,false,
2022-06-12 19:00:00,Italy,North Italy,IT-NO,203.28,255.67,64.81,53.32,entsoe.eu,false,
2022-06-12 20:00:00,Italy,North Italy,IT-NO,211.13,265.35,62.99,51.73,entsoe.eu,false,
2022-06-12 21:00:00,Italy,North Italy,IT-NO,235.71,294.17,58.37,46.61,entsoe.eu,false,
2022-06-12 22:00:00,Italy,North Italy,IT-NO,236.99,294.4,57.16,40.77,entsoe.eu,false,
2022-06-12 23:00:00,Italy,North Italy,IT-NO,242.67,298.92,56.05,38.11,entsoe.eu,false,
2022-06-13 00:00:00,Italy,North Italy,IT-NO,242.31,298.56,57.22,38.36,entsoe.eu,false,
2022-06-13 01:00:00,Italy,North Italy,IT-NO,261.87,326.23,51.14,34.73,entsoe.eu,false,
2022-06-13 02:00:00,Italy,North Italy,IT-NO,268.23,332.53,49.32,32.48,entsoe.eu,false,
2022-06-13 03:00:00,Italy,North Italy,IT-NO,275.78,343.41,47.12,31.83,entsoe.eu,false,
2022-06-13 04:00:00,Italy,North Italy,IT-NO,269.78,339.49,45.86,33.43,entsoe.eu,false,
2022-06-13 05:00:00,Italy,North Italy,IT-NO,279.09,350.42,45.54,38.12,entsoe.eu,false,
2022-06-13 06:00:00,Italy,North Italy,IT-NO,258.84,325.37,50.71,43.48,entsoe.eu,false,
2022-06-13 07:00:00,Italy,North Italy,IT-NO,248.37,315.19,51.75,43.63,entsoe.eu,false,
2022-06-13 08:00:00,Italy,North Italy,IT-NO,243.26,311.88,50.84,41.93,entsoe.eu,false,
2022-06-13 09:00:00,Italy,North Italy,IT-NO,237.4,306.02,51.76,43.49,entsoe.eu,false,
2022-06-13 10:00:00,Italy,North Italy,IT-NO,241.43,311.92,50.94,44.32,entsoe.eu,false,
2022-06-13 11:00:00,Italy,North Italy,IT-NO,238.11,308.42,51.37,44.55,entsoe.eu,false,
2022-06-13 12:00:00,Italy,North Italy,IT-NO,231.81,301.45,52.73,45.1,entsoe.eu,false,
2022-06-13 13:00:00,Italy,North Italy,IT-NO,236.9,304.94,52.37,43.43,entsoe.eu,false,
2022-06-13 14:00:00,Italy,North Italy,IT-NO,238.15,305.84,52.15,43.5,entsoe.eu,false,
2022-06-13 15:00:00,Italy,North Italy,IT-NO,240.55,309.11,51.44,42.41,entsoe.eu,false,
2022-06-13 16:00:00,Italy,North Italy,IT-NO,254.06,322.35,50.3,42.23,entsoe.eu,false,
2022-06-13 17:00:00,Italy,North Italy,IT-NO,247.87,313.53,52.67,45.16,entsoe.eu,false,
2022-06-13 18:00:00,Italy,North Italy,IT-NO,256.47,324.13,50.72,43.45,entsoe.eu,false,
2022-06-13 19:00:00,Italy,North Italy,IT-NO,260.92,329.5,49.57,41.86,entsoe.eu,false,
2022-06-13 20:00:00,Italy,North Italy,IT-NO,271.29,341.07,47.98,40.75,entsoe.eu,false,
2022-06-13 21:00:00,Italy,North Italy,IT-NO,268.31,337.76,48.33,40.17,entsoe.eu,false,
2022-06-13 22:00:00,Italy,North Italy,IT-NO,293.44,368.35,42.22,32.87,entsoe.eu,false,
2022-06-13 23:00:00,Italy,North Italy,IT-NO,298.61,377.06,40.02,29.16,entsoe.eu,false,
2022-06-14 00:00:00,Italy,North Italy,IT-NO,303.3,380.67,39.25,27.48,entsoe.eu,false,
2022-06-14 01:00:00,Italy,North Italy,IT-NO,305.29,382.76,38.83,25.85,entsoe.eu,false,
2022-06-14 02:00:00,Italy,North Italy,IT-NO,302.07,379.99,38.99,25.71,entsoe.eu,false,
2022-06-14 03:00:00,Italy,North Italy,IT-NO,300.29,380.59,38.6,26.44,entsoe.eu,false,
2022-06-14 04:00:00,Italy,North Italy,IT-NO,282.36,357.78,42.86,32.37,entsoe.eu,false,
2022-06-14 05:00:00,Italy,North Italy,IT-NO,275.73,349.7,44.17,37.21,entsoe.eu,false,
2022-06-14 06:00:00,Italy,North Italy,IT-NO,263.22,333.61,47.12,40.33,entsoe.eu,false,
2022-06-14 07:00:00,Italy,North Italy,IT-NO,264.42,336.6,46.44,39.85,entsoe.eu,false,
2022-06-14 08:00:00,Italy,North Italy,IT-NO,264.02,337.72,46.08,39.81,entsoe.eu,false,
2022-06-14 09:00:00,Italy,North Italy,IT-NO,255.77,329.08,47.49,41.22,entsoe.eu,false,
2022-06-14 10:00:00,Italy,North Italy,IT-NO,260.02,335.67,45.83,40.56,entsoe.eu,false,
2022-06-14 11:00:00,Italy,North Italy,IT-NO,249.65,323.3,48.71,42.05,entsoe.eu,false,
2022-06-14 12:00:00,Italy,North Italy,IT-NO,250.37,323.65,48.52,41.44,entsoe.eu,false,
2022-06-14 13:00:00,Italy,North Italy,IT-NO,251.7,323.88,48.97,40.67,entsoe.eu,false,
2022-06-14 14:00:00,Italy,North Italy,IT-NO,260.83,334.46,47.07,38.73,entsoe.eu,false,
2022-06-14 15:00:00,Italy,North Italy,IT-NO,267.08,339.48,46.9,39.29,entsoe.eu,false,
2022-06-14 16:00:00,Italy,North Italy,IT-NO,268.48,339.98,47.09,39.66,entsoe.eu,false,
2022-06-14 17:00:00,Italy,North Italy,IT-NO,263.61,333.19,48.61,42.52,entsoe.eu,false,
2022-06-14 18:00:00,Italy,North Italy,IT-NO,265.8,336.27,47.71,41.33,entsoe.eu,false,
2022-06-14 19:00:00,Italy,North Italy,IT-NO,264.52,334.95,47.63,40.19,entsoe.eu,false,
2022-06-14 20:00:00,Italy,North Italy,IT-NO,275.93,349.01,45.23,38.13,entsoe.eu,false,
2022-06-14 21:00:00,Italy,North Italy,IT-NO,296.97,373.63,40.77,32.81,entsoe.eu,false,
2022-06-14 22:00:00,Italy,North Italy,IT-NO,276.69,347.58,46.18,34.18,entsoe.eu,false,
2022-06-14 23:00:00,Italy,North Italy,IT-NO,296.23,370.29,42.66,29.2,entsoe.eu,false,
2022-06-15 00:00:00,Italy,North Italy,IT-NO,303.08,377.32,41.51,26.81,entsoe.eu,false,
2022-06-15 01:00:00,Italy,North Italy,IT-NO,306.41,383.87,39.15,24.24,entsoe.eu,false,
2022-06-15 02:00:00,Italy,North Italy,IT-NO,301.72,379.77,39.01,24.15,entsoe.eu,false,
2022-06-15 03:00:00,Italy,North Italy,IT-NO,306.27,387.45,37.62,25.11,entsoe.eu,false,
2022-06-15 04:00:00,Italy,North Italy,IT-NO,279.97,355.55,42.88,32.49,entsoe.eu,false,
2022-06-15 05:00:00,Italy,North Italy,IT-NO,260.28,329.51,48.33,40.51,entsoe.eu,false,
2022-06-15 06:00:00,Italy,North Italy,IT-NO,258.63,325.56,50.32,43.68,entsoe.eu,false,
2022-06-15 07:00:00,Italy,North Italy,IT-NO,256.28,324.75,49.77,43.08,entsoe.eu,false,
2022-06-15 08:00:00,Italy,North Italy,IT-NO,250.89,319.56,50.6,43.26,entsoe.eu,false,
2022-06-15 09:00:00,Italy,North Italy,IT-NO,246.83,315.62,51.24,44.7,entsoe.eu,false,
2022-06-15 10:00:00,Italy,North Italy,IT-NO,257.65,329.84,48.31,42.8,entsoe.eu,false,
2022-06-15 11:00:00,Italy,North Italy,IT-NO,254.2,326.26,48.69,42.21,entsoe.eu,false,
2022-06-15 12:00:00,Italy,North Italy,IT-NO,253.49,325.13,48.78,42.02,entsoe.eu,false,
2022-06-15 13:00:00,Italy,North Italy,IT-NO,251.43,322.3,49.26,42.22,entsoe.eu,false,
2022-06-15 14:00:00,Italy,North Italy,IT-NO,253.93,323.23,49.89,42.22,entsoe.eu,false,
2022-06-15 15:00:00,Italy,North Italy,IT-NO,258.23,327.78,49.15,41.55,entsoe.eu,false,
2022-06-15 16:00:00,Italy,North Italy,IT-NO,261.66,330.37,48.97,41.67,entsoe.eu,false,
2022-06-15 17:00:00,Italy,North Italy,IT-NO,262.45,330.59,48.78,42.12,entsoe.eu,false,
2022-06-15 18:00:00,Italy,North Italy,IT-NO,269.51,339.8,47.08,40.3,entsoe.eu,false,
2022-06-15 19:00:00,Italy,North Italy,IT-NO,269.38,339.61,47.37,40.85,entsoe.eu,false,
2022-06-15 20:00:00,Italy,North Italy,IT-NO,283.72,356.64,44.99,37.85,entsoe.eu,false,
2022-06-15 21:00:00,Italy,North Italy,IT-NO,297.95,375.74,40.88,33.4,entsoe.eu,false,
2022-06-15 22:00:00,Italy,North Italy,IT-NO,297.99,376.05,41.38,31.55,entsoe.eu,false,
2022-06-15 23:00:00,Italy,North Italy,IT-NO,301.62,378.35,41.53,31.11,entsoe.eu,false,
2022-06-16 00:00:00,Italy,North Italy,IT-NO,307.51,384.92,40.52,29.48,entsoe.eu,false,
2022-06-16 01:00:00,Italy,North Italy,IT-NO,304.12,380.48,41.34,29.88,entsoe.eu,false,
2022-06-16 02:00:00,Italy,North Italy,IT-NO,302.9,378.52,41.6,28.9,entsoe.eu,false,
2022-06-16 03:00:00,Italy,North Italy,IT-NO,304.17,380.9,41.37,29.86,entsoe.eu,false,
2022-06-16 04:00:00,Italy,North Italy,IT-NO,302.28,378.59,41.05,32.64,entsoe.eu,false,
2022-06-16 05:00:00,Italy,North Italy,IT-NO,283.54,358.05,43.44,37.73,entsoe.eu,false,
2022-06-16 06:00:00,Italy,North Italy,IT-NO,262.02,331.19,48.63,43.35,entsoe.eu,false,
2022-06-16 07:00:00,Italy,North Italy,IT-NO,255.01,324.23,49.58,44.4,entsoe.eu,false,
2022-06-16 08:00:00,Italy,North Italy,IT-NO,254.51,325.08,49.12,43.78,entsoe.eu,false,
2022-06-16 09:00:00,Italy,North Italy,IT-NO,245.75,313.58,51.75,46.67,entsoe.eu,false,
2022-06-16 10:00:00,Italy,North Italy,IT-NO,249.89,320.16,50.45,46.02,entsoe.eu,false,
2022-06-16 11:00:00,Italy,North Italy,IT-NO,246.93,316.35,51.05,45.48,entsoe.eu,false,
2022-06-16 12:00:00,Italy,North Italy,IT-NO,251.57,320.69,50.81,44.79,entsoe.eu,false,
2022-06-16 13:00:00,Italy,North Italy,IT-NO,251.32,319.85,50.45,44.23,entsoe.eu,false,
2022-06-16 14:00:00,Italy,North Italy,IT-NO,249.79,317.32,51.28,44.33,entsoe.eu,false,
2022-06-16 15:00:00,Italy,North Italy,IT-NO,251.75,318.41,51.4,44.37,entsoe.eu,false,
2022-06-16 16:00:00,Italy,North Italy,IT-NO,263.4,330.63,50.26,43.24,entsoe.eu,false,
2022-06-16 17:00:00,Italy,North Italy,IT-NO,266.77,333.28,50.76,43.94,entsoe.eu,false,
2022-06-16 18:00:00,Italy,North Italy,IT-NO,268.32,334.96,50.3,43.59,entsoe.eu,false,
2022-06-16 19:00:00,Italy,North Italy,IT-NO,265.41,332.86,49.63,42.31,entsoe.eu,false,
2022-06-16 20:00:00,Italy,North Italy,IT-NO,287.59,359.28,44.98,38.97,entsoe.eu,false,
2022-06-16 21:00:00,Italy,North Italy,IT-NO,300.01,376.39,40.68,34.77,entsoe.eu,false,
2022-06-16 22:00:00,Italy,North Italy,IT-NO,294.98,370.42,41.72,31.96,entsoe.eu,false,
2022-06-16 23:00:00,Italy,North Italy,IT-NO,298.43,375.56,41.23,29.9,entsoe.eu,false,
2022-06-17 00:00:00,Italy,North Italy,IT-NO,308.15,384.73,39.86,27.39,entsoe.eu,false,
2022-06-17 01:00:00,Italy,North Italy,IT-NO,307.11,382.78,40.11,26.87,entsoe.eu,false,
2022-06-17 02:00:00,Italy,North Italy,IT-NO,309.24,386.49,39.59,26.09,entsoe.eu,false,
2022-06-17 03:00:00,Italy,North Italy,IT-NO,299.18,375.38,40.9,28.07,entsoe.eu,false,
2022-06-17 04:00:00,Italy,North Italy,IT-NO,273.97,347.2,44.76,33.36,entsoe.eu,false,
2022-06-17 05:00:00,Italy,North Italy,IT-NO,268.39,339.47,46.2,37.92,entsoe.eu,false,
2022-06-17 06:00:00,Italy,North Italy,IT-NO,250.49,316.43,51.04,44.4,entsoe.eu,false,
2022-06-17 07:00:00,Italy,North Italy,IT-NO,241.93,306.04,53.26,47.35,entsoe.eu,false,
2022-06-17 08:00:00,Italy,North Italy,IT-NO,238.65,304.25,52.71,47.36,entsoe.eu,false,
2022-06-17 09:00:00,Italy,North Italy,IT-NO,234.66,301.38,52.78,47.34,entsoe.eu,false,
2022-06-17 10:00:00,Italy,North Italy,IT-NO,242.98,313.42,50.85,45.41,entsoe.eu,false,
2022-06-17 11:00:00,Italy,North Italy,IT-NO,244.5,315.1,50.38,44.64,entsoe.eu,false,
2022-06-17 12:00:00,Italy,North Italy,IT-NO,232.76,300.4,52.61,47.26,entsoe.eu,false,
2022-06-17 13:00:00,Italy,North Italy,IT-NO,233.65,298.8,54.04,49.03,entsoe.eu,false,
2022-06-17 14:00:00,Italy,North Italy,IT-NO,238.99,303.41,53.66,48.69,entsoe.eu,false,
2022-06-17 15:00:00,Italy,North Italy,IT-NO,246.21,313.85,51.18,44.81,entsoe.eu,false,
2022-06-17 16:00:00,Italy,North Italy,IT-NO,255.75,323.55,49.68,42.95,entsoe.eu,false,
2022-06-17 17:00:00,Italy,North Italy,IT-NO,259.44,326.11,49.94,43.42,entsoe.eu,false,
2022-06-17 18:00:00,Italy,North Italy,IT-NO,261.2,326.03,50.74,43.97,entsoe.eu,false,
2022-06-17 19:00:00,Italy,North Italy,IT-NO,263.74,330.83,48.76,41.42,entsoe.eu,false,
2022-06-17 20:00:00,Italy,North Italy,IT-NO,282.44,354.93,43.86,37.55,entsoe.eu,false,
2022-06-17 21:00:00,Italy,North Italy,IT-NO,295.3,371.38,40.74,34.38,entsoe.eu,false,
2022-06-17 22:00:00,Italy,North Italy,IT-NO,260.07,327.09,50.3,39.07,entsoe.eu,false,
2022-06-17 23:00:00,Italy,North Italy,IT-NO,253.67,318.43,52.36,38.39,entsoe.eu,false,
2022-06-18 00:00:00,Italy,North Italy,IT-NO,263.04,329.68,50.71,36.74,entsoe.eu,false,
2022-06-18 01:00:00,Italy,North Italy,IT-NO,267.96,335.89,49.16,35.62,entsoe.eu,false,
2022-06-18 02:00:00,Italy,North Italy,IT-NO,269.29,336.89,49.4,36.17,entsoe.eu,false,
2022-06-18 03:00:00,Italy,North Italy,IT-NO,272.56,341.4,49.2,35.94,entsoe.eu,false,
2022-06-18 04:00:00,Italy,North Italy,IT-NO,257.03,323.45,51.7,39.58,entsoe.eu,false,
2022-06-18 05:00:00,Italy,North Italy,IT-NO,236.53,297.94,56.27,44.59,entsoe.eu,false,
2022-06-18 06:00:00,Italy,North Italy,IT-NO,224.47,282.57,60.52,49.67,entsoe.eu,false,
2022-06-18 07:00:00,Italy,North Italy,IT-NO,206.59,263.67,63.29,53.16,entsoe.eu,false,
2022-06-18 08:00:00,Italy,North Italy,IT-NO,188.64,243.82,65.88,55.88,entsoe.eu,false,
2022-06-18 09:00:00,Italy,North Italy,IT-NO,181.44,236.82,66.45,57.41,entsoe.eu,false,
2022-06-18 10:00:00,Italy,North Italy,IT-NO,185.16,242.41,64.8,57.46,entsoe.eu,false,
2022-06-18 11:00:00,Italy,North Italy,IT-NO,172.83,227.62,67.12,59.26,entsoe.eu,false,
2022-06-18 12:00:00,Italy,North Italy,IT-NO,167.92,221.63,68.34,60.86,entsoe.eu,false,
2022-06-18 13:00:00,Italy,North Italy,IT-NO,186.13,242.78,65.12,56.28,entsoe.eu,false,
2022-06-18 14:00:00,Italy,North Italy,IT-NO,203.68,260.71,61.93,52.16,entsoe.eu,false,
2022-06-18 15:00:00,Italy,North Italy,IT-NO,220.82,281.28,59.12,48.85,entsoe.eu,false,
2022-06-18 16:00:00,Italy,North Italy,IT-NO,239.34,301.23,55.7,45.23,entsoe.eu,false,
2022-06-18 17:00:00,Italy,North Italy,IT-NO,232.18,292.14,57.0,48.17,entsoe.eu,false,
2022-06-18 18:00:00,Italy,North Italy,IT-NO,235.43,295.89,56.72,47.09,entsoe.eu,false,
2022-06-18 19:00:00,Italy,North Italy,IT-NO,241.94,304.75,55.01,44.15,entsoe.eu,false,
2022-06-18 20:00:00,Italy,North Italy,IT-NO,253.02,318.44,52.16,41.19,entsoe.eu,false,
2022-06-18 21:00:00,Italy,North Italy,IT-NO,264.56,331.48,50.7,39.44,entsoe.eu,false,
2022-06-18 22:00:00,Italy,North Italy,IT-NO,260.98,328.42,49.08,35.41,entsoe.eu,false,
2022-06-18 23:00:00,Italy,North Italy,IT-NO,263.72,330.27,48.85,34.24,entsoe.eu,false,
2022-06-19 00:00:00,Italy,North Italy,IT-NO,263.6,329.23,49.97,34.83,entsoe.eu,false,
2022-06-19 01:00:00,Italy,North Italy,IT-NO,275.56,344.98,45.93,29.74,entsoe.eu,false,
2022-06-19 02:00:00,Italy,North Italy,IT-NO,284.42,354.36,44.82,29.33,entsoe.eu,false,
2022-06-19 03:00:00,Italy,North Italy,IT-NO,287.99,360.13,44.44,29.97,entsoe.eu,false,
2022-06-19 04:00:00,Italy,North Italy,IT-NO,268.84,336.5,48.12,32.32,entsoe.eu,false,
2022-06-19 05:00:00,Italy,North Italy,IT-NO,256.41,323.51,49.88,36.32,entsoe.eu,false,
2022-06-19 06:00:00,Italy,North Italy,IT-NO,219.86,280.89,58.12,46.27,entsoe.eu,false,
2022-06-19 07:00:00,Italy,North Italy,IT-NO,183.39,234.55,67.11,53.99,entsoe.eu,false,
2022-06-19 08:00:00,Italy,North Italy,IT-NO,150.98,197.7,74.65,61.69,entsoe.eu,false,
2022-06-19 09:00:00,Italy,North Italy,IT-NO,142.18,187.78,76.03,63.28,entsoe.eu,false,
2022-06-19 10:00:00,Italy,North Italy,IT-NO,141.3,187.28,75.94,63.4,entsoe.eu,false,
2022-06-19 11:00:00,Italy,North Italy,IT-NO,142.0,188.37,75.83,64.0,entsoe.eu,false,
2022-06-19 12:00:00,Italy,North Italy,IT-NO,144.15,190.74,75.56,64.16,entsoe.eu,false,
2022-06-19 13:00:00,Italy,North Italy,IT-NO,151.39,199.76,74.28,61.92,entsoe.eu,false,
2022-06-19 14:00:00,Italy,North Italy,IT-NO,167.15,218.75,70.59,57.03,entsoe.eu,false,
2022-06-19 15:00:00,Italy,North Italy,IT-NO,195.83,253.22,63.65,49.53,entsoe.eu,false,
2022-06-19 16:00:00,Italy,North Italy,IT-NO,213.85,272.06,60.33,46.85,entsoe.eu,false,
2022-06-19 17:00:00,Italy,North Italy,IT-NO,211.76,268.1,61.67,50.04,entsoe.eu,false,
2022-06-19 18:00:00,Italy,North Italy,IT-NO,215.11,271.8,60.91,50.11,entsoe.eu,false,
2022-06-19 19:00:00,Italy,North Italy,IT-NO,221.29,278.58,60.13,48.18,entsoe.eu,false,
2022-06-19 20:00:00,Italy,North Italy,IT-NO,223.91,282.57,58.55,46.45,entsoe.eu,false,
2022-06-19 21:00:00,Italy,North Italy,IT-NO,248.54,311.72,54.26,40.33,entsoe.eu,false,
2022-06-19 22:00:00,Italy,North Italy,IT-NO,278.77,345.04,48.46,34.37,entsoe.eu,false,
2022-06-19 23:00:00,Italy,North Italy,IT-NO,296.69,367.66,42.99,28.91,entsoe.eu,false,
2022-06-20 00:00:00,Italy,North Italy,IT-NO,305.38,378.62,41.95,27.31,entsoe.eu,false,
2022-06-20 01:00:00,Italy,North Italy,IT-NO,303.68,377.1,41.44,26.02,entsoe.eu,false,
2022-06-20 02:00:00,Italy,North Italy,IT-NO,319.32,398.49,37.41,24.31,entsoe.eu,false,
2022-06-20 03:00:00,Italy,North Italy,IT-NO,327.48,409.19,35.54,24.37,entsoe.eu,false,
2022-06-20 04:00:00,Italy,North Italy,IT-NO,320.59,402.9,36.67,30.35,entsoe.eu,false,
2022-06-20 05:00:00,Italy,North Italy,IT-NO,303.67,379.82,42.12,38.95,entsoe.eu,false,
2022-06-20 06:00:00,Italy,North Italy,IT-NO,286.75,359.12,45.84,43.36,entsoe.eu,false,
2022-06-20 07:00:00,Italy,North Italy,IT-NO,265.94,337.19,47.95,43.68,entsoe.eu,false,
2022-06-20 08:00:00,Italy,North Italy,IT-NO,258.85,330.17,48.31,43.68,entsoe.eu,false,
2022-06-20 09:00:00,Italy,North Italy,IT-NO,251.38,321.2,50.0,45.18,entsoe.eu,false,
2022-06-20 10:00:00,Italy,North Italy,IT-NO,260.88,333.28,48.15,43.45,entsoe.eu,false,
2022-06-20 11:00:00,Italy,North Italy,IT-NO,252.36,322.44,50.34,44.59,entsoe.eu,false,
2022-06-20 12:00:00,Italy,North Italy,IT-NO,247.23,316.22,51.0,45.1,entsoe.eu,false,
2022-06-20 13:00:00,Italy,North Italy,IT-NO,248.02,316.32,51.29,44.62,entsoe.eu,false,
2022-06-20 14:00:00,Italy,North Italy,IT-NO,249.24,318.76,50.3,43.91,entsoe.eu,false,
2022-06-20 15:00:00,Italy,North Italy,IT-NO,258.76,329.85,48.48,42.59,entsoe.eu,false,
2022-06-20 16:00:00,Italy,North Italy,IT-NO,268.86,339.48,47.6,42.02,entsoe.eu,false,
2022-06-20 17:00:00,Italy,North Italy,IT-NO,272.59,341.83,48.07,42.61,entsoe.eu,false,
2022-06-20 18:00:00,Italy,North Italy,IT-NO,278.51,348.51,47.2,41.61,entsoe.eu,false,
2022-06-20 19:00:00,Italy,North Italy,IT-NO,288.06,360.73,44.67,39.49,entsoe.eu,false,
2022-06-20 20:00:00,Italy,North Italy,IT-NO,306.53,385.09,38.79,33.88,entsoe.eu,false,
2022-06-20 21:00:00,Italy,North Italy,IT-NO,317.43,396.54,37.7,32.05,entsoe.eu,false,
2022-06-20 22:00:00,Italy,North Italy,IT-NO,321.76,402.54,36.72,26.74,entsoe.eu,false,
2022-06-20 23:00:00,Italy,North Italy,IT-NO,311.44,388.67,39.57,27.65,entsoe.eu,false,
2022-06-21 00:00:00,Italy,North Italy,IT-NO,310.31,387.85,39.02,26.16,entsoe.eu,false,
2022-06-21 01:00:00,Italy,North Italy,IT-NO,320.43,399.72,37.71,25.71,entsoe.eu,false,
2022-06-21 02:00:00,Italy,North Italy,IT-NO,318.36,398.1,37.83,25.33,entsoe.eu,false,
2022-06-21 03:00:00,Italy,North Italy,IT-NO,318.11,398.29,37.96,25.9,entsoe.eu,false,
2022-06-21 04:00:00,Italy,North Italy,IT-NO,321.44,402.36,36.41,28.76,entsoe.eu,false,
2022-06-21 05:00:00,Italy,North Italy,IT-NO,298.18,372.86,42.58,38.0,entsoe.eu,false,
2022-06-21 06:00:00,Italy,North Italy,IT-NO,266.32,332.97,50.62,45.32,entsoe.eu,false,
2022-06-21 07:00:00,Italy,North Italy,IT-NO,259.21,324.88,52.46,47.84,entsoe.eu,false,
2022-06-21 08:00:00,Italy,North Italy,IT-NO,253.22,318.09,53.52,48.45,entsoe.eu,false,
2022-06-21 09:00:00,Italy,North Italy,IT-NO,247.15,312.25,53.68,48.26,entsoe.eu,false,
2022-06-21 10:00:00,Italy,North Italy,IT-NO,242.54,308.99,52.93,47.82,entsoe.eu,false,
2022-06-21 11:00:00,Italy,North Italy,IT-NO,240.82,306.14,53.91,48.41,entsoe.eu,false,
2022-06-21 12:00:00,Italy,North Italy,IT-NO,241.77,307.06,53.69,47.5,entsoe.eu,false,
2022-06-21 13:00:00,Italy,North Italy,IT-NO,248.23,313.08,53.82,47.36,entsoe.eu,false,
2022-06-21 14:00:00,Italy,North Italy,IT-NO,248.69,313.01,53.52,46.8,entsoe.eu,false,
2022-06-21 15:00:00,Italy,North Italy,IT-NO,257.59,322.5,52.44,45.95,entsoe.eu,false,
2022-06-21 16:00:00,Italy,North Italy,IT-NO,265.48,331.88,50.67,44.42,entsoe.eu,false,
2022-06-21 17:00:00,Italy,North Italy,IT-NO,278.18,347.2,47.82,42.49,entsoe.eu,false,
2022-06-21 18:00:00,Italy,North Italy,IT-NO,293.52,365.59,44.75,40.37,entsoe.eu,false,
2022-06-21 19:00:00,Italy,North Italy,IT-NO,300.19,374.88,42.24,36.87,entsoe.eu,false,
2022-06-21 20:00:00,Italy,North Italy,IT-NO,310.35,389.59,37.55,32.46,entsoe.eu,false,
2022-06-21 21:00:00,Italy,North Italy,IT-NO,323.43,405.23,34.81,29.86,entsoe.eu,false,
2022-06-21 22:00:00,Italy,North Italy,IT-NO,339.95,427.97,30.42,23.5,entsoe.eu,false,
2022-06-21 23:00:00,Italy,North Italy,IT-NO,338.14,424.88,32.0,23.05,entsoe.eu,false,
2022-06-22 00:00:00,Italy,North Italy,IT-NO,327.7,411.35,35.21,23.28,entsoe.eu,false,
2022-06-22 01:00:00,Italy,North Italy,IT-NO,320.88,402.18,36.72,23.22,entsoe.eu,false,
2022-06-22 02:00:00,Italy,North Italy,IT-NO,318.77,398.82,37.06,23.09,entsoe.eu,false,
2022-06-22 03:00:00,Italy,North Italy,IT-NO,332.31,416.46,33.92,22.57,entsoe.eu,false,
2022-06-22 04:00:00,Italy,North Italy,IT-NO,333.47,419.24,32.81,25.21,entsoe.eu,false,
2022-06-22 05:00:00,Italy,North Italy,IT-NO,309.14,386.56,39.87,33.02,entsoe.eu,false,
2022-06-22 06:00:00,Italy,North Italy,IT-NO,281.81,349.21,48.47,42.34,entsoe.eu,false,
2022-06-22 07:00:00,Italy,North Italy,IT-NO,273.97,340.24,49.94,43.4,entsoe.eu,false,
2022-06-22 08:00:00,Italy,North Italy,IT-NO,278.55,344.4,49.61,42.54,entsoe.eu,false,
2022-06-22 09:00:00,Italy,North Italy,IT-NO,270.45,337.21,49.73,43.02,entsoe.eu,false,
2022-06-22 10:00:00,Italy,North Italy,IT-NO,273.86,345.49,46.18,39.63,entsoe.eu,false,
2022-06-22 11:00:00,Italy,North Italy,IT-NO,260.13,330.39,48.22,41.08,entsoe.eu,false,
2022-06-22 12:00:00,Italy,North Italy,IT-NO,255.62,324.7,49.09,41.22,entsoe.eu,false,
2022-06-22 13:00:00,Italy,North Italy,IT-NO,260.39,328.74,48.79,41.16,entsoe.eu,false,
2022-06-22 14:00:00,Italy,North Italy,IT-NO,261.11,329.47,49.09,41.8,entsoe.eu,false,
2022-06-22 15:00:00,Italy,North Italy,IT-NO,269.89,338.3,47.98,40.9,entsoe.eu,false,
2022-06-22 16:00:00,Italy,North Italy,IT-NO,280.87,352.64,45.67,39.47,entsoe.eu,false,
2022-06-22 17:00:00,Italy,North Italy,IT-NO,302.41,375.37,43.88,40.49,entsoe.eu,false,
2022-06-22 18:00:00,Italy,North Italy,IT-NO,291.93,368.23,42.2,37.15,entsoe.eu,false,
2022-06-22 19:00:00,Italy,North Italy,IT-NO,301.59,380.08,39.99,33.8,entsoe.eu,false,
2022-06-22 20:00:00,Italy,North Italy,IT-NO,321.04,403.34,35.71,30.98,entsoe.eu,false,
2022-06-22 21:00:00,Italy,North Italy,IT-NO,336.92,422.74,32.3,27.66,entsoe.eu,false,
2022-06-22 22:00:00,Italy,North Italy,IT-NO,333.28,418.84,32.42,25.36,entsoe.eu,false,
2022-06-22 23:00:00,Italy,North Italy,IT-NO,326.89,408.98,35.04,25.56,entsoe.eu,false,
2022-06-23 00:00:00,Italy,North Italy,IT-NO,319.35,397.15,37.57,25.61,entsoe.eu,false,
2022-06-23 01:00:00,Italy,North Italy,IT-NO,321.65,400.55,37.32,25.4,entsoe.eu,false,
2022-06-23 02:00:00,Italy,North Italy,IT-NO,316.55,394.58,39.02,26.42,entsoe.eu,false,
2022-06-23 03:00:00,Italy,North Italy,IT-NO,324.55,404.34,36.57,26.19,entsoe.eu,false,
2022-06-23 04:00:00,Italy,North Italy,IT-NO,326.77,409.74,34.47,26.8,entsoe.eu,false,
2022-06-23 05:00:00,Italy,North Italy,IT-NO,304.52,385.47,37.94,31.75,entsoe.eu,false,
2022-06-23 06:00:00,Italy,North Italy,IT-NO,280.08,352.72,45.05,38.81,entsoe.eu,false,
2022-06-23 07:00:00,Italy,North Italy,IT-NO,276.56,348.55,46.24,40.45,entsoe.eu,false,
2022-06-23 08:00:00,Italy,North Italy,IT-NO,268.3,340.1,47.39,41.62,entsoe.eu,false,
2022-06-23 09:00:00,Italy,North Italy,IT-NO,264.01,335.92,47.48,41.51,entsoe.eu,false,
2022-06-23 10:00:00,Italy,North Italy,IT-NO,271.73,346.31,45.33,39.9,entsoe.eu,false,
2022-06-23 11:00:00,Italy,North Italy,IT-NO,265.89,338.29,46.99,40.73,entsoe.eu,false,
2022-06-23 12:00:00,Italy,North Italy,IT-NO,264.41,333.82,48.65,41.64,entsoe.eu,false,
2022-06-23 13:00:00,Italy,North Italy,IT-NO,268.05,337.19,48.86,41.63,entsoe.eu,false,
2022-06-23 14:00:00,Italy,North Italy,IT-NO,266.53,336.07,48.55,40.51,entsoe.eu,false,
2022-06-23 15:00:00,Italy,North Italy,IT-NO,273.08,341.07,49.47,41.94,entsoe.eu,false,
2022-06-23 16:00:00,Italy,North Italy,IT-NO,266.98,336.03,48.32,40.29,entsoe.eu,false,
2022-06-23 17:00:00,Italy,North Italy,IT-NO,267.35,337.52,47.28,39.7,entsoe.eu,false,
2022-06-23 18:00:00,Italy,North Italy,IT-NO,272.74,345.03,45.42,37.05,entsoe.eu,false,
2022-06-23 19:00:00,Italy,North Italy,IT-NO,275.0,348.19,43.85,34.7,entsoe.eu,false,
2022-06-23 20:00:00,Italy,North Italy,IT-NO,294.27,370.5,40.78,32.58,entsoe.eu,false,
2022-06-23 21:00:00,Italy,North Italy,IT-NO,318.08,399.22,36.26,28.87,entsoe.eu,false,
2022-06-23 22:00:00,Italy,North Italy,IT-NO,311.39,393.09,36.31,25.69,entsoe.eu,false,
2022-06-23 23:00:00,Italy,North Italy,IT-NO,294.75,370.72,41.25,28.09,entsoe.eu,false,
2022-06-24 00:00:00,Italy,North Italy,IT-NO,295.43,370.33,41.16,27.36,entsoe.eu,false,
2022-06-24 01:00:00,Italy,North Italy,IT-NO,299.57,374.74,40.5,26.61,entsoe.eu,false,
2022-06-24 02:00:00,Italy,North Italy,IT-NO,302.87,380.54,39.34,25.84,entsoe.eu,false,
2022-06-24 03:00:00,Italy,North Italy,IT-NO,301.75,377.68,39.63,25.57,entsoe.eu,false,
2022-06-24 04:00:00,Italy,North Italy,IT-NO,288.06,363.39,41.68,29.59,entsoe.eu,false,
2022-06-24 05:00:00,Italy,North Italy,IT-NO,282.4,355.87,43.04,33.41,entsoe.eu,false,
2022-06-24 06:00:00,Italy,North Italy,IT-NO,264.27,331.73,49.63,42.44,entsoe.eu,false,
2022-06-24 07:00:00,Italy,North Italy,IT-NO,254.64,320.75,51.44,44.8,entsoe.eu,false,
2022-06-24 08:00:00,Italy,North Italy,IT-NO,251.53,318.06,51.7,45.11,entsoe.eu,false,
2022-06-24 09:00:00,Italy,North Italy,IT-NO,247.12,313.83,51.99,44.9,entsoe.eu,false,
2022-06-24 10:00:00,Italy,North Italy,IT-NO,240.35,309.62,50.84,44.23,entsoe.eu,false,
2022-06-24 11:00:00,Italy,North Italy,IT-NO,236.9,304.6,51.97,42.89,entsoe.eu,false,
2022-06-24 12:00:00,Italy,North Italy,IT-NO,240.37,307.84,51.63,42.27,entsoe.eu,false,
2022-06-24 13:00:00,Italy,North Italy,IT-NO,241.2,308.59,51.72,41.67,entsoe.eu,false,
2022-06-24 14:00:00,Italy,North Italy,IT-NO,250.19,318.14,50.67,40.83,entsoe.eu,false,
2022-06-24 15:00:00,Italy,North Italy,IT-NO,262.4,329.71,49.9,41.48,entsoe.eu,false,
2022-06-24 16:00:00,Italy,North Italy,IT-NO,261.6,328.25,50.01,40.95,entsoe.eu,false,
2022-06-24 17:00:00,Italy,North Italy,IT-NO,265.78,331.85,50.2,42.39,entsoe.eu,false,
2022-06-24 18:00:00,Italy,North Italy,IT-NO,272.36,339.77,48.99,41.47,entsoe.eu,false,
2022-06-24 19:00:00,Italy,North Italy,IT-NO,271.54,341.62,47.38,38.7,entsoe.eu,false,
2022-06-24 20:00:00,Italy,North Italy,IT-NO,297.2,373.27,42.26,35.59,entsoe.eu,false,
2022-06-24 21:00:00,Italy,North Italy,IT-NO,289.38,366.14,41.94,32.18,entsoe.eu,false,
2022-06-24 22:00:00,Italy,North Italy,IT-NO,261.36,328.89,49.09,35.11,entsoe.eu,false,
2022-06-24 23:00:00,Italy,North Italy,IT-NO,256.47,321.6,50.64,35.17,entsoe.eu,false,
2022-06-25 00:00:00,Italy,North Italy,IT-NO,251.31,314.18,52.7,35.45,entsoe.eu,false,
2022-06-25 01:00:00,Italy,North Italy,IT-NO,249.96,311.22,53.76,34.79,entsoe.eu,false,
2022-06-25 02:00:00,Italy,North Italy,IT-NO,250.35,311.83,53.28,33.51,entsoe.eu,false,
2022-06-25 03:00:00,Italy,North Italy,IT-NO,255.39,316.82,52.36,33.47,entsoe.eu,false,
2022-06-25 04:00:00,Italy,North Italy,IT-NO,252.9,313.02,53.28,34.54,entsoe.eu,false,
2022-06-25 05:00:00,Italy,North Italy,IT-NO,242.82,305.37,54.57,38.29,entsoe.eu,false,
2022-06-25 06:00:00,Italy,North Italy,IT-NO,232.25,292.83,57.23,43.24,entsoe.eu,false,
2022-06-25 07:00:00,Italy,North Italy,IT-NO,225.47,285.3,58.38,45.13,entsoe.eu,false,
2022-06-25 08:00:00,Italy,North Italy,IT-NO,206.31,262.89,61.99,48.18,entsoe.eu,false,
2022-06-25 09:00:00,Italy,North Italy,IT-NO,197.22,253.62,63.45,49.92,entsoe.eu,false,
2022-06-25 10:00:00,Italy,North Italy,IT-NO,199.05,257.28,62.69,50.23,entsoe.eu,false,
2022-06-25 11:00:00,Italy,North Italy,IT-NO,193.16,250.42,63.74,50.85,entsoe.eu,false,
2022-06-25 12:00:00,Italy,North Italy,IT-NO,197.41,256.77,62.25,50.35,entsoe.eu,false,
2022-06-25 13:00:00,Italy,North Italy,IT-NO,200.08,259.47,61.65,48.23,entsoe.eu,false,
2022-06-25 14:00:00,Italy,North Italy,IT-NO,204.72,264.61,60.46,46.6,entsoe.eu,false,
2022-06-25 15:00:00,Italy,North Italy,IT-NO,210.41,270.06,59.47,46.1,entsoe.eu,false,
2022-06-25 16:00:00,Italy,North Italy,IT-NO,222.46,281.93,58.14,46.84,entsoe.eu,false,
2022-06-25 17:00:00,Italy,North Italy,IT-NO,227.73,284.58,59.6,50.33,entsoe.eu,false,
2022-06-25 18:00:00,Italy,North Italy,IT-NO,232.1,289.55,58.19,48.22,entsoe.eu,false,
2022-06-25 19:00:00,Italy,North Italy,IT-NO,227.08,286.36,57.13,45.92,entsoe.eu,false,
2022-06-25 20:00:00,Italy,North Italy,IT-NO,238.02,300.54,54.26,42.38,entsoe.eu,false,
2022-06-25 21:00:00,Italy,North Italy,IT-NO,260.95,328.13,49.91,37.46,entsoe.eu,false,
2022-06-25 22:00:00,Italy,North Italy,IT-NO,239.81,299.35,56.73,37.04,entsoe.eu,false,
2022-06-25 23:00:00,Italy,North Italy,IT-NO,253.74,310.17,57.73,35.96,entsoe.eu,false,
2022-06-26 00:00:00,Italy,North Italy,IT-NO,254.87,313.01,57.06,35.26,entsoe.eu,false,
2022-06-26 01:00:00,Italy,North Italy,IT-NO,252.49,312.23,55.45,33.68,entsoe.eu,false,
2022-06-26 02:00:00,Italy,North Italy,IT-NO,258.25,319.3,54.29,32.04,entsoe.eu,false,
2022-06-26 03:00:00,Italy,North Italy,IT-NO,258.29,320.56,53.5,30.13,entsoe.eu,false,
2022-06-26 04:00:00,Italy,North Italy,IT-NO,246.64,305.9,56.04,31.73,entsoe.eu,false,
2022-06-26 05:00:00,Italy,North Italy,IT-NO,236.2,293.64,58.51,36.76,entsoe.eu,false,
2022-06-26 06:00:00,Italy,North Italy,IT-NO,210.87,263.81,63.38,44.36,entsoe.eu,false,
2022-06-26 07:00:00,Italy,North Italy,IT-NO,188.82,239.08,67.64,49.41,entsoe.eu,false,
2022-06-26 08:00:00,Italy,North Italy,IT-NO,173.16,223.39,69.6,53.0,entsoe.eu,false,
2022-06-26 09:00:00,Italy,North Italy,IT-NO,173.16,226.11,68.64,54.07,entsoe.eu,false,
2022-06-26 10:00:00,Italy,North Italy,IT-NO,179.1,234.33,66.83,54.02,entsoe.eu,false,
2022-06-26 11:00:00,Italy,North Italy,IT-NO,176.64,231.33,67.46,54.69,entsoe.eu,false,
2022-06-26 12:00:00,Italy,North Italy,IT-NO,178.89,233.96,67.12,55.04,entsoe.eu,false,
2022-06-26 13:00:00,Italy,North Italy,IT-NO,182.97,238.15,66.77,53.25,entsoe.eu,false,
2022-06-26 14:00:00,Italy,North Italy,IT-NO,201.91,258.5,63.15,47.73,entsoe.eu,false,
2022-06-26 15:00:00,Italy,North Italy,IT-NO,221.83,281.01,59.71,44.09,entsoe.eu,false,
2022-06-26 16:00:00,Italy,North Italy,IT-NO,227.2,284.08,61.43,47.48,entsoe.eu,false,
2022-06-26 17:00:00,Italy,North Italy,IT-NO,226.71,281.56,61.51,49.4,entsoe.eu,false,
2022-06-26 18:00:00,Italy,North Italy,IT-NO,218.56,273.67,61.33,49.71,entsoe.eu,false,
2022-06-26 19:00:00,Italy,North Italy,IT-NO,222.83,278.93,60.3,48.54,entsoe.eu,false,
2022-06-26 20:00:00,Italy,North Italy,IT-NO,230.72,288.34,58.96,47.53,entsoe.eu,false,
2022-06-26 21:00:00,Italy,North Italy,IT-NO,253.28,314.96,54.14,41.62,entsoe.eu,false,
2022-06-26 22:00:00,Italy,North Italy,IT-NO,263.92,328.36,51.24,34.42,entsoe.eu,false,
2022-06-26 23:00:00,Italy,North Italy,IT-NO,277.38,341.95,49.24,30.59,entsoe.eu,false,
2022-06-27 00:00:00,Italy,North Italy,IT-NO,278.59,345.25,49.02,30.3,entsoe.eu,false,
2022-06-27 01:00:00,Italy,North Italy,IT-NO,292.79,361.13,45.88,25.43,entsoe.eu,false,
2022-06-27 02:00:00,Italy,North Italy,IT-NO,296.34,366.36,44.22,24.09,entsoe.eu,false,
2022-06-27 03:00:00,Italy,North Italy,IT-NO,299.47,371.14,43.09,23.41,entsoe.eu,false,
2022-06-27 04:00:00,Italy,North Italy,IT-NO,341.97,431.99,29.66,24.35,entsoe.eu,false,
2022-06-27 05:00:00,Italy,North Italy,IT-NO,322.76,406.8,35.09,31.5,entsoe.eu,false,
2022-06-27 06:00:00,Italy,North Italy,IT-NO,282.68,357.69,43.91,39.5,entsoe.eu,false,
2022-06-27 07:00:00,Italy,North Italy,IT-NO,261.52,332.1,48.16,42.09,entsoe.eu,false,
2022-06-27 08:00:00,Italy,North Italy,IT-NO,257.4,328.58,48.12,41.7,entsoe.eu,false,
2022-06-27 09:00:00,Italy,North Italy,IT-NO,256.6,328.15,48.12,41.35,entsoe.eu,false,
2022-06-27 10:00:00,Italy,North Italy,IT-NO,265.33,338.34,46.82,40.97,entsoe.eu,false,
2022-06-27 11:00:00,Italy,North Italy,IT-NO,260.01,331.96,47.72,41.08,entsoe.eu,false,
2022-06-27 12:00:00,Italy,North Italy,IT-NO,253.55,323.9,49.08,41.24,entsoe.eu,false,
2022-06-27 13:00:00,Italy,North Italy,IT-NO,251.49,320.95,49.96,40.29,entsoe.eu,false,
2022-06-27 14:00:00,Italy,North Italy,IT-NO,257.34,326.01,50.01,39.56,entsoe.eu,false,
2022-06-27 15:00:00,Italy,North Italy,IT-NO,261.91,329.46,50.86,41.9,entsoe.eu,false,
2022-06-27 16:00:00,Italy,North Italy,IT-NO,260.56,327.41,51.0,42.45,entsoe.eu,false,
2022-06-27 17:00:00,Italy,North Italy,IT-NO,261.58,328.07,50.94,42.94,entsoe.eu,false,
2022-06-27 18:00:00,Italy,North Italy,IT-NO,259.32,327.34,49.63,40.67,entsoe.eu,false,
2022-06-27 19:00:00,Italy,North Italy,IT-NO,271.98,343.4,46.53,36.65,entsoe.eu,false,
2022-06-27 20:00:00,Italy,North Italy,IT-NO,294.12,370.68,42.05,33.36,entsoe.eu,false,
2022-06-27 21:00:00,Italy,North Italy,IT-NO,296.95,374.63,40.3,31.04,entsoe.eu,false,
2022-06-27 22:00:00,Italy,North Italy,IT-NO,306.48,385.12,38.24,25.27,entsoe.eu,false,
2022-06-27 23:00:00,Italy,North Italy,IT-NO,318.96,401.1,35.87,21.67,entsoe.eu,false,
2022-06-28 00:00:00,Italy,North Italy,IT-NO,314.63,394.82,37.0,21.06,entsoe.eu,false,
2022-06-28 01:00:00,Italy,North Italy,IT-NO,309.19,385.81,39.21,21.27,entsoe.eu,false,
2022-06-28 02:00:00,Italy,North Italy,IT-NO,306.51,382.53,40.12,21.66,entsoe.eu,false,
2022-06-28 03:00:00,Italy,North Italy,IT-NO,307.92,384.59,39.63,22.44,entsoe.eu,false,
2022-06-28 04:00:00,Italy,North Italy,IT-NO,316.68,401.53,34.36,26.61,entsoe.eu,false,
2022-06-28 05:00:00,Italy,North Italy,IT-NO,306.05,386.62,38.27,33.52,entsoe.eu,false,
2022-06-28 06:00:00,Italy,North Italy,IT-NO,280.43,354.47,44.8,37.88,entsoe.eu,false,
2022-06-28 07:00:00,Italy,North Italy,IT-NO,268.28,338.94,47.29,38.19,entsoe.eu,false,
2022-06-28 08:00:00,Italy,North Italy,IT-NO,268.72,336.97,48.71,38.84,entsoe.eu,false,
2022-06-28 09:00:00,Italy,North Italy,IT-NO,260.61,326.45,50.95,41.35,entsoe.eu,false,
2022-06-28 10:00:00,Italy,North Italy,IT-NO,260.23,326.13,51.02,42.19,entsoe.eu,false,
2022-06-28 11:00:00,Italy,North Italy,IT-NO,258.25,325.53,49.84,40.47,entsoe.eu,false,
2022-06-28 12:00:00,Italy,North Italy,IT-NO,258.55,325.53,50.32,41.33,entsoe.eu,false,
2022-06-28 13:00:00,Italy,North Italy,IT-NO,257.82,326.12,49.46,39.81,entsoe.eu,false,
2022-06-28 14:00:00,Italy,North Italy,IT-NO,257.9,327.18,48.98,38.92,entsoe.eu,false,
2022-06-28 15:00:00,Italy,North Italy,IT-NO,257.61,327.12,48.74,38.64,entsoe.eu,false,
2022-06-28 16:00:00,Italy,North Italy,IT-NO,263.3,333.9,47.35,39.13,entsoe.eu,false,
2022-06-28 17:00:00,Italy,North Italy,IT-NO,263.38,333.87,47.27,40.45,entsoe.eu,false,
2022-06-28 18:00:00,Italy,North Italy,IT-NO,271.0,343.57,45.45,38.08,entsoe.eu,false,
2022-06-28 19:00:00,Italy,North Italy,IT-NO,267.27,340.94,45.02,36.74,entsoe.eu,false,
2022-06-28 20:00:00,Italy,North Italy,IT-NO,282.77,361.39,40.6,33.58,entsoe.eu,false,
2022-06-28 21:00:00,Italy,North Italy,IT-NO,308.06,390.27,35.99,29.69,entsoe.eu,false,
2022-06-28 22:00:00,Italy,North Italy,IT-NO,302.28,382.79,37.51,28.0,entsoe.eu,false,
2022-06-28 23:00:00,Italy,North Italy,IT-NO,302.22,380.31,38.67,25.54,entsoe.eu,false,
2022-06-29 00:00:00,Italy,North Italy,IT-NO,296.28,372.23,40.46,25.42,entsoe.eu,false,
2022-06-29 01:00:00,Italy,North Italy,IT-NO,293.08,368.12,41.36,25.7,entsoe.eu,false,
2022-06-29 02:00:00,Italy,North Italy,IT-NO,291.4,365.2,41.92,25.84,entsoe.eu,false,
2022-06-29 03:00:00,Italy,North Italy,IT-NO,296.19,371.67,40.7,26.29,entsoe.eu,false,
2022-06-29 04:00:00,Italy,North Italy,IT-NO,297.67,376.47,38.66,27.55,entsoe.eu,false,
2022-06-29 05:00:00,Italy,North Italy,IT-NO,305.86,386.36,38.1,32.71,entsoe.eu,false,
2022-06-29 06:00:00,Italy,North Italy,IT-NO,283.92,358.99,43.55,38.56,entsoe.eu,false,
2022-06-29 07:00:00,Italy,North Italy,IT-NO,274.41,347.96,45.62,40.77,entsoe.eu,false,
2022-06-29 08:00:00,Italy,North Italy,IT-NO,263.58,336.68,46.58,40.94,entsoe.eu,false,
2022-06-29 09:00:00,Italy,North Italy,IT-NO,258.66,331.76,47.04,41.72,entsoe.eu,false,
2022-06-29 10:00:00,Italy,North Italy,IT-NO,265.28,341.34,44.82,40.77,entsoe.eu,false,
2022-06-29 11:00:00,Italy,North Italy,IT-NO,262.26,338.02,45.12,40.46,entsoe.eu,false,
2022-06-29 12:00:00,Italy,North Italy,IT-NO,257.92,332.56,46.26,40.76,entsoe.eu,false,
2022-06-29 13:00:00,Italy,North Italy,IT-NO,257.24,331.35,46.45,40.2,entsoe.eu,false,
2022-06-29 14:00:00,Italy,North Italy,IT-NO,263.84,338.92,45.08,39.11,entsoe.eu,false,
2022-06-29 15:00:00,Italy,North Italy,IT-NO,256.86,329.51,46.89,41.38,entsoe.eu,false,
2022-06-29 16:00:00,Italy,North Italy,IT-NO,266.82,339.08,45.98,40.02,entsoe.eu,false,
2022-06-29 17:00:00,Italy,North Italy,IT-NO,275.35,346.51,46.3,40.62,entsoe.eu,false,
2022-06-29 18:00:00,Italy,North Italy,IT-NO,279.38,352.95,44.08,37.93,entsoe.eu,false,
2022-06-29 19:00:00,Italy,North Italy,IT-NO,281.48,356.38,43.04,36.03,entsoe.eu,false,
2022-06-29 20:00:00,Italy,North Italy,IT-NO,301.87,381.29,38.54,32.74,entsoe.eu,false,
2022-06-29 21:00:00,Italy,North Italy,IT-NO,315.41,399.09,34.63,28.14,entsoe.eu,false,
2022-06-29 22:00:00,Italy,North Italy,IT-NO,297.91,376.75,39.12,27.27,entsoe.eu,false,
2022-06-29 23:00:00,Italy,North Italy,IT-NO,293.72,370.96,40.8,25.89,entsoe.eu,false,
2022-06-30 00:00:00,Italy,North Italy,IT-NO,292.57,368.06,41.92,25.92,entsoe.eu,false,
2022-06-30 01:00:00,Italy,North Italy,IT-NO,289.61,364.64,42.17,25.76,entsoe.eu,false,
2022-06-30 02:00:00,Italy,North Italy,IT-NO,291.17,366.19,41.88,24.67,entsoe.eu,false,
2022-06-30 03:00:00,Italy,North Italy,IT-NO,294.34,370.41,40.76,25.04,entsoe.eu,false,
2022-06-30 04:00:00,Italy,North Italy,IT-NO,301.12,381.66,37.77,26.83,entsoe.eu,false,
2022-06-30 05:00:00,Italy,North Italy,IT-NO,301.65,379.25,40.29,34.84,entsoe.eu,false,
2022-06-30 06:00:00,Italy,North Italy,IT-NO,273.85,346.53,45.48,39.65,entsoe.eu,false,
2022-06-30 07:00:00,Italy,North Italy,IT-NO,266.05,337.55,46.96,41.28,Electricity Maps Estimation,true,ESTIMATED_TIME_SLICER_AVERAGE
2022-06-30 08:00:00,Italy,North Italy,IT-NO,263.08,334.69,47.23,42.24,Electricity Maps Estimation,true,ESTIMATED_TIME_SLICER_AVERAGE
2022-06-30 09:00:00,Italy,North Italy,IT-NO,258.76,330.31,47.87,43.31,Electricity Maps Estimation,true,ESTIMATED_TIME_SLICER_AVERAGE
2022-06-30 10:00:00,Italy,North Italy,IT-NO,260.94,333.51,47.08,43.78,entsoe.eu,false,
2022-06-30 11:00:00,Italy,North Italy,IT-NO,259.28,331.96,46.96,42.99,entsoe.eu,false,
2022-06-30 12:00:00,Italy,North Italy,IT-NO,251.13,321.47,49.1,43.29,entsoe.eu,false,
2022-06-30 13:00:00,Italy,North Italy,IT-NO,246.16,315.32,50.33,43.13,entsoe.eu,false,
2022-06-30 14:00:00,Italy,North Italy,IT-NO,249.84,318.01,50.82,42.09,entsoe.eu,false,
2022-06-30 15:00:00,Italy,North Italy,IT-NO,253.65,321.67,50.54,41.57,entsoe.eu,false,
2022-06-30 16:00:00,Italy,North Italy,IT-NO,252.56,320.44,50.21,41.78,entsoe.eu,false,
2022-06-30 17:00:00,Italy,North Italy,IT-NO,260.58,325.77,51.86,44.18,entsoe.eu,false,
2022-06-30 18:00:00,Italy,North Italy,IT-NO,264.72,332.09,49.88,42.02,entsoe.eu,false,
2022-06-30 19:00:00,Italy,North Italy,IT-NO,266.93,336.08,48.85,39.62,Electricity Maps Estimation,true,ESTIMATED_TIME_SLICER_AVERAGE
2022-06-30 20:00:00,Italy,North Italy,IT-NO,279.41,351.88,45.37,36.06,Electricity Maps Estimation,true,ESTIMATED_TIME_SLICER_AVERAGE
2022-06-30 21:00:00,Italy,North Italy,IT-NO,294.51,372.12,40.74,31.54,Electricity Maps Estimation,true,ESTIMATED_TIME_SLICER_AVERAGE
2022-06-30 22:00:00,Italy,North Italy,IT-NO,278.57,355.86,42.7,29.93,entsoe.eu,false,
2022-06-30 23:00:00,Italy,North Italy,IT-NO,283.4,359.21,42.3,26.8,entsoe.eu,false,
2022-07-01 00:00:00,Italy,North Italy,IT-NO,281.17,355.77,43.05,26.35,entsoe.eu,false,
2022-07-01 01:00:00,Italy,North Italy,IT-NO,281.63,356.26,42.93,25.88,entsoe.eu,false,
2022-07-01 02:00:00,Italy,North Italy,IT-NO,284.93,359.26,42.37,24.47,entsoe.eu,false,
2022-07-01 03:00:00,Italy,North Italy,IT-NO,287.65,363.36,41.57,24.38,entsoe.eu,false,
2022-07-01 04:00:00,Italy,North Italy,IT-NO,282.55,357.73,43.29,30.28,entsoe.eu,false,
2022-07-01 05:00:00,Italy,North Italy,IT-NO,270.03,341.9,46.18,36.65,entsoe.eu,false,
2022-07-01 06:00:00,Italy,North Italy,IT-NO,253.26,322.89,48.46,39.35,entsoe.eu,false,
2022-07-01 07:00:00,Italy,North Italy,IT-NO,240.71,309.42,50.44,41.05,entsoe.eu,false,
2022-07-01 08:00:00,Italy,North Italy,IT-NO,236.01,303.7,51.54,42.18,entsoe.eu,false,
2022-07-01 09:00:00,Italy,North Italy,IT-NO,234.58,301.85,51.95,42.22,entsoe.eu,false,
2022-07-01 10:00:00,Italy,North Italy,IT-NO,239.58,308.14,51.24,42.99,entsoe.eu,false,
2022-07-01 11:00:00,Italy,North Italy,IT-NO,234.62,303.63,51.22,41.71,entsoe.eu,false,
2022-07-01 12:00:00,Italy,North Italy,IT-NO,231.09,298.31,52.71,42.78,entsoe.eu,false,
2022-07-01 13:00:00,Italy,North Italy,IT-NO,234.62,303.0,52.12,43.04,entsoe.eu,false,
2022-07-01 14:00:00,Italy,North Italy,IT-NO,238.11,305.15,52.21,42.53,entsoe.eu,false,
2022-07-01 15:00:00,Italy,North Italy,IT-NO,246.35,314.14,51.24,41.07,entsoe.eu,false,
2022-07-01 16:00:00,Italy,North Italy,IT-NO,253.77,321.61,50.39,39.35,entsoe.eu,false,
2022-07-01 17:00:00,Italy,North Italy,IT-NO,256.03,323.37,50.55,40.07,entsoe.eu,false,
2022-07-01 18:00:00,Italy,North Italy,IT-NO,262.08,328.23,51.31,40.71,entsoe.eu,false,
2022-07-01 19:00:00,Italy,North Italy,IT-NO,262.96,329.86,50.66,40.36,entsoe.eu,false,
2022-07-01 20:00:00,Italy,North Italy,IT-NO,282.15,354.39,45.95,36.02,entsoe.eu,false,
2022-07-01 21:00:00,Italy,North Italy,IT-NO,285.34,361.42,42.93,34.55,entsoe.eu,false,
2022-07-01 22:00:00,Italy,North Italy,IT-NO,257.04,326.67,49.12,32.5,entsoe.eu,false,
2022-07-01 23:00:00,Italy,North Italy,IT-NO,249.28,315.86,51.69,33.4,entsoe.eu,false,
2022-07-02 00:00:00,Italy,North Italy,IT-NO,253.76,320.34,50.97,31.59,entsoe.eu,false,
2022-07-02 01:00:00,Italy,North Italy,IT-NO,256.02,322.48,50.64,29.46,entsoe.eu,false,
2022-07-02 02:00:00,Italy,North Italy,IT-NO,259.26,325.68,50.29,28.99,entsoe.eu,false,
2022-07-02 03:00:00,Italy,North Italy,IT-NO,260.57,325.84,50.56,28.38,entsoe.eu,false,
2022-07-02 04:00:00,Italy,North Italy,IT-NO,254.94,319.31,51.71,30.28,entsoe.eu,false,
2022-07-02 05:00:00,Italy,North Italy,IT-NO,232.95,294.31,55.59,37.62,entsoe.eu,false,
2022-07-02 06:00:00,Italy,North Italy,IT-NO,218.52,277.85,58.59,42.46,entsoe.eu,false,
2022-07-02 07:00:00,Italy,North Italy,IT-NO,213.05,273.51,58.57,42.83,entsoe.eu,false,
2022-07-02 08:00:00,Italy,North Italy,IT-NO,198.97,257.78,61.53,46.48,entsoe.eu,false,
2022-07-02 09:00:00,Italy,North Italy,IT-NO,189.74,246.98,63.57,48.74,entsoe.eu,false,
2022-07-02 10:00:00,Italy,North Italy,IT-NO,181.03,236.98,65.47,51.39,entsoe.eu,false,
2022-07-02 11:00:00,Italy,North Italy,IT-NO,175.3,230.03,66.85,52.49,entsoe.eu,false,
2022-07-02 12:00:00,Italy,North Italy,IT-NO,181.49,237.27,65.85,52.21,entsoe.eu,false,
2022-07-02 13:00:00,Italy,North Italy,IT-NO,187.93,244.55,64.59,50.63,entsoe.eu,false,
2022-07-02 14:00:00,Italy,North Italy,IT-NO,198.96,257.76,61.85,47.06,entsoe.eu,false,
2022-07-02 15:00:00,Italy,North Italy,IT-NO,207.71,267.21,59.65,44.25,entsoe.eu,false,
2022-07-02 16:00:00,Italy,North Italy,IT-NO,201.73,256.16,62.82,47.62,entsoe.eu,false,
2022-07-02 17:00:00,Italy,North Italy,IT-NO,207.94,260.4,63.72,50.8,entsoe.eu,false,
2022-07-02 18:00:00,Italy,North Italy,IT-NO,209.86,260.84,64.53,51.19,entsoe.eu,false,
2022-07-02 19:00:00,Italy,North Italy,IT-NO,215.91,269.17,62.22,47.63,entsoe.eu,false,
2022-07-02 20:00:00,Italy,North Italy,IT-NO,221.57,278.27,59.36,44.97,entsoe.eu,false,
2022-07-02 21:00:00,Italy,North Italy,IT-NO,241.83,301.2,55.68,40.96,entsoe.eu,false,
2022-07-02 22:00:00,Italy,North Italy,IT-NO,264.0,328.7,50.31,30.34,entsoe.eu,false,
2022-07-02 23:00:00,Italy,North Italy,IT-NO,269.29,335.55,49.02,28.56,entsoe.eu,false,
2022-07-03 00:00:00,Italy,North Italy,IT-NO,273.35,342.16,46.47,27.92,entsoe.eu,false,
2022-07-03 01:00:00,Italy,North Italy,IT-NO,278.27,347.35,45.91,28.05,entsoe.eu,false,
2022-07-03 02:00:00,Italy,North Italy,IT-NO,282.43,352.87,45.25,27.37,entsoe.eu,false,
2022-07-03 03:00:00,Italy,North Italy,IT-NO,283.44,354.87,45.36,26.45,entsoe.eu,false,
2022-07-03 04:00:00,Italy,North Italy,IT-NO,274.77,344.11,46.82,27.09,entsoe.eu,false,
2022-07-03 05:00:00,Italy,North Italy,IT-NO,257.19,325.0,49.88,31.65,entsoe.eu,false,
2022-07-03 06:00:00,Italy,North Italy,IT-NO,230.5,293.75,55.48,39.3,entsoe.eu,false,
2022-07-03 07:00:00,Italy,North Italy,IT-NO,204.99,264.14,60.91,45.83,entsoe.eu,false,
2022-07-03 08:00:00,Italy,North Italy,IT-NO,187.37,244.01,64.14,50.2,entsoe.eu,false,
2022-07-03 09:00:00,Italy,North Italy,IT-NO,178.72,233.84,65.93,52.18,entsoe.eu,false,
2022-07-03 10:00:00,Italy,North Italy,IT-NO,174.43,229.48,66.66,54.26,entsoe.eu,false,
2022-07-03 11:00:00,Italy,North Italy,IT-NO,166.69,220.32,68.14,55.59,entsoe.eu,false,
2022-07-03 12:00:00,Italy,North Italy,IT-NO,168.43,223.52,67.37,56.57,entsoe.eu,false,
2022-07-03 13:00:00,Italy,North Italy,IT-NO,176.03,231.6,66.33,55.19,entsoe.eu,false,
2022-07-03 14:00:00,Italy,North Italy,IT-NO,187.85,245.58,63.53,51.69,entsoe.eu,false,
2022-07-03 15:00:00,Italy,North Italy,IT-NO,213.08,275.65,57.9,44.97,entsoe.eu,false,
2022-07-03 16:00:00,Italy,North Italy,IT-NO,221.84,280.49,58.98,47.23,entsoe.eu,false,
2022-07-03 17:00:00,Italy,North Italy,IT-NO,229.12,290.43,55.88,44.9,entsoe.eu,false,
2022-07-03 18:00:00,Italy,North Italy,IT-NO,227.75,288.72,55.82,44.07,entsoe.eu,false,
2022-07-03 19:00:00,Italy,North Italy,IT-NO,232.21,294.45,54.49,41.19,entsoe.eu,false,
2022-07-03 20:00:00,Italy,North Italy,IT-NO,239.2,304.31,52.2,38.92,entsoe.eu,false,
2022-07-03 21:00:00,Italy,North Italy,IT-NO,255.45,325.41,47.95,34.56,entsoe.eu,false,
2022-07-03 22:00:00,Italy,North Italy,IT-NO,271.66,341.94,45.98,27.27,entsoe.eu,false,
2022-07-03 23:00:00,Italy,North Italy,IT-NO,287.6,359.34,43.51,24.01,entsoe.eu,false,
2022-07-04 00:00:00,Italy,North Italy,IT-NO,293.45,365.19,42.8,22.5,entsoe.eu,false,
2022-07-04 01:00:00,Italy,North Italy,IT-NO,292.99,364.34,42.74,21.95,entsoe.eu,false,
2022-07-04 02:00:00,Italy,North Italy,IT-NO,289.31,359.59,43.58,22.17,entsoe.eu,false,
2022-07-04 03:00:00,Italy,North Italy,IT-NO,286.22,357.68,43.35,23.88,entsoe.eu,false,
2022-07-04 04:00:00,Italy,North Italy,IT-NO,288.66,364.87,40.23,27.87,entsoe.eu,false,
2022-07-04 05:00:00,Italy,North Italy,IT-NO,291.83,367.13,40.86,33.16,entsoe.eu,false,
2022-07-04 06:00:00,Italy,North Italy,IT-NO,268.55,339.3,45.99,38.43,entsoe.eu,false,
2022-07-04 07:00:00,Italy,North Italy,IT-NO,261.15,330.69,47.79,39.22,entsoe.eu,false,
2022-07-04 08:00:00,Italy,North Italy,IT-NO,249.5,316.4,50.9,42.79,entsoe.eu,false,
2022-07-04 09:00:00,Italy,North Italy,IT-NO,250.03,318.92,49.75,42.71,entsoe.eu,false,
2022-07-04 10:00:00,Italy,North Italy,IT-NO,259.74,331.08,47.58,41.42,entsoe.eu,false,
2022-07-04 11:00:00,Italy,North Italy,IT-NO,251.52,321.14,48.99,41.3,entsoe.eu,false,
2022-07-04 12:00:00,Italy,North Italy,IT-NO,241.27,309.68,50.94,43.0,entsoe.eu,false,
2022-07-04 13:00:00,Italy,North Italy,IT-NO,232.97,299.93,52.5,44.39,entsoe.eu,false,
2022-07-04 14:00:00,Italy,North Italy,IT-NO,248.5,319.66,48.96,41.2,entsoe.eu,false,
2022-07-04 15:00:00,Italy,North Italy,IT-NO,249.13,320.67,48.5,40.63,entsoe.eu,false,
2022-07-04 16:00:00,Italy,North Italy,IT-NO,255.1,324.94,48.76,39.37,entsoe.eu,false,
2022-07-04 17:00:00,Italy,North Italy,IT-NO,258.72,327.43,49.02,40.06,entsoe.eu,false,
2022-07-04 18:00:00,Italy,North Italy,IT-NO,256.32,324.45,49.25,40.39,entsoe.eu,false,
2022-07-04 19:00:00,Italy,North Italy,IT-NO,257.33,326.66,48.92,40.82,entsoe.eu,false,
2022-07-04 20:00:00,Italy,North Italy,IT-NO,271.99,345.59,45.41,36.9,entsoe.eu,false,
2022-07-04 21:00:00,Italy,North Italy,IT-NO,272.8,348.26,43.87,34.78,entsoe.eu,false,
2022-07-04 22:00:00,Italy,North Italy,IT-NO,273.57,347.39,44.9,31.64,entsoe.eu,false,
2022-07-04 23:00:00,Italy,North Italy,IT-NO,276.5,348.41,44.89,28.98,entsoe.eu,false,
2022-07-05 00:00:00,Italy,North Italy,IT-NO,284.42,356.44,44.43,27.19,entsoe.eu,false,
2022-07-05 01:00:00,Italy,North Italy,IT-NO,280.52,350.81,45.47,26.32,entsoe.eu,false,
2022-07-05 02:00:00,Italy,North Italy,IT-NO,279.68,351.31,44.59,25.91,entsoe.eu,false,
2022-07-05 03:00:00,Italy,North Italy,IT-NO,280.02,351.86,44.62,26.64,entsoe.eu,false,
2022-07-05 04:00:00,Italy,North Italy,IT-NO,271.88,344.06,45.54,31.36,entsoe.eu,false,
2022-07-05 05:00:00,Italy,North Italy,IT-NO,267.35,338.18,46.7,36.79,entsoe.eu,false,
2022-07-05 06:00:00,Italy,North Italy,IT-NO,252.82,320.26,50.6,41.45,entsoe.eu,false,
2022-07-05 07:00:00,Italy,North Italy,IT-NO,244.21,311.19,51.83,42.56,entsoe.eu,false,
2022-07-05 08:00:00,Italy,North Italy,IT-NO,232.28,298.21,53.26,43.87,entsoe.eu,false,
2022-07-05 09:00:00,Italy,North Italy,IT-NO,220.8,284.57,56.0,46.04,entsoe.eu,false,
2022-07-05 10:00:00,Italy,North Italy,IT-NO,222.49,288.99,54.67,46.38,entsoe.eu,false,
2022-07-05 11:00:00,Italy,North Italy,IT-NO,222.3,289.33,54.27,45.72,entsoe.eu,false,
2022-07-05 12:00:00,Italy,North Italy,IT-NO,223.63,291.49,53.58,44.6,entsoe.eu,false,
2022-07-05 13:00:00,Italy,North Italy,IT-NO,227.79,295.51,53.36,44.78,entsoe.eu,false,
2022-07-05 14:00:00,Italy,North Italy,IT-NO,234.2,300.41,53.58,44.17,entsoe.eu,false,
2022-07-05 15:00:00,Italy,North Italy,IT-NO,236.25,301.84,53.69,44.24,entsoe.eu,false,
2022-07-05 16:00:00,Italy,North Italy,IT-NO,249.13,314.99,51.85,42.35,entsoe.eu,false,
2022-07-05 17:00:00,Italy,North Italy,IT-NO,250.08,312.62,53.94,44.97,entsoe.eu,false,
2022-07-05 18:00:00,Italy,North Italy,IT-NO,250.75,313.95,53.51,44.49,entsoe.eu,false,
2022-07-05 19:00:00,Italy,North Italy,IT-NO,259.0,325.38,50.7,41.31,entsoe.eu,false,
2022-07-05 20:00:00,Italy,North Italy,IT-NO,270.71,342.38,46.39,36.4,entsoe.eu,false,
2022-07-05 21:00:00,Italy,North Italy,IT-NO,274.76,347.28,45.47,34.09,entsoe.eu,false,
2022-07-05 22:00:00,Italy,North Italy,IT-NO,273.74,343.74,46.01,31.01,entsoe.eu,false,
2022-07-05 23:00:00,Italy,North Italy,IT-NO,282.97,353.9,44.65,27.25,entsoe.eu,false,
2022-07-06 00:00:00,Italy,North Italy,IT-NO,290.29,361.36,44.22,26.42,entsoe.eu,false,
2022-07-06 01:00:00,Italy,North Italy,IT-NO,289.33,360.11,44.64,25.29,entsoe.eu,false,
2022-07-06 02:00:00,Italy,North Italy,IT-NO,285.69,354.72,45.37,25.44,entsoe.eu,false,
2022-07-06 03:00:00,Italy,North Italy,IT-NO,284.99,356.65,44.62,26.01,entsoe.eu,false,
2022-07-06 04:00:00,Italy,North Italy,IT-NO,281.87,355.26,43.91,29.47,entsoe.eu,false,
2022-07-06 05:00:00,Italy,North Italy,IT-NO,270.39,342.51,45.5,34.37,entsoe.eu,false,
2022-07-06 06:00:00,Italy,North Italy,IT-NO,258.41,326.17,49.4,39.47,entsoe.eu,false,
2022-07-06 07:00:00,Italy,North Italy,IT-NO,245.2,311.89,51.72,42.47,entsoe.eu,false,
2022-07-06 08:00:00,Italy,North Italy,IT-NO,241.26,307.74,51.85,42.55,entsoe.eu,false,
2022-07-06 09:00:00,Italy,North Italy,IT-NO,239.87,307.51,51.36,42.32,entsoe.eu,false,
2022-07-06 10:00:00,Italy,North Italy,IT-NO,240.33,309.14,51.87,44.28,entsoe.eu,false,
2022-07-06 11:00:00,Italy,North Italy,IT-NO,233.01,301.56,52.38,44.31,entsoe.eu,false,
2022-07-06 12:00:00,Italy,North Italy,IT-NO,226.55,292.93,53.9,45.0,entsoe.eu,false,
2022-07-06 13:00:00,Italy,North Italy,IT-NO,229.46,294.64,54.04,45.2,entsoe.eu,false,
2022-07-06 14:00:00,Italy,North Italy,IT-NO,234.88,298.66,54.64,45.69,entsoe.eu,false,
2022-07-06 15:00:00,Italy,North Italy,IT-NO,243.36,307.77,53.79,44.86,entsoe.eu,false,
2022-07-06 16:00:00,Italy,North Italy,IT-NO,256.14,320.81,52.77,43.8,entsoe.eu,false,
2022-07-06 17:00:00,Italy,North Italy,IT-NO,259.49,324.23,52.17,43.63,entsoe.eu,false,
2022-07-06 18:00:00,Italy,North Italy,IT-NO,264.24,331.13,50.31,40.67,entsoe.eu,false,
2022-07-06 19:00:00,Italy,North Italy,IT-NO,265.57,332.59,50.08,40.45,entsoe.eu,false,
2022-07-06 20:00:00,Italy,North Italy,IT-NO,284.67,356.3,45.92,38.05,entsoe.eu,false,
2022-07-06 21:00:00,Italy,North Italy,IT-NO,275.8,349.27,44.7,34.94,entsoe.eu,false,
2022-07-06 22:00:00,Italy,North Italy,IT-NO,287.57,363.81,41.79,29.77,entsoe.eu,false,
2022-07-06 23:00:00,Italy,North Italy,IT-NO,296.47,377.26,38.22,24.69,entsoe.eu,false,
2022-07-07 00:00:00,Italy,North Italy,IT-NO,296.52,375.79,39.14,23.78,entsoe.eu,false,
2022-07-07 01:00:00,Italy,North Italy,IT-NO,297.62,375.87,39.29,22.38,entsoe.eu,false,
2022-07-07 02:00:00,Italy,North Italy,IT-NO,295.66,371.52,40.53,22.69,entsoe.eu,false,
2022-07-07 03:00:00,Italy,North Italy,IT-NO,300.57,378.08,38.94,22.29,entsoe.eu,false,
2022-07-07 04:00:00,Italy,North Italy,IT-NO,294.22,372.84,39.37,26.37,entsoe.eu,false,
2022-07-07 05:00:00,Italy,North Italy,IT-NO,282.34,357.16,43.14,32.56,entsoe.eu,false,
2022-07-07 06:00:00,Italy,North Italy,IT-NO,261.33,329.05,49.7,39.9,entsoe.eu,false,
2022-07-07 07:00:00,Italy,North Italy,IT-NO,244.69,310.93,51.73,41.27,entsoe.eu,false,
2022-07-07 08:00:00,Italy,North Italy,IT-NO,239.27,306.8,51.49,41.36,entsoe.eu,false,
2022-07-07 09:00:00,Italy,North Italy,IT-NO,237.69,305.37,51.76,42.07,entsoe.eu,false,
2022-07-07 10:00:00,Italy,North Italy,IT-NO,241.04,311.27,49.98,40.8,entsoe.eu,false,
2022-07-07 11:00:00,Italy,North Italy,IT-NO,240.63,310.79,50.03,40.11,entsoe.eu,false,
2022-07-07 12:00:00,Italy,North Italy,IT-NO,244.48,312.65,50.72,41.49,entsoe.eu,false,
2022-07-07 13:00:00,Italy,North Italy,IT-NO,242.41,310.29,50.94,41.18,entsoe.eu,false,
2022-07-07 14:00:00,Italy,North Italy,IT-NO,244.6,310.6,51.75,41.62,entsoe.eu,false,
2022-07-07 15:00:00,Italy,North Italy,IT-NO,242.46,309.09,51.71,42.1,entsoe.eu,false,
2022-07-07 16:00:00,Italy,North Italy,IT-NO,254.64,321.47,50.9,41.11,entsoe.eu,false,
2022-07-07 17:00:00,Italy,North Italy,IT-NO,258.81,327.78,49.08,40.97,entsoe.eu,false,
2022-07-07 18:00:00,Italy,North Italy,IT-NO,269.75,341.95,46.2,38.12,entsoe.eu,false,
2022-07-07 19:00:00,Italy,North Italy,IT-NO,277.74,352.05,44.12,34.9,entsoe.eu,false,
2022-07-07 20:00:00,Italy,North Italy,IT-NO,280.25,357.35,41.68,31.77,entsoe.eu,false,
2022-07-07 21:00:00,Italy,North Italy,IT-NO,291.84,371.67,39.77,28.97,entsoe.eu,false,
2022-07-07 22:00:00,Italy,North Italy,IT-NO,271.1,344.29,45.25,29.29,entsoe.eu,false,
2022-07-07 23:00:00,Italy,North Italy,IT-NO,267.79,339.21,46.9,28.61,entsoe.eu,false,
2022-07-08 00:00:00,Italy,North Italy,IT-NO,269.04,338.81,47.19,27.43,entsoe.eu,false,
2022-07-08 01:00:00,Italy,North Italy,IT-NO,272.36,341.77,47.04,26.42,entsoe.eu,false,
2022-07-08 02:00:00,Italy,North Italy,IT-NO,265.71,332.63,49.28,27.88,entsoe.eu,false,
2022-07-08 03:00:00,Italy,North Italy,IT-NO,268.78,335.87,48.88,28.16,entsoe.eu,false,
2022-07-08 04:00:00,Italy,North Italy,IT-NO,273.43,345.85,45.41,28.85,entsoe.eu,false,
2022-07-08 05:00:00,Italy,North Italy,IT-NO,262.03,332.0,47.78,36.22,entsoe.eu,false,
2022-07-08 06:00:00,Italy,North Italy,IT-NO,242.28,307.85,52.48,42.8,entsoe.eu,false,
2022-07-08 07:00:00,Italy,North Italy,IT-NO,228.21,292.17,54.8,45.55,entsoe.eu,false,
2022-07-08 08:00:00,Italy,North Italy,IT-NO,221.82,284.58,56.01,46.42,entsoe.eu,false,
2022-07-08 09:00:00,Italy,North Italy,IT-NO,220.32,283.88,56.09,46.3,entsoe.eu,false,
2022-07-08 10:00:00,Italy,North Italy,IT-NO,210.77,272.36,58.9,49.24,entsoe.eu,false,
2022-07-08 11:00:00,Italy,North Italy,IT-NO,204.59,265.55,59.87,50.36,entsoe.eu,false,
2022-07-08 12:00:00,Italy,North Italy,IT-NO,209.78,271.88,58.59,48.74,entsoe.eu,false,
2022-07-08 13:00:00,Italy,North Italy,IT-NO,209.29,272.03,58.31,47.77,entsoe.eu,false,
2022-07-08 14:00:00,Italy,North Italy,IT-NO,216.5,279.39,57.53,46.03,entsoe.eu,false,
2022-07-08 15:00:00,Italy,North Italy,IT-NO,232.87,295.64,56.24,44.82,entsoe.eu,false,
2022-07-08 16:00:00,Italy,North Italy,IT-NO,241.33,306.07,54.08,42.72,entsoe.eu,false,
2022-07-08 17:00:00,Italy,North Italy,IT-NO,248.09,311.65,54.01,43.93,entsoe.eu,false,
2022-07-08 18:00:00,Italy,North Italy,IT-NO,259.89,325.17,52.03,43.21,entsoe.eu,false,
2022-07-08 19:00:00,Italy,North Italy,IT-NO,265.35,332.0,50.66,40.58,entsoe.eu,false,
2022-07-08 20:00:00,Italy,North Italy,IT-NO,279.68,352.27,45.92,37.52,entsoe.eu,false,
2022-07-08 21:00:00,Italy,North Italy,IT-NO,287.83,362.12,44.34,36.49,entsoe.eu,false,
2022-07-08 22:00:00,Italy,North Italy,IT-NO,245.17,309.43,54.18,39.17,entsoe.eu,false,
2022-07-08 23:00:00,Italy,North Italy,IT-NO,239.93,299.66,57.14,38.37,entsoe.eu,false,
2022-07-09 00:00:00,Italy,North Italy,IT-NO,232.09,289.83,59.01,38.97,entsoe.eu,false,
2022-07-09 01:00:00,Italy,North Italy,IT-NO,229.56,283.55,61.23,38.85,entsoe.eu,false,
2022-07-09 02:00:00,Italy,North Italy,IT-NO,235.16,291.94,60.49,38.01,entsoe.eu,false,
2022-07-09 03:00:00,Italy,North Italy,IT-NO,235.71,291.47,60.43,36.99,entsoe.eu,false,
2022-07-09 04:00:00,Italy,North Italy,IT-NO,235.49,292.24,59.76,37.04,entsoe.eu,false,
2022-07-09 05:00:00,Italy,North Italy,IT-NO,230.29,288.56,60.72,42.55,entsoe.eu,false,
2022-07-09 06:00:00,Italy,North Italy,IT-NO,198.27,250.02,66.83,50.92,entsoe.eu,false,
2022-07-09 07:00:00,Italy,North Italy,IT-NO,176.57,225.39,70.48,55.26,entsoe.eu,false,
2022-07-09 08:00:00,Italy,North Italy,IT-NO,153.92,201.29,73.66,58.36,entsoe.eu,false,
2022-07-09 09:00:00,Italy,North Italy,IT-NO,147.64,194.84,74.76,61.43,entsoe.eu,false,
2022-07-09 10:00:00,Italy,North Italy,IT-NO,140.92,188.72,75.24,63.37,entsoe.eu,false,
2022-07-09 11:00:00,Italy,North Italy,IT-NO,138.56,186.44,75.63,63.76,entsoe.eu,false,
2022-07-09 12:00:00,Italy,North Italy,IT-NO,139.84,187.69,75.32,63.3,entsoe.eu,false,
2022-07-09 13:00:00,Italy,North Italy,IT-NO,137.72,185.22,75.46,61.37,entsoe.eu,false,
2022-07-09 14:00:00,Italy,North Italy,IT-NO,152.44,202.22,72.07,56.42,entsoe.eu,false,
2022-07-09 15:00:00,Italy,North Italy,IT-NO,163.31,214.83,69.76,52.86,entsoe.eu,false,
2022-07-09 16:00:00,Italy,North Italy,IT-NO,183.35,236.53,66.22,49.22,entsoe.eu,false,
2022-07-09 17:00:00,Italy,North Italy,IT-NO,198.2,250.35,64.99,50.22,entsoe.eu,false,
2022-07-09 18:00:00,Italy,North Italy,IT-NO,203.03,256.44,64.25,48.85,entsoe.eu,false,
2022-07-09 19:00:00,Italy,North Italy,IT-NO,200.25,252.42,65.03,50.15,entsoe.eu,false,
2022-07-09 20:00:00,Italy,North Italy,IT-NO,209.62,263.78,63.34,48.82,entsoe.eu,false,
2022-07-09 21:00:00,Italy,North Italy,IT-NO,217.09,275.93,59.3,43.22,entsoe.eu,false,
2022-07-09 22:00:00,Italy,North Italy,IT-NO,209.96,265.83,61.07,38.77,entsoe.eu,false,
2022-07-09 23:00:00,Italy,North Italy,IT-NO,201.42,254.99,63.82,39.87,entsoe.eu,false,
2022-07-10 00:00:00,Italy,North Italy,IT-NO,201.73,255.34,64.29,38.53,entsoe.eu,false,
2022-07-10 01:00:00,Italy,North Italy,IT-NO,205.34,259.28,63.63,37.51,entsoe.eu,false,
2022-07-10 02:00:00,Italy,North Italy,IT-NO,206.65,260.17,63.2,36.42,entsoe.eu,false,
2022-07-10 03:00:00,Italy,North Italy,IT-NO,205.65,259.14,63.73,36.2,entsoe.eu,false,
2022-07-10 04:00:00,Italy,North Italy,IT-NO,196.51,248.32,65.11,37.32,entsoe.eu,false,
2022-07-10 05:00:00,Italy,North Italy,IT-NO,191.73,243.01,66.13,41.9,entsoe.eu,false,
2022-07-10 06:00:00,Italy,North Italy,IT-NO,159.75,206.35,72.76,53.45,entsoe.eu,false,
2022-07-10 07:00:00,Italy,North Italy,IT-NO,135.35,179.55,76.71,59.23,entsoe.eu,false,
2022-07-10 08:00:00,Italy,North Italy,IT-NO,127.25,171.16,77.9,62.27,entsoe.eu,false,
2022-07-10 09:00:00,Italy,North Italy,IT-NO,125.91,170.57,77.98,64.51,entsoe.eu,false,
2022-07-10 10:00:00,Italy,North Italy,IT-NO,129.01,174.82,77.55,67.45,entsoe.eu,false,
2022-07-10 11:00:00,Italy,North Italy,IT-NO,121.94,166.41,79.0,68.58,entsoe.eu,false,
2022-07-10 12:00:00,Italy,North Italy,IT-NO,120.44,165.09,79.55,69.32,entsoe.eu,false,
2022-07-10 13:00:00,Italy,North Italy,IT-NO,131.12,177.67,77.26,65.96,entsoe.eu,false,
2022-07-10 14:00:00,Italy,North Italy,IT-NO,138.79,185.67,76.03,62.61,entsoe.eu,false,
2022-07-10 15:00:00,Italy,North Italy,IT-NO,164.84,216.05,70.75,55.5,entsoe.eu,false,
2022-07-10 16:00:00,Italy,North Italy,IT-NO,190.35,245.48,65.83,48.41,entsoe.eu,false,
2022-07-10 17:00:00,Italy,North Italy,IT-NO,224.06,283.69,58.6,43.93,entsoe.eu,false,
2022-07-10 18:00:00,Italy,North Italy,IT-NO,218.17,276.58,59.44,46.38,entsoe.eu,false,
2022-07-10 19:00:00,Italy,North Italy,IT-NO,222.68,280.5,59.69,45.93,entsoe.eu,false,
2022-07-10 20:00:00,Italy,North Italy,IT-NO,238.51,299.0,56.62,42.94,entsoe.eu,false,
2022-07-10 21:00:00,Italy,North Italy,IT-NO,252.12,316.18,53.07,38.14,entsoe.eu,false,
2022-07-10 22:00:00,Italy,North Italy,IT-NO,249.58,311.07,54.66,35.65,entsoe.eu,false,
2022-07-10 23:00:00,Italy,North Italy,IT-NO,250.35,309.55,55.45,33.14,entsoe.eu,false,
2022-07-11 00:00:00,Italy,North Italy,IT-NO,262.4,323.4,53.02,29.33,entsoe.eu,false,
2022-07-11 01:00:00,Italy,North Italy,IT-NO,270.41,336.96,48.2,26.49,entsoe.eu,false,
2022-07-11 02:00:00,Italy,North Italy,IT-NO,270.08,337.74,48.09,25.84,entsoe.eu,false,
2022-07-11 03:00:00,Italy,North Italy,IT-NO,281.6,350.01,45.61,24.9,entsoe.eu,false,
2022-07-11 04:00:00,Italy,North Italy,IT-NO,284.5,360.56,42.55,26.43,entsoe.eu,false,
2022-07-11 05:00:00,Italy,North Italy,IT-NO,278.53,352.31,44.46,33.78,entsoe.eu,false,
2022-07-11 06:00:00,Italy,North Italy,IT-NO,256.85,324.16,50.47,41.36,entsoe.eu,false,
2022-07-11 07:00:00,Italy,North Italy,IT-NO,248.83,315.6,51.22,41.76,entsoe.eu,false,
2022-07-11 08:00:00,Italy,North Italy,IT-NO,245.69,311.6,51.77,41.46,entsoe.eu,false,
2022-07-11 09:00:00,Italy,North Italy,IT-NO,232.82,298.4,53.7,44.5,entsoe.eu,false,
2022-07-11 10:00:00,Italy,North Italy,IT-NO,233.12,299.84,53.59,45.29,entsoe.eu,false,
2022-07-11 11:00:00,Italy,North Italy,IT-NO,227.79,293.69,54.96,46.29,entsoe.eu,false,
2022-07-11 12:00:00,Italy,North Italy,IT-NO,230.49,296.48,53.92,44.64,entsoe.eu,false,
2022-07-11 13:00:00,Italy,North Italy,IT-NO,232.41,298.5,53.63,43.41,entsoe.eu,false,
2022-07-11 14:00:00,Italy,North Italy,IT-NO,240.5,307.17,52.19,41.27,entsoe.eu,false,
2022-07-11 15:00:00,Italy,North Italy,IT-NO,247.52,316.4,50.84,40.64,entsoe.eu,false,
2022-07-11 16:00:00,Italy,North Italy,IT-NO,257.41,326.26,49.77,41.31,entsoe.eu,false,
2022-07-11 17:00:00,Italy,North Italy,IT-NO,258.68,324.4,51.78,45.22,entsoe.eu,false,
2022-07-11 18:00:00,Italy,North Italy,IT-NO,268.46,334.54,50.77,44.87,entsoe.eu,false,
2022-07-11 19:00:00,Italy,North Italy,IT-NO,276.35,344.49,48.98,42.09,entsoe.eu,false,
2022-07-11 20:00:00,Italy,North Italy,IT-NO,283.08,357.09,44.1,36.94,entsoe.eu,false,
2022-07-11 21:00:00,Italy,North Italy,IT-NO,314.86,396.09,37.05,29.97,entsoe.eu,false,
2022-07-11 22:00:00,Italy,North Italy,IT-NO,301.49,379.61,39.61,26.59,entsoe.eu,false,
2022-07-11 23:00:00,Italy,North Italy,IT-NO,299.3,374.29,40.71,25.53,entsoe.eu,false,
2022-07-12 00:00:00,Italy,North Italy,IT-NO,301.24,376.11,40.89,25.15,entsoe.eu,false,
2022-07-12 01:00:00,Italy,North Italy,IT-NO,285.04,354.23,45.33,26.14,entsoe.eu,false,
2022-07-12 02:00:00,Italy,North Italy,IT-NO,276.96,345.81,46.88,27.55,entsoe.eu,false,
2022-07-12 03:00:00,Italy,North Italy,IT-NO,289.92,364.79,42.25,28.74,entsoe.eu,false,
2022-07-12 04:00:00,Italy,North Italy,IT-NO,307.11,390.15,36.67,28.19,entsoe.eu,false,
2022-07-12 05:00:00,Italy,North Italy,IT-NO,296.08,372.32,41.44,35.01,entsoe.eu,false,
2022-07-12 06:00:00,Italy,North Italy,IT-NO,270.05,339.38,48.33,41.68,entsoe.eu,false,
2022-07-12 07:00:00,Italy,North Italy,IT-NO,269.57,339.8,47.93,40.64,entsoe.eu,false,
2022-07-12 08:00:00,Italy,North Italy,IT-NO,266.0,336.43,48.68,41.13,entsoe.eu,false,
2022-07-12 09:00:00,Italy,North Italy,IT-NO,255.92,325.54,49.97,42.46,entsoe.eu,false,
2022-07-12 10:00:00,Italy,North Italy,IT-NO,254.3,326.31,48.55,42.31,entsoe.eu,false,
2022-07-12 11:00:00,Italy,North Italy,IT-NO,251.02,321.81,49.07,42.84,entsoe.eu,false,
2022-07-12 12:00:00,Italy,North Italy,IT-NO,243.49,313.09,50.69,43.01,entsoe.eu,false,
2022-07-12 13:00:00,Italy,North Italy,IT-NO,246.3,315.28,50.42,42.05,entsoe.eu,false,
2022-07-12 14:00:00,Italy,North Italy,IT-NO,250.72,321.05,49.32,40.92,entsoe.eu,false,
2022-07-12 15:00:00,Italy,North Italy,IT-NO,258.16,328.79,48.84,40.46,entsoe.eu,false,
2022-07-12 16:00:00,Italy,North Italy,IT-NO,271.8,341.97,47.92,40.64,entsoe.eu,false,
2022-07-12 17:00:00,Italy,North Italy,IT-NO,272.88,341.55,48.76,42.47,entsoe.eu,false,
2022-07-12 18:00:00,Italy,North Italy,IT-NO,270.21,341.28,46.76,39.27,entsoe.eu,false,
2022-07-12 19:00:00,Italy,North Italy,IT-NO,277.17,350.56,44.8,35.82,entsoe.eu,false,
2022-07-12 20:00:00,Italy,North Italy,IT-NO,301.33,380.96,38.72,31.29,entsoe.eu,false,
2022-07-12 21:00:00,Italy,North Italy,IT-NO,323.12,406.99,34.06,26.88,entsoe.eu,false,
2022-07-12 22:00:00,Italy,North Italy,IT-NO,308.91,388.04,38.17,26.09,entsoe.eu,false,
2022-07-12 23:00:00,Italy,North Italy,IT-NO,294.96,368.67,42.79,27.26,entsoe.eu,false,
2022-07-13 00:00:00,Italy,North Italy,IT-NO,289.75,361.44,44.16,26.11,entsoe.eu,false,
2022-07-13 01:00:00,Italy,North Italy,IT-NO,285.33,356.62,44.8,25.92,entsoe.eu,false,
2022-07-13 02:00:00,Italy,North Italy,IT-NO,285.97,357.48,44.79,25.85,entsoe.eu,false,
2022-07-13 03:00:00,Italy,North Italy,IT-NO,287.2,361.56,43.51,26.89,entsoe.eu,false,
2022-07-13 04:00:00,Italy,North Italy,IT-NO,306.09,386.88,37.35,26.78,entsoe.eu,false,
2022-07-13 05:00:00,Italy,North Italy,IT-NO,299.63,378.18,39.54,32.44,entsoe.eu,false,
2022-07-13 06:00:00,Italy,North Italy,IT-NO,268.01,338.53,47.56,40.58,entsoe.eu,false,
2022-07-13 07:00:00,Italy,North Italy,IT-NO,255.62,325.36,49.14,42.87,entsoe.eu,false,
2022-07-13 08:00:00,Italy,North Italy,IT-NO,254.64,324.76,48.71,42.52,entsoe.eu,false,
2022-07-13 09:00:00,Italy,North Italy,IT-NO,254.72,325.2,48.52,43.13,entsoe.eu,false,
2022-07-13 10:00:00,Italy,North Italy,IT-NO,254.61,326.93,47.82,43.05,entsoe.eu,false,
2022-07-13 11:00:00,Italy,North Italy,IT-NO,249.29,320.19,49.23,43.67,entsoe.eu,false,
2022-07-13 12:00:00,Italy,North Italy,IT-NO,243.44,313.05,50.4,43.87,entsoe.eu,false,
2022-07-13 13:00:00,Italy,North Italy,IT-NO,238.29,306.42,51.43,43.56,entsoe.eu,false,
2022-07-13 14:00:00,Italy,North Italy,IT-NO,241.53,309.35,51.3,42.86,entsoe.eu,false,
2022-07-13 15:00:00,Italy,North Italy,IT-NO,254.03,322.64,49.89,41.8,entsoe.eu,false,
2022-07-13 16:00:00,Italy,North Italy,IT-NO,259.72,328.3,49.23,41.34,entsoe.eu,false,
2022-07-13 17:00:00,Italy,North Italy,IT-NO,271.88,341.03,47.4,39.9,entsoe.eu,false,
2022-07-13 18:00:00,Italy,North Italy,IT-NO,282.9,356.23,44.37,37.03,entsoe.eu,false,
2022-07-13 19:00:00,Italy,North Italy,IT-NO,288.14,364.36,42.11,34.37,entsoe.eu,false,
2022-07-13 20:00:00,Italy,North Italy,IT-NO,304.1,383.81,38.59,31.87,entsoe.eu,false,
2022-07-13 21:00:00,Italy,North Italy,IT-NO,319.75,403.49,34.42,28.18,entsoe.eu,false,
2022-07-13 22:00:00,Italy,North Italy,IT-NO,300.4,379.92,38.31,27.96,entsoe.eu,false,
2022-07-13 23:00:00,Italy,North Italy,IT-NO,301.7,379.28,39.19,25.44,entsoe.eu,false,
2022-07-14 00:00:00,Italy,North Italy,IT-NO,307.22,385.08,38.97,24.48,entsoe.eu,false,
2022-07-14 01:00:00,Italy,North Italy,IT-NO,307.24,384.3,39.13,23.96,entsoe.eu,false,
2022-07-14 02:00:00,Italy,North Italy,IT-NO,301.61,378.91,39.43,23.31,entsoe.eu,false,
2022-07-14 03:00:00,Italy,North Italy,IT-NO,297.7,376.15,39.14,23.34,entsoe.eu,false,
2022-07-14 04:00:00,Italy,North Italy,IT-NO,293.3,371.96,39.13,25.77,entsoe.eu,false,
2022-07-14 05:00:00,Italy,North Italy,IT-NO,277.56,353.4,42.3,30.5,entsoe.eu,false,
2022-07-14 06:00:00,Italy,North Italy,IT-NO,260.73,332.2,46.49,35.9,entsoe.eu,false,
2022-07-14 07:00:00,Italy,North Italy,IT-NO,260.76,331.28,47.85,38.02,entsoe.eu,false,
2022-07-14 08:00:00,Italy,North Italy,IT-NO,253.61,323.04,49.47,39.72,entsoe.eu,false,
2022-07-14 09:00:00,Italy,North Italy,IT-NO,246.12,314.71,51.18,42.13,entsoe.eu,false,
2022-07-14 10:00:00,Italy,North Italy,IT-NO,243.14,313.32,50.3,41.86,entsoe.eu,false,
2022-07-14 11:00:00,Italy,North Italy,IT-NO,237.51,306.73,51.53,42.34,entsoe.eu,false,
2022-07-14 12:00:00,Italy,North Italy,IT-NO,239.76,308.66,51.15,41.01,entsoe.eu,false,
2022-07-14 13:00:00,Italy,North Italy,IT-NO,246.07,315.14,50.65,40.42,entsoe.eu,false,
2022-07-14 14:00:00,Italy,North Italy,IT-NO,250.24,318.67,50.65,40.34,entsoe.eu,false,
2022-07-14 15:00:00,Italy,North Italy,IT-NO,260.17,330.09,49.16,39.06,entsoe.eu,false,
2022-07-14 16:00:00,Italy,North Italy,IT-NO,260.62,329.93,48.92,38.82,entsoe.eu,false,
2022-07-14 17:00:00,Italy,North Italy,IT-NO,264.45,333.05,48.94,39.39,entsoe.eu,false,
2022-07-14 18:00:00,Italy,North Italy,IT-NO,271.66,342.48,47.23,37.76,entsoe.eu,false,
2022-07-14 19:00:00,Italy,North Italy,IT-NO,278.11,350.49,45.26,35.26,entsoe.eu,false,
2022-07-14 20:00:00,Italy,North Italy,IT-NO,278.48,352.06,44.17,33.83,entsoe.eu,false,
2022-07-14 21:00:00,Italy,North Italy,IT-NO,295.61,371.18,40.68,29.26,entsoe.eu,false,
2022-07-14 22:00:00,Italy,North Italy,IT-NO,281.47,353.3,44.57,29.35,entsoe.eu,false,
2022-07-14 23:00:00,Italy,North Italy,IT-NO,285.11,358.41,43.92,27.96,entsoe.eu,false,
2022-07-15 00:00:00,Italy,North Italy,IT-NO,293.57,366.69,42.85,25.89,entsoe.eu,false,
2022-07-15 01:00:00,Italy,North Italy,IT-NO,289.66,361.22,44.03,25.49,entsoe.eu,false,
2022-07-15 02:00:00,Italy,North Italy,IT-NO,289.23,360.46,44.18,24.17,entsoe.eu,false,
2022-07-15 03:00:00,Italy,North Italy,IT-NO,290.73,364.07,42.83,25.03,entsoe.eu,false,
2022-07-15 04:00:00,Italy,North Italy,IT-NO,283.64,357.93,42.59,27.58,entsoe.eu,false,
2022-07-15 05:00:00,Italy,North Italy,IT-NO,272.74,345.3,45.38,34.75,entsoe.eu,false,
2022-07-15 06:00:00,Italy,North Italy,IT-NO,259.58,326.54,50.69,41.26,entsoe.eu,false,
2022-07-15 07:00:00,Italy,North Italy,IT-NO,245.44,311.98,52.68,42.67,entsoe.eu,false,
2022-07-15 08:00:00,Italy,North Italy,IT-NO,240.77,308.06,52.4,42.7,entsoe.eu,false,
2022-07-15 09:00:00,Italy,North Italy,IT-NO,238.76,305.87,52.53,43.69,entsoe.eu,false,
2022-07-15 10:00:00,Italy,North Italy,IT-NO,237.44,305.56,51.89,44.12,entsoe.eu,false,
2022-07-15 11:00:00,Italy,North Italy,IT-NO,236.77,304.6,52.43,44.03,entsoe.eu,false,
2022-07-15 12:00:00,Italy,North Italy,IT-NO,236.69,303.05,53.44,44.67,entsoe.eu,false,
2022-07-15 13:00:00,Italy,North Italy,IT-NO,238.1,304.64,53.16,43.95,entsoe.eu,false,
2022-07-15 14:00:00,Italy,North Italy,IT-NO,241.5,307.88,52.81,42.97,entsoe.eu,false,
2022-07-15 15:00:00,Italy,North Italy,IT-NO,246.49,312.67,52.43,42.92,entsoe.eu,false,
2022-07-15 16:00:00,Italy,North Italy,IT-NO,256.06,321.12,51.98,41.8,entsoe.eu,false,
2022-07-15 17:00:00,Italy,North Italy,IT-NO,258.89,323.86,51.86,42.35,entsoe.eu,false,
2022-07-15 18:00:00,Italy,North Italy,IT-NO,260.45,326.04,51.19,41.79,entsoe.eu,false,
2022-07-15 19:00:00,Italy,North Italy,IT-NO,265.51,332.71,49.64,39.65,entsoe.eu,false,
2022-07-15 20:00:00,Italy,North Italy,IT-NO,269.55,340.16,46.81,35.96,entsoe.eu,false,
2022-07-15 21:00:00,Italy,North Italy,IT-NO,282.04,356.23,43.36,31.92,entsoe.eu,false,
2022-07-15 22:00:00,Italy,North Italy,IT-NO,265.19,331.38,50.61,36.99,entsoe.eu,false,
2022-07-15 23:00:00,Italy,North Italy,IT-NO,276.27,345.71,47.31,31.74,entsoe.eu,false,
2022-07-16 00:00:00,Italy,North Italy,IT-NO,285.16,356.73,46.0,29.32,entsoe.eu,false,
2022-07-16 01:00:00,Italy,North Italy,IT-NO,280.21,349.28,46.82,27.8,entsoe.eu,false,
2022-07-16 02:00:00,Italy,North Italy,IT-NO,276.86,346.22,48.0,28.46,entsoe.eu,false,
2022-07-16 03:00:00,Italy,North Italy,IT-NO,275.43,342.94,48.27,28.64,entsoe.eu,false,
2022-07-16 04:00:00,Italy,North Italy,IT-NO,267.26,334.87,49.36,30.24,entsoe.eu,false,
2022-07-16 05:00:00,Italy,North Italy,IT-NO,255.55,321.08,52.05,37.64,entsoe.eu,false,
2022-07-16 06:00:00,Italy,North Italy,IT-NO,232.8,295.51,56.11,43.94,entsoe.eu,false,
2022-07-16 07:00:00,Italy,North Italy,IT-NO,218.08,280.16,57.94,46.59,entsoe.eu,false,
2022-07-16 08:00:00,Italy,North Italy,IT-NO,203.38,263.07,60.9,48.64,entsoe.eu,false,
2022-07-16 09:00:00,Italy,North Italy,IT-NO,193.76,251.9,63.04,50.71,entsoe.eu,false,
2022-07-16 10:00:00,Italy,North Italy,IT-NO,181.17,236.86,66.05,54.13,entsoe.eu,false,
2022-07-16 11:00:00,Italy,North Italy,IT-NO,176.8,231.6,67.05,54.48,entsoe.eu,false,
2022-07-16 12:00:00,Italy,North Italy,IT-NO,174.69,228.99,67.63,54.69,entsoe.eu,false,
2022-07-16 13:00:00,Italy,North Italy,IT-NO,186.25,242.39,64.95,51.74,entsoe.eu,false,
2022-07-16 14:00:00,Italy,North Italy,IT-NO,206.7,266.96,60.23,47.48,entsoe.eu,false,
2022-07-16 15:00:00,Italy,North Italy,IT-NO,217.48,279.05,58.16,44.0,entsoe.eu,false,
2022-07-16 16:00:00,Italy,North Italy,IT-NO,238.79,300.61,56.58,44.07,entsoe.eu,false,
2022-07-16 17:00:00,Italy,North Italy,IT-NO,241.91,300.35,58.6,48.44,entsoe.eu,false,
2022-07-16 18:00:00,Italy,North Italy,IT-NO,245.27,304.82,57.53,47.02,entsoe.eu,false,
2022-07-16 19:00:00,Italy,North Italy,IT-NO,245.38,306.34,56.62,45.39,entsoe.eu,false,
2022-07-16 20:00:00,Italy,North Italy,IT-NO,253.04,316.53,53.58,41.04,entsoe.eu,false,
2022-07-16 21:00:00,Italy,North Italy,IT-NO,263.98,329.81,51.08,37.98,entsoe.eu,false,
2022-07-16 22:00:00,Italy,North Italy,IT-NO,261.23,324.97,50.91,35.33,entsoe.eu,false,
2022-07-16 23:00:00,Italy,North Italy,IT-NO,273.88,339.14,48.78,32.43,entsoe.eu,false,
2022-07-17 00:00:00,Italy,North Italy,IT-NO,270.54,336.76,49.09,31.38,entsoe.eu,false,
2022-07-17 01:00:00,Italy,North Italy,IT-NO,265.57,331.31,50.43,31.34,entsoe.eu,false,
2022-07-17 02:00:00,Italy,North Italy,IT-NO,261.15,325.0,51.33,31.06,entsoe.eu,false,
2022-07-17 03:00:00,Italy,North Italy,IT-NO,255.62,317.51,52.86,33.57,entsoe.eu,false,
2022-07-17 04:00:00,Italy,North Italy,IT-NO,256.76,321.01,52.57,32.51,entsoe.eu,false,
2022-07-17 05:00:00,Italy,North Italy,IT-NO,243.54,302.42,55.72,37.11,entsoe.eu,false,
2022-07-17 06:00:00,Italy,North Italy,IT-NO,214.62,270.28,61.71,44.82,entsoe.eu,false,
2022-07-17 07:00:00,Italy,North Italy,IT-NO,195.99,249.92,65.06,50.19,entsoe.eu,false,
2022-07-17 08:00:00,Italy,North Italy,IT-NO,178.22,230.32,68.4,55.59,entsoe.eu,false,
2022-07-17 09:00:00,Italy,North Italy,IT-NO,170.67,222.52,69.49,57.28,entsoe.eu,false,
2022-07-17 10:00:00,Italy,North Italy,IT-NO,167.88,220.42,69.45,59.31,entsoe.eu,false,
2022-07-17 11:00:00,Italy,North Italy,IT-NO,163.5,215.89,70.15,59.83,entsoe.eu,false,
2022-07-17 12:00:00,Italy,North Italy,IT-NO,164.38,216.53,70.39,59.9,entsoe.eu,false,
2022-07-17 13:00:00,Italy,North Italy,IT-NO,176.12,230.12,68.22,57.29,entsoe.eu,false,
2022-07-17 14:00:00,Italy,North Italy,IT-NO,194.95,251.63,64.77,52.87,entsoe.eu,false,
2022-07-17 15:00:00,Italy,North Italy,IT-NO,221.59,282.65,59.21,46.92,entsoe.eu,false,
2022-07-17 16:00:00,Italy,North Italy,IT-NO,235.34,299.59,55.45,43.69,entsoe.eu,false,
2022-07-17 17:00:00,Italy,North Italy,IT-NO,231.18,291.43,56.82,47.53,entsoe.eu,false,
2022-07-17 18:00:00,Italy,North Italy,IT-NO,232.66,293.43,56.37,47.49,entsoe.eu,false,
2022-07-17 19:00:00,Italy,North Italy,IT-NO,228.3,288.17,56.98,46.77,entsoe.eu,false,
2022-07-17 20:00:00,Italy,North Italy,IT-NO,243.43,303.85,55.28,45.15,entsoe.eu,false,
2022-07-17 21:00:00,Italy,North Italy,IT-NO,258.05,323.43,49.81,38.89,entsoe.eu,false,
2022-07-17 22:00:00,Italy,North Italy,IT-NO,273.14,341.8,46.43,33.09,entsoe.eu,false,
2022-07-17 23:00:00,Italy,North Italy,IT-NO,290.56,362.61,43.46,28.45,entsoe.eu,false,
2022-07-18 00:00:00,Italy,North Italy,IT-NO,284.73,355.53,45.54,28.11,entsoe.eu,false,
2022-07-18 01:00:00,Italy,North Italy,IT-NO,281.82,351.76,46.69,27.79,entsoe.eu,false,
2022-07-18 02:00:00,Italy,North Italy,IT-NO,282.53,352.75,46.32,26.68,entsoe.eu,false,
2022-07-18 03:00:00,Italy,North Italy,IT-NO,290.54,362.29,43.82,26.7,entsoe.eu,false,
2022-07-18 04:00:00,Italy,North Italy,IT-NO,311.85,392.1,36.63,27.14,entsoe.eu,false,
2022-07-18 05:00:00,Italy,North Italy,IT-NO,305.89,386.59,37.05,29.46,entsoe.eu,false,
2022-07-18 06:00:00,Italy,North Italy,IT-NO,280.9,356.21,42.74,35.3,entsoe.eu,false,
2022-07-18 07:00:00,Italy,North Italy,IT-NO,272.53,344.98,45.55,38.51,entsoe.eu,false,
2022-07-18 08:00:00,Italy,North Italy,IT-NO,268.01,340.83,46.21,40.15,entsoe.eu,false,
2022-07-18 09:00:00,Italy,North Italy,IT-NO,265.63,336.82,47.82,43.38,entsoe.eu,false,
2022-07-18 10:00:00,Italy,North Italy,IT-NO,262.93,337.29,45.74,41.75,entsoe.eu,false,
2022-07-18 11:00:00,Italy,North Italy,IT-NO,259.05,333.0,45.95,41.49,entsoe.eu,false,
2022-07-18 12:00:00,Italy,North Italy,IT-NO,251.62,323.87,47.46,41.7,entsoe.eu,false,
2022-07-18 13:00:00,Italy,North Italy,IT-NO,252.43,322.81,48.89,42.95,entsoe.eu,false,
2022-07-18 14:00:00,Italy,North Italy,IT-NO,263.47,335.75,46.94,40.7,entsoe.eu,false,
2022-07-18 15:00:00,Italy,North Italy,IT-NO,285.17,360.62,42.61,38.03,entsoe.eu,false,
2022-07-18 16:00:00,Italy,North Italy,IT-NO,287.35,357.98,46.15,42.51,entsoe.eu,false,
2022-07-18 17:00:00,Italy,North Italy,IT-NO,295.81,363.33,47.81,45.35,entsoe.eu,false,
2022-07-18 18:00:00,Italy,North Italy,IT-NO,308.02,376.81,46.15,44.18,entsoe.eu,false,
2022-07-18 19:00:00,Italy,North Italy,IT-NO,309.89,382.86,43.35,40.76,entsoe.eu,false,
2022-07-18 20:00:00,Italy,North Italy,IT-NO,307.95,387.04,38.56,34.67,entsoe.eu,false,
2022-07-18 21:00:00,Italy,North Italy,IT-NO,320.85,402.53,35.2,30.49,entsoe.eu,false,
2022-07-18 22:00:00,Italy,North Italy,IT-NO,335.62,420.57,31.55,24.85,entsoe.eu,false,
2022-07-18 23:00:00,Italy,North Italy,IT-NO,320.69,402.12,36.22,24.83,entsoe.eu,false,
2022-07-19 00:00:00,Italy,North Italy,IT-NO,308.46,383.94,39.78,24.97,entsoe.eu,false,
2022-07-19 01:00:00,Italy,North Italy,IT-NO,302.91,379.12,40.3,23.76,entsoe.eu,false,
2022-07-19 02:00:00,Italy,North Italy,IT-NO,298.03,374.28,40.59,23.65,entsoe.eu,false,
2022-07-19 03:00:00,Italy,North Italy,IT-NO,302.93,380.73,39.28,25.69,entsoe.eu,false,
2022-07-19 04:00:00,Italy,North Italy,IT-NO,327.74,411.95,33.65,26.67,entsoe.eu,false,
2022-07-19 05:00:00,Italy,North Italy,IT-NO,311.95,393.86,36.02,30.1,entsoe.eu,false,
2022-07-19 06:00:00,Italy,North Italy,IT-NO,286.61,362.62,41.82,36.1,entsoe.eu,false,
2022-07-19 07:00:00,Italy,North Italy,IT-NO,272.93,346.75,44.71,38.77,entsoe.eu,false,
2022-07-19 08:00:00,Italy,North Italy,IT-NO,265.19,337.93,46.06,40.38,entsoe.eu,false,
2022-07-19 09:00:00,Italy,North Italy,IT-NO,259.67,330.81,48.03,42.99,entsoe.eu,false,
2022-07-19 10:00:00,Italy,North Italy,IT-NO,260.61,334.27,46.14,42.01,entsoe.eu,false,
2022-07-19 11:00:00,Italy,North Italy,IT-NO,248.38,320.79,48.34,43.86,entsoe.eu,false,
2022-07-19 12:00:00,Italy,North Italy,IT-NO,241.51,313.22,49.76,44.65,entsoe.eu,false,
2022-07-19 13:00:00,Italy,North Italy,IT-NO,242.76,313.47,50.45,44.73,entsoe.eu,false,
2022-07-19 14:00:00,Italy,North Italy,IT-NO,249.79,320.97,49.61,43.98,entsoe.eu,false,
2022-07-19 15:00:00,Italy,North Italy,IT-NO,263.48,334.47,48.69,43.2,entsoe.eu,false,
2022-07-19 16:00:00,Italy,North Italy,IT-NO,285.92,357.19,46.94,42.89,entsoe.eu,false,
2022-07-19 17:00:00,Italy,North Italy,IT-NO,300.46,371.91,45.76,44.11,entsoe.eu,false,
2022-07-19 18:00:00,Italy,North Italy,IT-NO,285.7,360.59,43.6,40.24,entsoe.eu,false,
2022-07-19 19:00:00,Italy,North Italy,IT-NO,284.14,360.59,42.57,37.43,entsoe.eu,false,
2022-07-19 20:00:00,Italy,North Italy,IT-NO,304.1,386.17,37.02,32.53,entsoe.eu,false,
2022-07-19 21:00:00,Italy,North Italy,IT-NO,324.39,409.32,32.58,28.45,entsoe.eu,false,
2022-07-19 22:00:00,Italy,North Italy,IT-NO,320.79,405.63,33.86,25.12,entsoe.eu,false,
2022-07-19 23:00:00,Italy,North Italy,IT-NO,315.53,400.07,34.83,25.04,entsoe.eu,false,
2022-07-20 00:00:00,Italy,North Italy,IT-NO,322.77,408.88,33.49,23.73,entsoe.eu,false,
2022-07-20 01:00:00,Italy,North Italy,IT-NO,311.39,393.59,37.04,24.85,entsoe.eu,false,
2022-07-20 02:00:00,Italy,North Italy,IT-NO,316.58,399.57,35.93,23.66,entsoe.eu,false,
2022-07-20 03:00:00,Italy,North Italy,IT-NO,317.51,400.72,35.51,25.15,entsoe.eu,false,
2022-07-20 04:00:00,Italy,North Italy,IT-NO,327.3,413.86,32.06,25.4,entsoe.eu,false,
2022-07-20 05:00:00,Italy,North Italy,IT-NO,310.39,393.43,35.13,29.92,entsoe.eu,false,
2022-07-20 06:00:00,Italy,North Italy,IT-NO,303.81,379.61,41.72,39.45,entsoe.eu,false,
2022-07-20 07:00:00,Italy,North Italy,IT-NO,291.08,364.16,44.76,42.84,entsoe.eu,false,
2022-07-20 08:00:00,Italy,North Italy,IT-NO,268.98,340.75,46.86,43.87,entsoe.eu,false,
2022-07-20 09:00:00,Italy,North Italy,IT-NO,258.33,329.4,48.3,45.13,entsoe.eu,false,
2022-07-20 10:00:00,Italy,North Italy,IT-NO,262.94,334.72,47.42,44.96,entsoe.eu,false,
2022-07-20 11:00:00,Italy,North Italy,IT-NO,252.51,324.33,47.74,44.0,entsoe.eu,false,
2022-07-20 12:00:00,Italy,North Italy,IT-NO,250.01,320.62,48.91,44.56,entsoe.eu,false,
2022-07-20 13:00:00,Italy,North Italy,IT-NO,260.94,330.05,49.85,45.78,entsoe.eu,false,
2022-07-20 14:00:00,Italy,North Italy,IT-NO,262.71,331.3,50.15,44.99,entsoe.eu,false,
2022-07-20 15:00:00,Italy,North Italy,IT-NO,263.1,331.16,50.68,45.73,entsoe.eu,false,
2022-07-20 16:00:00,Italy,North Italy,IT-NO,264.29,332.21,50.34,44.59,entsoe.eu,false,
2022-07-20 17:00:00,Italy,North Italy,IT-NO,270.24,338.04,49.8,45.26,entsoe.eu,false,
2022-07-20 18:00:00,Italy,North Italy,IT-NO,274.46,344.45,47.97,42.76,entsoe.eu,false,
2022-07-20 19:00:00,Italy,North Italy,IT-NO,271.84,345.68,44.94,38.31,entsoe.eu,false,
2022-07-20 20:00:00,Italy,North Italy,IT-NO,285.17,363.93,40.83,35.09,entsoe.eu,false,
2022-07-20 21:00:00,Italy,North Italy,IT-NO,300.17,381.47,38.33,31.97,entsoe.eu,false,
2022-07-20 22:00:00,Italy,North Italy,IT-NO,314.82,401.07,34.29,26.84,entsoe.eu,false,
2022-07-20 23:00:00,Italy,North Italy,IT-NO,317.11,402.98,34.85,25.57,entsoe.eu,false,
2022-07-21 00:00:00,Italy,North Italy,IT-NO,306.51,389.31,38.02,26.74,entsoe.eu,false,
2022-07-21 01:00:00,Italy,North Italy,IT-NO,304.69,386.1,38.73,24.49,entsoe.eu,false,
2022-07-21 02:00:00,Italy,North Italy,IT-NO,300.54,381.26,39.17,24.38,entsoe.eu,false,
2022-07-21 03:00:00,Italy,North Italy,IT-NO,304.15,386.03,37.81,24.83,entsoe.eu,false,
2022-07-21 04:00:00,Italy,North Italy,IT-NO,294.85,376.67,38.45,28.35,entsoe.eu,false,
2022-07-21 05:00:00,Italy,North Italy,IT-NO,295.13,377.42,37.83,30.87,entsoe.eu,false,
2022-07-21 06:00:00,Italy,North Italy,IT-NO,281.49,357.08,43.93,38.1,entsoe.eu,false,
2022-07-21 07:00:00,Italy,North Italy,IT-NO,271.82,344.69,46.52,41.77,entsoe.eu,false,
2022-07-21 08:00:00,Italy,North Italy,IT-NO,252.5,323.51,48.47,42.49,entsoe.eu,false,
2022-07-21 09:00:00,Italy,North Italy,IT-NO,247.39,317.95,49.34,43.26,entsoe.eu,false,
2022-07-21 10:00:00,Italy,North Italy,IT-NO,239.3,310.18,50.03,43.52,entsoe.eu,false,
2022-07-21 11:00:00,Italy,North Italy,IT-NO,236.0,304.78,51.21,44.06,entsoe.eu,false,
2022-07-21 12:00:00,Italy,North Italy,IT-NO,236.22,304.26,52.1,46.25,entsoe.eu,false,
2022-07-21 13:00:00,Italy,North Italy,IT-NO,236.93,303.36,52.94,46.56,entsoe.eu,false,
2022-07-21 14:00:00,Italy,North Italy,IT-NO,239.74,306.23,52.36,45.27,entsoe.eu,false,
2022-07-21 15:00:00,Italy,North Italy,IT-NO,242.7,309.16,52.06,45.15,entsoe.eu,false,
2022-07-21 16:00:00,Italy,North Italy,IT-NO,267.59,332.73,51.91,46.0,entsoe.eu,false,
2022-07-21 17:00:00,Italy,North Italy,IT-NO,283.6,348.13,51.55,47.91,entsoe.eu,false,
2022-07-21 18:00:00,Italy,North Italy,IT-NO,283.64,349.8,50.45,46.51,entsoe.eu,false,
2022-07-21 19:00:00,Italy,North Italy,IT-NO,282.94,350.91,49.0,43.22,entsoe.eu,false,
2022-07-21 20:00:00,Italy,North Italy,IT-NO,295.7,368.11,45.12,40.41,entsoe.eu,false,
2022-07-21 21:00:00,Italy,North Italy,IT-NO,296.81,374.65,40.67,35.0,entsoe.eu,false,
2022-07-21 22:00:00,Italy,North Italy,IT-NO,318.83,403.82,34.07,25.26,entsoe.eu,false,
2022-07-21 23:00:00,Italy,North Italy,IT-NO,323.22,407.3,33.75,23.22,entsoe.eu,false,
2022-07-22 00:00:00,Italy,North Italy,IT-NO,333.08,417.47,32.79,22.94,entsoe.eu,false,
2022-07-22 01:00:00,Italy,North Italy,IT-NO,336.78,423.69,30.98,21.72,entsoe.eu,false,
2022-07-22 02:00:00,Italy,North Italy,IT-NO,335.07,421.36,31.66,21.82,entsoe.eu,false,
2022-07-22 03:00:00,Italy,North Italy,IT-NO,324.18,409.26,33.33,24.82,entsoe.eu,false,
2022-07-22 04:00:00,Italy,North Italy,IT-NO,310.14,393.51,35.06,27.07,entsoe.eu,false,
2022-07-22 05:00:00,Italy,North Italy,IT-NO,284.83,363.47,40.06,32.63,entsoe.eu,false,
2022-07-22 06:00:00,Italy,North Italy,IT-NO,264.27,336.56,46.12,39.75,entsoe.eu,false,
2022-07-22 07:00:00,Italy,North Italy,IT-NO,254.34,320.86,51.42,45.97,entsoe.eu,false,
2022-07-22 08:00:00,Italy,North Italy,IT-NO,245.65,311.83,52.36,47.24,entsoe.eu,false,
2022-07-22 09:00:00,Italy,North Italy,IT-NO,241.23,308.64,52.45,47.89,entsoe.eu,false,
2022-07-22 10:00:00,Italy,North Italy,IT-NO,236.5,305.21,52.21,47.9,entsoe.eu,false,
2022-07-22 11:00:00,Italy,North Italy,IT-NO,232.61,300.69,52.91,48.48,entsoe.eu,false,
2022-07-22 12:00:00,Italy,North Italy,IT-NO,232.12,296.98,55.22,50.95,entsoe.eu,false,
2022-07-22 13:00:00,Italy,North Italy,IT-NO,231.8,296.5,55.44,49.96,entsoe.eu,false,
2022-07-22 14:00:00,Italy,North Italy,IT-NO,241.14,305.45,55.08,49.38,entsoe.eu,false,
2022-07-22 15:00:00,Italy,North Italy,IT-NO,250.5,315.56,54.11,48.85,entsoe.eu,false,
2022-07-22 16:00:00,Italy,North Italy,IT-NO,258.82,322.81,54.09,47.84,entsoe.eu,false,
2022-07-22 17:00:00,Italy,North Italy,IT-NO,260.58,323.13,54.72,48.51,entsoe.eu,false,
2022-07-22 18:00:00,Italy,North Italy,IT-NO,258.76,324.95,52.04,45.14,entsoe.eu,false,
2022-07-22 19:00:00,Italy,North Italy,IT-NO,263.4,334.22,48.3,40.99,entsoe.eu,false,
2022-07-22 20:00:00,Italy,North Italy,IT-NO,273.58,349.14,44.35,36.9,entsoe.eu,false,
2022-07-22 21:00:00,Italy,North Italy,IT-NO,295.35,375.12,40.02,33.18,entsoe.eu,false,
2022-07-22 22:00:00,Italy,North Italy,IT-NO,298.51,381.22,38.22,28.62,entsoe.eu,false,
2022-07-22 23:00:00,Italy,North Italy,IT-NO,306.38,390.48,36.68,24.92,entsoe.eu,false,
2022-07-23 00:00:00,Italy,North Italy,IT-NO,308.41,393.25,36.2,24.5,entsoe.eu,false,
2022-07-23 01:00:00,Italy,North Italy,IT-NO,315.13,400.97,35.14,23.09,entsoe.eu,false,
2022-07-23 02:00:00,Italy,North Italy,IT-NO,315.15,401.21,35.04,22.46,entsoe.eu,false,
2022-07-23 03:00:00,Italy,North Italy,IT-NO,309.27,394.5,35.85,23.01,entsoe.eu,false,
2022-07-23 04:00:00,Italy,North Italy,IT-NO,303.2,386.78,37.33,24.29,entsoe.eu,false,
2022-07-23 05:00:00,Italy,North Italy,IT-NO,295.16,378.18,38.08,28.63,entsoe.eu,false,
2022-07-23 06:00:00,Italy,North Italy,IT-NO,276.75,356.08,42.06,34.88,entsoe.eu,false,
2022-07-23 07:00:00,Italy,North Italy,IT-NO,260.65,335.48,46.2,38.49,entsoe.eu,false,
2022-07-23 08:00:00,Italy,North Italy,IT-NO,255.15,328.64,47.57,40.4,entsoe.eu,false,
2022-07-23 09:00:00,Italy,North Italy,IT-NO,249.51,322.01,48.91,42.31,entsoe.eu,false,
2022-07-23 10:00:00,Italy,North Italy,IT-NO,245.53,317.2,49.59,42.7,entsoe.eu,false,
2022-07-23 11:00:00,Italy,North Italy,IT-NO,242.7,314.39,49.7,43.9,entsoe.eu,false,
2022-07-23 12:00:00,Italy,North Italy,IT-NO,241.81,312.97,50.13,43.16,entsoe.eu,false,
2022-07-23 13:00:00,Italy,North Italy,IT-NO,231.17,299.83,52.81,43.33,entsoe.eu,false,
2022-07-23 14:00:00,Italy,North Italy,IT-NO,233.28,302.62,52.37,41.81,entsoe.eu,false,
2022-07-23 15:00:00,Italy,North Italy,IT-NO,251.34,324.06,48.69,39.52,entsoe.eu,false,
2022-07-23 16:00:00,Italy,North Italy,IT-NO,257.86,332.12,46.35,39.63,entsoe.eu,false,
2022-07-23 17:00:00,Italy,North Italy,IT-NO,253.0,324.38,48.18,42.27,entsoe.eu,false,
2022-07-23 18:00:00,Italy,North Italy,IT-NO,256.28,327.47,48.16,42.43,entsoe.eu,false,
2022-07-23 19:00:00,Italy,North Italy,IT-NO,268.23,342.45,45.49,40.43,entsoe.eu,false,
2022-07-23 20:00:00,Italy,North Italy,IT-NO,288.85,368.91,39.81,33.69,entsoe.eu,false,
2022-07-23 21:00:00,Italy,North Italy,IT-NO,308.77,392.49,35.7,29.37,entsoe.eu,false,
2022-07-23 22:00:00,Italy,North Italy,IT-NO,264.33,337.6,46.62,32.8,entsoe.eu,false,
2022-07-23 23:00:00,Italy,North Italy,IT-NO,265.79,338.24,47.0,31.39,entsoe.eu,false,
2022-07-24 00:00:00,Italy,North Italy,IT-NO,264.85,335.99,47.3,30.61,entsoe.eu,false,
2022-07-24 01:00:00,Italy,North Italy,IT-NO,262.63,332.02,48.04,29.19,entsoe.eu,false,
2022-07-24 02:00:00,Italy,North Italy,IT-NO,263.22,331.76,48.38,29.34,entsoe.eu,false,
2022-07-24 03:00:00,Italy,North Italy,IT-NO,271.36,341.19,47.19,29.74,entsoe.eu,false,
2022-07-24 04:00:00,Italy,North Italy,IT-NO,258.23,327.97,49.99,32.08,entsoe.eu,false,
2022-07-24 05:00:00,Italy,North Italy,IT-NO,247.73,314.86,51.96,35.12,entsoe.eu,false,
2022-07-24 06:00:00,Italy,North Italy,IT-NO,221.36,283.73,57.9,44.15,entsoe.eu,false,
2022-07-24 07:00:00,Italy,North Italy,IT-NO,195.75,256.03,61.83,49.4,entsoe.eu,false,
2022-07-24 08:00:00,Italy,North Italy,IT-NO,185.2,244.66,63.65,52.51,entsoe.eu,false,
2022-07-24 09:00:00,Italy,North Italy,IT-NO,176.51,235.32,64.86,54.81,entsoe.eu,false,
2022-07-24 10:00:00,Italy,North Italy,IT-NO,181.14,242.41,62.99,54.91,entsoe.eu,false,
2022-07-24 11:00:00,Italy,North Italy,IT-NO,181.98,243.31,62.76,54.66,entsoe.eu,false,
2022-07-24 12:00:00,Italy,North Italy,IT-NO,187.41,249.81,61.56,53.69,entsoe.eu,false,
2022-07-24 13:00:00,Italy,North Italy,IT-NO,188.72,251.41,61.21,52.33,entsoe.eu,false,
2022-07-24 14:00:00,Italy,North Italy,IT-NO,197.92,261.34,59.76,50.37,entsoe.eu,false,
2022-07-24 15:00:00,Italy,North Italy,IT-NO,216.6,283.4,56.22,47.55,entsoe.eu,false,
2022-07-24 16:00:00,Italy,North Italy,IT-NO,236.14,305.41,52.14,43.86,entsoe.eu,false,
2022-07-24 17:00:00,Italy,North Italy,IT-NO,239.63,308.37,51.09,43.53,entsoe.eu,false,
2022-07-24 18:00:00,Italy,North Italy,IT-NO,253.42,323.42,49.84,42.16,entsoe.eu,false,
2022-07-24 19:00:00,Italy,North Italy,IT-NO,256.35,326.77,49.66,41.17,entsoe.eu,false,
2022-07-24 20:00:00,Italy,North Italy,IT-NO,262.15,335.24,46.97,39.12,entsoe.eu,false,
2022-07-24 21:00:00,Italy,North Italy,IT-NO,274.1,349.44,44.17,35.33,entsoe.eu,false,
2022-07-24 22:00:00,Italy,North Italy,IT-NO,267.18,339.61,47.15,34.33,entsoe.eu,false,
2022-07-24 23:00:00,Italy,North Italy,IT-NO,267.39,338.01,48.27,33.81,entsoe.eu,false,
2022-07-25 00:00:00,Italy,North Italy,IT-NO,264.51,335.41,48.61,33.59,entsoe.eu,false,
2022-07-25 01:00:00,Italy,North Italy,IT-NO,270.49,340.45,47.83,31.58,entsoe.eu,false,
2022-07-25 02:00:00,Italy,North Italy,IT-NO,272.25,342.15,47.54,30.67,entsoe.eu,false,
2022-07-25 03:00:00,Italy,North Italy,IT-NO,269.35,342.59,46.81,32.6,entsoe.eu,false,
2022-07-25 04:00:00,Italy,North Italy,IT-NO,277.23,354.24,43.13,31.53,entsoe.eu,false,
2022-07-25 05:00:00,Italy,North Italy,IT-NO,268.79,345.5,43.84,35.76,entsoe.eu,false,
2022-07-25 06:00:00,Italy,North Italy,IT-NO,253.99,323.08,50.13,42.65,entsoe.eu,false,
2022-07-25 07:00:00,Italy,North Italy,IT-NO,249.36,314.85,53.13,46.95,entsoe.eu,false,
2022-07-25 08:00:00,Italy,North Italy,IT-NO,240.22,303.86,55.41,49.8,entsoe.eu,false,
2022-07-25 09:00:00,Italy,North Italy,IT-NO,234.23,298.16,55.54,49.94,entsoe.eu,false,
2022-07-25 10:00:00,Italy,North Italy,IT-NO,232.66,299.06,53.78,48.56,entsoe.eu,false,
2022-07-25 11:00:00,Italy,North Italy,IT-NO,232.25,298.16,54.38,49.55,entsoe.eu,false,
2022-07-25 12:00:00,Italy,North Italy,IT-NO,238.51,301.55,56.18,51.19,entsoe.eu,false,
2022-07-25 13:00:00,Italy,North Italy,IT-NO,240.45,302.81,56.35,50.67,entsoe.eu,false,
2022-07-25 14:00:00,Italy,North Italy,IT-NO,244.52,307.53,55.53,49.46,entsoe.eu,false,
2022-07-25 15:00:00,Italy,North Italy,IT-NO,243.9,306.78,55.63,49.11,entsoe.eu,false,
2022-07-25 16:00:00,Italy,North Italy,IT-NO,245.46,308.36,55.7,49.17,entsoe.eu,false,
2022-07-25 17:00:00,Italy,North Italy,IT-NO,247.9,311.07,54.93,48.35,entsoe.eu,false,
2022-07-25 18:00:00,Italy,North Italy,IT-NO,251.69,316.16,53.76,46.88,entsoe.eu,false,
2022-07-25 19:00:00,Italy,North Italy,IT-NO,252.05,317.77,52.64,45.1,entsoe.eu,false,
2022-07-25 20:00:00,Italy,North Italy,IT-NO,261.91,333.78,47.58,39.85,entsoe.eu,false,
2022-07-25 21:00:00,Italy,North Italy,IT-NO,277.56,354.87,42.36,34.77,entsoe.eu,false,
2022-07-25 22:00:00,Italy,North Italy,IT-NO,299.67,381.62,38.02,29.07,entsoe.eu,false,
2022-07-25 23:00:00,Italy,North Italy,IT-NO,298.63,380.19,38.76,29.54,entsoe.eu,false,
2022-07-26 00:00:00,Italy,North Italy,IT-NO,301.13,382.07,39.03,29.29,entsoe.eu,false,
2022-07-26 01:00:00,Italy,North Italy,IT-NO,301.97,383.07,38.91,28.22,entsoe.eu,false,
2022-07-26 02:00:00,Italy,North Italy,IT-NO,294.12,371.98,41.2,29.57,entsoe.eu,false,
2022-07-26 03:00:00,Italy,North Italy,IT-NO,307.09,389.95,37.22,28.26,entsoe.eu,false,
2022-07-26 04:00:00,Italy,North Italy,IT-NO,307.56,391.49,35.85,29.17,entsoe.eu,false,
2022-07-26 05:00:00,Italy,North Italy,IT-NO,279.19,357.28,41.47,35.13,entsoe.eu,false,
2022-07-26 06:00:00,Italy,North Italy,IT-NO,271.6,343.49,47.22,41.75,entsoe.eu,false,
2022-07-26 07:00:00,Italy,North Italy,IT-NO,260.36,330.29,49.44,44.58,entsoe.eu,false,
2022-07-26 08:00:00,Italy,North Italy,IT-NO,240.36,310.76,50.01,43.94,entsoe.eu,false,
2022-07-26 09:00:00,Italy,North Italy,IT-NO,235.39,305.39,50.82,45.28,entsoe.eu,false,
2022-07-26 10:00:00,Italy,North Italy,IT-NO,239.54,310.76,50.22,45.59,entsoe.eu,false,
2022-07-26 11:00:00,Italy,North Italy,IT-NO,227.6,297.29,52.17,46.44,entsoe.eu,false,
2022-07-26 12:00:00,Italy,North Italy,IT-NO,227.24,296.09,52.42,46.89,entsoe.eu,false,
2022-07-26 13:00:00,Italy,North Italy,IT-NO,234.15,302.81,51.99,45.65,entsoe.eu,false,
2022-07-26 14:00:00,Italy,North Italy,IT-NO,234.92,301.34,53.41,46.59,entsoe.eu,false,
2022-07-26 15:00:00,Italy,North Italy,IT-NO,236.23,300.74,54.74,48.06,entsoe.eu,false,
2022-07-26 16:00:00,Italy,North Italy,IT-NO,248.09,314.02,52.8,46.9,entsoe.eu,false,
2022-07-26 17:00:00,Italy,North Italy,IT-NO,263.68,328.82,52.64,46.94,entsoe.eu,false,
2022-07-26 18:00:00,Italy,North Italy,IT-NO,261.87,327.79,52.21,45.72,entsoe.eu,false,
2022-07-26 19:00:00,Italy,North Italy,IT-NO,252.88,321.93,49.9,42.23,entsoe.eu,false,
2022-07-26 20:00:00,Italy,North Italy,IT-NO,267.06,340.78,45.81,37.61,entsoe.eu,false,
2022-07-26 21:00:00,Italy,North Italy,IT-NO,301.58,383.47,37.75,32.49,entsoe.eu,false,
2022-07-26 22:00:00,Italy,North Italy,IT-NO,316.7,400.97,34.86,27.6,entsoe.eu,false,
2022-07-26 23:00:00,Italy,North Italy,IT-NO,303.32,382.88,38.81,28.99,entsoe.eu,false,
2022-07-27 00:00:00,Italy,North Italy,IT-NO,307.26,387.63,38.12,27.58,entsoe.eu,false,
2022-07-27 01:00:00,Italy,North Italy,IT-NO,298.87,376.14,40.71,27.68,entsoe.eu,false,
2022-07-27 02:00:00,Italy,North Italy,IT-NO,293.36,368.8,42.16,26.95,entsoe.eu,false,
2022-07-27 03:00:00,Italy,North Italy,IT-NO,306.7,388.17,37.95,26.04,entsoe.eu,false,
2022-07-27 04:00:00,Italy,North Italy,IT-NO,315.72,400.28,34.62,25.73,entsoe.eu,false,
2022-07-27 05:00:00,Italy,North Italy,IT-NO,295.18,374.66,39.22,31.82,entsoe.eu,false,
2022-07-27 06:00:00,Italy,North Italy,IT-NO,271.58,345.25,44.9,38.13,entsoe.eu,false,
2022-07-27 07:00:00,Italy,North Italy,IT-NO,264.28,335.7,46.89,40.27,entsoe.eu,false,
2022-07-27 08:00:00,Italy,North Italy,IT-NO,252.01,321.98,49.44,43.23,entsoe.eu,false,
2022-07-27 09:00:00,Italy,North Italy,IT-NO,238.16,305.73,52.11,46.03,entsoe.eu,false,
2022-07-27 10:00:00,Italy,North Italy,IT-NO,251.43,322.13,49.19,43.77,entsoe.eu,false,
2022-07-27 11:00:00,Italy,North Italy,IT-NO,249.84,318.88,49.89,44.37,entsoe.eu,false,
2022-07-27 12:00:00,Italy,North Italy,IT-NO,241.51,308.56,51.95,45.78,entsoe.eu,false,
2022-07-27 13:00:00,Italy,North Italy,IT-NO,240.82,308.95,51.96,45.43,entsoe.eu,false,
2022-07-27 14:00:00,Italy,North Italy,IT-NO,248.8,318.09,50.57,43.63,entsoe.eu,false,
2022-07-27 15:00:00,Italy,North Italy,IT-NO,243.64,313.93,51.26,44.78,entsoe.eu,false,
2022-07-27 16:00:00,Italy,North Italy,IT-NO,266.49,336.12,49.98,45.36,entsoe.eu,false,
2022-07-27 17:00:00,Italy,North Italy,IT-NO,276.81,345.54,50.15,46.77,entsoe.eu,false,
2022-07-27 18:00:00,Italy,North Italy,IT-NO,266.87,334.45,51.35,48.13,entsoe.eu,false,
2022-07-27 19:00:00,Italy,North Italy,IT-NO,258.22,326.81,50.98,46.35,entsoe.eu,false,
2022-07-27 20:00:00,Italy,North Italy,IT-NO,271.89,344.65,47.3,42.87,entsoe.eu,false,
2022-07-27 21:00:00,Italy,North Italy,IT-NO,293.27,373.96,40.27,36.06,entsoe.eu,false,
2022-07-27 22:00:00,Italy,North Italy,IT-NO,286.22,366.68,41.73,32.37,entsoe.eu,false,
2022-07-27 23:00:00,Italy,North Italy,IT-NO,289.62,369.95,41.32,29.07,entsoe.eu,false,
2022-07-28 00:00:00,Italy,North Italy,IT-NO,288.6,368.31,41.57,27.72,entsoe.eu,false,
2022-07-28 01:00:00,Italy,North Italy,IT-NO,288.21,368.65,40.91,27.19,entsoe.eu,false,
2022-07-28 02:00:00,Italy,North Italy,IT-NO,286.91,367.32,41.05,27.22,entsoe.eu,false,
2022-07-28 03:00:00,Italy,North Italy,IT-NO,280.79,359.53,42.61,29.9,entsoe.eu,false,
2022-07-28 04:00:00,Italy,North Italy,IT-NO,279.94,359.98,41.8,32.35,entsoe.eu,false,
2022-07-28 05:00:00,Italy,North Italy,IT-NO,279.68,359.87,41.57,34.91,entsoe.eu,false,
2022-07-28 06:00:00,Italy,North Italy,IT-NO,258.51,332.01,47.65,41.68,entsoe.eu,false,
2022-07-28 07:00:00,Italy,North Italy,IT-NO,256.57,328.76,49.17,43.03,entsoe.eu,false,
2022-07-28 08:00:00,Italy,North Italy,IT-NO,248.17,321.23,49.41,43.57,entsoe.eu,false,
2022-07-28 09:00:00,Italy,North Italy,IT-NO,243.12,314.84,50.79,45.64,entsoe.eu,false,
2022-07-28 10:00:00,Italy,North Italy,IT-NO,254.27,329.01,48.1,44.43,entsoe.eu,false,
2022-07-28 11:00:00,Italy,North Italy,IT-NO,246.0,319.39,49.76,45.56,entsoe.eu,false,
2022-07-28 12:00:00,Italy,North Italy,IT-NO,237.0,306.97,52.57,47.79,entsoe.eu,false,
2022-07-28 13:00:00,Italy,North Italy,IT-NO,239.13,307.33,53.37,48.01,entsoe.eu,false,
2022-07-28 14:00:00,Italy,North Italy,IT-NO,248.89,317.94,51.92,46.28,entsoe.eu,false,
2022-07-28 15:00:00,Italy,North Italy,IT-NO,252.21,322.42,50.74,44.96,entsoe.eu,false,
2022-07-28 16:00:00,Italy,North Italy,IT-NO,262.82,330.65,51.63,45.51,entsoe.eu,false,
2022-07-28 17:00:00,Italy,North Italy,IT-NO,276.84,342.54,52.17,47.8,entsoe.eu,false,
2022-07-28 18:00:00,Italy,North Italy,IT-NO,264.73,333.22,50.63,44.94,entsoe.eu,false,
2022-07-28 19:00:00,Italy,North Italy,IT-NO,260.68,332.93,48.18,41.19,entsoe.eu,false,
2022-07-28 20:00:00,Italy,North Italy,IT-NO,273.26,350.21,43.99,37.14,entsoe.eu,false,
2022-07-28 21:00:00,Italy,North Italy,IT-NO,293.26,373.46,40.61,34.15,entsoe.eu,false,
2022-07-28 22:00:00,Italy,North Italy,IT-NO,284.97,364.68,42.35,31.97,entsoe.eu,false,
2022-07-28 23:00:00,Italy,North Italy,IT-NO,284.84,362.34,43.19,30.6,entsoe.eu,false,
2022-07-29 00:00:00,Italy,North Italy,IT-NO,286.31,361.12,44.0,28.96,entsoe.eu,false,
2022-07-29 01:00:00,Italy,North Italy,IT-NO,282.31,353.79,45.52,29.0,entsoe.eu,false,
2022-07-29 02:00:00,Italy,North Italy,IT-NO,282.04,354.9,45.36,27.87,entsoe.eu,false,
2022-07-29 03:00:00,Italy,North Italy,IT-NO,281.64,354.26,45.08,29.61,entsoe.eu,false,
2022-07-29 04:00:00,Italy,North Italy,IT-NO,294.45,373.07,40.65,28.97,entsoe.eu,false,
2022-07-29 05:00:00,Italy,North Italy,IT-NO,296.42,376.13,39.4,30.9,entsoe.eu,false,
2022-07-29 06:00:00,Italy,North Italy,IT-NO,280.09,355.28,44.0,37.28,entsoe.eu,false,
2022-07-29 07:00:00,Italy,North Italy,IT-NO,270.23,344.09,46.04,39.91,entsoe.eu,false,
2022-07-29 08:00:00,Italy,North Italy,IT-NO,267.81,341.17,46.69,40.82,entsoe.eu,false,
2022-07-29 09:00:00,Italy,North Italy,IT-NO,261.76,334.39,47.85,42.57,entsoe.eu,false,
2022-07-29 10:00:00,Italy,North Italy,IT-NO,254.66,328.23,48.26,44.51,entsoe.eu,false,
2022-07-29 11:00:00,Italy,North Italy,IT-NO,245.59,318.67,49.61,44.83,entsoe.eu,false,
2022-07-29 12:00:00,Italy,North Italy,IT-NO,241.22,312.04,51.25,45.68,entsoe.eu,false,
2022-07-29 13:00:00,Italy,North Italy,IT-NO,249.3,321.37,49.82,43.16,entsoe.eu,false,
2022-07-29 14:00:00,Italy,North Italy,IT-NO,259.08,330.82,49.1,41.9,entsoe.eu,false,
2022-07-29 15:00:00,Italy,North Italy,IT-NO,261.64,332.41,49.36,42.08,entsoe.eu,false,
2022-07-29 16:00:00,Italy,North Italy,IT-NO,259.13,329.78,49.68,42.42,entsoe.eu,false,
2022-07-29 17:00:00,Italy,North Italy,IT-NO,257.93,328.74,49.44,42.71,entsoe.eu,false,
2022-07-29 18:00:00,Italy,North Italy,IT-NO,262.56,335.52,47.68,41.0,entsoe.eu,false,
2022-07-29 19:00:00,Italy,North Italy,IT-NO,275.05,351.24,44.66,37.12,entsoe.eu,false,
2022-07-29 20:00:00,Italy,North Italy,IT-NO,293.68,372.54,40.73,32.08,entsoe.eu,false,
2022-07-29 21:00:00,Italy,North Italy,IT-NO,292.57,371.17,41.23,32.5,entsoe.eu,false,
2022-07-29 22:00:00,Italy,North Italy,IT-NO,261.99,333.1,49.05,36.44,entsoe.eu,false,
2022-07-29 23:00:00,Italy,North Italy,IT-NO,263.05,332.11,49.3,34.28,entsoe.eu,false,
2022-07-30 00:00:00,Italy,North Italy,IT-NO,269.34,337.84,48.5,32.83,entsoe.eu,false,
2022-07-30 01:00:00,Italy,North Italy,IT-NO,262.84,331.31,49.95,32.97,entsoe.eu,false,
2022-07-30 02:00:00,Italy,North Italy,IT-NO,263.35,329.46,50.06,31.27,entsoe.eu,false,
2022-07-30 03:00:00,Italy,North Italy,IT-NO,261.16,326.83,50.7,32.07,entsoe.eu,false,
2022-07-30 04:00:00,Italy,North Italy,IT-NO,253.55,321.07,50.95,34.71,entsoe.eu,false,
2022-07-30 05:00:00,Italy,North Italy,IT-NO,252.85,323.17,49.82,36.61,entsoe.eu,false,
2022-07-30 06:00:00,Italy,North Italy,IT-NO,237.06,304.65,52.83,40.83,entsoe.eu,false,
2022-07-30 07:00:00,Italy,North Italy,IT-NO,230.77,297.54,54.22,43.44,entsoe.eu,false,
2022-07-30 08:00:00,Italy,North Italy,IT-NO,220.94,286.13,56.53,46.5,entsoe.eu,false,
2022-07-30 09:00:00,Italy,North Italy,IT-NO,212.92,276.71,58.1,48.03,entsoe.eu,false,
2022-07-30 10:00:00,Italy,North Italy,IT-NO,201.57,263.67,60.45,51.76,entsoe.eu,false,
2022-07-30 11:00:00,Italy,North Italy,IT-NO,194.32,255.56,61.77,52.51,entsoe.eu,false,
2022-07-30 12:00:00,Italy,North Italy,IT-NO,193.49,254.26,62.49,53.5,entsoe.eu,false,
2022-07-30 13:00:00,Italy,North Italy,IT-NO,198.18,260.45,61.09,52.08,entsoe.eu,false,
2022-07-30 14:00:00,Italy,North Italy,IT-NO,204.06,267.06,60.14,49.91,entsoe.eu,false,
2022-07-30 15:00:00,Italy,North Italy,IT-NO,210.01,272.13,60.12,48.31,entsoe.eu,false,
2022-07-30 16:00:00,Italy,North Italy,IT-NO,226.0,289.81,57.65,46.86,entsoe.eu,false,
2022-07-30 17:00:00,Italy,North Italy,IT-NO,240.17,301.21,57.97,48.19,entsoe.eu,false,
2022-07-30 18:00:00,Italy,North Italy,IT-NO,240.14,303.83,55.33,45.01,entsoe.eu,false,
2022-07-30 19:00:00,Italy,North Italy,IT-NO,246.36,309.96,55.11,45.1,entsoe.eu,false,
2022-07-30 20:00:00,Italy,North Italy,IT-NO,252.79,318.4,53.56,43.99,entsoe.eu,false,
2022-07-30 21:00:00,Italy,North Italy,IT-NO,262.05,332.67,49.23,38.8,entsoe.eu,false,
2022-07-30 22:00:00,Italy,North Italy,IT-NO,248.87,314.5,53.59,39.14,entsoe.eu,false,
2022-07-30 23:00:00,Italy,North Italy,IT-NO,251.63,316.03,53.2,36.79,entsoe.eu,false,
2022-07-31 00:00:00,Italy,North Italy,IT-NO,248.08,310.41,54.21,36.37,entsoe.eu,false,
2022-07-31 01:00:00,Italy,North Italy,IT-NO,245.87,306.26,55.72,36.77,entsoe.eu,false,
2022-07-31 02:00:00,Italy,North Italy,IT-NO,247.25,308.31,55.55,36.23,entsoe.eu,false,
2022-07-31 03:00:00,Italy,North Italy,IT-NO,252.55,314.25,55.27,36.79,entsoe.eu,false,
2022-07-31 04:00:00,Italy,North Italy,IT-NO,240.47,300.93,58.09,38.78,entsoe.eu,false,
2022-07-31 05:00:00,Italy,North Italy,IT-NO,223.08,279.23,62.16,43.99,entsoe.eu,false,
2022-07-31 06:00:00,Italy,North Italy,IT-NO,189.31,241.78,67.14,52.05,entsoe.eu,false,
2022-07-31 07:00:00,Italy,North Italy,IT-NO,160.66,209.77,72.72,60.65,entsoe.eu,false,
2022-07-31 08:00:00,Italy,North Italy,IT-NO,151.93,198.87,74.71,64.5,entsoe.eu,false,
2022-07-31 09:00:00,Italy,North Italy,IT-NO,140.17,186.94,76.52,68.06,entsoe.eu,false,
2022-07-31 10:00:00,Italy,North Italy,IT-NO,135.04,180.63,77.49,68.15,entsoe.eu,false,
2022-07-31 11:00:00,Italy,North Italy,IT-NO,132.48,177.97,77.7,68.65,entsoe.eu,false,
2022-07-31 12:00:00,Italy,North Italy,IT-NO,136.9,183.62,76.25,66.5,entsoe.eu,false,
2022-07-31 13:00:00,Italy,North Italy,IT-NO,146.21,194.74,74.4,63.78,entsoe.eu,false,
2022-07-31 14:00:00,Italy,North Italy,IT-NO,156.42,205.8,72.47,59.15,entsoe.eu,false,
2022-07-31 15:00:00,Italy,North Italy,IT-NO,183.67,238.84,66.21,52.55,entsoe.eu,false,
2022-07-31 16:00:00,Italy,North Italy,IT-NO,207.37,267.19,60.91,46.63,entsoe.eu,false,
2022-07-31 17:00:00,Italy,North Italy,IT-NO,231.74,296.01,55.7,44.05,entsoe.eu,false,
2022-07-31 18:00:00,Italy,North Italy,IT-NO,234.81,296.22,57.7,47.17,entsoe.eu,false,
2022-07-31 19:00:00,Italy,North Italy,IT-NO,239.85,299.25,58.67,48.69,entsoe.eu,false,
2022-07-31 20:00:00,Italy,North Italy,IT-NO,253.34,317.17,54.5,44.51,entsoe.eu,false,
2022-07-31 21:00:00,Italy,North Italy,IT-NO,261.03,328.8,52.01,42.15,entsoe.eu,false,
2022-07-31 22:00:00,Italy,North Italy,IT-NO,277.9,347.79,47.42,31.56,entsoe.eu,false,
2022-07-31 23:00:00,Italy,North Italy,IT-NO,281.43,350.74,47.76,29.64,entsoe.eu,false,
2022-08-01 00:00:00,Italy,North Italy,IT-NO,279.12,345.88,49.25,30.19,entsoe.eu,false,
2022-08-01 01:00:00,Italy,North Italy,IT-NO,279.84,346.35,48.98,29.61,entsoe.eu,false,
2022-08-01 02:00:00,Italy,North Italy,IT-NO,277.67,344.44,49.05,31.19,entsoe.eu,false,
2022-08-01 03:00:00,Italy,North Italy,IT-NO,287.61,360.36,44.77,29.14,entsoe.eu,false,
2022-08-01 04:00:00,Italy,North Italy,IT-NO,313.18,396.02,35.87,25.59,entsoe.eu,false,
2022-08-01 05:00:00,Italy,North Italy,IT-NO,320.28,406.34,33.04,26.01,entsoe.eu,false,
2022-08-01 06:00:00,Italy,North Italy,IT-NO,296.5,374.86,40.1,34.26,entsoe.eu,false,
2022-08-01 07:00:00,Italy,North Italy,IT-NO,284.78,361.57,42.4,37.39,entsoe.eu,false,
2022-08-01 08:00:00,Italy,North Italy,IT-NO,279.66,357.57,43.08,38.87,entsoe.eu,false,
2022-08-01 09:00:00,Italy,North Italy,IT-NO,276.48,353.65,43.31,39.18,entsoe.eu,false,
2022-08-01 10:00:00,Italy,North Italy,IT-NO,268.35,344.33,45.16,40.73,entsoe.eu,false,
2022-08-01 11:00:00,Italy,North Italy,IT-NO,259.1,333.62,47.35,42.2,entsoe.eu,false,
2022-08-01 12:00:00,Italy,North Italy,IT-NO,258.3,332.62,47.42,42.08,entsoe.eu,false,
2022-08-01 13:00:00,Italy,North Italy,IT-NO,270.71,347.42,44.56,39.5,entsoe.eu,false,
2022-08-01 14:00:00,Italy,North Italy,IT-NO,272.04,348.75,44.29,38.39,entsoe.eu,false,
2022-08-01 15:00:00,Italy,North Italy,IT-NO,282.81,361.71,41.72,36.91,entsoe.eu,false,
2022-08-01 16:00:00,Italy,North Italy,IT-NO,291.06,369.56,41.46,37.69,entsoe.eu,false,
2022-08-01 17:00:00,Italy,North Italy,IT-NO,294.5,370.15,42.88,38.91,entsoe.eu,false,
2022-08-01 18:00:00,Italy,North Italy,IT-NO,295.22,371.09,42.73,37.82,entsoe.eu,false,
2022-08-01 19:00:00,Italy,North Italy,IT-NO,302.92,381.84,40.03,34.42,entsoe.eu,false,
2022-08-01 20:00:00,Italy,North Italy,IT-NO,314.16,397.96,35.89,30.68,entsoe.eu,false,
2022-08-01 21:00:00,Italy,North Italy,IT-NO,339.82,428.4,31.07,26.43,entsoe.eu,false,
2022-08-01 22:00:00,Italy,North Italy,IT-NO,313.07,393.32,36.81,26.28,entsoe.eu,false,
2022-08-01 23:00:00,Italy,North Italy,IT-NO,313.99,392.85,37.09,25.15,entsoe.eu,false,
2022-08-02 00:00:00,Italy,North Italy,IT-NO,320.49,399.21,37.22,24.22,entsoe.eu,false,
2022-08-02 01:00:00,Italy,North Italy,IT-NO,322.82,399.31,36.66,23.07,entsoe.eu,false,
2022-08-02 02:00:00,Italy,North Italy,IT-NO,318.53,395.07,36.85,22.48,entsoe.eu,false,
2022-08-02 03:00:00,Italy,North Italy,IT-NO,315.95,392.96,37.19,23.2,entsoe.eu,false,
2022-08-02 04:00:00,Italy,North Italy,IT-NO,311.22,393.86,35.48,25.98,entsoe.eu,false,
2022-08-02 05:00:00,Italy,North Italy,IT-NO,295.85,373.73,40.55,31.29,entsoe.eu,false,
2022-08-02 06:00:00,Italy,North Italy,IT-NO,276.91,348.58,45.58,37.29,entsoe.eu,false,
2022-08-02 07:00:00,Italy,North Italy,IT-NO,261.66,331.18,48.06,39.45,entsoe.eu,false,
2022-08-02 08:00:00,Italy,North Italy,IT-NO,262.83,334.68,47.44,38.69,entsoe.eu,false,
2022-08-02 09:00:00,Italy,North Italy,IT-NO,260.47,333.21,47.08,38.19,entsoe.eu,false,
2022-08-02 10:00:00,Italy,North Italy,IT-NO,255.52,327.72,47.63,38.19,entsoe.eu,false,
2022-08-02 11:00:00,Italy,North Italy,IT-NO,243.43,313.14,50.42,40.54,entsoe.eu,false,
2022-08-02 12:00:00,Italy,North Italy,IT-NO,241.12,311.22,50.5,41.05,entsoe.eu,false,
2022-08-02 13:00:00,Italy,North Italy,IT-NO,243.14,313.31,49.99,39.93,entsoe.eu,false,
2022-08-02 14:00:00,Italy,North Italy,IT-NO,255.31,326.79,48.32,37.98,entsoe.eu,false,
2022-08-02 15:00:00,Italy,North Italy,IT-NO,265.37,338.17,46.27,37.06,entsoe.eu,false,
2022-08-02 16:00:00,Italy,North Italy,IT-NO,276.76,348.37,45.85,39.01,entsoe.eu,false,
2022-08-02 17:00:00,Italy,North Italy,IT-NO,285.74,356.66,45.6,40.28,entsoe.eu,false,
2022-08-02 18:00:00,Italy,North Italy,IT-NO,290.25,362.69,44.35,38.73,entsoe.eu,false,
2022-08-02 19:00:00,Italy,North Italy,IT-NO,298.81,373.28,42.19,36.28,entsoe.eu,false,
2022-08-02 20:00:00,Italy,North Italy,IT-NO,324.25,406.37,34.69,28.89,entsoe.eu,false,
2022-08-02 21:00:00,Italy,North Italy,IT-NO,344.28,432.62,29.41,24.03,entsoe.eu,false,
2022-08-02 22:00:00,Italy,North Italy,IT-NO,315.78,400.2,34.1,23.73,entsoe.eu,false,
2022-08-02 23:00:00,Italy,North Italy,IT-NO,294.19,369.34,40.93,25.57,entsoe.eu,false,
2022-08-03 00:00:00,Italy,North Italy,IT-NO,299.14,372.87,40.62,24.63,entsoe.eu,false,
2022-08-03 01:00:00,Italy,North Italy,IT-NO,297.02,371.34,41.25,22.19,entsoe.eu,false,
2022-08-03 02:00:00,Italy,North Italy,IT-NO,289.68,363.17,42.31,22.58,entsoe.eu,false,
2022-08-03 03:00:00,Italy,North Italy,IT-NO,292.86,365.85,41.34,22.8,entsoe.eu,false,
2022-08-03 04:00:00,Italy,North Italy,IT-NO,288.27,366.27,39.95,24.73,entsoe.eu,false,
2022-08-03 05:00:00,Italy,North Italy,IT-NO,288.86,367.17,39.7,29.34,entsoe.eu,false,
2022-08-03 06:00:00,Italy,North Italy,IT-NO,274.88,348.72,44.54,36.49,entsoe.eu,false,
2022-08-03 07:00:00,Italy,North Italy,IT-NO,263.52,336.31,45.99,37.52,entsoe.eu,false,
2022-08-03 08:00:00,Italy,North Italy,IT-NO,253.49,326.14,47.75,38.78,entsoe.eu,false,
2022-08-03 09:00:00,Italy,North Italy,IT-NO,251.47,325.15,47.61,39.76,entsoe.eu,false,
2022-08-03 10:00:00,Italy,North Italy,IT-NO,249.49,324.15,47.41,41.36,entsoe.eu,false,
2022-08-03 11:00:00,Italy,North Italy,IT-NO,248.92,322.79,48.12,41.57,entsoe.eu,false,
2022-08-03 12:00:00,Italy,North Italy,IT-NO,248.43,322.14,48.21,41.44,entsoe.eu,false,
2022-08-03 13:00:00,Italy,North Italy,IT-NO,249.33,322.6,48.21,40.31,entsoe.eu,false,
2022-08-03 14:00:00,Italy,North Italy,IT-NO,253.72,327.11,47.65,38.73,entsoe.eu,false,
2022-08-03 15:00:00,Italy,North Italy,IT-NO,252.43,322.36,49.57,41.28,entsoe.eu,false,
2022-08-03 16:00:00,Italy,North Italy,IT-NO,266.88,333.91,50.17,42.89,entsoe.eu,false,
2022-08-03 17:00:00,Italy,North Italy,IT-NO,280.55,345.37,51.18,45.5,entsoe.eu,false,
2022-08-03 18:00:00,Italy,North Italy,IT-NO,277.44,342.3,51.11,44.43,entsoe.eu,false,
2022-08-03 19:00:00,Italy,North Italy,IT-NO,278.85,347.13,48.26,41.14,entsoe.eu,false,
2022-08-03 20:00:00,Italy,North Italy,IT-NO,299.69,371.99,44.2,38.38,entsoe.eu,false,
2022-08-03 21:00:00,Italy,North Italy,IT-NO,316.98,394.51,39.08,33.34,entsoe.eu,false,
2022-08-03 22:00:00,Italy,North Italy,IT-NO,301.77,382.51,37.26,24.89,entsoe.eu,false,
2022-08-03 23:00:00,Italy,North Italy,IT-NO,311.88,390.67,36.03,22.05,entsoe.eu,false,
2022-08-04 00:00:00,Italy,North Italy,IT-NO,315.11,392.93,35.95,21.2,entsoe.eu,false,
2022-08-04 01:00:00,Italy,North Italy,IT-NO,304.12,381.13,37.68,22.14,entsoe.eu,false,
2022-08-04 02:00:00,Italy,North Italy,IT-NO,306.12,384.29,36.97,20.66,entsoe.eu,false,
2022-08-04 03:00:00,Italy,North Italy,IT-NO,310.9,391.1,35.7,20.15,entsoe.eu,false,
2022-08-04 04:00:00,Italy,North Italy,IT-NO,294.95,375.39,37.96,24.05,entsoe.eu,false,
2022-08-04 05:00:00,Italy,North Italy,IT-NO,286.09,363.82,41.3,30.17,entsoe.eu,false,
2022-08-04 06:00:00,Italy,North Italy,IT-NO,260.49,334.42,46.84,38.76,entsoe.eu,false,
2022-08-04 07:00:00,Italy,North Italy,IT-NO,257.63,331.53,47.29,39.91,entsoe.eu,false,
2022-08-04 08:00:00,Italy,North Italy,IT-NO,251.25,325.18,47.83,40.57,entsoe.eu,false,
2022-08-04 09:00:00,Italy,North Italy,IT-NO,249.88,324.47,47.53,41.3,entsoe.eu,false,
2022-08-04 10:00:00,Italy,North Italy,IT-NO,250.03,325.03,47.13,41.44,entsoe.eu,false,
2022-08-04 11:00:00,Italy,North Italy,IT-NO,242.84,315.99,48.93,42.57,entsoe.eu,false,
2022-08-04 12:00:00,Italy,North Italy,IT-NO,243.03,316.11,48.84,42.29,entsoe.eu,false,
2022-08-04 13:00:00,Italy,North Italy,IT-NO,240.95,312.06,50.38,43.29,entsoe.eu,false,
2022-08-04 14:00:00,Italy,North Italy,IT-NO,243.7,313.94,50.5,42.66,entsoe.eu,false,
2022-08-04 15:00:00,Italy,North Italy,IT-NO,249.88,318.06,51.5,43.86,entsoe.eu,false,
2022-08-04 16:00:00,Italy,North Italy,IT-NO,258.88,324.41,52.65,45.68,entsoe.eu,false,
2022-08-04 17:00:00,Italy,North Italy,IT-NO,265.62,329.56,53.22,46.56,entsoe.eu,false,
2022-08-04 18:00:00,Italy,North Italy,IT-NO,268.74,334.12,51.98,45.01,entsoe.eu,false,
2022-08-04 19:00:00,Italy,North Italy,IT-NO,274.57,341.84,50.42,43.23,entsoe.eu,false,
2022-08-04 20:00:00,Italy,North Italy,IT-NO,278.9,350.94,46.64,38.8,entsoe.eu,false,
2022-08-04 21:00:00,Italy,North Italy,IT-NO,299.22,380.13,38.88,30.89,entsoe.eu,false,
2022-08-04 22:00:00,Italy,North Italy,IT-NO,286.75,366.89,40.58,27.92,entsoe.eu,false,
2022-08-04 23:00:00,Italy,North Italy,IT-NO,291.14,370.64,41.07,26.68,entsoe.eu,false,
2022-08-05 00:00:00,Italy,North Italy,IT-NO,290.22,369.53,41.6,26.81,entsoe.eu,false,
2022-08-05 01:00:00,Italy,North Italy,IT-NO,289.09,367.8,41.85,26.07,entsoe.eu,false,
2022-08-05 02:00:00,Italy,North Italy,IT-NO,288.36,367.07,41.69,24.41,entsoe.eu,false,
2022-08-05 03:00:00,Italy,North Italy,IT-NO,283.37,362.11,42.01,25.92,entsoe.eu,false,
2022-08-05 04:00:00,Italy,North Italy,IT-NO,285.23,366.08,40.27,26.9,entsoe.eu,false,
2022-08-05 05:00:00,Italy,North Italy,IT-NO,292.42,375.38,38.3,28.9,entsoe.eu,false,
2022-08-05 06:00:00,Italy,North Italy,IT-NO,269.09,346.47,43.84,36.71,entsoe.eu,false,
2022-08-05 07:00:00,Italy,North Italy,IT-NO,259.46,334.92,45.92,38.81,entsoe.eu,false,
2022-08-05 08:00:00,Italy,North Italy,IT-NO,253.65,329.03,46.83,40.45,entsoe.eu,false,
2022-08-05 09:00:00,Italy,North Italy,IT-NO,245.29,319.23,48.43,42.02,entsoe.eu,false,
2022-08-05 10:00:00,Italy,North Italy,IT-NO,242.72,316.46,48.91,42.24,entsoe.eu,false,
2022-08-05 11:00:00,Italy,North Italy,IT-NO,235.33,306.93,51.18,43.29,entsoe.eu,false,
2022-08-05 12:00:00,Italy,North Italy,IT-NO,234.43,305.95,51.16,42.48,entsoe.eu,false,
2022-08-05 13:00:00,Italy,North Italy,IT-NO,247.14,320.08,48.94,40.57,entsoe.eu,false,
2022-08-05 14:00:00,Italy,North Italy,IT-NO,249.16,321.68,48.76,39.54,entsoe.eu,false,
2022-08-05 15:00:00,Italy,North Italy,IT-NO,256.12,325.98,50.33,41.54,entsoe.eu,false,
2022-08-05 16:00:00,Italy,North Italy,IT-NO,265.15,335.33,49.18,40.09,entsoe.eu,false,
2022-08-05 17:00:00,Italy,North Italy,IT-NO,271.21,338.48,50.86,42.61,entsoe.eu,false,
2022-08-05 18:00:00,Italy,North Italy,IT-NO,270.07,338.85,49.76,41.22,entsoe.eu,false,
2022-08-05 19:00:00,Italy,North Italy,IT-NO,270.63,342.73,47.42,38.31,entsoe.eu,false,
2022-08-05 20:00:00,Italy,North Italy,IT-NO,279.43,357.06,42.91,33.07,entsoe.eu,false,
2022-08-05 21:00:00,Italy,North Italy,IT-NO,287.85,367.25,41.25,30.07,entsoe.eu,false,
2022-08-05 22:00:00,Italy,North Italy,IT-NO,272.11,348.56,43.72,30.66,entsoe.eu,false,
2022-08-05 23:00:00,Italy,North Italy,IT-NO,277.2,353.88,43.22,28.51,entsoe.eu,false,
2022-08-06 00:00:00,Italy,North Italy,IT-NO,276.66,352.26,44.42,28.54,entsoe.eu,false,
2022-08-06 01:00:00,Italy,North Italy,IT-NO,276.78,352.97,44.28,27.73,entsoe.eu,false,
2022-08-06 02:00:00,Italy,North Italy,IT-NO,279.83,356.86,43.42,27.18,entsoe.eu,false,
2022-08-06 03:00:00,Italy,North Italy,IT-NO,279.16,356.24,43.47,27.37,entsoe.eu,false,
2022-08-06 04:00:00,Italy,North Italy,IT-NO,277.85,354.77,43.46,27.48,entsoe.eu,false,
2022-08-06 05:00:00,Italy,North Italy,IT-NO,264.01,338.17,46.18,29.45,entsoe.eu,false,
2022-08-06 06:00:00,Italy,North Italy,IT-NO,246.54,317.56,50.06,35.88,entsoe.eu,false,
2022-08-06 07:00:00,Italy,North Italy,IT-NO,230.84,299.1,53.64,40.62,entsoe.eu,false,
2022-08-06 08:00:00,Italy,North Italy,IT-NO,211.31,276.21,57.59,45.47,entsoe.eu,false,
2022-08-06 09:00:00,Italy,North Italy,IT-NO,204.43,268.42,58.8,47.7,entsoe.eu,false,
2022-08-06 10:00:00,Italy,North Italy,IT-NO,200.19,264.04,59.55,49.59,entsoe.eu,false,
2022-08-06 11:00:00,Italy,North Italy,IT-NO,199.37,263.67,59.32,49.69,entsoe.eu,false,
2022-08-06 12:00:00,Italy,North Italy,IT-NO,203.64,268.29,58.61,48.25,entsoe.eu,false,
2022-08-06 13:00:00,Italy,North Italy,IT-NO,211.37,277.92,56.6,46.95,entsoe.eu,false,
2022-08-06 14:00:00,Italy,North Italy,IT-NO,223.1,291.2,54.69,43.81,entsoe.eu,false,
2022-08-06 15:00:00,Italy,North Italy,IT-NO,243.65,313.4,51.72,39.75,entsoe.eu,false,
2022-08-06 16:00:00,Italy,North Italy,IT-NO,242.38,310.28,52.31,40.25,entsoe.eu,false,
2022-08-06 17:00:00,Italy,North Italy,IT-NO,251.68,316.59,53.81,42.16,entsoe.eu,false,
2022-08-06 18:00:00,Italy,North Italy,IT-NO,246.09,308.33,56.11,44.09,entsoe.eu,false,
2022-08-06 19:00:00,Italy,North Italy,IT-NO,256.97,321.06,53.98,41.78,entsoe.eu,false,
2022-08-06 20:00:00,Italy,North Italy,IT-NO,253.66,323.72,49.82,36.56,entsoe.eu,false,
2022-08-06 21:00:00,Italy,North Italy,IT-NO,268.26,341.98,46.58,32.25,entsoe.eu,false,
2022-08-06 22:00:00,Italy,North Italy,IT-NO,251.87,319.18,52.15,37.09,entsoe.eu,false,
2022-08-06 23:00:00,Italy,North Italy,IT-NO,250.35,320.14,50.72,36.11,entsoe.eu,false,
2022-08-07 00:00:00,Italy,North Italy,IT-NO,245.65,315.26,51.33,35.64,entsoe.eu,false,
2022-08-07 01:00:00,Italy,North Italy,IT-NO,235.68,302.64,53.58,36.29,entsoe.eu,false,
2022-08-07 02:00:00,Italy,North Italy,IT-NO,236.09,303.86,53.41,35.89,entsoe.eu,false,
2022-08-07 03:00:00,Italy,North Italy,IT-NO,237.01,303.84,53.73,35.19,entsoe.eu,false,
2022-08-07 04:00:00,Italy,North Italy,IT-NO,238.71,305.78,53.64,34.34,entsoe.eu,false,
2022-08-07 05:00:00,Italy,North Italy,IT-NO,233.92,301.31,54.36,38.28,entsoe.eu,false,
2022-08-07 06:00:00,Italy,North Italy,IT-NO,236.74,305.7,53.4,44.05,entsoe.eu,false,
2022-08-07 07:00:00,Italy,North Italy,IT-NO,213.12,278.14,58.76,51.39,entsoe.eu,false,
2022-08-07 08:00:00,Italy,North Italy,IT-NO,193.85,256.06,61.97,54.39,entsoe.eu,false,
2022-08-07 09:00:00,Italy,North Italy,IT-NO,193.42,255.56,62.27,54.87,entsoe.eu,false,
2022-08-07 10:00:00,Italy,North Italy,IT-NO,177.68,236.71,65.91,59.67,entsoe.eu,false,
2022-08-07 11:00:00,Italy,North Italy,IT-NO,167.87,226.0,67.32,61.44,entsoe.eu,false,
2022-08-07 12:00:00,Italy,North Italy,IT-NO,176.47,236.3,65.78,59.4,entsoe.eu,false,
2022-08-07 13:00:00,Italy,North Italy,IT-NO,179.83,240.14,65.1,56.68,entsoe.eu,false,
2022-08-07 14:00:00,Italy,North Italy,IT-NO,209.74,274.75,59.0,48.65,entsoe.eu,false,
2022-08-07 15:00:00,Italy,North Italy,IT-NO,234.09,303.76,53.81,43.37,entsoe.eu,false,
2022-08-07 16:00:00,Italy,North Italy,IT-NO,246.22,314.53,53.45,42.51,entsoe.eu,false,
2022-08-07 17:00:00,Italy,North Italy,IT-NO,232.72,297.77,56.23,47.32,entsoe.eu,false,
2022-08-07 18:00:00,Italy,North Italy,IT-NO,231.43,295.83,56.06,47.09,entsoe.eu,false,
2022-08-07 19:00:00,Italy,North Italy,IT-NO,240.51,306.89,53.99,44.97,entsoe.eu,false,
2022-08-07 20:00:00,Italy,North Italy,IT-NO,246.79,315.68,52.45,43.49,entsoe.eu,false,
2022-08-07 21:00:00,Italy,North Italy,IT-NO,261.88,333.24,50.03,39.12,entsoe.eu,false,
2022-08-07 22:00:00,Italy,North Italy,IT-NO,264.46,339.44,46.16,33.44,entsoe.eu,false,
2022-08-07 23:00:00,Italy,North Italy,IT-NO,265.66,341.74,45.69,32.94,entsoe.eu,false,
2022-08-08 00:00:00,Italy,North Italy,IT-NO,258.11,331.45,48.15,32.84,entsoe.eu,false,
2022-08-08 01:00:00,Italy,North Italy,IT-NO,257.21,330.36,48.06,31.56,entsoe.eu,false,
2022-08-08 02:00:00,Italy,North Italy,IT-NO,254.36,327.31,48.65,32.15,entsoe.eu,false,
2022-08-08 03:00:00,Italy,North Italy,IT-NO,263.51,338.6,46.25,30.23,entsoe.eu,false,
2022-08-08 04:00:00,Italy,North Italy,IT-NO,263.95,340.26,44.41,28.67,entsoe.eu,false,
2022-08-08 05:00:00,Italy,North Italy,IT-NO,265.01,342.65,43.58,31.76,entsoe.eu,false,
2022-08-08 06:00:00,Italy,North Italy,IT-NO,254.89,329.43,46.67,37.6,entsoe.eu,false,
2022-08-08 07:00:00,Italy,North Italy,IT-NO,248.92,321.96,48.44,39.64,entsoe.eu,false,
2022-08-08 08:00:00,Italy,North Italy,IT-NO,234.84,305.61,51.26,42.5,entsoe.eu,false,
2022-08-08 09:00:00,Italy,North Italy,IT-NO,233.65,304.39,51.69,43.55,entsoe.eu,false,
2022-08-08 10:00:00,Italy,North Italy,IT-NO,226.75,296.26,53.27,46.47,entsoe.eu,false,
2022-08-08 11:00:00,Italy,North Italy,IT-NO,222.18,290.59,54.44,47.09,entsoe.eu,false,
2022-08-08 12:00:00,Italy,North Italy,IT-NO,228.7,297.44,53.79,46.19,entsoe.eu,false,
2022-08-08 13:00:00,Italy,North Italy,IT-NO,234.31,305.49,51.29,42.9,entsoe.eu,false,
2022-08-08 14:00:00,Italy,North Italy,IT-NO,238.71,309.38,51.34,42.9,entsoe.eu,false,
2022-08-08 15:00:00,Italy,North Italy,IT-NO,242.6,311.64,51.75,43.01,entsoe.eu,false,
2022-08-08 16:00:00,Italy,North Italy,IT-NO,262.87,333.55,49.01,41.61,entsoe.eu,false,
2022-08-08 17:00:00,Italy,North Italy,IT-NO,268.39,337.21,49.81,44.17,entsoe.eu,false,
2022-08-08 18:00:00,Italy,North Italy,IT-NO,274.38,346.56,46.95,41.06,entsoe.eu,false,
2022-08-08 19:00:00,Italy,North Italy,IT-NO,269.73,342.19,46.95,39.62,entsoe.eu,false,
2022-08-08 20:00:00,Italy,North Italy,IT-NO,276.05,351.18,44.89,37.1,entsoe.eu,false,
2022-08-08 21:00:00,Italy,North Italy,IT-NO,289.71,370.68,40.18,31.01,entsoe.eu,false,
2022-08-08 22:00:00,Italy,North Italy,IT-NO,278.78,356.52,42.91,27.92,entsoe.eu,false,
2022-08-08 23:00:00,Italy,North Italy,IT-NO,289.25,368.82,40.83,25.39,entsoe.eu,false,
2022-08-09 00:00:00,Italy,North Italy,IT-NO,289.83,368.86,41.45,24.94,entsoe.eu,false,
2022-08-09 01:00:00,Italy,North Italy,IT-NO,284.26,363.82,41.8,26.44,entsoe.eu,false,
2022-08-09 02:00:00,Italy,North Italy,IT-NO,284.83,364.18,41.32,24.62,entsoe.eu,false,
2022-08-09 03:00:00,Italy,North Italy,IT-NO,275.77,354.64,42.29,26.77,entsoe.eu,false,
2022-08-09 04:00:00,Italy,North Italy,IT-NO,278.27,357.92,41.18,26.75,entsoe.eu,false,
2022-08-09 05:00:00,Italy,North Italy,IT-NO,267.17,344.72,43.49,32.69,entsoe.eu,false,
2022-08-09 06:00:00,Italy,North Italy,IT-NO,253.31,326.92,47.45,38.69,entsoe.eu,false,
2022-08-09 07:00:00,Italy,North Italy,IT-NO,250.3,323.31,48.61,40.46,entsoe.eu,false,
2022-08-09 08:00:00,Italy,North Italy,IT-NO,232.68,302.99,52.05,43.57,entsoe.eu,false,
2022-08-09 09:00:00,Italy,North Italy,IT-NO,222.44,290.46,54.64,46.78,entsoe.eu,false,
2022-08-09 10:00:00,Italy,North Italy,IT-NO,225.03,294.53,53.55,46.39,entsoe.eu,false,
2022-08-09 11:00:00,Italy,North Italy,IT-NO,220.08,288.19,54.68,46.9,entsoe.eu,false,
2022-08-09 12:00:00,Italy,North Italy,IT-NO,216.74,283.71,55.55,47.89,entsoe.eu,false,
2022-08-09 13:00:00,Italy,North Italy,IT-NO,224.06,291.99,54.25,46.15,entsoe.eu,false,
2022-08-09 14:00:00,Italy,North Italy,IT-NO,225.4,293.68,53.67,44.25,entsoe.eu,false,
2022-08-09 15:00:00,Italy,North Italy,IT-NO,233.56,302.08,52.91,43.71,entsoe.eu,false,
2022-08-09 16:00:00,Italy,North Italy,IT-NO,243.11,312.44,51.26,42.73,entsoe.eu,false,
2022-08-09 17:00:00,Italy,North Italy,IT-NO,257.41,325.96,51.02,44.85,entsoe.eu,false,
2022-08-09 18:00:00,Italy,North Italy,IT-NO,254.74,322.46,51.65,44.23,entsoe.eu,false,
2022-08-09 19:00:00,Italy,North Italy,IT-NO,265.69,338.15,47.33,39.29,entsoe.eu,false,
2022-08-09 20:00:00,Italy,North Italy,IT-NO,277.64,354.86,43.41,34.29,entsoe.eu,false,
2022-08-09 21:00:00,Italy,North Italy,IT-NO,289.93,369.71,40.48,29.46,entsoe.eu,false,
2022-08-09 22:00:00,Italy,North Italy,IT-NO,275.18,352.29,43.58,29.67,entsoe.eu,false,
2022-08-09 23:00:00,Italy,North Italy,IT-NO,273.4,349.46,44.42,28.12,entsoe.eu,false,
2022-08-10 00:00:00,Italy,North Italy,IT-NO,274.13,349.61,44.95,27.13,entsoe.eu,false,
2022-08-10 01:00:00,Italy,North Italy,IT-NO,281.94,359.47,42.87,25.63,entsoe.eu,false,
2022-08-10 02:00:00,Italy,North Italy,IT-NO,283.97,362.02,42.34,24.93,entsoe.eu,false,
2022-08-10 03:00:00,Italy,North Italy,IT-NO,275.23,352.14,43.46,26.4,entsoe.eu,false,
2022-08-10 04:00:00,Italy,North Italy,IT-NO,272.34,350.47,42.94,29.6,entsoe.eu,false,
2022-08-10 05:00:00,Italy,North Italy,IT-NO,254.82,328.42,47.21,35.94,entsoe.eu,false,
2022-08-10 06:00:00,Italy,North Italy,IT-NO,237.03,306.79,51.48,42.41,entsoe.eu,false,
2022-08-10 07:00:00,Italy,North Italy,IT-NO,227.44,295.35,54.24,46.6,entsoe.eu,false,
2022-08-10 08:00:00,Italy,North Italy,IT-NO,210.29,274.24,58.62,50.16,entsoe.eu,false,
2022-08-10 09:00:00,Italy,North Italy,IT-NO,203.53,267.03,59.5,50.99,entsoe.eu,false,
2022-08-10 10:00:00,Italy,North Italy,IT-NO,201.47,265.07,59.68,51.93,entsoe.eu,false,
2022-08-10 11:00:00,Italy,North Italy,IT-NO,196.5,258.96,60.66,51.87,entsoe.eu,false,
2022-08-10 12:00:00,Italy,North Italy,IT-NO,201.98,265.48,59.43,50.63,entsoe.eu,false,
2022-08-10 13:00:00,Italy,North Italy,IT-NO,208.84,272.75,58.59,49.35,entsoe.eu,false,
2022-08-10 14:00:00,Italy,North Italy,IT-NO,224.67,290.85,55.67,46.93,entsoe.eu,false,
2022-08-10 15:00:00,Italy,North Italy,IT-NO,238.22,306.58,52.93,45.08,entsoe.eu,false,
2022-08-10 16:00:00,Italy,North Italy,IT-NO,258.89,328.21,50.53,44.68,entsoe.eu,false,
2022-08-10 17:00:00,Italy,North Italy,IT-NO,280.18,347.48,50.54,46.78,entsoe.eu,false,
2022-08-10 18:00:00,Italy,North Italy,IT-NO,272.86,339.6,51.19,46.63,entsoe.eu,false,
2022-08-10 19:00:00,Italy,North Italy,IT-NO,273.18,342.17,49.87,44.2,entsoe.eu,false,
2022-08-10 20:00:00,Italy,North Italy,IT-NO,278.78,352.38,46.65,40.43,entsoe.eu,false,
2022-08-10 21:00:00,Italy,North Italy,IT-NO,271.55,346.01,46.37,37.85,entsoe.eu,false,
2022-08-10 22:00:00,Italy,North Italy,IT-NO,272.83,350.2,44.16,32.78,entsoe.eu,false,
2022-08-10 23:00:00,Italy,North Italy,IT-NO,275.11,352.42,43.71,29.94,entsoe.eu,false,
2022-08-11 00:00:00,Italy,North Italy,IT-NO,271.94,347.8,44.8,29.33,entsoe.eu,false,
2022-08-11 01:00:00,Italy,North Italy,IT-NO,275.86,353.65,43.24,27.98,entsoe.eu,false,
2022-08-11 02:00:00,Italy,North Italy,IT-NO,280.62,359.79,42.03,26.71,entsoe.eu,false,
2022-08-11 03:00:00,Italy,North Italy,IT-NO,278.8,358.09,42.17,29.43,entsoe.eu,false,
2022-08-11 04:00:00,Italy,North Italy,IT-NO,278.42,356.76,42.85,33.23,entsoe.eu,false,
2022-08-11 05:00:00,Italy,North Italy,IT-NO,271.23,345.05,46.44,38.04,entsoe.eu,false,
2022-08-11 06:00:00,Italy,North Italy,IT-NO,256.44,326.19,50.45,44.01,entsoe.eu,false,
2022-08-11 07:00:00,Italy,North Italy,IT-NO,247.09,317.05,51.55,46.56,entsoe.eu,false,
2022-08-11 08:00:00,Italy,North Italy,IT-NO,218.43,284.23,57.3,51.77,entsoe.eu,false,
2022-08-11 09:00:00,Italy,North Italy,IT-NO,204.91,267.08,60.81,54.32,entsoe.eu,false,
2022-08-11 10:00:00,Italy,North Italy,IT-NO,204.66,268.55,59.74,54.51,entsoe.eu,false,
2022-08-11 11:00:00,Italy,North Italy,IT-NO,200.62,263.38,60.64,54.8,entsoe.eu,false,
2022-08-11 12:00:00,Italy,North Italy,IT-NO,203.1,265.97,60.48,54.81,entsoe.eu,false,
2022-08-11 13:00:00,Italy,North Italy,IT-NO,210.52,274.91,58.67,53.0,entsoe.eu,false,
2022-08-11 14:00:00,Italy,North Italy,IT-NO,224.04,290.7,55.86,50.24,entsoe.eu,false,
2022-08-11 15:00:00,Italy,North Italy,IT-NO,249.42,319.65,50.99,46.13,entsoe.eu,false,
2022-08-11 16:00:00,Italy,North Italy,IT-NO,263.24,333.66,49.34,44.49,entsoe.eu,false,
2022-08-11 17:00:00,Italy,North Italy,IT-NO,281.47,353.08,46.96,43.57,entsoe.eu,false,
2022-08-11 18:00:00,Italy,North Italy,IT-NO,282.8,353.35,47.62,44.18,entsoe.eu,false,
2022-08-11 19:00:00,Italy,North Italy,IT-NO,293.12,365.79,45.83,41.9,entsoe.eu,false,
2022-08-11 20:00:00,Italy,North Italy,IT-NO,303.2,382.74,40.24,35.9,entsoe.eu,false,
2022-08-11 21:00:00,Italy,North Italy,IT-NO,295.32,373.94,41.34,34.94,entsoe.eu,false,
2022-08-11 22:00:00,Italy,North Italy,IT-NO,289.98,368.87,41.41,32.65,entsoe.eu,false,
2022-08-11 23:00:00,Italy,North Italy,IT-NO,293.41,374.25,40.17,30.45,entsoe.eu,false,
2022-08-12 00:00:00,Italy,North Italy,IT-NO,292.22,370.89,40.99,29.58,entsoe.eu,false,
2022-08-12 01:00:00,Italy,North Italy,IT-NO,291.42,370.06,41.2,29.39,entsoe.eu,false,
2022-08-12 02:00:00,Italy,North Italy,IT-NO,285.37,362.81,42.49,29.95,entsoe.eu,false,
2022-08-12 03:00:00,Italy,North Italy,IT-NO,290.62,370.71,40.98,30.21,entsoe.eu,false,
2022-08-12 04:00:00,Italy,North Italy,IT-NO,283.27,360.02,43.49,34.15,entsoe.eu,false,
2022-08-12 05:00:00,Italy,North Italy,IT-NO,282.37,358.4,43.88,36.21,entsoe.eu,false,
2022-08-12 06:00:00,Italy,North Italy,IT-NO,269.52,341.68,47.44,40.88,entsoe.eu,false,
2022-08-12 07:00:00,Italy,North Italy,IT-NO,268.64,343.83,45.83,38.77,entsoe.eu,false,
2022-08-12 08:00:00,Italy,North Italy,IT-NO,254.9,328.33,48.74,41.71,entsoe.eu,false,
2022-08-12 09:00:00,Italy,North Italy,IT-NO,242.1,312.93,51.84,44.97,entsoe.eu,false,
2022-08-12 10:00:00,Italy,North Italy,IT-NO,242.25,312.49,52.45,45.84,entsoe.eu,false,
2022-08-12 11:00:00,Italy,North Italy,IT-NO,228.93,296.91,55.01,47.78,entsoe.eu,false,
2022-08-12 12:00:00,Italy,North Italy,IT-NO,220.38,286.58,56.77,49.87,entsoe.eu,false,
2022-08-12 13:00:00,Italy,North Italy,IT-NO,219.5,284.55,57.63,49.84,entsoe.eu,false,
2022-08-12 14:00:00,Italy,North Italy,IT-NO,216.89,279.6,59.24,50.47,entsoe.eu,false,
2022-08-12 15:00:00,Italy,North Italy,IT-NO,235.5,301.59,54.8,46.4,entsoe.eu,false,
2022-08-12 16:00:00,Italy,North Italy,IT-NO,273.19,346.3,46.37,40.1,entsoe.eu,false,
2022-08-12 17:00:00,Italy,North Italy,IT-NO,274.5,344.1,48.15,41.84,entsoe.eu,false,
2022-08-12 18:00:00,Italy,North Italy,IT-NO,270.89,339.92,48.89,42.33,entsoe.eu,false,
2022-08-12 19:00:00,Italy,North Italy,IT-NO,273.23,342.28,48.79,41.29,entsoe.eu,false,
2022-08-12 20:00:00,Italy,North Italy,IT-NO,288.85,362.57,44.55,36.62,entsoe.eu,false,
2022-08-12 21:00:00,Italy,North Italy,IT-NO,284.98,356.63,45.56,35.86,entsoe.eu,false,
2022-08-12 22:00:00,Italy,North Italy,IT-NO,259.08,326.67,50.97,37.43,entsoe.eu,false,
2022-08-12 23:00:00,Italy,North Italy,IT-NO,256.71,323.66,51.14,34.91,entsoe.eu,false,
2022-08-13 00:00:00,Italy,North Italy,IT-NO,258.91,322.86,51.74,34.21,entsoe.eu,false,
2022-08-13 01:00:00,Italy,North Italy,IT-NO,261.8,327.77,50.32,32.84,entsoe.eu,false,
2022-08-13 02:00:00,Italy,North Italy,IT-NO,262.6,327.43,50.82,31.81,entsoe.eu,false,
2022-08-13 03:00:00,Italy,North Italy,IT-NO,266.69,333.87,50.15,32.54,entsoe.eu,false,
2022-08-13 04:00:00,Italy,North Italy,IT-NO,247.95,310.04,53.57,36.68,entsoe.eu,false,
2022-08-13 05:00:00,Italy,North Italy,IT-NO,223.18,283.66,57.89,43.54,entsoe.eu,false,
2022-08-13 06:00:00,Italy,North Italy,IT-NO,212.88,272.51,60.85,48.0,entsoe.eu,false,
2022-08-13 07:00:00,Italy,North Italy,IT-NO,192.86,249.26,65.58,53.84,entsoe.eu,false,
2022-08-13 08:00:00,Italy,North Italy,IT-NO,170.75,224.48,69.42,58.41,entsoe.eu,false,
2022-08-13 09:00:00,Italy,North Italy,IT-NO,154.45,205.18,72.79,61.49,entsoe.eu,false,
2022-08-13 10:00:00,Italy,North Italy,IT-NO,162.69,216.46,70.1,61.84,entsoe.eu,false,
2022-08-13 11:00:00,Italy,North Italy,IT-NO,164.88,219.78,69.24,61.87,entsoe.eu,false,
2022-08-13 12:00:00,Italy,North Italy,IT-NO,163.12,217.63,69.87,63.05,entsoe.eu,false,
2022-08-13 13:00:00,Italy,North Italy,IT-NO,167.6,221.58,69.69,60.6,entsoe.eu,false,
2022-08-13 14:00:00,Italy,North Italy,IT-NO,181.85,239.28,66.08,57.36,entsoe.eu,false,
2022-08-13 15:00:00,Italy,North Italy,IT-NO,192.48,251.92,63.43,53.81,entsoe.eu,false,
2022-08-13 16:00:00,Italy,North Italy,IT-NO,227.96,292.55,56.45,49.0,entsoe.eu,false,
2022-08-13 17:00:00,Italy,North Italy,IT-NO,239.43,300.12,57.74,50.12,entsoe.eu,false,
2022-08-13 18:00:00,Italy,North Italy,IT-NO,239.61,300.88,57.21,49.05,entsoe.eu,false,
2022-08-13 19:00:00,Italy,North Italy,IT-NO,238.08,301.95,55.46,45.98,entsoe.eu,false,
2022-08-13 20:00:00,Italy,North Italy,IT-NO,259.59,327.42,51.55,40.59,entsoe.eu,false,
2022-08-13 21:00:00,Italy,North Italy,IT-NO,266.05,333.99,50.78,37.63,entsoe.eu,false,
2022-08-13 22:00:00,Italy,North Italy,IT-NO,254.55,323.48,51.6,37.9,entsoe.eu,false,
2022-08-13 23:00:00,Italy,North Italy,IT-NO,260.11,327.98,51.21,35.25,entsoe.eu,false,
2022-08-14 00:00:00,Italy,North Italy,IT-NO,266.43,333.54,50.93,32.84,entsoe.eu,false,
2022-08-14 01:00:00,Italy,North Italy,IT-NO,263.51,327.3,52.73,31.34,entsoe.eu,false,
2022-08-14 02:00:00,Italy,North Italy,IT-NO,258.52,323.14,53.37,32.17,entsoe.eu,false,
2022-08-14 03:00:00,Italy,North Italy,IT-NO,264.15,325.78,52.91,31.27,entsoe.eu,false,
2022-08-14 04:00:00,Italy,North Italy,IT-NO,258.38,321.46,53.47,34.19,entsoe.eu,false,
2022-08-14 05:00:00,Italy,North Italy,IT-NO,238.42,300.61,56.47,39.58,entsoe.eu,false,
2022-08-14 06:00:00,Italy,North Italy,IT-NO,208.88,268.03,62.79,49.57,entsoe.eu,false,
2022-08-14 07:00:00,Italy,North Italy,IT-NO,192.51,250.0,65.76,55.66,entsoe.eu,false,
2022-08-14 08:00:00,Italy,North Italy,IT-NO,175.36,231.29,68.86,62.35,entsoe.eu,false,
2022-08-14 09:00:00,Italy,North Italy,IT-NO,170.2,225.9,69.36,64.95,entsoe.eu,false,
2022-08-14 10:00:00,Italy,North Italy,IT-NO,170.44,227.18,68.78,65.84,entsoe.eu,false,
2022-08-14 11:00:00,Italy,North Italy,IT-NO,165.81,221.63,69.84,67.71,entsoe.eu,false,
2022-08-14 12:00:00,Italy,North Italy,IT-NO,164.85,220.12,70.35,67.62,entsoe.eu,false,
2022-08-14 13:00:00,Italy,North Italy,IT-NO,179.27,237.75,66.85,62.67,entsoe.eu,false,
2022-08-14 14:00:00,Italy,North Italy,IT-NO,195.37,254.47,64.89,57.58,entsoe.eu,false,
2022-08-14 15:00:00,Italy,North Italy,IT-NO,202.54,261.79,63.39,51.76,entsoe.eu,false,
2022-08-14 16:00:00,Italy,North Italy,IT-NO,222.64,282.53,60.3,49.77,entsoe.eu,false,
2022-08-14 17:00:00,Italy,North Italy,IT-NO,238.03,292.02,63.33,55.05,entsoe.eu,false,
2022-08-14 18:00:00,Italy,North Italy,IT-NO,237.91,290.6,63.95,56.08,entsoe.eu,false,
2022-08-14 19:00:00,Italy,North Italy,IT-NO,239.54,294.06,62.69,53.41,entsoe.eu,false,
2022-08-14 20:00:00,Italy,North Italy,IT-NO,242.83,303.2,59.07,49.1,entsoe.eu,false,
2022-08-14 21:00:00,Italy,North Italy,IT-NO,255.47,319.28,55.7,44.81,entsoe.eu,false,
2022-08-14 22:00:00,Italy,North Italy,IT-NO,264.29,326.5,54.05,38.55,entsoe.eu,false,
2022-08-14 23:00:00,Italy,North Italy,IT-NO,271.14,336.92,50.06,31.19,entsoe.eu,false,
2022-08-15 00:00:00,Italy,North Italy,IT-NO,268.13,334.44,51.36,30.6,entsoe.eu,false,
2022-08-15 01:00:00,Italy,North Italy,IT-NO,267.43,333.88,51.12,30.17,entsoe.eu,false,
2022-08-15 02:00:00,Italy,North Italy,IT-NO,257.47,321.71,53.72,32.23,entsoe.eu,false,
2022-08-15 03:00:00,Italy,North Italy,IT-NO,259.26,324.27,52.51,30.81,entsoe.eu,false,
2022-08-15 04:00:00,Italy,North Italy,IT-NO,248.61,309.39,53.75,32.26,entsoe.eu,false,
2022-08-15 05:00:00,Italy,North Italy,IT-NO,245.15,307.33,53.74,36.95,entsoe.eu,false,
2022-08-15 06:00:00,Italy,North Italy,IT-NO,235.94,297.17,56.49,44.92,entsoe.eu,false,
2022-08-15 07:00:00,Italy,North Italy,IT-NO,225.54,285.27,58.97,50.36,entsoe.eu,false,
2022-08-15 08:00:00,Italy,North Italy,IT-NO,188.02,241.49,66.87,58.33,entsoe.eu,false,
2022-08-15 09:00:00,Italy,North Italy,IT-NO,178.9,230.79,68.81,61.25,entsoe.eu,false,
2022-08-15 10:00:00,Italy,North Italy,IT-NO,170.49,223.56,69.58,62.8,entsoe.eu,false,
2022-08-15 11:00:00,Italy,North Italy,IT-NO,172.98,227.49,67.97,60.79,entsoe.eu,false,
2022-08-15 12:00:00,Italy,North Italy,IT-NO,174.45,229.26,67.67,60.52,entsoe.eu,false,
2022-08-15 13:00:00,Italy,North Italy,IT-NO,188.91,245.81,64.68,56.11,entsoe.eu,false,
2022-08-15 14:00:00,Italy,North Italy,IT-NO,204.08,265.46,61.16,52.67,entsoe.eu,false,
2022-08-15 15:00:00,Italy,North Italy,IT-NO,229.16,291.0,57.69,48.72,entsoe.eu,false,
2022-08-15 16:00:00,Italy,North Italy,IT-NO,250.11,310.82,56.86,49.11,entsoe.eu,false,
2022-08-15 17:00:00,Italy,North Italy,IT-NO,263.36,324.7,55.47,49.0,entsoe.eu,false,
2022-08-15 18:00:00,Italy,North Italy,IT-NO,248.36,306.81,58.52,50.71,entsoe.eu,false,
2022-08-15 19:00:00,Italy,North Italy,IT-NO,248.18,306.57,58.68,50.19,entsoe.eu,false,
2022-08-15 20:00:00,Italy,North Italy,IT-NO,265.69,329.11,54.17,45.25,entsoe.eu,false,
2022-08-15 21:00:00,Italy,North Italy,IT-NO,266.49,333.76,50.56,39.28,entsoe.eu,false,
2022-08-15 22:00:00,Italy,North Italy,IT-NO,290.77,364.11,44.84,32.52,entsoe.eu,false,
2022-08-15 23:00:00,Italy,North Italy,IT-NO,272.45,339.38,49.78,32.36,entsoe.eu,false,
2022-08-16 00:00:00,Italy,North Italy,IT-NO,273.17,340.53,50.52,33.13,entsoe.eu,false,
2022-08-16 01:00:00,Italy,North Italy,IT-NO,266.43,332.03,51.51,31.51,entsoe.eu,false,
2022-08-16 02:00:00,Italy,North Italy,IT-NO,263.75,329.19,50.95,30.49,entsoe.eu,false,
2022-08-16 03:00:00,Italy,North Italy,IT-NO,275.02,346.42,46.74,29.25,entsoe.eu,false,
2022-08-16 04:00:00,Italy,North Italy,IT-NO,323.07,408.32,35.83,30.91,entsoe.eu,false,
2022-08-16 05:00:00,Italy,North Italy,IT-NO,307.36,390.25,38.18,34.37,entsoe.eu,false,
2022-08-16 06:00:00,Italy,North Italy,IT-NO,296.09,375.88,41.73,40.86,entsoe.eu,false,
2022-08-16 07:00:00,Italy,North Italy,IT-NO,277.23,354.67,44.93,44.81,entsoe.eu,false,
2022-08-16 08:00:00,Italy,North Italy,IT-NO,262.02,338.6,47.2,47.04,entsoe.eu,false,
2022-08-16 09:00:00,Italy,North Italy,IT-NO,243.35,316.64,50.77,50.04,entsoe.eu,false,
2022-08-16 10:00:00,Italy,North Italy,IT-NO,244.57,319.22,50.02,49.43,entsoe.eu,false,
2022-08-16 11:00:00,Italy,North Italy,IT-NO,248.7,325.12,48.27,48.11,entsoe.eu,false,
2022-08-16 12:00:00,Italy,North Italy,IT-NO,251.78,329.05,47.44,47.38,entsoe.eu,false,
2022-08-16 13:00:00,Italy,North Italy,IT-NO,263.93,343.76,44.62,44.48,entsoe.eu,false,
2022-08-16 14:00:00,Italy,North Italy,IT-NO,284.29,366.5,41.27,41.21,entsoe.eu,false,
2022-08-16 15:00:00,Italy,North Italy,IT-NO,301.75,385.39,38.5,38.41,entsoe.eu,false,
2022-08-16 16:00:00,Italy,North Italy,IT-NO,303.59,383.73,39.93,39.85,entsoe.eu,false,
2022-08-16 17:00:00,Italy,North Italy,IT-NO,318.72,393.2,43.23,43.16,entsoe.eu,false,
2022-08-16 18:00:00,Italy,North Italy,IT-NO,324.72,399.99,42.3,42.24,entsoe.eu,false,
2022-08-16 19:00:00,Italy,North Italy,IT-NO,324.42,406.1,37.57,36.83,entsoe.eu,false,
2022-08-16 20:00:00,Italy,North Italy,IT-NO,339.78,426.82,32.87,32.81,entsoe.eu,false,
2022-08-16 21:00:00,Italy,North Italy,IT-NO,360.61,455.25,26.14,25.49,entsoe.eu,false,
2022-08-16 22:00:00,Italy,North Italy,IT-NO,322.76,408.01,34.59,26.4,entsoe.eu,false,
2022-08-16 23:00:00,Italy,North Italy,IT-NO,314.81,395.79,37.26,24.7,entsoe.eu,false,
2022-08-17 00:00:00,Italy,North Italy,IT-NO,322.15,408.1,34.34,23.94,entsoe.eu,false,
2022-08-17 01:00:00,Italy,North Italy,IT-NO,312.91,399.26,35.39,23.87,entsoe.eu,false,
2022-08-17 02:00:00,Italy,North Italy,IT-NO,318.32,406.29,33.84,23.45,entsoe.eu,false,
2022-08-17 03:00:00,Italy,North Italy,IT-NO,334.17,425.25,30.25,22.25,entsoe.eu,false,
2022-08-17 04:00:00,Italy,North Italy,IT-NO,348.78,443.79,27.13,24.04,entsoe.eu,false,
2022-08-17 05:00:00,Italy,North Italy,IT-NO,335.28,427.36,29.71,28.66,entsoe.eu,false,
2022-08-17 06:00:00,Italy,North Italy,IT-NO,315.86,401.4,35.83,35.64,entsoe.eu,false,
2022-08-17 07:00:00,Italy,North Italy,IT-NO,299.76,382.37,39.18,38.89,entsoe.eu,false,
2022-08-17 08:00:00,Italy,North Italy,IT-NO,290.4,372.13,40.68,40.6,entsoe.eu,false,
2022-08-17 09:00:00,Italy,North Italy,IT-NO,271.56,350.96,43.97,43.16,entsoe.eu,false,
2022-08-17 10:00:00,Italy,North Italy,IT-NO,271.38,351.73,43.37,43.3,entsoe.eu,false,
2022-08-17 11:00:00,Italy,North Italy,IT-NO,275.52,356.6,42.59,42.51,entsoe.eu,false,
2022-08-17 12:00:00,Italy,North Italy,IT-NO,284.27,367.48,40.66,40.57,entsoe.eu,false,
2022-08-17 13:00:00,Italy,North Italy,IT-NO,306.57,394.39,35.71,35.37,entsoe.eu,false,
2022-08-17 14:00:00,Italy,North Italy,IT-NO,323.74,414.31,32.03,31.95,entsoe.eu,false,
2022-08-17 15:00:00,Italy,North Italy,IT-NO,328.48,417.04,32.92,32.85,entsoe.eu,false,
2022-08-17 16:00:00,Italy,North Italy,IT-NO,333.68,416.58,36.43,36.2,entsoe.eu,false,
2022-08-17 17:00:00,Italy,North Italy,IT-NO,326.78,402.86,41.65,41.57,entsoe.eu,false,
2022-08-17 18:00:00,Italy,North Italy,IT-NO,332.92,412.84,38.38,38.31,entsoe.eu,false,
2022-08-17 19:00:00,Italy,North Italy,IT-NO,339.25,426.41,32.71,31.98,entsoe.eu,false,
2022-08-17 20:00:00,Italy,North Italy,IT-NO,358.64,454.06,25.59,25.19,entsoe.eu,false,
2022-08-17 21:00:00,Italy,North Italy,IT-NO,350.25,442.55,27.6,23.54,entsoe.eu,false,
2022-08-17 22:00:00,Italy,North Italy,IT-NO,309.09,390.56,38.31,27.95,entsoe.eu,false,
2022-08-17 23:00:00,Italy,North Italy,IT-NO,318.62,402.0,36.19,24.88,entsoe.eu,false,
2022-08-18 00:00:00,Italy,North Italy,IT-NO,320.45,403.28,35.74,22.84,entsoe.eu,false,
2022-08-18 01:00:00,Italy,North Italy,IT-NO,324.29,407.83,34.74,21.7,entsoe.eu,false,
2022-08-18 02:00:00,Italy,North Italy,IT-NO,316.64,402.11,35.53,23.34,entsoe.eu,false,
2022-08-18 03:00:00,Italy,North Italy,IT-NO,339.23,428.44,30.88,22.49,entsoe.eu,false,
2022-08-18 04:00:00,Italy,North Italy,IT-NO,355.04,450.91,25.91,22.79,entsoe.eu,false,
2022-08-18 05:00:00,Italy,North Italy,IT-NO,345.74,439.79,27.68,26.91,entsoe.eu,false,
2022-08-18 06:00:00,Italy,North Italy,IT-NO,338.15,426.17,32.38,32.29,entsoe.eu,false,
2022-08-18 07:00:00,Italy,North Italy,IT-NO,336.48,424.63,32.27,32.2,entsoe.eu,false,
2022-08-18 08:00:00,Italy,North Italy,IT-NO,324.04,408.77,35.91,35.85,entsoe.eu,false,
2022-08-18 09:00:00,Italy,North Italy,IT-NO,332.91,420.54,32.95,32.88,entsoe.eu,false,
2022-08-18 10:00:00,Italy,North Italy,IT-NO,328.99,417.35,32.33,32.26,entsoe.eu,false,
2022-08-18 11:00:00,Italy,North Italy,IT-NO,308.27,396.64,34.38,34.3,entsoe.eu,false,
2022-08-18 12:00:00,Italy,North Italy,IT-NO,289.07,373.4,38.84,38.76,entsoe.eu,false,
2022-08-18 13:00:00,Italy,North Italy,IT-NO,287.32,371.21,39.17,38.95,entsoe.eu,false,
2022-08-18 14:00:00,Italy,North Italy,IT-NO,298.01,383.86,36.72,36.52,entsoe.eu,false,
2022-08-18 15:00:00,Italy,North Italy,IT-NO,303.71,387.89,37.4,36.49,entsoe.eu,false,
2022-08-18 16:00:00,Italy,North Italy,IT-NO,320.55,404.96,35.7,34.87,entsoe.eu,false,
2022-08-18 17:00:00,Italy,North Italy,IT-NO,320.94,404.66,35.6,35.33,entsoe.eu,false,
2022-08-18 18:00:00,Italy,North Italy,IT-NO,327.84,413.66,33.7,32.55,entsoe.eu,false,
2022-08-18 19:00:00,Italy,North Italy,IT-NO,349.03,440.51,28.73,28.58,entsoe.eu,false,
2022-08-18 20:00:00,Italy,North Italy,IT-NO,358.95,454.99,24.77,24.27,entsoe.eu,false,
2022-08-18 21:00:00,Italy,North Italy,IT-NO,360.17,457.47,24.2,22.66,entsoe.eu,false,
2022-08-18 22:00:00,Italy,North Italy,IT-NO,312.01,396.26,35.64,25.65,entsoe.eu,false,
2022-08-18 23:00:00,Italy,North Italy,IT-NO,305.33,385.96,38.66,25.86,entsoe.eu,false,
2022-08-19 00:00:00,Italy,North Italy,IT-NO,307.33,386.13,38.91,25.87,entsoe.eu,false,
2022-08-19 01:00:00,Italy,North Italy,IT-NO,305.6,384.37,39.04,26.12,entsoe.eu,false,
2022-08-19 02:00:00,Italy,North Italy,IT-NO,302.71,382.95,39.53,25.51,entsoe.eu,false,
2022-08-19 03:00:00,Italy,North Italy,IT-NO,315.6,399.06,36.29,24.56,entsoe.eu,false,
2022-08-19 04:00:00,Italy,North Italy,IT-NO,336.89,425.93,30.5,24.32,entsoe.eu,false,
2022-08-19 05:00:00,Italy,North Italy,IT-NO,331.11,420.58,31.14,29.37,entsoe.eu,false,
2022-08-19 06:00:00,Italy,North Italy,IT-NO,330.01,415.79,34.31,34.17,entsoe.eu,false,
2022-08-19 07:00:00,Italy,North Italy,IT-NO,323.3,405.8,37.2,37.07,entsoe.eu,false,
2022-08-19 08:00:00,Italy,North Italy,IT-NO,314.28,396.34,37.99,37.87,entsoe.eu,false,
2022-08-19 09:00:00,Italy,North Italy,IT-NO,302.94,385.49,38.88,38.77,entsoe.eu,false,
2022-08-19 10:00:00,Italy,North Italy,IT-NO,284.99,367.4,40.64,40.54,entsoe.eu,false,
2022-08-19 11:00:00,Italy,North Italy,IT-NO,271.53,350.54,44.52,43.59,entsoe.eu,false,
2022-08-19 12:00:00,Italy,North Italy,IT-NO,263.01,340.56,46.11,45.66,entsoe.eu,false,
2022-08-19 13:00:00,Italy,North Italy,IT-NO,253.57,329.78,47.57,46.11,entsoe.eu,false,
2022-08-19 14:00:00,Italy,North Italy,IT-NO,276.47,357.64,41.96,39.85,entsoe.eu,false,
2022-08-19 15:00:00,Italy,North Italy,IT-NO,291.47,372.1,41.16,39.57,entsoe.eu,false,
2022-08-19 16:00:00,Italy,North Italy,IT-NO,304.88,383.88,40.89,39.15,entsoe.eu,false,
2022-08-19 17:00:00,Italy,North Italy,IT-NO,307.65,387.68,39.26,38.11,entsoe.eu,false,
2022-08-19 18:00:00,Italy,North Italy,IT-NO,310.28,390.41,38.88,37.8,entsoe.eu,false,
2022-08-19 19:00:00,Italy,North Italy,IT-NO,324.89,407.0,36.83,36.01,entsoe.eu,false,
2022-08-19 20:00:00,Italy,North Italy,IT-NO,354.81,447.14,28.36,27.72,entsoe.eu,false,
2022-08-19 21:00:00,Italy,North Italy,IT-NO,348.66,443.19,27.76,26.44,entsoe.eu,false,
2022-08-19 22:00:00,Italy,North Italy,IT-NO,291.84,370.87,42.04,32.96,entsoe.eu,false,
2022-08-19 23:00:00,Italy,North Italy,IT-NO,260.01,329.26,50.82,36.39,entsoe.eu,false,
2022-08-20 00:00:00,Italy,North Italy,IT-NO,258.98,325.63,51.73,35.14,entsoe.eu,false,
2022-08-20 01:00:00,Italy,North Italy,IT-NO,259.95,327.65,52.04,34.04,entsoe.eu,false,
2022-08-20 02:00:00,Italy,North Italy,IT-NO,273.73,339.58,49.62,31.23,entsoe.eu,false,
2022-08-20 03:00:00,Italy,North Italy,IT-NO,274.6,341.47,49.2,31.58,entsoe.eu,false,
2022-08-20 04:00:00,Italy,North Italy,IT-NO,262.88,327.14,52.43,36.19,entsoe.eu,false,
2022-08-20 05:00:00,Italy,North Italy,IT-NO,236.56,301.86,55.87,40.65,entsoe.eu,false,
2022-08-20 06:00:00,Italy,North Italy,IT-NO,215.43,275.89,60.91,47.48,entsoe.eu,false,
2022-08-20 07:00:00,Italy,North Italy,IT-NO,193.1,252.09,63.53,51.8,entsoe.eu,false,
2022-08-20 08:00:00,Italy,North Italy,IT-NO,171.88,227.49,67.88,56.81,entsoe.eu,false,
2022-08-20 09:00:00,Italy,North Italy,IT-NO,167.2,222.36,68.61,58.9,entsoe.eu,false,
2022-08-20 10:00:00,Italy,North Italy,IT-NO,166.73,222.99,68.03,60.19,entsoe.eu,false,
2022-08-20 11:00:00,Italy,North Italy,IT-NO,162.07,217.15,69.53,61.72,entsoe.eu,false,
2022-08-20 12:00:00,Italy,North Italy,IT-NO,165.69,221.51,68.76,60.51,entsoe.eu,false,
2022-08-20 13:00:00,Italy,North Italy,IT-NO,178.76,236.55,66.13,56.41,entsoe.eu,false,
2022-08-20 14:00:00,Italy,North Italy,IT-NO,194.61,254.01,63.15,50.76,entsoe.eu,false,
2022-08-20 15:00:00,Italy,North Italy,IT-NO,215.91,278.62,58.87,45.75,entsoe.eu,false,
2022-08-20 16:00:00,Italy,North Italy,IT-NO,220.23,279.95,59.49,48.16,entsoe.eu,false,
2022-08-20 17:00:00,Italy,North Italy,IT-NO,244.12,302.64,59.13,49.68,entsoe.eu,false,
2022-08-20 18:00:00,Italy,North Italy,IT-NO,258.52,318.61,57.15,48.53,entsoe.eu,false,
2022-08-20 19:00:00,Italy,North Italy,IT-NO,256.02,314.35,58.47,49.34,entsoe.eu,false,
2022-08-20 20:00:00,Italy,North Italy,IT-NO,258.77,320.5,55.47,45.96,entsoe.eu,false,
2022-08-20 21:00:00,Italy,North Italy,IT-NO,283.43,351.51,48.8,37.5,entsoe.eu,false,
2022-08-20 22:00:00,Italy,North Italy,IT-NO,266.38,327.07,54.09,37.78,entsoe.eu,false,
2022-08-20 23:00:00,Italy,North Italy,IT-NO,260.11,323.83,53.77,35.66,entsoe.eu,false,
2022-08-21 00:00:00,Italy,North Italy,IT-NO,259.49,323.17,53.26,33.99,entsoe.eu,false,
2022-08-21 01:00:00,Italy,North Italy,IT-NO,252.99,315.62,54.73,34.27,entsoe.eu,false,
2022-08-21 02:00:00,Italy,North Italy,IT-NO,248.56,309.14,55.67,33.95,entsoe.eu,false,
2022-08-21 03:00:00,Italy,North Italy,IT-NO,254.11,317.02,55.03,33.3,entsoe.eu,false,
2022-08-21 04:00:00,Italy,North Italy,IT-NO,246.3,307.41,57.01,35.11,entsoe.eu,false,
2022-08-21 05:00:00,Italy,North Italy,IT-NO,227.53,282.85,60.99,39.29,entsoe.eu,false,
2022-08-21 06:00:00,Italy,North Italy,IT-NO,193.78,246.8,67.6,47.37,entsoe.eu,false,
2022-08-21 07:00:00,Italy,North Italy,IT-NO,171.51,223.28,70.53,55.51,entsoe.eu,false,
2022-08-21 08:00:00,Italy,North Italy,IT-NO,160.36,212.01,72.28,62.64,entsoe.eu,false,
2022-08-21 09:00:00,Italy,North Italy,IT-NO,158.21,211.57,71.69,67.52,entsoe.eu,false,
2022-08-21 10:00:00,Italy,North Italy,IT-NO,155.2,209.6,71.22,68.78,entsoe.eu,false,
2022-08-21 11:00:00,Italy,North Italy,IT-NO,150.29,204.15,72.1,70.34,entsoe.eu,false,
2022-08-21 12:00:00,Italy,North Italy,IT-NO,149.83,202.35,72.71,69.46,entsoe.eu,false,
2022-08-21 13:00:00,Italy,North Italy,IT-NO,162.68,218.03,69.77,65.99,entsoe.eu,false,
2022-08-21 14:00:00,Italy,North Italy,IT-NO,175.67,232.27,67.61,60.56,entsoe.eu,false,
2022-08-21 15:00:00,Italy,North Italy,IT-NO,198.0,256.43,63.79,53.08,entsoe.eu,false,
2022-08-21 16:00:00,Italy,North Italy,IT-NO,224.56,288.17,56.81,45.6,entsoe.eu,false,
2022-08-21 17:00:00,Italy,North Italy,IT-NO,254.49,317.23,55.34,47.3,entsoe.eu,false,
2022-08-21 18:00:00,Italy,North Italy,IT-NO,239.82,296.99,60.0,51.94,entsoe.eu,false,
2022-08-21 19:00:00,Italy,North Italy,IT-NO,244.69,304.68,57.46,48.86,entsoe.eu,false,
2022-08-21 20:00:00,Italy,North Italy,IT-NO,263.9,330.9,51.79,41.96,entsoe.eu,false,
2022-08-21 21:00:00,Italy,North Italy,IT-NO,267.61,336.4,49.17,38.41,entsoe.eu,false,
2022-08-21 22:00:00,Italy,North Italy,IT-NO,260.41,328.97,49.8,34.62,entsoe.eu,false,
2022-08-21 23:00:00,Italy,North Italy,IT-NO,257.92,323.5,51.97,34.86,entsoe.eu,false,
2022-08-22 00:00:00,Italy,North Italy,IT-NO,267.66,334.12,51.29,34.46,entsoe.eu,false,
2022-08-22 01:00:00,Italy,North Italy,IT-NO,276.47,342.57,49.29,31.97,entsoe.eu,false,
2022-08-22 02:00:00,Italy,North Italy,IT-NO,273.63,340.7,49.18,31.28,entsoe.eu,false,
2022-08-22 03:00:00,Italy,North Italy,IT-NO,289.28,363.01,43.47,29.95,entsoe.eu,false,
2022-08-22 04:00:00,Italy,North Italy,IT-NO,329.85,417.12,31.86,25.66,entsoe.eu,false,
2022-08-22 05:00:00,Italy,North Italy,IT-NO,337.31,425.43,30.93,27.49,entsoe.eu,false,
2022-08-22 06:00:00,Italy,North Italy,IT-NO,325.36,410.54,35.18,34.26,entsoe.eu,false,
2022-08-22 07:00:00,Italy,North Italy,IT-NO,302.28,383.69,39.69,39.04,entsoe.eu,false,
2022-08-22 08:00:00,Italy,North Italy,IT-NO,279.3,357.78,43.91,42.67,entsoe.eu,false,
2022-08-22 09:00:00,Italy,North Italy,IT-NO,273.02,352.04,43.7,42.87,entsoe.eu,false,
2022-08-22 10:00:00,Italy,North Italy,IT-NO,272.39,350.92,44.55,43.96,entsoe.eu,false,
2022-08-22 11:00:00,Italy,North Italy,IT-NO,269.39,346.82,45.5,44.72,entsoe.eu,false,
2022-08-22 12:00:00,Italy,North Italy,IT-NO,266.53,342.78,46.36,45.1,entsoe.eu,false,
2022-08-22 13:00:00,Italy,North Italy,IT-NO,280.37,359.7,43.2,41.88,entsoe.eu,false,
2022-08-22 14:00:00,Italy,North Italy,IT-NO,293.35,375.48,40.05,38.58,entsoe.eu,false,
2022-08-22 15:00:00,Italy,North Italy,IT-NO,318.4,407.04,34.15,34.06,entsoe.eu,false,
2022-08-22 16:00:00,Italy,North Italy,IT-NO,330.42,416.98,33.71,32.98,entsoe.eu,false,
2022-08-22 17:00:00,Italy,North Italy,IT-NO,326.28,408.81,36.25,35.54,entsoe.eu,false,
2022-08-22 18:00:00,Italy,North Italy,IT-NO,315.07,395.03,38.28,35.27,entsoe.eu,false,
2022-08-22 19:00:00,Italy,North Italy,IT-NO,334.11,418.38,34.07,31.09,entsoe.eu,false,
2022-08-22 20:00:00,Italy,North Italy,IT-NO,360.08,453.33,26.57,24.42,entsoe.eu,false,
2022-08-22 21:00:00,Italy,North Italy,IT-NO,346.0,435.23,29.66,24.66,entsoe.eu,false,
2022-08-22 22:00:00,Italy,North Italy,IT-NO,324.75,408.68,34.69,23.88,entsoe.eu,false,
2022-08-22 23:00:00,Italy,North Italy,IT-NO,326.28,410.0,34.64,22.29,entsoe.eu,false,
2022-08-23 00:00:00,Italy,North Italy,IT-NO,331.14,414.42,34.04,22.24,entsoe.eu,false,
2022-08-23 01:00:00,Italy,North Italy,IT-NO,316.69,396.35,37.18,23.02,entsoe.eu,false,
2022-08-23 02:00:00,Italy,North Italy,IT-NO,319.15,404.36,35.51,22.74,entsoe.eu,false,
2022-08-23 03:00:00,Italy,North Italy,IT-NO,340.08,429.98,30.01,20.74,entsoe.eu,false,
2022-08-23 04:00:00,Italy,North Italy,IT-NO,351.98,445.83,26.45,21.4,entsoe.eu,false,
2022-08-23 05:00:00,Italy,North Italy,IT-NO,358.17,448.11,29.54,28.6,entsoe.eu,false,
2022-08-23 06:00:00,Italy,North Italy,IT-NO,315.42,397.7,38.06,36.78,entsoe.eu,false,
2022-08-23 07:00:00,Italy,North Italy,IT-NO,296.74,377.34,40.82,39.17,entsoe.eu,false,
2022-08-23 08:00:00,Italy,North Italy,IT-NO,290.0,372.82,39.81,37.83,entsoe.eu,false,
2022-08-23 09:00:00,Italy,North Italy,IT-NO,269.87,347.48,44.73,41.75,entsoe.eu,false,
2022-08-23 10:00:00,Italy,North Italy,IT-NO,272.45,352.47,43.48,41.55,entsoe.eu,false,
2022-08-23 11:00:00,Italy,North Italy,IT-NO,267.19,345.41,45.41,43.37,entsoe.eu,false,
2022-08-23 12:00:00,Italy,North Italy,IT-NO,260.0,336.37,47.45,44.58,entsoe.eu,false,
2022-08-23 13:00:00,Italy,North Italy,IT-NO,273.35,352.72,44.29,41.81,entsoe.eu,false,
2022-08-23 14:00:00,Italy,North Italy,IT-NO,291.88,374.53,39.99,37.2,entsoe.eu,false,
2022-08-23 15:00:00,Italy,North Italy,IT-NO,318.62,406.0,34.59,33.28,entsoe.eu,false,
2022-08-23 16:00:00,Italy,North Italy,IT-NO,330.97,412.6,37.31,36.73,entsoe.eu,false,
2022-08-23 17:00:00,Italy,North Italy,IT-NO,321.93,399.32,39.77,38.5,entsoe.eu,false,
2022-08-23 18:00:00,Italy,North Italy,IT-NO,319.31,394.64,41.47,39.95,entsoe.eu,false,
2022-08-23 19:00:00,Italy,North Italy,IT-NO,334.82,413.49,37.67,35.74,entsoe.eu,false,
2022-08-23 20:00:00,Italy,North Italy,IT-NO,348.78,439.06,29.33,27.38,entsoe.eu,false,
2022-08-23 21:00:00,Italy,North Italy,IT-NO,345.96,437.0,29.19,23.79,entsoe.eu,false,
2022-08-23 22:00:00,Italy,North Italy,IT-NO,328.22,410.99,34.62,25.35,entsoe.eu,false,
2022-08-23 23:00:00,Italy,North Italy,IT-NO,328.66,412.13,35.5,24.95,entsoe.eu,false,
2022-08-24 00:00:00,Italy,North Italy,IT-NO,327.92,410.51,36.47,25.72,entsoe.eu,false,
2022-08-24 01:00:00,Italy,North Italy,IT-NO,315.18,395.11,39.0,25.32,entsoe.eu,false,
2022-08-24 02:00:00,Italy,North Italy,IT-NO,324.53,407.65,36.28,23.67,entsoe.eu,false,
2022-08-24 03:00:00,Italy,North Italy,IT-NO,330.96,413.93,34.46,24.2,entsoe.eu,false,
2022-08-24 04:00:00,Italy,North Italy,IT-NO,374.31,470.41,23.13,20.61,entsoe.eu,false,
2022-08-24 05:00:00,Italy,North Italy,IT-NO,353.17,447.48,26.35,24.34,entsoe.eu,false,
2022-08-24 06:00:00,Italy,North Italy,IT-NO,316.77,402.38,35.53,34.03,entsoe.eu,false,
2022-08-24 07:00:00,Italy,North Italy,IT-NO,297.86,379.96,38.99,37.5,entsoe.eu,false,
2022-08-24 08:00:00,Italy,North Italy,IT-NO,287.25,369.1,40.83,39.17,entsoe.eu,false,
2022-08-24 09:00:00,Italy,North Italy,IT-NO,276.78,356.22,43.28,41.65,entsoe.eu,false,
2022-08-24 10:00:00,Italy,North Italy,IT-NO,272.65,352.15,43.75,42.05,entsoe.eu,false,
2022-08-24 11:00:00,Italy,North Italy,IT-NO,270.77,349.92,44.31,42.31,entsoe.eu,false,
2022-08-24 12:00:00,Italy,North Italy,IT-NO,278.1,357.8,43.38,41.13,entsoe.eu,false,
2022-08-24 13:00:00,Italy,North Italy,IT-NO,278.78,357.69,43.78,41.08,entsoe.eu,false,
2022-08-24 14:00:00,Italy,North Italy,IT-NO,290.46,372.82,40.19,37.87,entsoe.eu,false,
2022-08-24 15:00:00,Italy,North Italy,IT-NO,306.49,388.83,38.76,37.12,entsoe.eu,false,
2022-08-24 16:00:00,Italy,North Italy,IT-NO,307.52,387.72,39.25,37.41,entsoe.eu,false,
2022-08-24 17:00:00,Italy,North Italy,IT-NO,327.04,404.61,40.46,40.01,entsoe.eu,false,
2022-08-24 18:00:00,Italy,North Italy,IT-NO,325.82,402.52,41.12,40.5,entsoe.eu,false,
2022-08-24 19:00:00,Italy,North Italy,IT-NO,322.51,402.02,38.22,35.45,entsoe.eu,false,
2022-08-24 20:00:00,Italy,North Italy,IT-NO,350.21,441.48,27.72,24.87,entsoe.eu,false,
2022-08-24 21:00:00,Italy,North Italy,IT-NO,355.18,446.46,27.97,23.31,entsoe.eu,false,
2022-08-24 22:00:00,Italy,North Italy,IT-NO,332.31,416.87,34.65,24.7,entsoe.eu,false,
2022-08-24 23:00:00,Italy,North Italy,IT-NO,331.07,414.16,35.71,24.16,entsoe.eu,false,
2022-08-25 00:00:00,Italy,North Italy,IT-NO,333.62,418.64,35.65,24.47,entsoe.eu,false,
2022-08-25 01:00:00,Italy,North Italy,IT-NO,333.87,414.75,35.9,22.81,entsoe.eu,false,
2022-08-25 02:00:00,Italy,North Italy,IT-NO,334.49,416.78,34.87,22.18,entsoe.eu,false,
2022-08-25 03:00:00,Italy,North Italy,IT-NO,331.25,414.11,34.9,23.03,entsoe.eu,false,
2022-08-25 04:00:00,Italy,North Italy,IT-NO,371.89,467.75,23.61,21.07,entsoe.eu,false,
2022-08-25 05:00:00,Italy,North Italy,IT-NO,359.89,455.74,25.39,23.87,entsoe.eu,false,
2022-08-25 06:00:00,Italy,North Italy,IT-NO,326.82,415.06,32.7,30.32,entsoe.eu,false,
2022-08-25 07:00:00,Italy,North Italy,IT-NO,311.13,396.38,36.36,34.37,entsoe.eu,false,
2022-08-25 08:00:00,Italy,North Italy,IT-NO,296.37,379.8,39.03,37.09,entsoe.eu,false,
2022-08-25 09:00:00,Italy,North Italy,IT-NO,288.79,371.73,40.18,38.28,entsoe.eu,false,
2022-08-25 10:00:00,Italy,North Italy,IT-NO,288.53,372.14,39.85,38.95,entsoe.eu,false,
2022-08-25 11:00:00,Italy,North Italy,IT-NO,286.93,370.53,40.23,39.24,entsoe.eu,false,
2022-08-25 12:00:00,Italy,North Italy,IT-NO,288.58,372.2,40.07,38.86,entsoe.eu,false,
2022-08-25 13:00:00,Italy,North Italy,IT-NO,290.61,373.49,39.92,38.05,entsoe.eu,false,
2022-08-25 14:00:00,Italy,North Italy,IT-NO,289.71,372.37,39.83,37.67,entsoe.eu,false,
2022-08-25 15:00:00,Italy,North Italy,IT-NO,308.02,393.26,36.37,34.11,entsoe.eu,false,
2022-08-25 16:00:00,Italy,North Italy,IT-NO,316.44,400.71,36.22,34.13,entsoe.eu,false,
2022-08-25 17:00:00,Italy,North Italy,IT-NO,314.77,395.83,38.01,36.45,entsoe.eu,false,
2022-08-25 18:00:00,Italy,North Italy,IT-NO,310.5,388.1,40.49,38.25,entsoe.eu,false,
2022-08-25 19:00:00,Italy,North Italy,IT-NO,332.59,416.0,34.63,32.43,entsoe.eu,false,
2022-08-25 20:00:00,Italy,North Italy,IT-NO,363.03,456.37,25.88,23.23,entsoe.eu,false,
2022-08-25 21:00:00,Italy,North Italy,IT-NO,360.99,454.64,26.99,22.36,entsoe.eu,false,
2022-08-25 22:00:00,Italy,North Italy,IT-NO,328.5,412.27,35.22,22.59,entsoe.eu,false,
2022-08-25 23:00:00,Italy,North Italy,IT-NO,330.63,414.11,34.41,20.96,entsoe.eu,false,
2022-08-26 00:00:00,Italy,North Italy,IT-NO,332.33,415.54,33.86,20.51,entsoe.eu,false,
2022-08-26 01:00:00,Italy,North Italy,IT-NO,328.48,412.26,34.02,20.33,entsoe.eu,false,
2022-08-26 02:00:00,Italy,North Italy,IT-NO,326.78,410.49,34.15,20.6,entsoe.eu,false,
2022-08-26 03:00:00,Italy,North Italy,IT-NO,324.39,407.97,34.43,21.1,entsoe.eu,false,
2022-08-26 04:00:00,Italy,North Italy,IT-NO,323.53,405.44,35.98,27.14,entsoe.eu,false,
2022-08-26 05:00:00,Italy,North Italy,IT-NO,308.57,387.17,39.52,33.04,entsoe.eu,false,
2022-08-26 06:00:00,Italy,North Italy,IT-NO,291.38,365.89,44.03,39.21,entsoe.eu,false,
2022-08-26 07:00:00,Italy,North Italy,IT-NO,293.47,367.85,45.0,42.87,entsoe.eu,false,
2022-08-26 08:00:00,Italy,North Italy,IT-NO,283.04,357.46,45.96,43.51,entsoe.eu,false,
2022-08-26 09:00:00,Italy,North Italy,IT-NO,271.27,348.07,45.55,43.24,entsoe.eu,false,
2022-08-26 10:00:00,Italy,North Italy,IT-NO,276.46,356.58,43.05,40.79,entsoe.eu,false,
2022-08-26 11:00:00,Italy,North Italy,IT-NO,276.32,356.77,43.07,40.48,entsoe.eu,false,
2022-08-26 12:00:00,Italy,North Italy,IT-NO,269.32,347.24,44.69,40.93,entsoe.eu,false,
2022-08-26 13:00:00,Italy,North Italy,IT-NO,270.18,348.04,44.71,40.37,entsoe.eu,false,
2022-08-26 14:00:00,Italy,North Italy,IT-NO,277.38,356.45,42.9,37.81,entsoe.eu,false,
2022-08-26 15:00:00,Italy,North Italy,IT-NO,277.41,356.58,42.43,37.06,entsoe.eu,false,
2022-08-26 16:00:00,Italy,North Italy,IT-NO,281.73,357.3,44.52,41.27,entsoe.eu,false,
2022-08-26 17:00:00,Italy,North Italy,IT-NO,319.76,393.46,43.93,43.57,entsoe.eu,false,
2022-08-26 18:00:00,Italy,North Italy,IT-NO,316.14,392.65,42.11,40.67,entsoe.eu,false,
2022-08-26 19:00:00,Italy,North Italy,IT-NO,317.81,399.09,38.15,34.11,entsoe.eu,false,
2022-08-26 20:00:00,Italy,North Italy,IT-NO,332.42,420.46,31.69,26.01,entsoe.eu,false,
2022-08-26 21:00:00,Italy,North Italy,IT-NO,338.55,424.7,31.59,24.32,entsoe.eu,false,
2022-08-26 22:00:00,Italy,North Italy,IT-NO,301.21,377.49,40.84,28.48,entsoe.eu,false,
2022-08-26 23:00:00,Italy,North Italy,IT-NO,303.48,379.38,40.34,26.67,entsoe.eu,false,
2022-08-27 00:00:00,Italy,North Italy,IT-NO,302.03,378.68,40.96,25.89,entsoe.eu,false,
2022-08-27 01:00:00,Italy,North Italy,IT-NO,299.64,375.39,41.86,25.27,entsoe.eu,false,
2022-08-27 02:00:00,Italy,North Italy,IT-NO,301.37,378.23,41.82,24.47,entsoe.eu,false,
2022-08-27 03:00:00,Italy,North Italy,IT-NO,303.01,379.55,41.24,24.11,entsoe.eu,false,
2022-08-27 04:00:00,Italy,North Italy,IT-NO,292.03,366.9,42.52,25.92,entsoe.eu,false,
2022-08-27 05:00:00,Italy,North Italy,IT-NO,274.11,348.5,45.08,30.75,entsoe.eu,false,
2022-08-27 06:00:00,Italy,North Italy,IT-NO,257.94,328.68,48.68,36.26,entsoe.eu,false,
2022-08-27 07:00:00,Italy,North Italy,IT-NO,247.46,317.81,50.48,40.15,entsoe.eu,false,
2022-08-27 08:00:00,Italy,North Italy,IT-NO,234.52,303.79,52.67,42.77,entsoe.eu,false,
2022-08-27 09:00:00,Italy,North Italy,IT-NO,229.71,298.86,53.52,43.54,entsoe.eu,false,
2022-08-27 10:00:00,Italy,North Italy,IT-NO,246.13,317.75,50.92,41.61,entsoe.eu,false,
2022-08-27 11:00:00,Italy,North Italy,IT-NO,243.55,314.4,51.51,41.68,entsoe.eu,false,
2022-08-27 12:00:00,Italy,North Italy,IT-NO,260.15,333.14,48.57,38.09,entsoe.eu,false,
2022-08-27 13:00:00,Italy,North Italy,IT-NO,263.05,337.08,47.9,37.05,entsoe.eu,false,
2022-08-27 14:00:00,Italy,North Italy,IT-NO,264.07,337.57,47.86,35.26,entsoe.eu,false,
2022-08-27 15:00:00,Italy,North Italy,IT-NO,263.84,337.78,47.48,36.21,entsoe.eu,false,
2022-08-27 16:00:00,Italy,North Italy,IT-NO,270.84,344.52,46.12,36.54,entsoe.eu,false,
2022-08-27 17:00:00,Italy,North Italy,IT-NO,271.37,337.56,51.29,43.51,entsoe.eu,false,
2022-08-27 18:00:00,Italy,North Italy,IT-NO,268.82,334.62,51.53,42.45,entsoe.eu,false,
2022-08-27 19:00:00,Italy,North Italy,IT-NO,274.02,344.58,47.45,37.26,entsoe.eu,false,
2022-08-27 20:00:00,Italy,North Italy,IT-NO,288.56,363.68,43.24,32.05,entsoe.eu,false,
2022-08-27 21:00:00,Italy,North Italy,IT-NO,304.25,382.19,39.92,28.27,entsoe.eu,false,
2022-08-27 22:00:00,Italy,North Italy,IT-NO,295.88,372.3,42.28,26.88,entsoe.eu,false,
2022-08-27 23:00:00,Italy,North Italy,IT-NO,293.28,367.16,43.54,26.53,entsoe.eu,false,
2022-08-28 00:00:00,Italy,North Italy,IT-NO,296.91,371.43,43.53,25.7,entsoe.eu,false,
2022-08-28 01:00:00,Italy,North Italy,IT-NO,304.7,383.45,40.89,24.26,entsoe.eu,false,
2022-08-28 02:00:00,Italy,North Italy,IT-NO,308.24,385.3,41.04,23.9,entsoe.eu,false,
2022-08-28 03:00:00,Italy,North Italy,IT-NO,306.8,383.99,40.79,23.64,entsoe.eu,false,
2022-08-28 04:00:00,Italy,North Italy,IT-NO,302.37,380.03,41.61,24.53,entsoe.eu,false,
2022-08-28 05:00:00,Italy,North Italy,IT-NO,280.65,350.89,46.44,27.89,entsoe.eu,false,
2022-08-28 06:00:00,Italy,North Italy,IT-NO,240.96,306.73,54.19,37.87,entsoe.eu,false,
2022-08-28 07:00:00,Italy,North Italy,IT-NO,210.89,271.11,60.31,45.8,entsoe.eu,false,
2022-08-28 08:00:00,Italy,North Italy,IT-NO,198.29,257.21,62.88,49.36,entsoe.eu,false,
2022-08-28 09:00:00,Italy,North Italy,IT-NO,178.36,233.74,67.21,53.96,entsoe.eu,false,
2022-08-28 10:00:00,Italy,North Italy,IT-NO,179.65,236.28,66.06,53.48,entsoe.eu,false,
2022-08-28 11:00:00,Italy,North Italy,IT-NO,173.68,229.25,67.19,54.48,entsoe.eu,false,
2022-08-28 12:00:00,Italy,North Italy,IT-NO,180.73,237.33,65.97,53.57,entsoe.eu,false,
2022-08-28 13:00:00,Italy,North Italy,IT-NO,201.15,260.67,61.8,48.91,entsoe.eu,false,
2022-08-28 14:00:00,Italy,North Italy,IT-NO,221.55,285.77,57.53,45.32,entsoe.eu,false,
2022-08-28 15:00:00,Italy,North Italy,IT-NO,250.66,320.69,51.9,39.29,entsoe.eu,false,
2022-08-28 16:00:00,Italy,North Italy,IT-NO,258.36,329.78,49.53,38.11,entsoe.eu,false,
2022-08-28 17:00:00,Italy,North Italy,IT-NO,270.47,342.31,48.17,37.46,entsoe.eu,false,
2022-08-28 18:00:00,Italy,North Italy,IT-NO,258.79,326.15,51.43,41.47,entsoe.eu,false,
2022-08-28 19:00:00,Italy,North Italy,IT-NO,261.23,328.71,50.83,41.63,entsoe.eu,false,
2022-08-28 20:00:00,Italy,North Italy,IT-NO,281.61,355.19,45.56,35.09,entsoe.eu,false,
2022-08-28 21:00:00,Italy,North Italy,IT-NO,310.16,387.78,40.03,27.98,entsoe.eu,false,
2022-08-28 22:00:00,Italy,North Italy,IT-NO,294.45,369.59,43.41,26.46,entsoe.eu,false,
2022-08-28 23:00:00,Italy,North Italy,IT-NO,289.38,363.39,45.02,25.69,entsoe.eu,false,
2022-08-29 00:00:00,Italy,North Italy,IT-NO,289.17,362.15,45.05,24.8,entsoe.eu,false,
2022-08-29 01:00:00,Italy,North Italy,IT-NO,288.82,359.98,45.62,23.95,entsoe.eu,false,
2022-08-29 02:00:00,Italy,North Italy,IT-NO,288.93,362.34,45.28,24.1,entsoe.eu,false,
2022-08-29 03:00:00,Italy,North Italy,IT-NO,300.82,378.26,40.95,22.68,entsoe.eu,false,
2022-08-29 04:00:00,Italy,North Italy,IT-NO,319.58,404.46,34.45,22.08,entsoe.eu,false,
2022-08-29 05:00:00,Italy,North Italy,IT-NO,322.13,411.2,31.48,23.38,entsoe.eu,false,
2022-08-29 06:00:00,Italy,North Italy,IT-NO,304.24,388.7,36.03,30.11,entsoe.eu,false,
2022-08-29 07:00:00,Italy,North Italy,IT-NO,295.44,379.05,37.52,32.39,entsoe.eu,false,
2022-08-29 08:00:00,Italy,North Italy,IT-NO,294.47,378.48,38.21,33.02,entsoe.eu,false,
2022-08-29 09:00:00,Italy,North Italy,IT-NO,292.21,376.58,38.17,33.0,entsoe.eu,false,
2022-08-29 10:00:00,Italy,North Italy,IT-NO,299.83,386.24,36.08,33.11,entsoe.eu,false,
2022-08-29 11:00:00,Italy,North Italy,IT-NO,291.25,375.53,38.41,34.24,entsoe.eu,false,
2022-08-29 12:00:00,Italy,North Italy,IT-NO,295.89,379.96,38.01,33.62,entsoe.eu,false,
2022-08-29 13:00:00,Italy,North Italy,IT-NO,299.1,382.03,38.13,33.23,entsoe.eu,false,
2022-08-29 14:00:00,Italy,North Italy,IT-NO,294.52,375.7,39.24,33.61,entsoe.eu,false,
2022-08-29 15:00:00,Italy,North Italy,IT-NO,299.61,380.08,39.15,34.62,entsoe.eu,false,
2022-08-29 16:00:00,Italy,North Italy,IT-NO,301.32,381.1,39.18,35.68,entsoe.eu,false,
2022-08-29 17:00:00,Italy,North Italy,IT-NO,322.92,401.2,39.26,38.43,entsoe.eu,false,
2022-08-29 18:00:00,Italy,North Italy,IT-NO,305.95,385.63,38.79,34.24,entsoe.eu,false,
2022-08-29 19:00:00,Italy,North Italy,IT-NO,318.05,401.27,35.4,30.71,entsoe.eu,false,
2022-08-29 20:00:00,Italy,North Italy,IT-NO,338.94,429.72,29.39,23.83,entsoe.eu,false,
2022-08-29 21:00:00,Italy,North Italy,IT-NO,342.98,436.49,27.49,21.52,entsoe.eu,false,
2022-08-29 22:00:00,Italy,North Italy,IT-NO,324.11,410.3,34.15,20.67,entsoe.eu,false,
2022-08-29 23:00:00,Italy,North Italy,IT-NO,332.76,417.45,32.9,18.18,entsoe.eu,false,
2022-08-30 00:00:00,Italy,North Italy,IT-NO,334.35,421.87,32.35,18.04,entsoe.eu,false,
2022-08-30 01:00:00,Italy,North Italy,IT-NO,335.02,423.65,31.34,17.12,entsoe.eu,false,
2022-08-30 02:00:00,Italy,North Italy,IT-NO,334.55,424.59,30.95,18.56,entsoe.eu,false,
2022-08-30 03:00:00,Italy,North Italy,IT-NO,341.01,433.25,29.19,19.08,entsoe.eu,false,
2022-08-30 04:00:00,Italy,North Italy,IT-NO,346.11,440.86,26.33,19.91,entsoe.eu,false,
2022-08-30 05:00:00,Italy,North Italy,IT-NO,320.28,408.63,31.76,26.28,entsoe.eu,false,
2022-08-30 06:00:00,Italy,North Italy,IT-NO,296.22,375.04,40.1,35.58,entsoe.eu,false,
2022-08-30 07:00:00,Italy,North Italy,IT-NO,293.25,371.31,41.39,37.29,entsoe.eu,false,
2022-08-30 08:00:00,Italy,North Italy,IT-NO,299.6,379.53,40.37,36.16,entsoe.eu,false,
2022-08-30 09:00:00,Italy,North Italy,IT-NO,300.14,380.15,40.59,36.56,entsoe.eu,false,
2022-08-30 10:00:00,Italy,North Italy,IT-NO,299.27,379.52,40.33,37.74,entsoe.eu,false,
2022-08-30 11:00:00,Italy,North Italy,IT-NO,294.73,375.57,40.02,36.76,entsoe.eu,false,
2022-08-30 12:00:00,Italy,North Italy,IT-NO,292.86,372.13,41.43,37.59,entsoe.eu,false,
2022-08-30 13:00:00,Italy,North Italy,IT-NO,298.08,378.78,39.91,35.39,entsoe.eu,false,
2022-08-30 14:00:00,Italy,North Italy,IT-NO,299.61,381.57,38.55,32.43,entsoe.eu,false,
2022-08-30 15:00:00,Italy,North Italy,IT-NO,307.79,389.68,37.82,32.19,entsoe.eu,false,
2022-08-30 16:00:00,Italy,North Italy,IT-NO,310.43,392.44,36.94,32.0,entsoe.eu,false,
2022-08-30 17:00:00,Italy,North Italy,IT-NO,312.09,393.59,37.1,32.98,entsoe.eu,false,
2022-08-30 18:00:00,Italy,North Italy,IT-NO,324.25,406.56,36.26,32.78,entsoe.eu,false,
2022-08-30 19:00:00,Italy,North Italy,IT-NO,337.38,422.89,33.2,28.7,entsoe.eu,false,
2022-08-30 20:00:00,Italy,North Italy,IT-NO,368.5,466.97,22.12,17.44,entsoe.eu,false,
2022-08-30 21:00:00,Italy,North Italy,IT-NO,371.19,469.24,22.51,17.03,entsoe.eu,false,
2022-08-30 22:00:00,Italy,North Italy,IT-NO,337.91,423.4,32.18,19.64,entsoe.eu,false,
2022-08-30 23:00:00,Italy,North Italy,IT-NO,335.75,421.21,32.9,18.79,entsoe.eu,false,
2022-08-31 00:00:00,Italy,North Italy,IT-NO,332.57,416.17,34.03,18.81,entsoe.eu,false,
2022-08-31 01:00:00,Italy,North Italy,IT-NO,335.51,419.18,32.67,18.28,entsoe.eu,false,
2022-08-31 02:00:00,Italy,North Italy,IT-NO,330.98,414.89,33.21,18.37,entsoe.eu,false,
2022-08-31 03:00:00,Italy,North Italy,IT-NO,338.39,426.79,30.4,16.88,entsoe.eu,false,
2022-08-31 04:00:00,Italy,North Italy,IT-NO,341.82,434.65,27.03,18.78,entsoe.eu,false,
2022-08-31 05:00:00,Italy,North Italy,IT-NO,331.26,421.2,29.57,24.87,entsoe.eu,false,
2022-08-31 06:00:00,Italy,North Italy,IT-NO,315.83,399.46,35.3,32.74,entsoe.eu,false,
2022-08-31 07:00:00,Italy,North Italy,IT-NO,322.25,405.27,36.15,34.66,entsoe.eu,false,
2022-08-31 08:00:00,Italy,North Italy,IT-NO,325.36,410.87,34.26,33.31,entsoe.eu,false,
2022-08-31 09:00:00,Italy,North Italy,IT-NO,314.18,401.41,33.81,33.33,entsoe.eu,false,
2022-08-31 10:00:00,Italy,North Italy,IT-NO,306.26,393.92,33.99,33.11,entsoe.eu,false,
2022-08-31 11:00:00,Italy,North Italy,IT-NO,320.96,412.18,31.0,29.93,entsoe.eu,false,
2022-08-31 12:00:00,Italy,North Italy,IT-NO,314.75,403.44,32.95,31.16,entsoe.eu,false,
2022-08-31 13:00:00,Italy,North Italy,IT-NO,308.14,393.08,35.83,32.9,entsoe.eu,false,
2022-08-31 14:00:00,Italy,North Italy,IT-NO,302.79,385.96,37.37,33.14,entsoe.eu,false,
2022-08-31 15:00:00,Italy,North Italy,IT-NO,314.91,399.99,35.38,31.43,entsoe.eu,false,
2022-08-31 16:00:00,Italy,North Italy,IT-NO,321.41,405.51,35.42,32.66,entsoe.eu,false,
2022-08-31 17:00:00,Italy,North Italy,IT-NO,313.72,398.59,34.82,30.5,entsoe.eu,false,
2022-08-31 18:00:00,Italy,North Italy,IT-NO,320.29,406.34,33.22,28.21,entsoe.eu,false,
2022-08-31 19:00:00,Italy,North Italy,IT-NO,344.05,435.51,27.96,23.86,entsoe.eu,false,
2022-08-31 20:00:00,Italy,North Italy,IT-NO,363.87,460.92,23.44,19.84,entsoe.eu,false,
2022-08-31 21:00:00,Italy,North Italy,IT-NO,363.65,458.15,24.93,19.69,entsoe.eu,false,
2022-08-31 22:00:00,Italy,North Italy,IT-NO,329.02,413.09,33.62,22.01,entsoe.eu,false,
2022-08-31 23:00:00,Italy,North Italy,IT-NO,316.9,397.87,37.28,22.14,entsoe.eu,false,
2022-09-01 00:00:00,Italy,North Italy,IT-NO,324.73,405.66,36.46,20.97,entsoe.eu,false,
2022-09-01 01:00:00,Italy,North Italy,IT-NO,325.18,406.51,35.89,19.24,entsoe.eu,false,
2022-09-01 02:00:00,Italy,North Italy,IT-NO,321.74,400.61,36.44,19.44,entsoe.eu,false,
2022-09-01 03:00:00,Italy,North Italy,IT-NO,316.95,397.09,36.31,20.76,entsoe.eu,false,
2022-09-01 04:00:00,Italy,North Italy,IT-NO,343.92,434.65,27.45,18.53,entsoe.eu,false,
2022-09-01 05:00:00,Italy,North Italy,IT-NO,323.98,411.66,31.97,23.42,entsoe.eu,false,
2022-09-01 06:00:00,Italy,North Italy,IT-NO,309.01,392.42,35.73,28.02,entsoe.eu,false,
2022-09-01 07:00:00,Italy,North Italy,IT-NO,311.33,394.02,36.33,30.1,entsoe.eu,false,
2022-09-01 08:00:00,Italy,North Italy,IT-NO,308.91,393.87,34.88,28.55,entsoe.eu,false,
2022-09-01 09:00:00,Italy,North Italy,IT-NO,308.47,393.53,35.13,29.07,entsoe.eu,false,
2022-09-01 10:00:00,Italy,North Italy,IT-NO,305.44,391.18,35.35,29.9,entsoe.eu,false,
2022-09-01 11:00:00,Italy,North Italy,IT-NO,302.28,387.45,36.32,30.52,entsoe.eu,false,
2022-09-01 12:00:00,Italy,North Italy,IT-NO,305.75,390.74,35.59,29.99,entsoe.eu,false,
2022-09-01 13:00:00,Italy,North Italy,IT-NO,288.43,370.66,39.32,32.84,entsoe.eu,false,
2022-09-01 14:00:00,Italy,North Italy,IT-NO,299.99,383.18,37.7,30.78,entsoe.eu,false,
2022-09-01 15:00:00,Italy,North Italy,IT-NO,304.55,388.53,36.51,29.37,entsoe.eu,false,
2022-09-01 16:00:00,Italy,North Italy,IT-NO,302.4,383.49,37.57,30.65,entsoe.eu,false,
2022-09-01 17:00:00,Italy,North Italy,IT-NO,301.82,381.87,37.81,31.83,entsoe.eu,false,
2022-09-01 18:00:00,Italy,North Italy,IT-NO,299.22,378.91,38.45,31.07,entsoe.eu,false,
2022-09-01 19:00:00,Italy,North Italy,IT-NO,320.81,404.01,33.95,25.11,entsoe.eu,false,
2022-09-01 20:00:00,Italy,North Italy,IT-NO,331.12,417.77,31.52,22.31,entsoe.eu,false,
2022-09-01 21:00:00,Italy,North Italy,IT-NO,351.43,443.03,27.33,20.16,entsoe.eu,false,
2022-09-01 22:00:00,Italy,North Italy,IT-NO,325.56,406.8,35.03,21.59,entsoe.eu,false,
2022-09-01 23:00:00,Italy,North Italy,IT-NO,322.08,399.5,37.34,21.55,entsoe.eu,false,
2022-09-02 00:00:00,Italy,North Italy,IT-NO,316.35,394.34,39.23,22.11,entsoe.eu,false,
2022-09-02 01:00:00,Italy,North Italy,IT-NO,317.01,395.38,39.11,21.45,entsoe.eu,false,
2022-09-02 02:00:00,Italy,North Italy,IT-NO,316.86,397.3,38.73,21.53,entsoe.eu,false,
2022-09-02 03:00:00,Italy,North Italy,IT-NO,317.85,398.11,37.51,22.23,entsoe.eu,false,
2022-09-02 04:00:00,Italy,North Italy,IT-NO,351.17,444.41,26.92,20.12,entsoe.eu,false,
2022-09-02 05:00:00,Italy,North Italy,IT-NO,334.29,423.52,30.51,25.89,entsoe.eu,false,
2022-09-02 06:00:00,Italy,North Italy,IT-NO,304.93,387.47,37.09,32.38,entsoe.eu,false,
2022-09-02 07:00:00,Italy,North Italy,IT-NO,294.07,374.91,39.18,35.11,entsoe.eu,false,
2022-09-02 08:00:00,Italy,North Italy,IT-NO,290.93,373.67,39.01,34.63,entsoe.eu,false,
2022-09-02 09:00:00,Italy,North Italy,IT-NO,293.56,377.95,37.99,33.96,entsoe.eu,false,
2022-09-02 10:00:00,Italy,North Italy,IT-NO,304.07,390.3,36.01,33.85,entsoe.eu,false,
2022-09-02 11:00:00,Italy,North Italy,IT-NO,297.03,382.83,36.85,34.4,entsoe.eu,false,
2022-09-02 12:00:00,Italy,North Italy,IT-NO,286.13,369.21,39.59,35.88,entsoe.eu,false,
2022-09-02 13:00:00,Italy,North Italy,IT-NO,286.09,367.93,40.33,34.56,entsoe.eu,false,
2022-09-02 14:00:00,Italy,North Italy,IT-NO,295.33,378.77,37.95,31.6,entsoe.eu,false,
2022-09-02 15:00:00,Italy,North Italy,IT-NO,298.52,381.05,37.73,31.99,entsoe.eu,false,
2022-09-02 16:00:00,Italy,North Italy,IT-NO,301.06,381.39,38.11,31.53,entsoe.eu,false,
2022-09-02 17:00:00,Italy,North Italy,IT-NO,293.57,369.14,41.68,35.25,entsoe.eu,false,
2022-09-02 18:00:00,Italy,North Italy,IT-NO,293.35,371.42,40.28,33.03,entsoe.eu,false,
2022-09-02 19:00:00,Italy,North Italy,IT-NO,318.9,402.74,33.21,26.58,entsoe.eu,false,
2022-09-02 20:00:00,Italy,North Italy,IT-NO,346.77,439.42,26.42,20.86,entsoe.eu,false,
2022-09-02 21:00:00,Italy,North Italy,IT-NO,349.21,440.91,26.51,20.21,entsoe.eu,false,
2022-09-02 22:00:00,Italy,North Italy,IT-NO,311.75,396.62,35.03,23.71,entsoe.eu,false,
2022-09-02 23:00:00,Italy,North Italy,IT-NO,297.95,376.38,39.3,23.58,entsoe.eu,false,
2022-09-03 00:00:00,Italy,North Italy,IT-NO,295.85,372.77,41.31,24.73,entsoe.eu,false,
2022-09-03 01:00:00,Italy,North Italy,IT-NO,295.5,372.28,40.72,23.46,entsoe.eu,false,
2022-09-03 02:00:00,Italy,North Italy,IT-NO,296.45,373.02,40.63,23.29,entsoe.eu,false,
2022-09-03 03:00:00,Italy,North Italy,IT-NO,296.16,375.04,41.0,23.76,entsoe.eu,false,
2022-09-03 04:00:00,Italy,North Italy,IT-NO,299.0,377.88,39.51,24.12,entsoe.eu,false,
2022-09-03 05:00:00,Italy,North Italy,IT-NO,286.67,362.34,42.5,27.78,entsoe.eu,false,
2022-09-03 06:00:00,Italy,North Italy,IT-NO,272.51,345.76,45.59,32.97,entsoe.eu,false,
2022-09-03 07:00:00,Italy,North Italy,IT-NO,251.65,324.84,47.81,36.76,entsoe.eu,false,
2022-09-03 08:00:00,Italy,North Italy,IT-NO,244.25,316.25,49.06,37.65,entsoe.eu,false,
2022-09-03 09:00:00,Italy,North Italy,IT-NO,243.09,315.33,48.98,39.05,entsoe.eu,false,
2022-09-03 10:00:00,Italy,North Italy,IT-NO,234.22,305.95,51.04,42.44,entsoe.eu,false,
2022-09-03 11:00:00,Italy,North Italy,IT-NO,221.03,288.94,54.82,43.96,entsoe.eu,false,
2022-09-03 12:00:00,Italy,North Italy,IT-NO,219.17,285.69,55.52,44.42,entsoe.eu,false,
2022-09-03 13:00:00,Italy,North Italy,IT-NO,222.37,288.66,55.18,43.88,entsoe.eu,false,
2022-09-03 14:00:00,Italy,North Italy,IT-NO,238.8,308.1,52.23,40.16,entsoe.eu,false,
2022-09-03 15:00:00,Italy,North Italy,IT-NO,263.14,337.43,46.8,35.26,entsoe.eu,false,
2022-09-03 16:00:00,Italy,North Italy,IT-NO,276.05,351.18,44.76,33.36,entsoe.eu,false,
2022-09-03 17:00:00,Italy,North Italy,IT-NO,264.7,336.38,47.25,37.87,entsoe.eu,false,
2022-09-03 18:00:00,Italy,North Italy,IT-NO,264.98,334.64,48.55,39.04,entsoe.eu,false,
2022-09-03 19:00:00,Italy,North Italy,IT-NO,272.97,345.75,46.12,35.53,entsoe.eu,false,
2022-09-03 20:00:00,Italy,North Italy,IT-NO,298.4,374.67,41.36,27.52,entsoe.eu,false,
2022-09-03 21:00:00,Italy,North Italy,IT-NO,302.04,382.77,38.08,27.64,entsoe.eu,false,
2022-09-03 22:00:00,Italy,North Italy,IT-NO,271.91,343.38,48.35,31.22,entsoe.eu,false,
2022-09-03 23:00:00,Italy,North Italy,IT-NO,265.69,332.42,50.83,28.09,entsoe.eu,false,
2022-09-04 00:00:00,Italy,North Italy,IT-NO,260.06,323.88,52.1,29.02,entsoe.eu,false,
2022-09-04 01:00:00,Italy,North Italy,IT-NO,259.78,322.67,52.59,28.11,entsoe.eu,false,
2022-09-04 02:00:00,Italy,North Italy,IT-NO,270.36,336.83,50.7,25.96,entsoe.eu,false,
2022-09-04 03:00:00,Italy,North Italy,IT-NO,266.49,332.98,51.45,27.55,entsoe.eu,false,
2022-09-04 04:00:00,Italy,North Italy,IT-NO,262.02,331.24,51.25,29.39,entsoe.eu,false,
2022-09-04 05:00:00,Italy,North Italy,IT-NO,242.58,308.18,55.16,32.87,entsoe.eu,false,
2022-09-04 06:00:00,Italy,North Italy,IT-NO,217.08,278.81,59.87,40.9,entsoe.eu,false,
2022-09-04 07:00:00,Italy,North Italy,IT-NO,194.74,253.45,63.64,46.6,entsoe.eu,false,
2022-09-04 08:00:00,Italy,North Italy,IT-NO,180.36,237.68,66.01,51.43,entsoe.eu,false,
2022-09-04 09:00:00,Italy,North Italy,IT-NO,160.05,212.68,70.28,54.78,entsoe.eu,false,
2022-09-04 10:00:00,Italy,North Italy,IT-NO,154.48,207.54,70.58,55.7,entsoe.eu,false,
2022-09-04 11:00:00,Italy,North Italy,IT-NO,153.49,206.07,71.04,55.67,entsoe.eu,false,
2022-09-04 12:00:00,Italy,North Italy,IT-NO,154.56,208.18,70.98,56.79,entsoe.eu,false,
2022-09-04 13:00:00,Italy,North Italy,IT-NO,165.3,221.0,68.77,54.63,entsoe.eu,false,
2022-09-04 14:00:00,Italy,North Italy,IT-NO,193.88,252.92,63.84,49.14,entsoe.eu,false,
2022-09-04 15:00:00,Italy,North Italy,IT-NO,222.61,286.69,57.23,42.0,entsoe.eu,false,
2022-09-04 16:00:00,Italy,North Italy,IT-NO,257.83,331.35,46.73,38.44,entsoe.eu,false,
2022-09-04 17:00:00,Italy,North Italy,IT-NO,257.72,328.54,48.6,40.53,entsoe.eu,false,
2022-09-04 18:00:00,Italy,North Italy,IT-NO,251.39,319.53,50.84,42.11,entsoe.eu,false,
2022-09-04 19:00:00,Italy,North Italy,IT-NO,265.25,338.9,46.16,35.67,entsoe.eu,false,
2022-09-04 20:00:00,Italy,North Italy,IT-NO,280.28,355.55,44.24,31.18,entsoe.eu,false,
2022-09-04 21:00:00,Italy,North Italy,IT-NO,282.27,353.31,46.62,30.34,entsoe.eu,false,
2022-09-04 22:00:00,Italy,North Italy,IT-NO,283.13,353.99,46.18,27.54,entsoe.eu,false,
2022-09-04 23:00:00,Italy,North Italy,IT-NO,277.59,346.18,47.71,27.25,entsoe.eu,false,
2022-09-05 00:00:00,Italy,North Italy,IT-NO,283.96,356.6,46.68,25.34,entsoe.eu,false,
2022-09-05 01:00:00,Italy,North Italy,IT-NO,277.27,348.18,47.52,25.86,entsoe.eu,false,
2022-09-05 02:00:00,Italy,North Italy,IT-NO,279.37,351.87,46.48,25.33,entsoe.eu,false,
2022-09-05 03:00:00,Italy,North Italy,IT-NO,290.68,366.98,42.54,23.81,entsoe.eu,false,
2022-09-05 04:00:00,Italy,North Italy,IT-NO,338.88,432.59,27.73,20.06,entsoe.eu,false,
2022-09-05 05:00:00,Italy,North Italy,IT-NO,330.95,420.87,30.46,25.87,entsoe.eu,false,
2022-09-05 06:00:00,Italy,North Italy,IT-NO,313.31,393.51,38.32,33.84,entsoe.eu,false,
2022-09-05 07:00:00,Italy,North Italy,IT-NO,297.37,377.71,39.58,34.38,entsoe.eu,false,
2022-09-05 08:00:00,Italy,North Italy,IT-NO,292.52,372.44,40.68,35.06,entsoe.eu,false,
2022-09-05 09:00:00,Italy,North Italy,IT-NO,287.09,366.91,41.46,36.17,entsoe.eu,false,
2022-09-05 10:00:00,Italy,North Italy,IT-NO,285.65,367.73,40.63,37.05,entsoe.eu,false,
2022-09-05 11:00:00,Italy,North Italy,IT-NO,281.47,363.33,41.22,37.55,entsoe.eu,false,
2022-09-05 12:00:00,Italy,North Italy,IT-NO,284.21,365.02,41.48,36.67,entsoe.eu,false,
2022-09-05 13:00:00,Italy,North Italy,IT-NO,291.05,372.2,40.56,35.25,entsoe.eu,false,
2022-09-05 14:00:00,Italy,North Italy,IT-NO,298.56,380.12,39.34,33.44,entsoe.eu,false,
2022-09-05 15:00:00,Italy,North Italy,IT-NO,298.92,378.93,39.43,33.37,entsoe.eu,false,
2022-09-05 16:00:00,Italy,North Italy,IT-NO,284.92,360.01,42.96,36.45,entsoe.eu,false,
2022-09-05 17:00:00,Italy,North Italy,IT-NO,285.98,359.38,44.25,38.29,entsoe.eu,false,
2022-09-05 18:00:00,Italy,North Italy,IT-NO,288.86,362.15,44.39,37.71,entsoe.eu,false,
2022-09-05 19:00:00,Italy,North Italy,IT-NO,302.72,381.58,39.38,32.08,entsoe.eu,false,
2022-09-05 20:00:00,Italy,North Italy,IT-NO,334.58,422.24,31.33,25.08,entsoe.eu,false,
2022-09-05 21:00:00,Italy,North Italy,IT-NO,343.7,434.45,28.71,21.82,entsoe.eu,false,
2022-09-05 22:00:00,Italy,North Italy,IT-NO,317.72,402.98,33.68,20.53,entsoe.eu,false,
2022-09-05 23:00:00,Italy,North Italy,IT-NO,318.99,404.7,33.69,20.21,entsoe.eu,false,
2022-09-06 00:00:00,Italy,North Italy,IT-NO,319.89,406.23,33.75,19.81,entsoe.eu,false,
2022-09-06 01:00:00,Italy,North Italy,IT-NO,315.27,397.71,35.1,20.0,entsoe.eu,false,
2022-09-06 02:00:00,Italy,North Italy,IT-NO,311.47,395.49,35.62,20.86,entsoe.eu,false,
2022-09-06 03:00:00,Italy,North Italy,IT-NO,316.07,399.85,34.95,21.07,entsoe.eu,false,
2022-09-06 04:00:00,Italy,North Italy,IT-NO,322.94,410.19,32.02,21.9,entsoe.eu,false,
2022-09-06 05:00:00,Italy,North Italy,IT-NO,313.73,399.85,33.73,25.55,entsoe.eu,false,
2022-09-06 06:00:00,Italy,North Italy,IT-NO,289.99,369.71,39.93,32.9,entsoe.eu,false,
2022-09-06 07:00:00,Italy,North Italy,IT-NO,279.49,357.64,41.87,36.25,entsoe.eu,false,
2022-09-06 08:00:00,Italy,North Italy,IT-NO,281.59,361.79,40.98,35.18,entsoe.eu,false,
2022-09-06 09:00:00,Italy,North Italy,IT-NO,276.53,355.94,42.09,36.7,entsoe.eu,false,
2022-09-06 10:00:00,Italy,North Italy,IT-NO,278.64,359.95,40.71,36.21,entsoe.eu,false,
2022-09-06 11:00:00,Italy,North Italy,IT-NO,277.72,358.35,41.35,36.0,entsoe.eu,false,
2022-09-06 12:00:00,Italy,North Italy,IT-NO,281.62,362.02,41.13,35.27,entsoe.eu,false,
2022-09-06 13:00:00,Italy,North Italy,IT-NO,277.33,356.31,42.2,35.18,entsoe.eu,false,
2022-09-06 14:00:00,Italy,North Italy,IT-NO,277.66,356.74,41.93,34.02,entsoe.eu,false,
2022-09-06 15:00:00,Italy,North Italy,IT-NO,284.45,362.31,42.07,34.44,entsoe.eu,false,
2022-09-06 16:00:00,Italy,North Italy,IT-NO,283.67,359.79,42.62,34.93,entsoe.eu,false,
2022-09-06 17:00:00,Italy,North Italy,IT-NO,282.89,357.36,43.53,36.33,entsoe.eu,false,
2022-09-06 18:00:00,Italy,North Italy,IT-NO,287.99,361.57,43.96,36.72,entsoe.eu,false,
2022-09-06 19:00:00,Italy,North Italy,IT-NO,302.17,382.51,38.58,30.63,entsoe.eu,false,
2022-09-06 20:00:00,Italy,North Italy,IT-NO,322.02,410.81,31.72,24.03,entsoe.eu,false,
2022-09-06 21:00:00,Italy,North Italy,IT-NO,322.72,411.9,31.9,22.73,entsoe.eu,false,
2022-09-06 22:00:00,Italy,North Italy,IT-NO,308.0,391.14,36.7,21.19,entsoe.eu,false,
2022-09-06 23:00:00,Italy,North Italy,IT-NO,295.87,374.48,39.75,22.44,entsoe.eu,false,
2022-09-07 00:00:00,Italy,North Italy,IT-NO,297.26,374.02,40.29,23.12,entsoe.eu,false,
2022-09-07 01:00:00,Italy,North Italy,IT-NO,292.86,370.95,40.36,22.38,entsoe.eu,false,
2022-09-07 02:00:00,Italy,North Italy,IT-NO,295.05,374.07,40.06,22.44,entsoe.eu,false,
2022-09-07 03:00:00,Italy,North Italy,IT-NO,299.48,379.63,38.75,21.71,entsoe.eu,false,
2022-09-07 04:00:00,Italy,North Italy,IT-NO,320.58,408.86,32.28,21.76,entsoe.eu,false,
2022-09-07 05:00:00,Italy,North Italy,IT-NO,311.44,396.25,34.78,26.63,entsoe.eu,false,
2022-09-07 06:00:00,Italy,North Italy,IT-NO,292.2,371.61,39.68,31.28,entsoe.eu,false,
2022-09-07 07:00:00,Italy,North Italy,IT-NO,276.11,353.77,42.51,34.86,entsoe.eu,false,
2022-09-07 08:00:00,Italy,North Italy,IT-NO,273.47,350.8,43.22,35.57,entsoe.eu,false,
2022-09-07 09:00:00,Italy,North Italy,IT-NO,280.51,359.86,41.73,33.86,entsoe.eu,false,
2022-09-07 10:00:00,Italy,North Italy,IT-NO,288.83,371.77,39.25,33.88,entsoe.eu,false,
2022-09-07 11:00:00,Italy,North Italy,IT-NO,283.45,365.53,40.42,33.94,entsoe.eu,false,
2022-09-07 12:00:00,Italy,North Italy,IT-NO,284.33,365.95,40.38,33.28,entsoe.eu,false,
2022-09-07 13:00:00,Italy,North Italy,IT-NO,288.19,368.32,40.61,32.45,entsoe.eu,false,
2022-09-07 14:00:00,Italy,North Italy,IT-NO,291.07,372.52,39.15,30.54,entsoe.eu,false,
2022-09-07 15:00:00,Italy,North Italy,IT-NO,285.34,364.77,40.19,32.94,entsoe.eu,false,
2022-09-07 16:00:00,Italy,North Italy,IT-NO,293.29,372.21,39.79,32.88,entsoe.eu,false,
2022-09-07 17:00:00,Italy,North Italy,IT-NO,287.01,362.24,42.56,35.35,entsoe.eu,false,
2022-09-07 18:00:00,Italy,North Italy,IT-NO,287.38,363.84,41.65,34.38,entsoe.eu,false,
2022-09-07 19:00:00,Italy,North Italy,IT-NO,309.07,393.67,34.56,29.86,entsoe.eu,false,
2022-09-07 20:00:00,Italy,North Italy,IT-NO,336.63,426.98,28.76,24.32,entsoe.eu,false,
2022-09-07 21:00:00,Italy,North Italy,IT-NO,334.11,422.19,30.71,21.56,entsoe.eu,false,
2022-09-07 22:00:00,Italy,North Italy,IT-NO,317.5,401.3,34.74,20.79,entsoe.eu,false,
2022-09-07 23:00:00,Italy,North Italy,IT-NO,312.48,393.17,37.27,20.7,entsoe.eu,false,
2022-09-08 00:00:00,Italy,North Italy,IT-NO,310.54,389.66,38.54,20.87,entsoe.eu,false,
2022-09-08 01:00:00,Italy,North Italy,IT-NO,304.89,383.65,38.9,21.09,entsoe.eu,false,
2022-09-08 02:00:00,Italy,North Italy,IT-NO,300.36,377.48,39.94,21.6,entsoe.eu,false,
2022-09-08 03:00:00,Italy,North Italy,IT-NO,303.02,383.13,38.36,22.06,entsoe.eu,false,
2022-09-08 04:00:00,Italy,North Italy,IT-NO,307.07,388.53,36.89,24.37,entsoe.eu,false,
2022-09-08 05:00:00,Italy,North Italy,IT-NO,296.8,375.2,39.67,29.71,entsoe.eu,false,
2022-09-08 06:00:00,Italy,North Italy,IT-NO,276.3,348.0,46.11,37.96,entsoe.eu,false,
2022-09-08 07:00:00,Italy,North Italy,IT-NO,266.16,334.9,49.0,40.66,entsoe.eu,false,
2022-09-08 08:00:00,Italy,North Italy,IT-NO,267.6,340.78,45.86,37.07,entsoe.eu,false,
2022-09-08 09:00:00,Italy,North Italy,IT-NO,262.61,336.96,46.02,37.06,entsoe.eu,false,
2022-09-08 10:00:00,Italy,North Italy,IT-NO,248.63,318.93,50.14,40.11,entsoe.eu,false,
2022-09-08 11:00:00,Italy,North Italy,IT-NO,241.36,308.89,51.62,40.9,entsoe.eu,false,
2022-09-08 12:00:00,Italy,North Italy,IT-NO,260.74,332.36,47.69,37.8,entsoe.eu,false,
2022-09-08 13:00:00,Italy,North Italy,IT-NO,266.81,339.69,46.27,35.72,entsoe.eu,false,
2022-09-08 14:00:00,Italy,North Italy,IT-NO,283.85,360.69,42.33,31.92,entsoe.eu,false,
2022-09-08 15:00:00,Italy,North Italy,IT-NO,288.05,364.13,42.5,32.31,entsoe.eu,false,
2022-09-08 16:00:00,Italy,North Italy,IT-NO,286.08,362.05,42.62,33.72,entsoe.eu,false,
2022-09-08 17:00:00,Italy,North Italy,IT-NO,280.47,353.39,44.96,36.91,entsoe.eu,false,
2022-09-08 18:00:00,Italy,North Italy,IT-NO,283.4,356.01,45.06,37.45,entsoe.eu,false,
2022-09-08 19:00:00,Italy,North Italy,IT-NO,298.14,374.49,41.56,32.41,entsoe.eu,false,
2022-09-08 20:00:00,Italy,North Italy,IT-NO,313.22,394.57,36.59,27.16,entsoe.eu,false,
2022-09-08 21:00:00,Italy,North Italy,IT-NO,317.81,400.76,35.27,24.47,entsoe.eu,false,
2022-09-08 22:00:00,Italy,North Italy,IT-NO,307.52,386.55,38.79,23.79,entsoe.eu,false,
2022-09-08 23:00:00,Italy,North Italy,IT-NO,299.17,375.16,41.34,25.47,entsoe.eu,false,
2022-09-09 00:00:00,Italy,North Italy,IT-NO,294.57,368.98,42.64,25.46,entsoe.eu,false,
2022-09-09 01:00:00,Italy,North Italy,IT-NO,288.95,363.09,43.46,25.37,entsoe.eu,false,
2022-09-09 02:00:00,Italy,North Italy,IT-NO,286.62,361.15,43.44,24.96,entsoe.eu,false,
2022-09-09 03:00:00,Italy,North Italy,IT-NO,289.89,366.96,41.97,25.1,entsoe.eu,false,
2022-09-09 04:00:00,Italy,North Italy,IT-NO,293.7,373.02,40.09,26.49,entsoe.eu,false,
2022-09-09 05:00:00,Italy,North Italy,IT-NO,289.76,367.7,41.14,31.84,entsoe.eu,false,
2022-09-09 06:00:00,Italy,North Italy,IT-NO,274.17,347.09,45.8,37.68,entsoe.eu,false,
2022-09-09 07:00:00,Italy,North Italy,IT-NO,265.99,339.13,46.32,37.97,entsoe.eu,false,
2022-09-09 08:00:00,Italy,North Italy,IT-NO,268.36,342.3,45.81,37.23,entsoe.eu,false,
2022-09-09 09:00:00,Italy,North Italy,IT-NO,262.06,335.74,46.83,38.58,entsoe.eu,false,
2022-09-09 10:00:00,Italy,North Italy,IT-NO,238.85,308.53,51.91,42.52,entsoe.eu,false,
2022-09-09 11:00:00,Italy,North Italy,IT-NO,226.4,292.82,55.17,44.87,entsoe.eu,false,
2022-09-09 12:00:00,Italy,North Italy,IT-NO,234.69,303.59,52.67,42.22,entsoe.eu,false,
2022-09-09 13:00:00,Italy,North Italy,IT-NO,245.93,317.72,49.5,38.95,entsoe.eu,false,
2022-09-09 14:00:00,Italy,North Italy,IT-NO,258.04,331.74,47.23,37.08,entsoe.eu,false,
2022-09-09 15:00:00,Italy,North Italy,IT-NO,271.83,348.07,44.13,33.97,entsoe.eu,false,
2022-09-09 16:00:00,Italy,North Italy,IT-NO,287.75,364.68,42.19,33.16,entsoe.eu,false,
2022-09-09 17:00:00,Italy,North Italy,IT-NO,286.39,361.06,43.33,35.21,entsoe.eu,false,
2022-09-09 18:00:00,Italy,North Italy,IT-NO,288.73,364.05,42.74,35.02,entsoe.eu,false,
2022-09-09 19:00:00,Italy,North Italy,IT-NO,302.15,381.88,38.97,30.04,entsoe.eu,false,
2022-09-09 20:00:00,Italy,North Italy,IT-NO,312.33,397.47,34.55,24.99,entsoe.eu,false,
2022-09-09 21:00:00,Italy,North Italy,IT-NO,307.44,389.54,36.78,25.66,entsoe.eu,false,
2022-09-09 22:00:00,Italy,North Italy,IT-NO,279.29,354.55,44.41,29.72,entsoe.eu,false,
2022-09-09 23:00:00,Italy,North Italy,IT-NO,268.29,338.93,48.34,32.12,entsoe.eu,false,
2022-09-10 00:00:00,Italy,North Italy,IT-NO,263.74,331.83,50.35,32.27,entsoe.eu,false,
2022-09-10 01:00:00,Italy,North Italy,IT-NO,267.43,337.9,48.48,29.33,entsoe.eu,false,
2022-09-10 02:00:00,Italy,North Italy,IT-NO,266.94,337.85,48.44,28.92,entsoe.eu,false,
2022-09-10 03:00:00,Italy,North Italy,IT-NO,270.54,340.94,48.4,29.14,entsoe.eu,false,
2022-09-10 04:00:00,Italy,North Italy,IT-NO,268.06,339.8,47.8,31.15,entsoe.eu,false,
2022-09-10 05:00:00,Italy,North Italy,IT-NO,257.94,327.89,49.59,34.2,entsoe.eu,false,
2022-09-10 06:00:00,Italy,North Italy,IT-NO,248.06,317.0,50.96,37.94,entsoe.eu,false,
2022-09-10 07:00:00,Italy,North Italy,IT-NO,241.99,311.38,51.51,41.75,entsoe.eu,false,
2022-09-10 08:00:00,Italy,North Italy,IT-NO,229.9,297.92,53.77,44.75,entsoe.eu,false,
2022-09-10 09:00:00,Italy,North Italy,IT-NO,205.41,267.9,60.11,51.7,entsoe.eu,false,
2022-09-10 10:00:00,Italy,North Italy,IT-NO,181.16,238.19,66.14,56.69,entsoe.eu,false,
2022-09-10 11:00:00,Italy,North Italy,IT-NO,176.36,232.84,66.99,56.04,entsoe.eu,false,
2022-09-10 12:00:00,Italy,North Italy,IT-NO,184.5,243.31,64.91,53.99,entsoe.eu,false,
2022-09-10 13:00:00,Italy,North Italy,IT-NO,188.44,247.22,64.51,52.2,entsoe.eu,false,
2022-09-10 14:00:00,Italy,North Italy,IT-NO,198.79,258.76,62.7,48.32,entsoe.eu,false,
2022-09-10 15:00:00,Italy,North Italy,IT-NO,227.63,292.72,56.49,44.3,entsoe.eu,false,
2022-09-10 16:00:00,Italy,North Italy,IT-NO,240.63,302.65,57.12,45.28,entsoe.eu,false,
2022-09-10 17:00:00,Italy,North Italy,IT-NO,230.99,288.8,59.66,48.6,entsoe.eu,false,
2022-09-10 18:00:00,Italy,North Italy,IT-NO,241.12,295.98,59.25,42.38,entsoe.eu,false,
2022-09-10 19:00:00,Italy,North Italy,IT-NO,238.11,299.88,56.27,43.59,entsoe.eu,false,
2022-09-10 20:00:00,Italy,North Italy,IT-NO,256.24,324.07,51.31,37.83,entsoe.eu,false,
2022-09-10 21:00:00,Italy,North Italy,IT-NO,269.04,339.4,49.05,35.33,entsoe.eu,false,
2022-09-10 22:00:00,Italy,North Italy,IT-NO,252.37,320.8,52.08,34.73,entsoe.eu,false,
2022-09-10 23:00:00,Italy,North Italy,IT-NO,256.9,326.3,51.91,36.12,entsoe.eu,false,
2022-09-11 00:00:00,Italy,North Italy,IT-NO,257.07,324.92,52.79,34.25,entsoe.eu,false,
2022-09-11 01:00:00,Italy,North Italy,IT-NO,264.02,332.06,51.46,30.17,entsoe.eu,false,
2022-09-11 02:00:00,Italy,North Italy,IT-NO,264.8,331.04,51.99,27.57,entsoe.eu,false,
2022-09-11 03:00:00,Italy,North Italy,IT-NO,259.96,326.99,52.21,28.64,entsoe.eu,false,
2022-09-11 04:00:00,Italy,North Italy,IT-NO,252.0,318.39,53.2,30.74,entsoe.eu,false,
2022-09-11 05:00:00,Italy,North Italy,IT-NO,229.56,293.1,56.8,34.88,entsoe.eu,false,
2022-09-11 06:00:00,Italy,North Italy,IT-NO,208.98,269.36,60.74,44.27,entsoe.eu,false,
2022-09-11 07:00:00,Italy,North Italy,IT-NO,183.89,240.86,65.83,53.9,entsoe.eu,false,
2022-09-11 08:00:00,Italy,North Italy,IT-NO,166.22,220.29,69.49,58.45,entsoe.eu,false,
2022-09-11 09:00:00,Italy,North Italy,IT-NO,161.52,216.11,69.87,59.15,entsoe.eu,false,
2022-09-11 10:00:00,Italy,North Italy,IT-NO,161.68,216.74,69.72,59.97,entsoe.eu,false,
2022-09-11 11:00:00,Italy,North Italy,IT-NO,159.54,214.19,70.47,61.72,entsoe.eu,false,
2022-09-11 12:00:00,Italy,North Italy,IT-NO,158.98,213.68,70.36,60.15,entsoe.eu,false,
2022-09-11 13:00:00,Italy,North Italy,IT-NO,168.89,225.01,68.39,56.43,entsoe.eu,false,
2022-09-11 14:00:00,Italy,North Italy,IT-NO,177.77,234.26,67.0,51.77,entsoe.eu,false,
2022-09-11 15:00:00,Italy,North Italy,IT-NO,215.41,279.14,58.21,43.37,entsoe.eu,false,
2022-09-11 16:00:00,Italy,North Italy,IT-NO,268.03,337.53,49.75,41.28,entsoe.eu,false,
2022-09-11 17:00:00,Italy,North Italy,IT-NO,254.35,323.5,49.72,39.18,entsoe.eu,false,
2022-09-11 18:00:00,Italy,North Italy,IT-NO,253.76,320.9,51.18,40.85,entsoe.eu,false,
2022-09-11 19:00:00,Italy,North Italy,IT-NO,258.83,327.18,50.03,37.57,entsoe.eu,false,
2022-09-11 20:00:00,Italy,North Italy,IT-NO,276.03,348.69,46.42,33.66,entsoe.eu,false,
2022-09-11 21:00:00,Italy,North Italy,IT-NO,278.35,353.57,44.55,28.82,entsoe.eu,false,
2022-09-11 22:00:00,Italy,North Italy,IT-NO,302.29,384.2,37.72,24.32,entsoe.eu,false,
2022-09-11 23:00:00,Italy,North Italy,IT-NO,308.26,390.67,36.57,22.73,entsoe.eu,false,
2022-09-12 00:00:00,Italy,North Italy,IT-NO,309.44,391.02,37.37,22.83,entsoe.eu,false,
2022-09-12 01:00:00,Italy,North Italy,IT-NO,284.76,358.82,44.13,24.86,entsoe.eu,false,
2022-09-12 02:00:00,Italy,North Italy,IT-NO,280.41,353.62,45.16,24.58,entsoe.eu,false,
2022-09-12 03:00:00,Italy,North Italy,IT-NO,288.43,366.55,41.87,24.12,entsoe.eu,false,
2022-09-12 04:00:00,Italy,North Italy,IT-NO,314.51,400.87,33.79,23.1,entsoe.eu,false,
2022-09-12 05:00:00,Italy,North Italy,IT-NO,310.17,394.1,35.73,27.28,entsoe.eu,false,
2022-09-12 06:00:00,Italy,North Italy,IT-NO,292.4,369.18,42.13,35.0,entsoe.eu,false,
2022-09-12 07:00:00,Italy,North Italy,IT-NO,287.76,367.91,40.29,32.82,entsoe.eu,false,
2022-09-12 08:00:00,Italy,North Italy,IT-NO,274.48,353.01,42.75,34.92,entsoe.eu,false,
2022-09-12 09:00:00,Italy,North Italy,IT-NO,270.14,347.83,44.15,36.55,entsoe.eu,false,
2022-09-12 10:00:00,Italy,North Italy,IT-NO,266.36,344.12,44.86,37.81,entsoe.eu,false,
2022-09-12 11:00:00,Italy,North Italy,IT-NO,265.2,342.9,45.08,38.25,entsoe.eu,false,
2022-09-12 12:00:00,Italy,North Italy,IT-NO,276.34,356.47,42.41,35.1,entsoe.eu,false,
2022-09-12 13:00:00,Italy,North Italy,IT-NO,278.31,358.3,42.27,33.55,entsoe.eu,false,
2022-09-12 14:00:00,Italy,North Italy,IT-NO,283.81,365.15,40.82,32.11,entsoe.eu,false,
2022-09-12 15:00:00,Italy,North Italy,IT-NO,309.34,394.97,35.28,28.59,entsoe.eu,false,
2022-09-12 16:00:00,Italy,North Italy,IT-NO,320.07,402.78,36.31,31.75,entsoe.eu,false,
2022-09-12 17:00:00,Italy,North Italy,IT-NO,309.55,388.77,39.13,33.99,entsoe.eu,false,
2022-09-12 18:00:00,Italy,North Italy,IT-NO,311.35,389.58,39.75,34.67,entsoe.eu,false,
2022-09-12 19:00:00,Italy,North Italy,IT-NO,312.51,397.12,34.78,27.78,entsoe.eu,false,
2022-09-12 20:00:00,Italy,North Italy,IT-NO,327.14,415.83,31.49,23.21,entsoe.eu,false,
2022-09-12 21:00:00,Italy,North Italy,IT-NO,331.1,419.13,31.99,22.07,entsoe.eu,false,
2022-09-12 22:00:00,Italy,North Italy,IT-NO,321.95,405.9,35.26,21.05,entsoe.eu,false,
2022-09-12 23:00:00,Italy,North Italy,IT-NO,315.82,397.27,37.42,21.22,entsoe.eu,false,
2022-09-13 00:00:00,Italy,North Italy,IT-NO,318.75,400.61,36.82,20.04,entsoe.eu,false,
2022-09-13 01:00:00,Italy,North Italy,IT-NO,310.66,390.02,39.18,20.13,entsoe.eu,false,
2022-09-13 02:00:00,Italy,North Italy,IT-NO,308.04,387.9,39.07,19.74,entsoe.eu,false,
2022-09-13 03:00:00,Italy,North Italy,IT-NO,313.48,395.49,37.86,20.62,entsoe.eu,false,
2022-09-13 04:00:00,Italy,North Italy,IT-NO,334.93,424.33,30.94,20.8,entsoe.eu,false,
2022-09-13 05:00:00,Italy,North Italy,IT-NO,327.58,415.38,31.94,24.57,entsoe.eu,false,
2022-09-13 06:00:00,Italy,North Italy,IT-NO,312.92,397.1,36.03,30.29,entsoe.eu,false,
2022-09-13 07:00:00,Italy,North Italy,IT-NO,303.34,386.15,37.97,32.51,entsoe.eu,false,
2022-09-13 08:00:00,Italy,North Italy,IT-NO,307.12,391.78,36.73,33.45,entsoe.eu,false,
2022-09-13 09:00:00,Italy,North Italy,IT-NO,309.25,394.34,36.47,33.99,entsoe.eu,false,
2022-09-13 10:00:00,Italy,North Italy,IT-NO,313.31,400.13,35.18,34.42,entsoe.eu,false,
2022-09-13 11:00:00,Italy,North Italy,IT-NO,305.02,391.42,35.95,34.31,entsoe.eu,false,
2022-09-13 12:00:00,Italy,North Italy,IT-NO,308.28,395.38,35.18,32.72,entsoe.eu,false,
2022-09-13 13:00:00,Italy,North Italy,IT-NO,311.01,397.4,35.1,30.59,entsoe.eu,false,
2022-09-13 14:00:00,Italy,North Italy,IT-NO,312.74,396.81,36.04,29.98,entsoe.eu,false,
2022-09-13 15:00:00,Italy,North Italy,IT-NO,319.95,404.73,34.71,28.9,entsoe.eu,false,
2022-09-13 16:00:00,Italy,North Italy,IT-NO,322.81,406.85,34.67,29.93,entsoe.eu,false,
2022-09-13 17:00:00,Italy,North Italy,IT-NO,309.42,390.58,37.19,31.06,entsoe.eu,false,
2022-09-13 18:00:00,Italy,North Italy,IT-NO,316.79,398.74,36.2,30.75,entsoe.eu,false,
2022-09-13 19:00:00,Italy,North Italy,IT-NO,333.1,422.43,29.99,23.67,entsoe.eu,false,
2022-09-13 20:00:00,Italy,North Italy,IT-NO,347.91,441.12,26.72,20.29,entsoe.eu,false,
2022-09-13 21:00:00,Italy,North Italy,IT-NO,348.29,441.56,27.06,19.36,entsoe.eu,false,
2022-09-13 22:00:00,Italy,North Italy,IT-NO,318.2,401.62,36.31,20.05,entsoe.eu,false,
2022-09-13 23:00:00,Italy,North Italy,IT-NO,316.39,397.98,37.62,19.04,entsoe.eu,false,
2022-09-14 00:00:00,Italy,North Italy,IT-NO,318.97,399.94,37.84,18.96,entsoe.eu,false,
2022-09-14 01:00:00,Italy,North Italy,IT-NO,319.0,400.25,37.73,18.58,entsoe.eu,false,
2022-09-14 02:00:00,Italy,North Italy,IT-NO,311.71,392.56,38.9,19.28,entsoe.eu,false,
2022-09-14 03:00:00,Italy,North Italy,IT-NO,314.8,399.07,36.67,21.63,entsoe.eu,false,
2022-09-14 04:00:00,Italy,North Italy,IT-NO,335.46,426.08,29.77,20.99,entsoe.eu,false,
2022-09-14 05:00:00,Italy,North Italy,IT-NO,341.43,432.85,28.71,23.74,entsoe.eu,false,
2022-09-14 06:00:00,Italy,North Italy,IT-NO,318.15,401.08,36.33,32.13,entsoe.eu,false,
2022-09-14 07:00:00,Italy,North Italy,IT-NO,312.82,395.02,37.28,33.42,entsoe.eu,false,
2022-09-14 08:00:00,Italy,North Italy,IT-NO,318.38,400.87,36.32,32.44,entsoe.eu,false,
2022-09-14 09:00:00,Italy,North Italy,IT-NO,314.71,395.91,37.81,34.07,entsoe.eu,false,
2022-09-14 10:00:00,Italy,North Italy,IT-NO,313.82,397.87,36.35,34.19,entsoe.eu,false,
2022-09-14 11:00:00,Italy,North Italy,IT-NO,325.43,413.77,31.99,28.13,entsoe.eu,false,
2022-09-14 12:00:00,Italy,North Italy,IT-NO,317.01,402.27,34.34,29.15,entsoe.eu,false,
2022-09-14 13:00:00,Italy,North Italy,IT-NO,304.71,388.41,36.48,29.94,entsoe.eu,false,
2022-09-14 14:00:00,Italy,North Italy,IT-NO,304.84,388.33,36.34,28.35,entsoe.eu,false,
2022-09-14 15:00:00,Italy,North Italy,IT-NO,318.39,405.13,33.29,26.97,entsoe.eu,false,
2022-09-14 16:00:00,Italy,North Italy,IT-NO,313.46,399.29,34.12,27.73,entsoe.eu,false,
2022-09-14 17:00:00,Italy,North Italy,IT-NO,308.22,390.88,36.47,30.52,entsoe.eu,false,
2022-09-14 18:00:00,Italy,North Italy,IT-NO,313.61,397.45,35.22,29.46,entsoe.eu,false,
2022-09-14 19:00:00,Italy,North Italy,IT-NO,344.15,438.1,26.36,21.04,entsoe.eu,false,
2022-09-14 20:00:00,Italy,North Italy,IT-NO,348.13,442.91,25.7,20.09,entsoe.eu,false,
2022-09-14 21:00:00,Italy,North Italy,IT-NO,331.26,419.98,31.47,21.69,entsoe.eu,false,
2022-09-14 22:00:00,Italy,North Italy,IT-NO,304.16,382.39,40.19,24.31,entsoe.eu,false,
2022-09-14 23:00:00,Italy,North Italy,IT-NO,305.24,380.99,41.53,23.24,entsoe.eu,false,
2022-09-15 00:00:00,Italy,North Italy,IT-NO,304.78,379.14,42.62,22.95,entsoe.eu,false,
2022-09-15 01:00:00,Italy,North Italy,IT-NO,300.73,373.91,43.3,23.46,entsoe.eu,false,
2022-09-15 02:00:00,Italy,North Italy,IT-NO,292.37,366.43,43.96,23.43,entsoe.eu,false,
2022-09-15 03:00:00,Italy,North Italy,IT-NO,298.16,376.23,41.52,23.46,entsoe.eu,false,
2022-09-15 04:00:00,Italy,North Italy,IT-NO,326.56,413.6,33.31,23.0,entsoe.eu,false,
2022-09-15 05:00:00,Italy,North Italy,IT-NO,337.05,428.07,28.92,23.17,entsoe.eu,false,
2022-09-15 06:00:00,Italy,North Italy,IT-NO,312.46,395.7,35.85,30.41,entsoe.eu,false,
2022-09-15 07:00:00,Italy,North Italy,IT-NO,304.63,382.65,40.55,35.28,entsoe.eu,false,
2022-09-15 08:00:00,Italy,North Italy,IT-NO,310.71,391.7,38.1,33.28,entsoe.eu,false,
2022-09-15 09:00:00,Italy,North Italy,IT-NO,296.72,379.65,37.36,31.64,entsoe.eu,false,
2022-09-15 10:00:00,Italy,North Italy,IT-NO,311.94,398.84,33.63,29.23,entsoe.eu,false,
2022-09-15 11:00:00,Italy,North Italy,IT-NO,317.73,405.55,32.26,27.38,entsoe.eu,false,
2022-09-15 12:00:00,Italy,North Italy,IT-NO,316.24,402.55,33.19,26.29,entsoe.eu,false,
2022-09-15 13:00:00,Italy,North Italy,IT-NO,312.08,397.05,34.62,26.04,entsoe.eu,false,
2022-09-15 14:00:00,Italy,North Italy,IT-NO,305.88,386.81,38.24,29.23,entsoe.eu,false,
2022-09-15 15:00:00,Italy,North Italy,IT-NO,298.25,379.04,38.9,29.73,entsoe.eu,false,
2022-09-15 16:00:00,Italy,North Italy,IT-NO,305.41,386.96,37.62,29.64,entsoe.eu,false,
2022-09-15 17:00:00,Italy,North Italy,IT-NO,304.62,384.67,38.71,30.94,entsoe.eu,false,
2022-09-15 18:00:00,Italy,North Italy,IT-NO,306.65,388.31,37.3,29.69,entsoe.eu,false,
2022-09-15 19:00:00,Italy,North Italy,IT-NO,311.35,395.58,35.6,25.73,entsoe.eu,false,
2022-09-15 20:00:00,Italy,North Italy,IT-NO,311.47,395.57,36.22,24.44,entsoe.eu,false,
2022-09-15 21:00:00,Italy,North Italy,IT-NO,310.83,393.55,37.27,24.1,entsoe.eu,false,
2022-09-15 22:00:00,Italy,North Italy,IT-NO,275.49,347.96,46.62,28.23,entsoe.eu,false,
2022-09-15 23:00:00,Italy,North Italy,IT-NO,274.77,346.44,46.76,27.71,entsoe.eu,false,
2022-09-16 00:00:00,Italy,North Italy,IT-NO,271.57,342.52,47.55,26.57,entsoe.eu,false,
2022-09-16 01:00:00,Italy,North Italy,IT-NO,276.81,348.17,46.95,26.25,entsoe.eu,false,
2022-09-16 02:00:00,Italy,North Italy,IT-NO,276.44,348.28,46.76,26.03,entsoe.eu,false,
2022-09-16 03:00:00,Italy,North Italy,IT-NO,289.04,364.05,43.87,24.63,entsoe.eu,false,
2022-09-16 04:00:00,Italy,North Italy,IT-NO,291.54,368.63,42.77,27.67,entsoe.eu,false,
2022-09-16 05:00:00,Italy,North Italy,IT-NO,283.67,357.13,45.19,33.57,entsoe.eu,false,
2022-09-16 06:00:00,Italy,North Italy,IT-NO,269.52,338.43,49.34,39.87,entsoe.eu,false,
2022-09-16 07:00:00,Italy,North Italy,IT-NO,262.13,331.16,49.98,40.53,entsoe.eu,false,
2022-09-16 08:00:00,Italy,North Italy,IT-NO,249.04,318.73,50.6,40.56,entsoe.eu,false,
2022-09-16 09:00:00,Italy,North Italy,IT-NO,249.31,321.15,49.57,40.16,entsoe.eu,false,
2022-09-16 10:00:00,Italy,North Italy,IT-NO,251.23,324.21,48.58,38.89,entsoe.eu,false,
2022-09-16 11:00:00,Italy,North Italy,IT-NO,234.95,303.85,52.53,40.6,entsoe.eu,false,
2022-09-16 12:00:00,Italy,North Italy,IT-NO,247.28,318.81,49.85,38.75,entsoe.eu,false,
2022-09-16 13:00:00,Italy,North Italy,IT-NO,261.76,337.3,46.05,35.67,entsoe.eu,false,
2022-09-16 14:00:00,Italy,North Italy,IT-NO,264.96,339.16,46.56,35.16,entsoe.eu,false,
2022-09-16 15:00:00,Italy,North Italy,IT-NO,274.27,348.19,45.66,34.46,entsoe.eu,false,
2022-09-16 16:00:00,Italy,North Italy,IT-NO,293.57,368.15,43.97,33.68,entsoe.eu,false,
2022-09-16 17:00:00,Italy,North Italy,IT-NO,280.73,351.37,47.24,38.23,entsoe.eu,false,
2022-09-16 18:00:00,Italy,North Italy,IT-NO,281.79,352.52,47.29,38.02,entsoe.eu,false,
2022-09-16 19:00:00,Italy,North Italy,IT-NO,287.36,364.65,42.1,29.19,entsoe.eu,false,
2022-09-16 20:00:00,Italy,North Italy,IT-NO,288.67,368.84,40.51,26.07,entsoe.eu,false,
2022-09-16 21:00:00,Italy,North Italy,IT-NO,285.11,364.85,41.38,26.71,entsoe.eu,false,
2022-09-16 22:00:00,Italy,North Italy,IT-NO,283.69,361.9,42.58,27.44,entsoe.eu,false,
2022-09-16 23:00:00,Italy,North Italy,IT-NO,278.49,355.17,44.29,28.57,entsoe.eu,false,
2022-09-17 00:00:00,Italy,North Italy,IT-NO,271.34,346.35,46.42,30.17,entsoe.eu,false,
2022-09-17 01:00:00,Italy,North Italy,IT-NO,256.08,328.39,49.3,30.13,entsoe.eu,false,
2022-09-17 02:00:00,Italy,North Italy,IT-NO,255.58,327.61,49.19,29.25,entsoe.eu,false,
2022-09-17 03:00:00,Italy,North Italy,IT-NO,251.4,321.68,51.17,31.29,entsoe.eu,false,
2022-09-17 04:00:00,Italy,North Italy,IT-NO,250.14,319.42,52.11,33.88,entsoe.eu,false,
2022-09-17 05:00:00,Italy,North Italy,IT-NO,245.86,315.22,51.89,34.87,entsoe.eu,false,
2022-09-17 06:00:00,Italy,North Italy,IT-NO,244.08,314.14,51.29,35.11,entsoe.eu,false,
2022-09-17 07:00:00,Italy,North Italy,IT-NO,252.74,324.4,49.65,37.29,entsoe.eu,false,
2022-09-17 08:00:00,Italy,North Italy,IT-NO,245.16,316.18,50.99,39.42,entsoe.eu,false,
2022-09-17 09:00:00,Italy,North Italy,IT-NO,214.12,279.15,57.37,45.16,entsoe.eu,false,
2022-09-17 10:00:00,Italy,North Italy,IT-NO,184.0,242.33,64.69,51.99,entsoe.eu,false,
2022-09-17 11:00:00,Italy,North Italy,IT-NO,163.65,218.84,68.65,56.18,entsoe.eu,false,
2022-09-17 12:00:00,Italy,North Italy,IT-NO,161.52,217.1,68.93,57.4,entsoe.eu,false,
2022-09-17 13:00:00,Italy,North Italy,IT-NO,163.0,218.6,68.55,55.54,entsoe.eu,false,
2022-09-17 14:00:00,Italy,North Italy,IT-NO,171.93,228.9,66.71,51.9,entsoe.eu,false,
2022-09-17 15:00:00,Italy,North Italy,IT-NO,203.04,266.15,59.81,45.73,entsoe.eu,false,
2022-09-17 16:00:00,Italy,North Italy,IT-NO,233.28,300.23,54.34,40.11,entsoe.eu,false,
2022-09-17 17:00:00,Italy,North Italy,IT-NO,243.17,312.06,51.93,37.96,entsoe.eu,false,
2022-09-17 18:00:00,Italy,North Italy,IT-NO,241.67,309.54,52.78,39.33,entsoe.eu,false,
2022-09-17 19:00:00,Italy,North Italy,IT-NO,232.93,299.24,54.9,38.34,entsoe.eu,false,
2022-09-17 20:00:00,Italy,North Italy,IT-NO,236.84,302.76,55.28,36.52,entsoe.eu,false,
2022-09-17 21:00:00,Italy,North Italy,IT-NO,243.08,311.24,53.65,35.17,entsoe.eu,false,
2022-09-17 22:00:00,Italy,North Italy,IT-NO,226.08,290.97,56.45,36.27,entsoe.eu,false,
2022-09-17 23:00:00,Italy,North Italy,IT-NO,209.4,270.84,60.28,37.86,entsoe.eu,false,
2022-09-18 00:00:00,Italy,North Italy,IT-NO,203.8,264.38,61.86,38.07,entsoe.eu,false,
2022-09-18 01:00:00,Italy,North Italy,IT-NO,203.55,263.43,62.26,37.81,entsoe.eu,false,
2022-09-18 02:00:00,Italy,North Italy,IT-NO,204.82,265.59,61.36,36.04,entsoe.eu,false,
2022-09-18 03:00:00,Italy,North Italy,IT-NO,216.25,279.17,58.17,32.82,entsoe.eu,false,
2022-09-18 04:00:00,Italy,North Italy,IT-NO,221.31,285.78,56.79,31.42,entsoe.eu,false,
2022-09-18 05:00:00,Italy,North Italy,IT-NO,208.61,270.51,59.84,35.68,entsoe.eu,false,
2022-09-18 06:00:00,Italy,North Italy,IT-NO,184.59,241.87,65.31,43.7,entsoe.eu,false,
2022-09-18 07:00:00,Italy,North Italy,IT-NO,152.05,203.55,72.31,52.95,entsoe.eu,false,
2022-09-18 08:00:00,Italy,North Italy,IT-NO,135.24,185.41,74.97,60.38,entsoe.eu,false,
2022-09-18 09:00:00,Italy,North Italy,IT-NO,128.47,177.49,76.06,62.87,entsoe.eu,false,
2022-09-18 10:00:00,Italy,North Italy,IT-NO,124.0,171.73,77.08,63.58,entsoe.eu,false,
2022-09-18 11:00:00,Italy,North Italy,IT-NO,122.01,169.91,77.24,64.31,entsoe.eu,false,
2022-09-18 12:00:00,Italy,North Italy,IT-NO,131.58,181.37,75.03,61.11,entsoe.eu,false,
2022-09-18 13:00:00,Italy,North Italy,IT-NO,138.94,189.81,73.32,56.53,entsoe.eu,false,
2022-09-18 14:00:00,Italy,North Italy,IT-NO,168.64,225.62,66.57,49.38,entsoe.eu,false,
2022-09-18 15:00:00,Italy,North Italy,IT-NO,204.65,267.59,59.44,41.95,entsoe.eu,false,
2022-09-18 16:00:00,Italy,North Italy,IT-NO,243.26,311.21,53.19,37.26,entsoe.eu,false,
2022-09-18 17:00:00,Italy,North Italy,IT-NO,259.12,325.15,53.15,39.35,entsoe.eu,false,
2022-09-18 18:00:00,Italy,North Italy,IT-NO,251.55,316.85,53.93,40.42,entsoe.eu,false,
2022-09-18 19:00:00,Italy,North Italy,IT-NO,250.5,319.48,51.27,36.16,entsoe.eu,false,
2022-09-18 20:00:00,Italy,North Italy,IT-NO,260.04,331.59,48.86,31.66,entsoe.eu,false,
2022-09-18 21:00:00,Italy,North Italy,IT-NO,268.55,342.83,47.1,29.37,entsoe.eu,false,
2022-09-18 22:00:00,Italy,North Italy,IT-NO,274.95,351.12,45.55,25.87,entsoe.eu,false,
2022-09-18 23:00:00,Italy,North Italy,IT-NO,269.64,342.51,47.69,25.88,entsoe.eu,false,
2022-09-19 00:00:00,Italy,North Italy,IT-NO,269.17,340.83,48.26,26.75,entsoe.eu,false,
2022-09-19 01:00:00,Italy,North Italy,IT-NO,265.27,335.79,49.73,26.79,entsoe.eu,false,
2022-09-19 02:00:00,Italy,North Italy,IT-NO,269.05,339.79,49.26,25.55,entsoe.eu,false,
2022-09-19 03:00:00,Italy,North Italy,IT-NO,281.79,358.17,45.16,24.37,entsoe.eu,false,
2022-09-19 04:00:00,Italy,North Italy,IT-NO,297.86,379.71,39.79,23.11,entsoe.eu,false,
2022-09-19 05:00:00,Italy,North Italy,IT-NO,302.41,381.13,41.12,30.24,entsoe.eu,false,
2022-09-19 06:00:00,Italy,North Italy,IT-NO,294.36,370.51,43.45,34.13,entsoe.eu,false,
2022-09-19 07:00:00,Italy,North Italy,IT-NO,278.42,355.04,44.43,34.9,entsoe.eu,false,
2022-09-19 08:00:00,Italy,North Italy,IT-NO,267.75,345.2,45.19,35.49,entsoe.eu,false,
2022-09-19 09:00:00,Italy,North Italy,IT-NO,253.24,327.62,48.65,38.98,entsoe.eu,false,
2022-09-19 10:00:00,Italy,North Italy,IT-NO,239.78,310.45,52.54,42.73,entsoe.eu,false,
2022-09-19 11:00:00,Italy,North Italy,IT-NO,233.7,303.03,53.82,42.8,entsoe.eu,false,
2022-09-19 12:00:00,Italy,North Italy,IT-NO,236.4,306.04,53.19,41.02,entsoe.eu,false,
2022-09-19 13:00:00,Italy,North Italy,IT-NO,246.43,318.57,50.51,37.53,entsoe.eu,false,
2022-09-19 14:00:00,Italy,North Italy,IT-NO,263.41,338.87,46.6,32.99,entsoe.eu,false,
2022-09-19 15:00:00,Italy,North Italy,IT-NO,289.13,370.39,40.43,28.33,entsoe.eu,false,
2022-09-19 16:00:00,Italy,North Italy,IT-NO,309.19,391.28,38.05,28.53,entsoe.eu,false,
2022-09-19 17:00:00,Italy,North Italy,IT-NO,304.23,380.38,42.58,33.0,entsoe.eu,false,
2022-09-19 18:00:00,Italy,North Italy,IT-NO,306.47,382.72,42.59,33.3,entsoe.eu,false,
2022-09-19 19:00:00,Italy,North Italy,IT-NO,311.58,396.43,35.93,23.53,entsoe.eu,false,
2022-09-19 20:00:00,Italy,North Italy,IT-NO,318.71,404.84,35.04,22.15,entsoe.eu,false,
2022-09-19 21:00:00,Italy,North Italy,IT-NO,326.07,411.98,34.55,20.47,entsoe.eu,false,
2022-09-19 22:00:00,Italy,North Italy,IT-NO,327.09,411.52,34.6,17.64,entsoe.eu,false,
2022-09-19 23:00:00,Italy,North Italy,IT-NO,327.49,410.26,35.58,18.61,entsoe.eu,false,
2022-09-20 00:00:00,Italy,North Italy,IT-NO,331.74,415.52,34.94,17.48,entsoe.eu,false,
2022-09-20 01:00:00,Italy,North Italy,IT-NO,322.75,404.43,36.98,18.28,entsoe.eu,false,
2022-09-20 02:00:00,Italy,North Italy,IT-NO,326.76,409.53,35.9,15.34,entsoe.eu,false,
2022-09-20 03:00:00,Italy,North Italy,IT-NO,328.28,413.38,34.5,16.83,entsoe.eu,false,
2022-09-20 04:00:00,Italy,North Italy,IT-NO,347.14,439.19,28.69,16.39,entsoe.eu,false,
2022-09-20 05:00:00,Italy,North Italy,IT-NO,350.59,442.02,28.78,22.32,entsoe.eu,false,
2022-09-20 06:00:00,Italy,North Italy,IT-NO,334.49,419.4,33.86,26.69,entsoe.eu,false,
2022-09-20 07:00:00,Italy,North Italy,IT-NO,321.14,407.22,35.21,31.23,entsoe.eu,false,
2022-09-20 08:00:00,Italy,North Italy,IT-NO,312.05,399.53,35.2,30.73,entsoe.eu,false,
2022-09-20 09:00:00,Italy,North Italy,IT-NO,302.5,387.92,37.53,32.73,entsoe.eu,false,
2022-09-20 10:00:00,Italy,North Italy,IT-NO,289.83,372.13,41.01,35.99,entsoe.eu,false,
2022-09-20 11:00:00,Italy,North Italy,IT-NO,281.64,360.9,43.66,36.46,entsoe.eu,false,
2022-09-20 12:00:00,Italy,North Italy,IT-NO,282.09,362.1,43.03,34.33,entsoe.eu,false,
2022-09-20 13:00:00,Italy,North Italy,IT-NO,279.5,358.05,44.0,32.6,entsoe.eu,false,
2022-09-20 14:00:00,Italy,North Italy,IT-NO,312.48,398.91,35.76,26.62,entsoe.eu,false,
2022-09-20 15:00:00,Italy,North Italy,IT-NO,343.34,433.69,30.75,25.27,entsoe.eu,false,
2022-09-20 16:00:00,Italy,North Italy,IT-NO,356.98,449.58,27.8,23.5,entsoe.eu,false,
2022-09-20 17:00:00,Italy,North Italy,IT-NO,335.34,422.91,32.36,27.33,entsoe.eu,false,
2022-09-20 18:00:00,Italy,North Italy,IT-NO,340.59,429.1,31.18,27.62,entsoe.eu,false,
2022-09-20 19:00:00,Italy,North Italy,IT-NO,373.73,469.9,24.25,20.62,entsoe.eu,false,
2022-09-20 20:00:00,Italy,North Italy,IT-NO,372.18,471.29,22.34,16.05,entsoe.eu,false,
2022-09-20 21:00:00,Italy,North Italy,IT-NO,347.11,436.57,31.4,18.82,entsoe.eu,false,
2022-09-20 22:00:00,Italy,North Italy,IT-NO,330.13,416.8,33.2,18.04,entsoe.eu,false,
2022-09-20 23:00:00,Italy,North Italy,IT-NO,331.57,418.5,33.27,17.12,entsoe.eu,false,
2022-09-21 00:00:00,Italy,North Italy,IT-NO,325.88,409.52,35.54,18.92,entsoe.eu,false,
2022-09-21 01:00:00,Italy,North Italy,IT-NO,329.86,414.35,34.54,18.6,entsoe.eu,false,
2022-09-21 02:00:00,Italy,North Italy,IT-NO,326.33,410.59,35.43,18.43,entsoe.eu,false,
2022-09-21 03:00:00,Italy,North Italy,IT-NO,339.51,429.04,31.32,16.39,entsoe.eu,false,
2022-09-21 04:00:00,Italy,North Italy,IT-NO,349.4,439.64,29.5,20.64,entsoe.eu,false,
2022-09-21 05:00:00,Italy,North Italy,IT-NO,338.17,425.72,31.94,26.48,entsoe.eu,false,
2022-09-21 06:00:00,Italy,North Italy,IT-NO,315.59,396.23,38.17,31.27,entsoe.eu,false,
2022-09-21 07:00:00,Italy,North Italy,IT-NO,317.72,400.79,37.16,32.18,entsoe.eu,false,
2022-09-21 08:00:00,Italy,North Italy,IT-NO,311.19,396.77,36.42,31.95,entsoe.eu,false,
2022-09-21 09:00:00,Italy,North Italy,IT-NO,292.08,373.73,41.15,35.38,entsoe.eu,false,
2022-09-21 10:00:00,Italy,North Italy,IT-NO,285.36,365.88,42.82,37.81,entsoe.eu,false,
2022-09-21 11:00:00,Italy,North Italy,IT-NO,265.19,340.4,47.91,40.35,entsoe.eu,false,
2022-09-21 12:00:00,Italy,North Italy,IT-NO,275.26,352.65,45.27,37.38,entsoe.eu,false,
2022-09-21 13:00:00,Italy,North Italy,IT-NO,284.2,364.14,43.32,35.57,entsoe.eu,false,
2022-09-21 14:00:00,Italy,North Italy,IT-NO,293.67,374.35,41.1,29.9,entsoe.eu,false,
2022-09-21 15:00:00,Italy,North Italy,IT-NO,328.16,418.77,32.38,28.08,entsoe.eu,false,
2022-09-21 16:00:00,Italy,North Italy,IT-NO,351.24,445.28,28.09,26.07,entsoe.eu,false,
2022-09-21 17:00:00,Italy,North Italy,IT-NO,349.15,437.39,31.64,30.83,entsoe.eu,false,
2022-09-21 18:00:00,Italy,North Italy,IT-NO,357.99,449.96,28.52,27.14,entsoe.eu,false,
2022-09-21 19:00:00,Italy,North Italy,IT-NO,375.38,475.9,21.9,20.45,entsoe.eu,false,
2022-09-21 20:00:00,Italy,North Italy,IT-NO,392.42,497.18,18.18,17.09,entsoe.eu,false,
2022-09-21 21:00:00,Italy,North Italy,IT-NO,369.35,466.13,25.67,21.82,entsoe.eu,false,
2022-09-21 22:00:00,Italy,North Italy,IT-NO,335.83,421.88,35.03,25.07,entsoe.eu,false,
2022-09-21 23:00:00,Italy,North Italy,IT-NO,320.37,399.7,39.45,26.13,entsoe.eu,false,
2022-09-22 00:00:00,Italy,North Italy,IT-NO,318.58,397.69,40.61,27.07,entsoe.eu,false,
2022-09-22 01:00:00,Italy,North Italy,IT-NO,320.13,400.28,40.11,26.58,entsoe.eu,false,
2022-09-22 02:00:00,Italy,North Italy,IT-NO,315.15,394.16,40.98,26.66,entsoe.eu,false,
2022-09-22 03:00:00,Italy,North Italy,IT-NO,325.43,408.65,37.66,26.06,entsoe.eu,false,
2022-09-22 04:00:00,Italy,North Italy,IT-NO,344.45,435.39,31.45,26.85,entsoe.eu,false,
2022-09-22 05:00:00,Italy,North Italy,IT-NO,341.18,426.73,35.14,33.85,entsoe.eu,false,
2022-09-22 06:00:00,Italy,North Italy,IT-NO,318.84,399.24,39.97,37.65,entsoe.eu,false,
2022-09-22 07:00:00,Italy,North Italy,IT-NO,306.92,386.9,40.15,35.21,entsoe.eu,false,
2022-09-22 08:00:00,Italy,North Italy,IT-NO,282.42,358.53,45.06,36.45,entsoe.eu,false,
2022-09-22 09:00:00,Italy,North Italy,IT-NO,270.81,343.69,48.35,38.93,entsoe.eu,false,
2022-09-22 10:00:00,Italy,North Italy,IT-NO,268.56,341.76,49.21,40.24,entsoe.eu,false,
2022-09-22 11:00:00,Italy,North Italy,IT-NO,270.83,344.5,48.65,39.66,entsoe.eu,false,
2022-09-22 12:00:00,Italy,North Italy,IT-NO,270.78,345.07,48.09,38.92,entsoe.eu,false,
2022-09-22 13:00:00,Italy,North Italy,IT-NO,281.45,357.91,46.04,36.08,entsoe.eu,false,
2022-09-22 14:00:00,Italy,North Italy,IT-NO,293.24,372.36,42.77,32.42,entsoe.eu,false,
2022-09-22 15:00:00,Italy,North Italy,IT-NO,316.03,400.69,36.42,27.68,entsoe.eu,false,
2022-09-22 16:00:00,Italy,North Italy,IT-NO,334.43,417.64,35.99,30.42,entsoe.eu,false,
2022-09-22 17:00:00,Italy,North Italy,IT-NO,331.98,411.28,38.51,34.9,entsoe.eu,false,
2022-09-22 18:00:00,Italy,North Italy,IT-NO,330.11,409.81,38.39,34.15,entsoe.eu,false,
2022-09-22 19:00:00,Italy,North Italy,IT-NO,336.08,424.68,31.97,24.19,entsoe.eu,false,
2022-09-22 20:00:00,Italy,North Italy,IT-NO,346.06,436.58,30.34,20.55,entsoe.eu,false,
2022-09-22 21:00:00,Italy,North Italy,IT-NO,343.08,429.03,33.68,20.96,entsoe.eu,false,
2022-09-22 22:00:00,Italy,North Italy,IT-NO,336.46,419.63,36.54,20.44,entsoe.eu,false,
2022-09-22 23:00:00,Italy,North Italy,IT-NO,333.69,413.67,38.25,20.86,entsoe.eu,false,
2022-09-23 00:00:00,Italy,North Italy,IT-NO,341.33,423.25,36.78,19.73,entsoe.eu,false,
2022-09-23 01:00:00,Italy,North Italy,IT-NO,340.34,422.54,36.42,19.62,entsoe.eu,false,
2022-09-23 02:00:00,Italy,North Italy,IT-NO,329.56,410.17,38.83,20.92,entsoe.eu,false,
2022-09-23 03:00:00,Italy,North Italy,IT-NO,331.54,415.34,36.64,19.95,entsoe.eu,false,
2022-09-23 04:00:00,Italy,North Italy,IT-NO,334.01,420.47,33.81,21.32,entsoe.eu,false,
2022-09-23 05:00:00,Italy,North Italy,IT-NO,321.81,403.73,37.13,29.76,entsoe.eu,false,
2022-09-23 06:00:00,Italy,North Italy,IT-NO,304.55,382.37,41.24,35.15,entsoe.eu,false,
2022-09-23 07:00:00,Italy,North Italy,IT-NO,310.81,391.86,39.61,34.28,entsoe.eu,false,
2022-09-23 08:00:00,Italy,North Italy,IT-NO,299.55,380.78,40.6,35.5,entsoe.eu,false,
2022-09-23 09:00:00,Italy,North Italy,IT-NO,299.19,380.88,40.57,36.86,entsoe.eu,false,
2022-09-23 10:00:00,Italy,North Italy,IT-NO,301.57,384.19,39.92,37.73,entsoe.eu,false,
2022-09-23 11:00:00,Italy,North Italy,IT-NO,305.22,388.55,39.38,37.7,entsoe.eu,false,
2022-09-23 12:00:00,Italy,North Italy,IT-NO,303.69,385.8,40.19,36.53,entsoe.eu,false,
2022-09-23 13:00:00,Italy,North Italy,IT-NO,309.62,392.82,38.95,34.47,entsoe.eu,false,
2022-09-23 14:00:00,Italy,North Italy,IT-NO,320.01,404.82,36.63,30.78,entsoe.eu,false,
2022-09-23 15:00:00,Italy,North Italy,IT-NO,333.06,416.09,36.59,29.81,entsoe.eu,false,
2022-09-23 16:00:00,Italy,North Italy,IT-NO,333.67,414.88,37.29,31.42,entsoe.eu,false,
2022-09-23 17:00:00,Italy,North Italy,IT-NO,302.46,377.69,42.7,35.38,entsoe.eu,false,
2022-09-23 18:00:00,Italy,North Italy,IT-NO,305.72,383.08,40.98,33.32,entsoe.eu,false,
2022-09-23 19:00:00,Italy,North Italy,IT-NO,333.16,419.3,33.79,24.76,entsoe.eu,false,
2022-09-23 20:00:00,Italy,North Italy,IT-NO,343.26,432.18,31.88,21.35,entsoe.eu,false,
2022-09-23 21:00:00,Italy,North Italy,IT-NO,346.19,433.67,33.03,20.96,entsoe.eu,false,
2022-09-23 22:00:00,Italy,North Italy,IT-NO,305.24,381.66,43.81,24.32,entsoe.eu,false,
2022-09-23 23:00:00,Italy,North Italy,IT-NO,297.37,371.57,45.92,24.58,entsoe.eu,false,
2022-09-24 00:00:00,Italy,North Italy,IT-NO,291.78,364.14,47.37,23.44,entsoe.eu,false,
2022-09-24 01:00:00,Italy,North Italy,IT-NO,291.27,362.82,48.0,21.36,entsoe.eu,false,
2022-09-24 02:00:00,Italy,North Italy,IT-NO,296.78,368.63,47.44,20.13,entsoe.eu,false,
2022-09-24 03:00:00,Italy,North Italy,IT-NO,293.54,365.89,47.58,20.77,entsoe.eu,false,
2022-09-24 04:00:00,Italy,North Italy,IT-NO,289.92,363.88,46.51,25.27,entsoe.eu,false,
2022-09-24 05:00:00,Italy,North Italy,IT-NO,276.05,345.05,51.09,30.9,entsoe.eu,false,
2022-09-24 06:00:00,Italy,North Italy,IT-NO,271.59,338.78,52.77,34.58,entsoe.eu,false,
2022-09-24 07:00:00,Italy,North Italy,IT-NO,272.5,342.82,50.88,34.4,entsoe.eu,false,
2022-09-24 08:00:00,Italy,North Italy,IT-NO,249.2,314.84,56.08,39.32,entsoe.eu,false,
2022-09-24 09:00:00,Italy,North Italy,IT-NO,251.08,317.24,55.51,38.76,entsoe.eu,false,
2022-09-24 10:00:00,Italy,North Italy,IT-NO,250.58,317.32,55.36,41.5,entsoe.eu,false,
2022-09-24 11:00:00,Italy,North Italy,IT-NO,268.31,337.57,51.82,37.81,entsoe.eu,false,
2022-09-24 12:00:00,Italy,North Italy,IT-NO,278.47,348.08,50.8,36.32,entsoe.eu,false,
2022-09-24 13:00:00,Italy,North Italy,IT-NO,275.45,344.5,51.72,33.69,entsoe.eu,false,
2022-09-24 14:00:00,Italy,North Italy,IT-NO,274.15,344.52,50.78,32.73,entsoe.eu,false,
2022-09-24 15:00:00,Italy,North Italy,IT-NO,283.18,356.46,47.6,30.21,entsoe.eu,false,
2022-09-24 16:00:00,Italy,North Italy,IT-NO,267.35,335.06,52.38,41.43,entsoe.eu,false,
2022-09-24 17:00:00,Italy,North Italy,IT-NO,247.28,307.93,57.08,43.01,entsoe.eu,false,
2022-09-24 18:00:00,Italy,North Italy,IT-NO,250.36,310.0,58.33,44.41,entsoe.eu,false,
2022-09-24 19:00:00,Italy,North Italy,IT-NO,270.92,341.26,50.2,31.86,entsoe.eu,false,
2022-09-24 20:00:00,Italy,North Italy,IT-NO,282.65,352.04,50.72,30.1,entsoe.eu,false,
2022-09-24 21:00:00,Italy,North Italy,IT-NO,293.24,363.26,49.78,28.77,entsoe.eu,false,
2022-09-24 22:00:00,Italy,North Italy,IT-NO,261.15,324.36,55.75,28.58,entsoe.eu,false,
2022-09-24 23:00:00,Italy,North Italy,IT-NO,269.62,331.01,55.93,27.66,entsoe.eu,false,
2022-09-25 00:00:00,Italy,North Italy,IT-NO,271.36,332.83,55.51,27.71,entsoe.eu,false,
2022-09-25 01:00:00,Italy,North Italy,IT-NO,258.33,317.55,58.17,28.06,entsoe.eu,false,
2022-09-25 02:00:00,Italy,North Italy,IT-NO,255.99,314.94,58.58,27.96,entsoe.eu,false,
2022-09-25 03:00:00,Italy,North Italy,IT-NO,252.99,313.1,57.92,28.03,entsoe.eu,false,
2022-09-25 04:00:00,Italy,North Italy,IT-NO,251.0,310.5,58.45,29.02,entsoe.eu,false,
2022-09-25 05:00:00,Italy,North Italy,IT-NO,244.06,304.35,59.25,31.75,entsoe.eu,false,
2022-09-25 06:00:00,Italy,North Italy,IT-NO,231.94,291.78,60.52,36.12,entsoe.eu,false,
2022-09-25 07:00:00,Italy,North Italy,IT-NO,209.14,263.22,64.94,39.8,entsoe.eu,false,
2022-09-25 08:00:00,Italy,North Italy,IT-NO,213.15,268.05,65.36,43.52,entsoe.eu,false,
2022-09-25 09:00:00,Italy,North Italy,IT-NO,217.65,273.53,64.84,44.85,entsoe.eu,false,
2022-09-25 10:00:00,Italy,North Italy,IT-NO,220.86,277.38,63.76,43.96,entsoe.eu,false,
2022-09-25 11:00:00,Italy,North Italy,IT-NO,216.86,271.68,64.17,43.95,entsoe.eu,false,
2022-09-25 12:00:00,Italy,North Italy,IT-NO,216.53,272.72,63.39,41.81,entsoe.eu,false,
2022-09-25 13:00:00,Italy,North Italy,IT-NO,217.36,275.39,62.29,40.31,entsoe.eu,false,
2022-09-25 14:00:00,Italy,North Italy,IT-NO,223.7,283.12,61.01,36.91,entsoe.eu,false,
2022-09-25 15:00:00,Italy,North Italy,IT-NO,230.81,292.8,58.34,34.5,entsoe.eu,false,
2022-09-25 16:00:00,Italy,North Italy,IT-NO,241.53,302.65,57.91,38.29,entsoe.eu,false,
2022-09-25 17:00:00,Italy,North Italy,IT-NO,235.45,288.12,63.81,47.55,entsoe.eu,false,
2022-09-25 18:00:00,Italy,North Italy,IT-NO,238.21,291.57,63.72,46.75,entsoe.eu,false,
2022-09-25 19:00:00,Italy,North Italy,IT-NO,240.41,301.15,58.56,38.76,entsoe.eu,false,
2022-09-25 20:00:00,Italy,North Italy,IT-NO,257.94,323.68,54.45,33.03,entsoe.eu,false,
2022-09-25 21:00:00,Italy,North Italy,IT-NO,276.59,343.32,52.86,32.26,entsoe.eu,false,
2022-09-25 22:00:00,Italy,North Italy,IT-NO,275.95,338.75,55.15,31.72,entsoe.eu,false,
2022-09-25 23:00:00,Italy,North Italy,IT-NO,269.89,330.84,56.41,31.23,entsoe.eu,false,
2022-09-26 00:00:00,Italy,North Italy,IT-NO,270.75,331.97,56.52,32.51,entsoe.eu,false,
2022-09-26 01:00:00,Italy,North Italy,IT-NO,259.61,320.06,58.19,33.36,entsoe.eu,false,
2022-09-26 02:00:00,Italy,North Italy,IT-NO,255.25,317.19,57.77,33.37,entsoe.eu,false,
2022-09-26 03:00:00,Italy,North Italy,IT-NO,268.76,336.47,52.62,31.51,entsoe.eu,false,
2022-09-26 04:00:00,Italy,North Italy,IT-NO,293.04,368.64,44.83,28.91,entsoe.eu,false,
2022-09-26 05:00:00,Italy,North Italy,IT-NO,324.23,401.15,41.77,33.01,entsoe.eu,false,
2022-09-26 06:00:00,Italy,North Italy,IT-NO,301.08,374.05,45.84,36.42,entsoe.eu,false,
2022-09-26 07:00:00,Italy,North Italy,IT-NO,298.78,372.12,45.87,36.1,entsoe.eu,false,
2022-09-26 08:00:00,Italy,North Italy,IT-NO,288.61,361.79,46.79,38.04,entsoe.eu,false,
2022-09-26 09:00:00,Italy,North Italy,IT-NO,273.51,346.37,47.69,39.44,entsoe.eu,false,
2022-09-26 10:00:00,Italy,North Italy,IT-NO,268.9,342.99,47.67,40.1,entsoe.eu,false,
2022-09-26 11:00:00,Italy,North Italy,IT-NO,256.11,328.1,50.01,39.9,entsoe.eu,false,
2022-09-26 12:00:00,Italy,North Italy,IT-NO,271.31,347.22,45.95,36.31,entsoe.eu,false,
2022-09-26 13:00:00,Italy,North Italy,IT-NO,283.51,362.25,43.07,33.56,entsoe.eu,false,
2022-09-26 14:00:00,Italy,North Italy,IT-NO,293.7,373.51,41.26,31.61,entsoe.eu,false,
2022-09-26 15:00:00,Italy,North Italy,IT-NO,299.87,376.08,43.15,31.08,entsoe.eu,false,
2022-09-26 16:00:00,Italy,North Italy,IT-NO,300.33,376.38,43.02,30.92,entsoe.eu,false,
2022-09-26 17:00:00,Italy,North Italy,IT-NO,289.15,361.51,45.84,34.84,entsoe.eu,false,
2022-09-26 18:00:00,Italy,North Italy,IT-NO,293.51,369.42,43.03,31.58,entsoe.eu,false,
2022-09-26 19:00:00,Italy,North Italy,IT-NO,312.37,393.07,38.8,24.61,entsoe.eu,false,
2022-09-26 20:00:00,Italy,North Italy,IT-NO,310.92,390.56,39.88,23.64,entsoe.eu,false,
2022-09-26 21:00:00,Italy,North Italy,IT-NO,318.2,395.93,40.49,24.52,entsoe.eu,false,
2022-09-26 22:00:00,Italy,North Italy,IT-NO,294.04,367.38,45.71,25.61,entsoe.eu,false,
2022-09-26 23:00:00,Italy,North Italy,IT-NO,283.96,353.42,48.87,27.29,entsoe.eu,false,
2022-09-27 00:00:00,Italy,North Italy,IT-NO,284.44,354.23,49.51,27.91,entsoe.eu,false,
2022-09-27 01:00:00,Italy,North Italy,IT-NO,280.92,349.95,49.61,27.35,entsoe.eu,false,
2022-09-27 02:00:00,Italy,North Italy,IT-NO,278.71,348.47,49.29,27.33,entsoe.eu,false,
2022-09-27 03:00:00,Italy,North Italy,IT-NO,289.38,362.29,46.56,24.78,entsoe.eu,false,
2022-09-27 04:00:00,Italy,North Italy,IT-NO,316.12,397.99,37.91,22.18,entsoe.eu,false,
2022-09-27 05:00:00,Italy,North Italy,IT-NO,316.11,395.23,39.35,27.9,entsoe.eu,false,
2022-09-27 06:00:00,Italy,North Italy,IT-NO,294.31,369.52,43.39,33.84,entsoe.eu,false,
2022-09-27 07:00:00,Italy,North Italy,IT-NO,284.37,358.2,45.52,37.35,entsoe.eu,false,
2022-09-27 08:00:00,Italy,North Italy,IT-NO,276.49,351.02,45.75,37.3,entsoe.eu,false,
2022-09-27 09:00:00,Italy,North Italy,IT-NO,268.9,343.21,46.58,37.88,entsoe.eu,false,
2022-09-27 10:00:00,Italy,North Italy,IT-NO,278.84,356.74,43.62,37.14,entsoe.eu,false,
2022-09-27 11:00:00,Italy,North Italy,IT-NO,264.86,338.46,47.18,39.0,entsoe.eu,false,
2022-09-27 12:00:00,Italy,North Italy,IT-NO,278.56,355.22,43.6,34.63,entsoe.eu,false,
2022-09-27 13:00:00,Italy,North Italy,IT-NO,273.88,349.47,45.05,32.96,entsoe.eu,false,
2022-09-27 14:00:00,Italy,North Italy,IT-NO,287.23,365.25,42.4,30.17,entsoe.eu,false,
2022-09-27 15:00:00,Italy,North Italy,IT-NO,307.52,390.5,37.45,26.29,entsoe.eu,false,
2022-09-27 16:00:00,Italy,North Italy,IT-NO,303.8,384.51,38.79,28.44,entsoe.eu,false,
2022-09-27 17:00:00,Italy,North Italy,IT-NO,291.25,367.84,42.27,32.5,entsoe.eu,false,
2022-09-27 18:00:00,Italy,North Italy,IT-NO,298.81,377.31,40.55,30.86,entsoe.eu,false,
2022-09-27 19:00:00,Italy,North Italy,IT-NO,309.21,390.08,38.79,26.13,entsoe.eu,false,
2022-09-27 20:00:00,Italy,North Italy,IT-NO,318.12,401.68,36.63,23.4,entsoe.eu,false,
2022-09-27 21:00:00,Italy,North Italy,IT-NO,313.71,392.75,40.02,25.69,entsoe.eu,false,
2022-09-27 22:00:00,Italy,North Italy,IT-NO,308.08,384.73,41.71,24.4,entsoe.eu,false,
2022-09-27 23:00:00,Italy,North Italy,IT-NO,313.29,390.82,40.63,24.65,entsoe.eu,false,
2022-09-28 00:00:00,Italy,North Italy,IT-NO,311.83,387.65,41.45,25.01,entsoe.eu,false,
2022-09-28 01:00:00,Italy,North Italy,IT-NO,308.03,383.62,42.06,25.11,entsoe.eu,false,
2022-09-28 02:00:00,Italy,North Italy,IT-NO,305.62,381.67,41.91,24.23,entsoe.eu,false,
2022-09-28 03:00:00,Italy,North Italy,IT-NO,319.4,402.44,37.15,21.08,entsoe.eu,false,
2022-09-28 04:00:00,Italy,North Italy,IT-NO,335.65,423.98,32.23,19.62,entsoe.eu,false,
2022-09-28 05:00:00,Italy,North Italy,IT-NO,329.3,413.69,34.84,26.33,entsoe.eu,false,
2022-09-28 06:00:00,Italy,North Italy,IT-NO,307.83,385.8,39.89,31.17,entsoe.eu,false,
2022-09-28 07:00:00,Italy,North Italy,IT-NO,310.02,388.6,38.96,31.14,entsoe.eu,false,
2022-09-28 08:00:00,Italy,North Italy,IT-NO,314.14,394.23,37.65,30.24,entsoe.eu,false,
2022-09-28 09:00:00,Italy,North Italy,IT-NO,309.65,389.76,38.07,31.3,entsoe.eu,false,
2022-09-28 10:00:00,Italy,North Italy,IT-NO,322.0,406.36,34.69,31.15,entsoe.eu,false,
2022-09-28 11:00:00,Italy,North Italy,IT-NO,307.46,389.44,36.87,29.94,entsoe.eu,false,
2022-09-28 12:00:00,Italy,North Italy,IT-NO,307.11,388.41,36.78,29.18,entsoe.eu,false,
2022-09-28 13:00:00,Italy,North Italy,IT-NO,298.68,378.76,38.89,29.68,entsoe.eu,false,
2022-09-28 14:00:00,Italy,North Italy,IT-NO,320.89,404.71,35.78,27.46,entsoe.eu,false,
2022-09-28 15:00:00,Italy,North Italy,IT-NO,344.39,434.6,30.17,24.02,entsoe.eu,false,
2022-09-28 16:00:00,Italy,North Italy,IT-NO,352.43,443.34,29.02,24.55,entsoe.eu,false,
2022-09-28 17:00:00,Italy,North Italy,IT-NO,351.49,440.91,30.01,26.8,entsoe.eu,false,
2022-09-28 18:00:00,Italy,North Italy,IT-NO,359.31,449.67,28.87,26.42,entsoe.eu,false,
2022-09-28 19:00:00,Italy,North Italy,IT-NO,375.24,468.14,24.94,21.3,entsoe.eu,false,
2022-09-28 20:00:00,Italy,North Italy,IT-NO,381.92,478.25,23.19,21.19,entsoe.eu,false,
2022-09-28 21:00:00,Italy,North Italy,IT-NO,385.2,481.72,22.64,18.93,entsoe.eu,false,
2022-09-28 22:00:00,Italy,North Italy,IT-NO,377.16,469.65,25.6,19.8,entsoe.eu,false,
2022-09-28 23:00:00,Italy,North Italy,IT-NO,382.29,474.8,24.85,19.33,entsoe.eu,false,
2022-09-29 00:00:00,Italy,North Italy,IT-NO,383.78,476.79,24.72,19.21,entsoe.eu,false,
2022-09-29 01:00:00,Italy,North Italy,IT-NO,370.93,459.95,28.7,21.29,entsoe.eu,false,
2022-09-29 02:00:00,Italy,North Italy,IT-NO,382.52,475.63,25.25,19.37,entsoe.eu,false,
2022-09-29 03:00:00,Italy,North Italy,IT-NO,387.31,483.86,22.64,16.87,entsoe.eu,false,
2022-09-29 04:00:00,Italy,North Italy,IT-NO,375.14,469.78,24.22,18.31,entsoe.eu,false,
2022-09-29 05:00:00,Italy,North Italy,IT-NO,350.15,439.31,29.68,24.92,entsoe.eu,false,
2022-09-29 06:00:00,Italy,North Italy,IT-NO,310.8,390.94,37.96,30.08,entsoe.eu,false,
2022-09-29 07:00:00,Italy,North Italy,IT-NO,311.64,389.25,39.94,34.62,entsoe.eu,false,
2022-09-29 08:00:00,Italy,North Italy,IT-NO,301.75,380.41,39.79,32.91,entsoe.eu,false,
2022-09-29 09:00:00,Italy,North Italy,IT-NO,309.38,390.51,37.85,31.23,entsoe.eu,false,
2022-09-29 10:00:00,Italy,North Italy,IT-NO,316.29,399.77,36.14,31.37,entsoe.eu,false,
2022-09-29 11:00:00,Italy,North Italy,IT-NO,312.77,396.05,36.4,30.9,entsoe.eu,false,
2022-09-29 12:00:00,Italy,North Italy,IT-NO,316.0,398.03,36.33,28.99,entsoe.eu,false,
2022-09-29 13:00:00,Italy,North Italy,IT-NO,315.97,397.39,36.86,28.26,entsoe.eu,false,
2022-09-29 14:00:00,Italy,North Italy,IT-NO,326.89,411.68,34.25,26.51,entsoe.eu,false,
2022-09-29 15:00:00,Italy,North Italy,IT-NO,341.76,427.46,32.71,25.86,entsoe.eu,false,
2022-09-29 16:00:00,Italy,North Italy,IT-NO,338.85,425.72,32.23,26.35,entsoe.eu,false,
2022-09-29 17:00:00,Italy,North Italy,IT-NO,336.12,418.97,35.08,30.65,entsoe.eu,false,
2022-09-29 18:00:00,Italy,North Italy,IT-NO,348.44,437.36,30.39,27.21,entsoe.eu,false,
2022-09-29 19:00:00,Italy,North Italy,IT-NO,374.58,469.11,23.69,19.17,entsoe.eu,false,
2022-09-29 20:00:00,Italy,North Italy,IT-NO,395.69,498.7,17.69,15.4,entsoe.eu,false,
2022-09-29 21:00:00,Italy,North Italy,IT-NO,394.05,495.32,19.53,16.66,entsoe.eu,false,
2022-09-29 22:00:00,Italy,North Italy,IT-NO,367.0,459.27,27.32,19.8,entsoe.eu,false,
2022-09-29 23:00:00,Italy,North Italy,IT-NO,350.0,435.34,32.49,22.17,entsoe.eu,false,
2022-09-30 00:00:00,Italy,North Italy,IT-NO,354.68,440.05,32.01,22.47,entsoe.eu,false,
2022-09-30 01:00:00,Italy,North Italy,IT-NO,354.36,439.98,31.61,21.52,entsoe.eu,false,
2022-09-30 02:00:00,Italy,North Italy,IT-NO,347.07,432.95,32.19,20.23,entsoe.eu,false,
2022-09-30 03:00:00,Italy,North Italy,IT-NO,362.01,455.01,26.63,16.79,entsoe.eu,false,
2022-09-30 04:00:00,Italy,North Italy,IT-NO,353.11,445.34,27.88,19.3,entsoe.eu,false,
2022-09-30 05:00:00,Italy,North Italy,IT-NO,347.97,433.3,33.28,27.88,entsoe.eu,false,
2022-09-30 06:00:00,Italy,North Italy,IT-NO,311.12,388.54,40.57,32.99,entsoe.eu,false,
2022-09-30 07:00:00,Italy,North Italy,IT-NO,308.29,383.62,41.93,35.12,entsoe.eu,false,
2022-09-30 08:00:00,Italy,North Italy,IT-NO,311.02,386.8,40.94,32.54,entsoe.eu,false,
2022-09-30 09:00:00,Italy,North Italy,IT-NO,315.68,392.61,40.79,33.34,entsoe.eu,false,
2022-09-30 10:00:00,Italy,North Italy,IT-NO,313.63,394.88,37.35,29.05,entsoe.eu,false,
2022-09-30 11:00:00,Italy,North Italy,IT-NO,314.91,400.28,35.39,25.59,entsoe.eu,false,
2022-09-30 12:00:00,Italy,North Italy,IT-NO,319.1,402.31,35.11,24.11,entsoe.eu,false,
2022-09-30 13:00:00,Italy,North Italy,IT-NO,320.94,404.7,34.84,23.41,entsoe.eu,false,
2022-09-30 14:00:00,Italy,North Italy,IT-NO,313.79,396.56,36.26,23.11,entsoe.eu,false,
2022-09-30 15:00:00,Italy,North Italy,IT-NO,312.77,395.31,36.4,22.47,entsoe.eu,false,
2022-09-30 16:00:00,Italy,North Italy,IT-NO,327.93,410.79,35.75,26.27,entsoe.eu,false,
2022-09-30 17:00:00,Italy,North Italy,IT-NO,307.32,381.9,42.63,33.25,entsoe.eu,false,
2022-09-30 18:00:00,Italy,North Italy,IT-NO,312.34,389.71,40.32,30.49,entsoe.eu,false,
2022-09-30 19:00:00,Italy,North Italy,IT-NO,310.82,390.91,38.09,24.65,entsoe.eu,false,
2022-09-30 20:00:00,Italy,North Italy,IT-NO,312.93,395.75,37.02,22.75,entsoe.eu,false,
2022-09-30 21:00:00,Italy,North Italy,IT-NO,297.33,371.65,42.84,26.61,entsoe.eu,false,
2022-09-30 22:00:00,Italy,North Italy,IT-NO,257.47,321.37,53.61,32.97,entsoe.eu,false,
2022-09-30 23:00:00,Italy,North Italy,IT-NO,242.4,304.36,57.03,34.27,entsoe.eu,false,
2022-10-01 00:00:00,Italy,North Italy,IT-NO,237.34,294.82,59.07,36.78,entsoe.eu,false,
2022-10-01 01:00:00,Italy,North Italy,IT-NO,228.12,283.6,61.14,37.51,entsoe.eu,false,
2022-10-01 02:00:00,Italy,North Italy,IT-NO,224.01,279.14,61.57,38.31,entsoe.eu,false,
2022-10-01 03:00:00,Italy,North Italy,IT-NO,229.63,284.83,60.39,36.44,entsoe.eu,false,
2022-10-01 04:00:00,Italy,North Italy,IT-NO,236.12,295.3,57.49,34.56,entsoe.eu,false,
2022-10-01 05:00:00,Italy,North Italy,IT-NO,241.06,302.91,55.68,36.44,entsoe.eu,false,
2022-10-01 06:00:00,Italy,North Italy,IT-NO,226.52,286.31,57.79,39.25,entsoe.eu,false,
2022-10-01 07:00:00,Italy,North Italy,IT-NO,218.61,280.69,58.07,41.09,entsoe.eu,false,
2022-10-01 08:00:00,Italy,North Italy,IT-NO,205.6,265.26,61.48,45.36,entsoe.eu,false,
2022-10-01 09:00:00,Italy,North Italy,IT-NO,186.31,241.04,67.07,52.27,entsoe.eu,false,
2022-10-01 10:00:00,Italy,North Italy,IT-NO,180.75,233.31,68.77,55.66,entsoe.eu,false,
2022-10-01 11:00:00,Italy,North Italy,IT-NO,178.95,231.55,68.77,57.27,entsoe.eu,false,
2022-10-01 12:00:00,Italy,North Italy,IT-NO,176.28,228.02,69.78,58.01,entsoe.eu,false,
2022-10-01 13:00:00,Italy,North Italy,IT-NO,182.98,235.17,68.48,55.3,entsoe.eu,false,
2022-10-01 14:00:00,Italy,North Italy,IT-NO,194.85,249.69,65.91,51.24,entsoe.eu,false,
2022-10-01 15:00:00,Italy,North Italy,IT-NO,227.35,286.93,59.6,44.38,entsoe.eu,false,
2022-10-01 16:00:00,Italy,North Italy,IT-NO,238.39,300.46,57.78,41.38,entsoe.eu,false,
2022-10-01 17:00:00,Italy,North Italy,IT-NO,226.34,280.06,63.77,46.6,entsoe.eu,false,
2022-10-01 18:00:00,Italy,North Italy,IT-NO,231.87,287.62,61.81,45.5,entsoe.eu,false,
2022-10-01 19:00:00,Italy,North Italy,IT-NO,237.67,297.59,57.98,38.82,entsoe.eu,false,
2022-10-01 20:00:00,Italy,North Italy,IT-NO,224.17,281.14,61.54,39.15,entsoe.eu,false,
2022-10-01 21:00:00,Italy,North Italy,IT-NO,219.64,275.68,63.59,41.91,entsoe.eu,false,
2022-10-01 22:00:00,Italy,North Italy,IT-NO,209.58,260.05,67.18,42.31,entsoe.eu,false,
2022-10-01 23:00:00,Italy,North Italy,IT-NO,214.43,264.21,67.08,44.3,entsoe.eu,false,
2022-10-02 00:00:00,Italy,North Italy,IT-NO,224.76,277.27,64.33,41.25,entsoe.eu,false,
2022-10-02 01:00:00,Italy,North Italy,IT-NO,229.49,283.16,64.15,42.96,entsoe.eu,false,
2022-10-02 02:00:00,Italy,North Italy,IT-NO,225.11,278.62,64.56,41.73,entsoe.eu,false,
2022-10-02 03:00:00,Italy,North Italy,IT-NO,216.89,270.1,65.42,40.48,entsoe.eu,false,
2022-10-02 04:00:00,Italy,North Italy,IT-NO,199.92,248.89,68.08,39.85,entsoe.eu,false,
2022-10-02 05:00:00,Italy,North Italy,IT-NO,197.11,245.69,68.43,42.46,entsoe.eu,false,
2022-10-02 06:00:00,Italy,North Italy,IT-NO,190.45,237.72,69.96,48.37,entsoe.eu,false,
2022-10-02 07:00:00,Italy,North Italy,IT-NO,183.87,231.76,70.95,54.48,entsoe.eu,false,
2022-10-02 08:00:00,Italy,North Italy,IT-NO,173.83,221.93,72.69,60.91,entsoe.eu,false,
2022-10-02 09:00:00,Italy,North Italy,IT-NO,169.59,218.6,72.35,62.67,entsoe.eu,false,
2022-10-02 10:00:00,Italy,North Italy,IT-NO,163.07,211.57,72.93,63.59,entsoe.eu,false,
2022-10-02 11:00:00,Italy,North Italy,IT-NO,152.69,201.08,73.84,66.37,entsoe.eu,false,
2022-10-02 12:00:00,Italy,North Italy,IT-NO,161.62,210.89,72.31,63.73,entsoe.eu,false,
2022-10-02 13:00:00,Italy,North Italy,IT-NO,160.41,209.36,72.15,58.17,entsoe.eu,false,
2022-10-02 14:00:00,Italy,North Italy,IT-NO,172.06,225.32,69.4,53.27,entsoe.eu,false,
2022-10-02 15:00:00,Italy,North Italy,IT-NO,203.52,260.87,62.48,43.42,entsoe.eu,false,
2022-10-02 16:00:00,Italy,North Italy,IT-NO,228.69,291.93,57.04,39.36,entsoe.eu,false,
2022-10-02 17:00:00,Italy,North Italy,IT-NO,225.11,283.31,60.46,44.59,entsoe.eu,false,
2022-10-02 18:00:00,Italy,North Italy,IT-NO,223.91,284.05,59.49,44.79,entsoe.eu,false,
2022-10-02 19:00:00,Italy,North Italy,IT-NO,211.88,271.62,60.78,40.4,entsoe.eu,false,
2022-10-02 20:00:00,Italy,North Italy,IT-NO,228.62,291.25,57.41,37.62,entsoe.eu,false,
2022-10-02 21:00:00,Italy,North Italy,IT-NO,236.54,297.31,58.37,38.23,entsoe.eu,false,
2022-10-02 22:00:00,Italy,North Italy,IT-NO,240.67,303.92,56.81,35.15,entsoe.eu,false,
2022-10-02 23:00:00,Italy,North Italy,IT-NO,251.79,313.67,55.94,36.33,entsoe.eu,false,
2022-10-03 00:00:00,Italy,North Italy,IT-NO,259.58,324.61,53.75,35.33,entsoe.eu,false,
2022-10-03 01:00:00,Italy,North Italy,IT-NO,257.37,321.93,53.75,33.09,entsoe.eu,false,
2022-10-03 02:00:00,Italy,North Italy,IT-NO,252.21,317.07,54.12,32.24,entsoe.eu,false,
2022-10-03 03:00:00,Italy,North Italy,IT-NO,270.11,339.46,49.45,29.72,entsoe.eu,false,
2022-10-03 04:00:00,Italy,North Italy,IT-NO,285.92,363.09,43.11,28.73,entsoe.eu,false,
2022-10-03 05:00:00,Italy,North Italy,IT-NO,302.87,380.35,41.74,32.45,entsoe.eu,false,
2022-10-03 06:00:00,Italy,North Italy,IT-NO,287.02,358.35,46.96,39.3,entsoe.eu,false,
2022-10-03 07:00:00,Italy,North Italy,IT-NO,276.66,349.59,45.82,36.49,entsoe.eu,false,
2022-10-03 08:00:00,Italy,North Italy,IT-NO,263.91,335.07,48.07,38.41,entsoe.eu,false,
2022-10-03 09:00:00,Italy,North Italy,IT-NO,260.03,331.88,48.56,40.05,entsoe.eu,false,
2022-10-03 10:00:00,Italy,North Italy,IT-NO,255.46,325.99,50.3,41.68,entsoe.eu,false,
2022-10-03 11:00:00,Italy,North Italy,IT-NO,237.48,303.66,54.8,45.44,entsoe.eu,false,
2022-10-03 12:00:00,Italy,North Italy,IT-NO,250.49,320.39,51.31,42.17,entsoe.eu,false,
2022-10-03 13:00:00,Italy,North Italy,IT-NO,258.96,329.3,49.83,39.47,entsoe.eu,false,
2022-10-03 14:00:00,Italy,North Italy,IT-NO,266.79,338.71,48.93,37.36,entsoe.eu,false,
2022-10-03 15:00:00,Italy,North Italy,IT-NO,294.18,371.73,42.57,31.79,entsoe.eu,false,
2022-10-03 16:00:00,Italy,North Italy,IT-NO,298.63,376.06,41.79,32.93,entsoe.eu,false,
2022-10-03 17:00:00,Italy,North Italy,IT-NO,295.59,367.55,45.93,39.35,entsoe.eu,false,
2022-10-03 18:00:00,Italy,North Italy,IT-NO,304.28,381.54,41.58,33.8,entsoe.eu,false,
2022-10-03 19:00:00,Italy,North Italy,IT-NO,308.73,388.64,39.59,28.81,entsoe.eu,false,
2022-10-03 20:00:00,Italy,North Italy,IT-NO,300.63,378.11,41.66,28.11,entsoe.eu,false,
2022-10-03 21:00:00,Italy,North Italy,IT-NO,295.13,367.6,43.99,28.7,entsoe.eu,false,
2022-10-03 22:00:00,Italy,North Italy,IT-NO,295.08,365.23,45.85,26.7,entsoe.eu,false,
2022-10-03 23:00:00,Italy,North Italy,IT-NO,293.93,364.11,45.53,25.39,entsoe.eu,false,
2022-10-04 00:00:00,Italy,North Italy,IT-NO,299.06,369.6,45.26,24.57,entsoe.eu,false,
2022-10-04 01:00:00,Italy,North Italy,IT-NO,309.1,381.64,42.93,22.66,entsoe.eu,false,
2022-10-04 02:00:00,Italy,North Italy,IT-NO,306.72,380.52,42.61,23.19,entsoe.eu,false,
2022-10-04 03:00:00,Italy,North Italy,IT-NO,295.26,369.87,42.65,24.39,entsoe.eu,false,
2022-10-04 04:00:00,Italy,North Italy,IT-NO,292.28,368.37,42.27,28.23,entsoe.eu,false,
2022-10-04 05:00:00,Italy,North Italy,IT-NO,288.13,362.29,43.01,33.59,entsoe.eu,false,
2022-10-04 06:00:00,Italy,North Italy,IT-NO,273.46,344.65,46.48,37.97,entsoe.eu,false,
2022-10-04 07:00:00,Italy,North Italy,IT-NO,281.94,356.84,43.68,36.18,entsoe.eu,false,
2022-10-04 08:00:00,Italy,North Italy,IT-NO,284.05,361.71,42.57,33.6,entsoe.eu,false,
2022-10-04 09:00:00,Italy,North Italy,IT-NO,266.61,340.42,46.92,36.54,entsoe.eu,false,
2022-10-04 10:00:00,Italy,North Italy,IT-NO,256.07,328.63,49.19,38.91,entsoe.eu,false,
2022-10-04 11:00:00,Italy,North Italy,IT-NO,244.32,314.45,51.67,40.27,entsoe.eu,false,
2022-10-04 12:00:00,Italy,North Italy,IT-NO,250.38,320.52,50.79,38.26,entsoe.eu,false,
2022-10-04 13:00:00,Italy,North Italy,IT-NO,267.66,341.98,46.64,34.66,entsoe.eu,false,
2022-10-04 14:00:00,Italy,North Italy,IT-NO,287.93,365.64,43.44,31.64,entsoe.eu,false,
2022-10-04 15:00:00,Italy,North Italy,IT-NO,308.79,390.55,38.64,28.56,entsoe.eu,false,
2022-10-04 16:00:00,Italy,North Italy,IT-NO,304.03,383.2,40.18,30.62,entsoe.eu,false,
2022-10-04 17:00:00,Italy,North Italy,IT-NO,305.2,379.34,43.49,36.59,entsoe.eu,false,
2022-10-04 18:00:00,Italy,North Italy,IT-NO,311.37,389.31,40.55,32.23,entsoe.eu,false,
2022-10-04 19:00:00,Italy,North Italy,IT-NO,317.76,401.87,35.82,25.24,entsoe.eu,false,
2022-10-04 20:00:00,Italy,North Italy,IT-NO,311.29,392.88,38.6,25.93,entsoe.eu,false,
2022-10-04 21:00:00,Italy,North Italy,IT-NO,310.4,391.63,39.23,25.59,entsoe.eu,false,
2022-10-04 22:00:00,Italy,North Italy,IT-NO,299.61,380.04,40.63,25.13,entsoe.eu,false,
2022-10-04 23:00:00,Italy,North Italy,IT-NO,301.24,381.06,40.95,24.95,entsoe.eu,false,
2022-10-05 00:00:00,Italy,North Italy,IT-NO,300.92,378.21,42.85,25.86,entsoe.eu,false,
2022-10-05 01:00:00,Italy,North Italy,IT-NO,295.81,371.0,44.43,25.72,entsoe.eu,false,
2022-10-05 02:00:00,Italy,North Italy,IT-NO,302.04,378.29,43.68,26.07,entsoe.eu,false,
2022-10-05 03:00:00,Italy,North Italy,IT-NO,304.69,382.15,42.04,25.01,entsoe.eu,false,
2022-10-05 04:00:00,Italy,North Italy,IT-NO,314.32,395.36,38.24,22.91,entsoe.eu,false,
2022-10-05 05:00:00,Italy,North Italy,IT-NO,317.65,395.04,41.24,32.17,entsoe.eu,false,
2022-10-05 06:00:00,Italy,North Italy,IT-NO,299.05,372.65,45.0,35.47,entsoe.eu,false,
2022-10-05 07:00:00,Italy,North Italy,IT-NO,284.48,360.05,44.78,34.76,entsoe.eu,false,
2022-10-05 08:00:00,Italy,North Italy,IT-NO,270.03,344.03,47.37,36.31,entsoe.eu,false,
2022-10-05 09:00:00,Italy,North Italy,IT-NO,255.52,327.23,50.45,39.75,entsoe.eu,false,
2022-10-05 10:00:00,Italy,North Italy,IT-NO,255.51,327.38,50.54,40.58,entsoe.eu,false,
2022-10-05 11:00:00,Italy,North Italy,IT-NO,255.13,326.36,50.91,40.57,entsoe.eu,false,
2022-10-05 12:00:00,Italy,North Italy,IT-NO,257.16,328.4,50.4,38.56,entsoe.eu,false,
2022-10-05 13:00:00,Italy,North Italy,IT-NO,269.65,343.34,47.75,36.19,entsoe.eu,false,
2022-10-05 14:00:00,Italy,North Italy,IT-NO,284.97,361.76,44.21,32.03,entsoe.eu,false,
2022-10-05 15:00:00,Italy,North Italy,IT-NO,309.76,390.27,39.85,28.7,entsoe.eu,false,
2022-10-05 16:00:00,Italy,North Italy,IT-NO,312.27,390.25,41.21,31.85,entsoe.eu,false,
2022-10-05 17:00:00,Italy,North Italy,IT-NO,301.62,374.3,45.31,37.19,entsoe.eu,false,
2022-10-05 18:00:00,Italy,North Italy,IT-NO,313.21,391.34,40.91,31.69,entsoe.eu,false,
2022-10-05 19:00:00,Italy,North Italy,IT-NO,306.57,387.68,39.32,27.04,entsoe.eu,false,
2022-10-05 20:00:00,Italy,North Italy,IT-NO,297.68,375.41,42.28,27.44,entsoe.eu,false,
2022-10-05 21:00:00,Italy,North Italy,IT-NO,297.97,375.07,43.01,27.29,entsoe.eu,false,
2022-10-05 22:00:00,Italy,North Italy,IT-NO,296.77,373.51,43.22,26.7,entsoe.eu,false,
2022-10-05 23:00:00,Italy,North Italy,IT-NO,294.94,370.83,43.94,26.05,entsoe.eu,false,
2022-10-06 00:00:00,Italy,North Italy,IT-NO,298.45,374.55,44.18,27.39,entsoe.eu,false,
2022-10-06 01:00:00,Italy,North Italy,IT-NO,279.98,352.34,48.52,30.41,entsoe.eu,false,
2022-10-06 02:00:00,Italy,North Italy,IT-NO,287.33,360.88,46.9,28.37,entsoe.eu,false,
2022-10-06 03:00:00,Italy,North Italy,IT-NO,306.5,384.44,41.93,25.64,entsoe.eu,false,
2022-10-06 04:00:00,Italy,North Italy,IT-NO,331.36,417.13,34.23,22.67,entsoe.eu,false,
2022-10-06 05:00:00,Italy,North Italy,IT-NO,327.62,412.87,34.46,26.17,entsoe.eu,false,
2022-10-06 06:00:00,Italy,North Italy,IT-NO,316.53,398.21,37.55,31.8,entsoe.eu,false,
2022-10-06 07:00:00,Italy,North Italy,IT-NO,316.49,400.2,36.64,31.87,entsoe.eu,false,
2022-10-06 08:00:00,Italy,North Italy,IT-NO,310.21,394.61,37.17,31.92,entsoe.eu,false,
2022-10-06 09:00:00,Italy,North Italy,IT-NO,304.09,387.71,38.47,34.08,entsoe.eu,false,
2022-10-06 10:00:00,Italy,North Italy,IT-NO,301.27,384.39,39.24,35.65,entsoe.eu,false,
2022-10-06 11:00:00,Italy,North Italy,IT-NO,277.94,354.42,45.65,38.85,entsoe.eu,false,
2022-10-06 12:00:00,Italy,North Italy,IT-NO,277.34,353.02,46.16,37.26,entsoe.eu,false,
2022-10-06 13:00:00,Italy,North Italy,IT-NO,286.64,366.33,42.97,33.49,entsoe.eu,false,
2022-10-06 14:00:00,Italy,North Italy,IT-NO,311.49,396.1,37.5,28.31,entsoe.eu,false,
2022-10-06 15:00:00,Italy,North Italy,IT-NO,335.59,426.99,30.32,22.98,entsoe.eu,false,
2022-10-06 16:00:00,Italy,North Italy,IT-NO,324.91,410.51,34.14,27.46,entsoe.eu,false,
2022-10-06 17:00:00,Italy,North Italy,IT-NO,338.66,419.48,37.19,34.64,entsoe.eu,false,
2022-10-06 18:00:00,Italy,North Italy,IT-NO,324.45,408.23,35.32,27.95,entsoe.eu,false,
2022-10-06 19:00:00,Italy,North Italy,IT-NO,342.61,430.41,31.94,23.36,entsoe.eu,false,
2022-10-06 20:00:00,Italy,North Italy,IT-NO,338.71,425.81,33.31,22.92,entsoe.eu,false,
2022-10-06 21:00:00,Italy,North Italy,IT-NO,334.78,420.87,34.59,24.42,entsoe.eu,false,
2022-10-06 22:00:00,Italy,North Italy,IT-NO,310.26,388.3,42.52,26.65,entsoe.eu,false,
2022-10-06 23:00:00,Italy,North Italy,IT-NO,303.73,379.92,44.56,27.46,entsoe.eu,false,
2022-10-07 00:00:00,Italy,North Italy,IT-NO,303.71,378.73,46.09,28.96,entsoe.eu,false,
2022-10-07 01:00:00,Italy,North Italy,IT-NO,299.02,372.97,46.91,28.27,entsoe.eu,false,
2022-10-07 02:00:00,Italy,North Italy,IT-NO,291.0,363.07,48.65,28.72,entsoe.eu,false,
2022-10-07 03:00:00,Italy,North Italy,IT-NO,293.99,367.09,47.54,28.92,entsoe.eu,false,
2022-10-07 04:00:00,Italy,North Italy,IT-NO,317.53,399.16,39.0,26.38,entsoe.eu,false,
2022-10-07 05:00:00,Italy,North Italy,IT-NO,311.32,388.45,41.94,33.43,entsoe.eu,false,
2022-10-07 06:00:00,Italy,North Italy,IT-NO,296.75,371.19,44.63,37.27,entsoe.eu,false,
2022-10-07 07:00:00,Italy,North Italy,IT-NO,295.7,373.74,43.06,37.74,entsoe.eu,false,
2022-10-07 08:00:00,Italy,North Italy,IT-NO,291.81,371.65,42.04,36.41,entsoe.eu,false,
2022-10-07 09:00:00,Italy,North Italy,IT-NO,274.13,351.14,45.42,38.73,entsoe.eu,false,
2022-10-07 10:00:00,Italy,North Italy,IT-NO,277.14,355.65,44.49,38.94,entsoe.eu,false,
2022-10-07 11:00:00,Italy,North Italy,IT-NO,266.76,343.15,46.89,40.1,entsoe.eu,false,
2022-10-07 12:00:00,Italy,North Italy,IT-NO,265.7,341.39,47.31,39.18,entsoe.eu,false,
2022-10-07 13:00:00,Italy,North Italy,IT-NO,275.74,352.85,45.42,35.91,entsoe.eu,false,
2022-10-07 14:00:00,Italy,North Italy,IT-NO,284.89,362.54,44.23,33.02,entsoe.eu,false,
2022-10-07 15:00:00,Italy,North Italy,IT-NO,308.51,390.61,38.83,29.54,entsoe.eu,false,
2022-10-07 16:00:00,Italy,North Italy,IT-NO,298.24,376.16,41.77,32.14,entsoe.eu,false,
2022-10-07 17:00:00,Italy,North Italy,IT-NO,294.51,364.89,47.54,40.47,entsoe.eu,false,
2022-10-07 18:00:00,Italy,North Italy,IT-NO,299.4,374.18,44.36,35.15,entsoe.eu,false,
2022-10-07 19:00:00,Italy,North Italy,IT-NO,306.83,386.17,40.81,28.45,entsoe.eu,false,
2022-10-07 20:00:00,Italy,North Italy,IT-NO,296.39,373.27,43.76,29.51,entsoe.eu,false,
2022-10-07 21:00:00,Italy,North Italy,IT-NO,283.16,356.32,47.43,30.3,entsoe.eu,false,
2022-10-07 22:00:00,Italy,North Italy,IT-NO,276.38,344.81,51.58,31.19,entsoe.eu,false,
2022-10-07 23:00:00,Italy,North Italy,IT-NO,272.19,338.17,54.03,32.42,entsoe.eu,false,
2022-10-08 00:00:00,Italy,North Italy,IT-NO,267.85,330.73,56.59,33.57,entsoe.eu,false,
2022-10-08 01:00:00,Italy,North Italy,IT-NO,262.57,325.94,56.76,32.78,entsoe.eu,false,
2022-10-08 02:00:00,Italy,North Italy,IT-NO,265.4,329.51,55.57,29.42,entsoe.eu,false,
2022-10-08 03:00:00,Italy,North Italy,IT-NO,264.85,328.15,56.21,30.6,entsoe.eu,false,
2022-10-08 04:00:00,Italy,North Italy,IT-NO,266.88,331.71,54.75,31.06,entsoe.eu,false,
2022-10-08 05:00:00,Italy,North Italy,IT-NO,260.58,322.02,57.25,36.96,entsoe.eu,false,
2022-10-08 06:00:00,Italy,North Italy,IT-NO,252.85,315.34,56.73,38.05,entsoe.eu,false,
2022-10-08 07:00:00,Italy,North Italy,IT-NO,245.26,310.4,56.17,41.54,entsoe.eu,false,
2022-10-08 08:00:00,Italy,North Italy,IT-NO,235.13,298.43,58.84,44.99,entsoe.eu,false,
2022-10-08 09:00:00,Italy,North Italy,IT-NO,245.54,312.94,55.78,47.27,entsoe.eu,false,
2022-10-08 10:00:00,Italy,North Italy,IT-NO,247.02,315.53,55.34,49.49,entsoe.eu,false,
2022-10-08 11:00:00,Italy,North Italy,IT-NO,231.33,296.5,58.65,49.98,entsoe.eu,false,
2022-10-08 12:00:00,Italy,North Italy,IT-NO,223.77,285.69,60.73,47.81,entsoe.eu,false,
2022-10-08 13:00:00,Italy,North Italy,IT-NO,226.7,287.58,61.13,45.77,entsoe.eu,false,
2022-10-08 14:00:00,Italy,North Italy,IT-NO,247.51,313.24,55.8,39.27,entsoe.eu,false,
2022-10-08 15:00:00,Italy,North Italy,IT-NO,269.49,339.63,50.47,30.82,entsoe.eu,false,
2022-10-08 16:00:00,Italy,North Italy,IT-NO,284.8,352.72,50.85,33.36,entsoe.eu,false,
2022-10-08 17:00:00,Italy,North Italy,IT-NO,271.31,331.25,57.29,44.84,entsoe.eu,false,
2022-10-08 18:00:00,Italy,North Italy,IT-NO,270.9,332.9,55.85,40.5,entsoe.eu,false,
2022-10-08 19:00:00,Italy,North Italy,IT-NO,275.57,342.1,52.9,33.13,entsoe.eu,false,
2022-10-08 20:00:00,Italy,North Italy,IT-NO,280.41,351.73,48.64,26.93,entsoe.eu,false,
2022-10-08 21:00:00,Italy,North Italy,IT-NO,278.66,351.54,48.45,27.42,entsoe.eu,false,
2022-10-08 22:00:00,Italy,North Italy,IT-NO,250.21,312.68,57.0,30.34,entsoe.eu,false,
2022-10-08 23:00:00,Italy,North Italy,IT-NO,254.69,317.83,56.88,29.25,entsoe.eu,false,
2022-10-09 00:00:00,Italy,North Italy,IT-NO,258.67,322.06,57.2,29.06,entsoe.eu,false,
2022-10-09 01:00:00,Italy,North Italy,IT-NO,260.62,325.21,55.53,27.89,entsoe.eu,false,
2022-10-09 02:00:00,Italy,North Italy,IT-NO,262.36,328.09,54.41,25.72,entsoe.eu,false,
2022-10-09 03:00:00,Italy,North Italy,IT-NO,248.47,311.76,56.27,29.16,entsoe.eu,false,
2022-10-09 04:00:00,Italy,North Italy,IT-NO,256.92,322.35,54.34,28.87,entsoe.eu,false,
2022-10-09 05:00:00,Italy,North Italy,IT-NO,246.73,311.24,56.3,29.94,entsoe.eu,false,
2022-10-09 06:00:00,Italy,North Italy,IT-NO,251.98,317.88,54.86,31.05,entsoe.eu,false,
2022-10-09 07:00:00,Italy,North Italy,IT-NO,253.5,320.79,53.83,36.22,entsoe.eu,false,
2022-10-09 08:00:00,Italy,North Italy,IT-NO,247.44,313.98,55.96,41.81,entsoe.eu,false,
2022-10-09 09:00:00,Italy,North Italy,IT-NO,243.24,309.74,57.18,43.17,entsoe.eu,false,
2022-10-09 10:00:00,Italy,North Italy,IT-NO,223.31,285.05,61.73,47.73,entsoe.eu,false,
2022-10-09 11:00:00,Italy,North Italy,IT-NO,213.44,272.79,64.48,49.05,entsoe.eu,false,
2022-10-09 12:00:00,Italy,North Italy,IT-NO,221.36,282.84,62.84,47.63,entsoe.eu,false,
2022-10-09 13:00:00,Italy,North Italy,IT-NO,216.75,275.74,63.82,45.34,entsoe.eu,false,
2022-10-09 14:00:00,Italy,North Italy,IT-NO,232.61,294.55,59.99,38.62,entsoe.eu,false,
2022-10-09 15:00:00,Italy,North Italy,IT-NO,260.54,328.91,52.24,31.11,entsoe.eu,false,
2022-10-09 16:00:00,Italy,North Italy,IT-NO,265.89,330.0,54.93,38.65,entsoe.eu,false,
2022-10-09 17:00:00,Italy,North Italy,IT-NO,251.96,311.98,58.51,43.63,entsoe.eu,false,
2022-10-09 18:00:00,Italy,North Italy,IT-NO,264.46,328.59,55.16,38.13,entsoe.eu,false,
2022-10-09 19:00:00,Italy,North Italy,IT-NO,261.16,327.86,53.31,32.71,entsoe.eu,false,
2022-10-09 20:00:00,Italy,North Italy,IT-NO,269.41,337.75,51.98,30.72,entsoe.eu,false,
2022-10-09 21:00:00,Italy,North Italy,IT-NO,275.85,344.7,51.58,27.59,entsoe.eu,false,
2022-10-09 22:00:00,Italy,North Italy,IT-NO,256.82,324.7,53.47,30.08,entsoe.eu,false,
2022-10-09 23:00:00,Italy,North Italy,IT-NO,253.96,317.81,56.44,29.45,entsoe.eu,false,
2022-10-10 00:00:00,Italy,North Italy,IT-NO,259.36,324.49,55.41,29.48,entsoe.eu,false,
2022-10-10 01:00:00,Italy,North Italy,IT-NO,255.54,319.4,56.43,29.3,entsoe.eu,false,
2022-10-10 02:00:00,Italy,North Italy,IT-NO,264.0,329.86,53.96,26.9,entsoe.eu,false,
2022-10-10 03:00:00,Italy,North Italy,IT-NO,277.19,347.39,49.04,23.15,entsoe.eu,false,
2022-10-10 04:00:00,Italy,North Italy,IT-NO,307.36,387.97,39.52,22.6,entsoe.eu,false,
2022-10-10 05:00:00,Italy,North Italy,IT-NO,318.75,401.47,36.91,25.31,entsoe.eu,false,
2022-10-10 06:00:00,Italy,North Italy,IT-NO,308.99,385.02,42.34,33.46,entsoe.eu,false,
2022-10-10 07:00:00,Italy,North Italy,IT-NO,304.87,383.07,41.42,32.27,entsoe.eu,false,
2022-10-10 08:00:00,Italy,North Italy,IT-NO,310.8,394.46,37.75,27.94,entsoe.eu,false,
2022-10-10 09:00:00,Italy,North Italy,IT-NO,308.81,392.83,37.7,27.64,entsoe.eu,false,
2022-10-10 10:00:00,Italy,North Italy,IT-NO,305.86,389.98,37.94,28.28,entsoe.eu,false,
2022-10-10 11:00:00,Italy,North Italy,IT-NO,301.83,384.2,39.37,28.78,entsoe.eu,false,
2022-10-10 12:00:00,Italy,North Italy,IT-NO,314.47,399.12,36.62,25.56,entsoe.eu,false,
2022-10-10 13:00:00,Italy,North Italy,IT-NO,325.03,411.87,33.93,22.94,entsoe.eu,false,
2022-10-10 14:00:00,Italy,North Italy,IT-NO,326.92,413.56,33.72,23.31,entsoe.eu,false,
2022-10-10 15:00:00,Italy,North Italy,IT-NO,326.84,413.04,33.86,23.57,entsoe.eu,false,
2022-10-10 16:00:00,Italy,North Italy,IT-NO,328.93,412.09,35.85,26.72,entsoe.eu,false,
2022-10-10 17:00:00,Italy,North Italy,IT-NO,318.97,396.0,40.71,34.05,entsoe.eu,false,
2022-10-10 18:00:00,Italy,North Italy,IT-NO,324.31,406.42,36.9,28.67,entsoe.eu,false,
2022-10-10 19:00:00,Italy,North Italy,IT-NO,331.95,417.55,34.42,22.02,entsoe.eu,false,
2022-10-10 20:00:00,Italy,North Italy,IT-NO,340.66,427.85,33.26,20.42,entsoe.eu,false,
2022-10-10 21:00:00,Italy,North Italy,IT-NO,343.56,431.1,33.0,19.8,entsoe.eu,false,
2022-10-10 22:00:00,Italy,North Italy,IT-NO,307.66,386.64,41.11,21.62,entsoe.eu,false,
2022-10-10 23:00:00,Italy,North Italy,IT-NO,298.7,375.08,43.8,22.61,entsoe.eu,false,
2022-10-11 00:00:00,Italy,North Italy,IT-NO,305.52,382.75,43.16,22.96,entsoe.eu,false,
2022-10-11 01:00:00,Italy,North Italy,IT-NO,301.75,378.2,43.85,22.61,entsoe.eu,false,
2022-10-11 02:00:00,Italy,North Italy,IT-NO,295.54,371.27,44.39,21.75,entsoe.eu,false,
2022-10-11 03:00:00,Italy,North Italy,IT-NO,317.12,399.76,37.99,19.93,entsoe.eu,false,
2022-10-11 04:00:00,Italy,North Italy,IT-NO,349.77,442.77,28.04,17.9,entsoe.eu,false,
2022-10-11 05:00:00,Italy,North Italy,IT-NO,333.15,421.99,32.09,25.29,entsoe.eu,false,
2022-10-11 06:00:00,Italy,North Italy,IT-NO,311.22,395.61,36.96,30.74,entsoe.eu,false,
2022-10-11 07:00:00,Italy,North Italy,IT-NO,313.78,399.58,35.52,28.07,entsoe.eu,false,
2022-10-11 08:00:00,Italy,North Italy,IT-NO,312.45,399.29,35.12,28.54,entsoe.eu,false,
2022-10-11 09:00:00,Italy,North Italy,IT-NO,306.89,392.31,36.98,29.97,entsoe.eu,false,
2022-10-11 10:00:00,Italy,North Italy,IT-NO,291.54,372.79,41.49,33.86,entsoe.eu,false,
2022-10-11 11:00:00,Italy,North Italy,IT-NO,270.86,346.67,46.64,36.5,entsoe.eu,false,
2022-10-11 12:00:00,Italy,North Italy,IT-NO,282.31,360.34,43.79,32.43,entsoe.eu,false,
2022-10-11 13:00:00,Italy,North Italy,IT-NO,299.57,382.43,38.75,27.29,entsoe.eu,false,
2022-10-11 14:00:00,Italy,North Italy,IT-NO,315.63,402.35,34.86,24.28,entsoe.eu,false,
2022-10-11 15:00:00,Italy,North Italy,IT-NO,332.13,422.06,31.2,21.82,entsoe.eu,false,
2022-10-11 16:00:00,Italy,North Italy,IT-NO,331.17,419.43,31.91,25.23,entsoe.eu,false,
2022-10-11 17:00:00,Italy,North Italy,IT-NO,350.43,433.06,35.32,34.86,entsoe.eu,false,
2022-10-11 18:00:00,Italy,North Italy,IT-NO,327.18,414.87,32.27,25.41,entsoe.eu,false,
2022-10-11 19:00:00,Italy,North Italy,IT-NO,345.1,438.58,27.68,18.63,entsoe.eu,false,
2022-10-11 20:00:00,Italy,North Italy,IT-NO,353.14,448.49,25.97,16.03,entsoe.eu,false,
2022-10-11 21:00:00,Italy,North Italy,IT-NO,348.53,441.32,28.3,17.23,entsoe.eu,false,
2022-10-11 22:00:00,Italy,North Italy,IT-NO,320.31,404.04,37.06,19.52,entsoe.eu,false,
2022-10-11 23:00:00,Italy,North Italy,IT-NO,318.18,400.8,38.09,18.87,entsoe.eu,false,
2022-10-12 00:00:00,Italy,North Italy,IT-NO,313.74,395.59,39.06,19.16,entsoe.eu,false,
2022-10-12 01:00:00,Italy,North Italy,IT-NO,314.79,396.63,38.8,18.85,entsoe.eu,false,
2022-10-12 02:00:00,Italy,North Italy,IT-NO,305.47,385.67,40.32,18.26,entsoe.eu,false,
2022-10-12 03:00:00,Italy,North Italy,IT-NO,315.61,401.2,35.93,16.76,entsoe.eu,false,
2022-10-12 04:00:00,Italy,North Italy,IT-NO,359.94,456.99,24.11,15.31,entsoe.eu,false,
2022-10-12 05:00:00,Italy,North Italy,IT-NO,338.98,427.67,30.57,24.78,entsoe.eu,false,
2022-10-12 06:00:00,Italy,North Italy,IT-NO,315.8,400.11,35.55,29.57,entsoe.eu,false,
2022-10-12 07:00:00,Italy,North Italy,IT-NO,315.89,403.25,33.78,27.92,entsoe.eu,false,
2022-10-12 08:00:00,Italy,North Italy,IT-NO,321.9,410.68,32.88,27.24,entsoe.eu,false,
2022-10-12 09:00:00,Italy,North Italy,IT-NO,312.66,399.04,35.52,29.42,entsoe.eu,false,
2022-10-12 10:00:00,Italy,North Italy,IT-NO,308.47,394.57,36.18,30.68,entsoe.eu,false,
2022-10-12 11:00:00,Italy,North Italy,IT-NO,281.35,360.55,43.16,34.36,entsoe.eu,false,
2022-10-12 12:00:00,Italy,North Italy,IT-NO,292.46,373.06,41.14,30.73,entsoe.eu,false,
2022-10-12 13:00:00,Italy,North Italy,IT-NO,310.31,394.74,36.85,26.39,entsoe.eu,false,
2022-10-12 14:00:00,Italy,North Italy,IT-NO,321.11,408.61,33.37,21.93,entsoe.eu,false,
2022-10-12 15:00:00,Italy,North Italy,IT-NO,333.43,423.35,30.77,20.72,entsoe.eu,false,
2022-10-12 16:00:00,Italy,North Italy,IT-NO,319.73,405.1,34.24,25.64,entsoe.eu,false,
2022-10-12 17:00:00,Italy,North Italy,IT-NO,314.86,395.83,37.75,31.19,entsoe.eu,false,
2022-10-12 18:00:00,Italy,North Italy,IT-NO,323.67,410.09,33.33,24.39,entsoe.eu,false,
2022-10-12 19:00:00,Italy,North Italy,IT-NO,335.14,423.07,31.77,19.77,entsoe.eu,false,
2022-10-12 20:00:00,Italy,North Italy,IT-NO,342.37,431.99,30.64,17.77,entsoe.eu,false,
2022-10-12 21:00:00,Italy,North Italy,IT-NO,336.62,424.17,32.97,19.1,entsoe.eu,false,
2022-10-12 22:00:00,Italy,North Italy,IT-NO,322.02,406.98,35.94,18.65,entsoe.eu,false,
2022-10-12 23:00:00,Italy,North Italy,IT-NO,311.86,393.96,38.7,19.22,entsoe.eu,false,
2022-10-13 00:00:00,Italy,North Italy,IT-NO,314.62,396.47,38.8,18.52,entsoe.eu,false,
2022-10-13 01:00:00,Italy,North Italy,IT-NO,308.73,389.21,40.14,18.37,entsoe.eu,false,
2022-10-13 02:00:00,Italy,North Italy,IT-NO,305.51,386.08,40.02,17.77,entsoe.eu,false,
2022-10-13 03:00:00,Italy,North Italy,IT-NO,310.03,392.74,37.9,17.84,entsoe.eu,false,
2022-10-13 04:00:00,Italy,North Italy,IT-NO,327.71,415.07,32.96,18.59,entsoe.eu,false,
2022-10-13 05:00:00,Italy,North Italy,IT-NO,331.95,419.75,31.81,22.85,entsoe.eu,false,
2022-10-13 06:00:00,Italy,North Italy,IT-NO,308.93,392.09,36.7,28.36,entsoe.eu,false,
2022-10-13 07:00:00,Italy,North Italy,IT-NO,314.49,399.36,35.73,27.09,entsoe.eu,false,
2022-10-13 08:00:00,Italy,North Italy,IT-NO,316.85,403.93,34.53,26.46,entsoe.eu,false,
2022-10-13 09:00:00,Italy,North Italy,IT-NO,313.86,401.25,34.56,27.57,entsoe.eu,false,
2022-10-13 10:00:00,Italy,North Italy,IT-NO,317.57,406.22,33.87,29.23,entsoe.eu,false,
2022-10-13 11:00:00,Italy,North Italy,IT-NO,304.07,389.05,37.53,30.6,entsoe.eu,false,
2022-10-13 12:00:00,Italy,North Italy,IT-NO,309.23,394.38,36.73,27.65,entsoe.eu,false,
2022-10-13 13:00:00,Italy,North Italy,IT-NO,319.61,407.54,33.75,24.15,entsoe.eu,false,
2022-10-13 14:00:00,Italy,North Italy,IT-NO,327.79,416.76,32.15,22.63,entsoe.eu,false,
2022-10-13 15:00:00,Italy,North Italy,IT-NO,326.56,414.17,32.75,24.46,entsoe.eu,false,
2022-10-13 16:00:00,Italy,North Italy,IT-NO,328.17,414.77,33.22,26.42,entsoe.eu,false,
2022-10-13 17:00:00,Italy,North Italy,IT-NO,321.25,404.73,35.5,29.8,entsoe.eu,false,
2022-10-13 18:00:00,Italy,North Italy,IT-NO,343.42,434.43,29.1,21.88,entsoe.eu,false,
2022-10-13 19:00:00,Italy,North Italy,IT-NO,345.29,437.27,28.77,18.11,entsoe.eu,false,
2022-10-13 20:00:00,Italy,North Italy,IT-NO,329.83,417.33,33.18,18.41,entsoe.eu,false,
2022-10-13 21:00:00,Italy,North Italy,IT-NO,344.91,436.64,29.66,16.9,entsoe.eu,false,
2022-10-13 22:00:00,Italy,North Italy,IT-NO,317.48,400.97,37.25,17.53,entsoe.eu,false,
2022-10-13 23:00:00,Italy,North Italy,IT-NO,312.42,393.8,39.19,17.86,entsoe.eu,false,
2022-10-14 00:00:00,Italy,North Italy,IT-NO,317.2,398.93,39.09,18.85,entsoe.eu,false,
2022-10-14 01:00:00,Italy,North Italy,IT-NO,313.01,394.13,39.92,20.15,entsoe.eu,false,
2022-10-14 02:00:00,Italy,North Italy,IT-NO,313.69,396.05,38.81,19.43,entsoe.eu,false,
2022-10-14 03:00:00,Italy,North Italy,IT-NO,312.32,395.59,37.84,18.99,entsoe.eu,false,
2022-10-14 04:00:00,Italy,North Italy,IT-NO,350.5,445.54,26.15,16.33,entsoe.eu,false,
2022-10-14 05:00:00,Italy,North Italy,IT-NO,323.43,410.65,32.77,23.88,entsoe.eu,false,
2022-10-14 06:00:00,Italy,North Italy,IT-NO,308.11,390.43,37.18,29.5,entsoe.eu,false,
2022-10-14 07:00:00,Italy,North Italy,IT-NO,312.59,397.86,35.44,27.72,entsoe.eu,false,
2022-10-14 08:00:00,Italy,North Italy,IT-NO,315.68,403.74,33.85,26.95,entsoe.eu,false,
2022-10-14 09:00:00,Italy,North Italy,IT-NO,316.37,405.14,33.67,28.31,entsoe.eu,false,
2022-10-14 10:00:00,Italy,North Italy,IT-NO,323.15,414.29,31.98,28.21,entsoe.eu,false,
2022-10-14 11:00:00,Italy,North Italy,IT-NO,304.23,389.96,37.06,29.7,entsoe.eu,false,
2022-10-14 12:00:00,Italy,North Italy,IT-NO,292.27,374.44,40.08,29.59,entsoe.eu,false,
2022-10-14 13:00:00,Italy,North Italy,IT-NO,303.0,387.14,37.48,25.88,entsoe.eu,false,
2022-10-14 14:00:00,Italy,North Italy,IT-NO,318.78,405.43,34.12,22.0,entsoe.eu,false,
2022-10-14 15:00:00,Italy,North Italy,IT-NO,333.32,423.77,30.0,20.09,entsoe.eu,false,
2022-10-14 16:00:00,Italy,North Italy,IT-NO,316.65,401.64,34.66,24.05,entsoe.eu,false,
2022-10-14 17:00:00,Italy,North Italy,IT-NO,304.21,383.74,39.25,29.98,entsoe.eu,false,
2022-10-14 18:00:00,Italy,North Italy,IT-NO,326.57,412.8,33.45,23.0,entsoe.eu,false,
2022-10-14 19:00:00,Italy,North Italy,IT-NO,326.04,412.69,33.54,19.03,entsoe.eu,false,
2022-10-14 20:00:00,Italy,North Italy,IT-NO,318.84,404.37,35.22,18.88,entsoe.eu,false,
2022-10-14 21:00:00,Italy,North Italy,IT-NO,322.11,407.65,35.62,19.09,entsoe.eu,false,
2022-10-14 22:00:00,Italy,North Italy,IT-NO,313.61,395.85,39.3,21.2,entsoe.eu,false,
2022-10-14 23:00:00,Italy,North Italy,IT-NO,296.13,372.98,43.97,21.97,entsoe.eu,false,
2022-10-15 00:00:00,Italy,North Italy,IT-NO,287.87,362.96,45.87,23.18,entsoe.eu,false,
2022-10-15 01:00:00,Italy,North Italy,IT-NO,291.19,368.59,43.58,21.51,entsoe.eu,false,
2022-10-15 02:00:00,Italy,North Italy,IT-NO,285.1,361.66,44.58,21.71,entsoe.eu,false,
2022-10-15 03:00:00,Italy,North Italy,IT-NO,289.68,367.49,43.14,20.82,entsoe.eu,false,
2022-10-15 04:00:00,Italy,North Italy,IT-NO,292.78,371.45,42.12,21.71,entsoe.eu,false,
2022-10-15 05:00:00,Italy,North Italy,IT-NO,268.38,341.49,47.25,28.91,entsoe.eu,false,
2022-10-15 06:00:00,Italy,North Italy,IT-NO,265.39,336.73,48.57,30.92,entsoe.eu,false,
2022-10-15 07:00:00,Italy,North Italy,IT-NO,256.76,328.62,49.58,32.7,entsoe.eu,false,
2022-10-15 08:00:00,Italy,North Italy,IT-NO,240.23,309.73,52.93,37.15,entsoe.eu,false,
2022-10-15 09:00:00,Italy,North Italy,IT-NO,222.26,287.34,57.61,41.95,entsoe.eu,false,
2022-10-15 10:00:00,Italy,North Italy,IT-NO,213.15,276.08,60.26,45.49,entsoe.eu,false,
2022-10-15 11:00:00,Italy,North Italy,IT-NO,214.4,278.5,59.15,44.32,entsoe.eu,false,
2022-10-15 12:00:00,Italy,North Italy,IT-NO,217.78,282.53,58.7,43.54,entsoe.eu,false,
2022-10-15 13:00:00,Italy,North Italy,IT-NO,227.05,294.15,56.2,39.6,entsoe.eu,false,
2022-10-15 14:00:00,Italy,North Italy,IT-NO,244.18,313.91,52.5,32.37,entsoe.eu,false,
2022-10-15 15:00:00,Italy,North Italy,IT-NO,283.52,360.72,44.0,24.9,entsoe.eu,false,
2022-10-15 16:00:00,Italy,North Italy,IT-NO,295.06,372.84,41.97,27.69,entsoe.eu,false,
2022-10-15 17:00:00,Italy,North Italy,IT-NO,276.69,347.95,47.57,36.27,entsoe.eu,false,
2022-10-15 18:00:00,Italy,North Italy,IT-NO,293.1,369.65,43.19,30.16,entsoe.eu,false,
2022-10-15 19:00:00,Italy,North Italy,IT-NO,302.86,383.46,40.22,24.17,entsoe.eu,false,
2022-10-15 20:00:00,Italy,North Italy,IT-NO,310.23,392.59,38.82,22.26,entsoe.eu,false,
2022-10-15 21:00:00,Italy,North Italy,IT-NO,321.06,405.42,37.24,21.67,entsoe.eu,false,
2022-10-15 22:00:00,Italy,North Italy,IT-NO,295.21,372.25,44.73,25.08,entsoe.eu,false,
2022-10-15 23:00:00,Italy,North Italy,IT-NO,282.43,355.54,48.57,25.67,entsoe.eu,false,
2022-10-16 00:00:00,Italy,North Italy,IT-NO,278.4,350.92,49.25,26.08,entsoe.eu,false,
2022-10-16 01:00:00,Italy,North Italy,IT-NO,273.05,344.81,50.21,25.91,entsoe.eu,false,
2022-10-16 02:00:00,Italy,North Italy,IT-NO,284.01,356.24,49.42,26.54,entsoe.eu,false,
2022-10-16 03:00:00,Italy,North Italy,IT-NO,285.19,357.98,48.87,26.03,entsoe.eu,false,
2022-10-16 04:00:00,Italy,North Italy,IT-NO,280.56,353.55,48.69,26.58,entsoe.eu,false,
2022-10-16 05:00:00,Italy,North Italy,IT-NO,291.18,368.25,45.02,27.52,entsoe.eu,false,
2022-10-16 06:00:00,Italy,North Italy,IT-NO,282.95,357.1,48.19,32.32,entsoe.eu,false,
2022-10-16 07:00:00,Italy,North Italy,IT-NO,251.9,322.85,52.53,36.21,entsoe.eu,false,
2022-10-16 08:00:00,Italy,North Italy,IT-NO,230.81,298.17,56.58,39.68,entsoe.eu,false,
2022-10-16 09:00:00,Italy,North Italy,IT-NO,193.53,253.27,65.1,49.12,entsoe.eu,false,
2022-10-16 10:00:00,Italy,North Italy,IT-NO,188.45,247.89,66.02,51.86,entsoe.eu,false,
2022-10-16 11:00:00,Italy,North Italy,IT-NO,194.1,254.98,64.85,52.07,entsoe.eu,false,
2022-10-16 12:00:00,Italy,North Italy,IT-NO,201.98,264.3,63.1,49.92,entsoe.eu,false,
2022-10-16 13:00:00,Italy,North Italy,IT-NO,219.6,285.18,58.52,41.69,entsoe.eu,false,
2022-10-16 14:00:00,Italy,North Italy,IT-NO,255.13,327.9,50.15,31.34,entsoe.eu,false,
2022-10-16 15:00:00,Italy,North Italy,IT-NO,295.48,376.18,40.28,21.92,entsoe.eu,false,
2022-10-16 16:00:00,Italy,North Italy,IT-NO,291.34,370.18,41.46,26.66,entsoe.eu,false,
2022-10-16 17:00:00,Italy,North Italy,IT-NO,283.34,355.71,46.51,34.71,entsoe.eu,false,
2022-10-16 18:00:00,Italy,North Italy,IT-NO,283.79,361.32,42.74,28.23,entsoe.eu,false,
2022-10-16 19:00:00,Italy,North Italy,IT-NO,293.34,373.95,40.36,23.09,entsoe.eu,false,
2022-10-16 20:00:00,Italy,North Italy,IT-NO,294.75,374.43,41.34,22.31,entsoe.eu,false,
2022-10-16 21:00:00,Italy,North Italy,IT-NO,293.95,372.11,42.78,21.68,entsoe.eu,false,
2022-10-16 22:00:00,Italy,North Italy,IT-NO,292.48,371.09,42.25,21.43,entsoe.eu,false,
2022-10-16 23:00:00,Italy,North Italy,IT-NO,288.51,365.2,44.12,21.75,entsoe.eu,false,
2022-10-17 00:00:00,Italy,North Italy,IT-NO,293.01,370.93,43.41,21.53,entsoe.eu,false,
2022-10-17 01:00:00,Italy,North Italy,IT-NO,295.91,373.35,43.81,22.48,entsoe.eu,false,
2022-10-17 02:00:00,Italy,North Italy,IT-NO,292.88,371.03,43.63,21.76,entsoe.eu,false,
2022-10-17 03:00:00,Italy,North Italy,IT-NO,299.63,379.8,40.92,19.87,entsoe.eu,false,
2022-10-17 04:00:00,Italy,North Italy,IT-NO,338.94,429.06,30.98,17.66,entsoe.eu,false,
2022-10-17 05:00:00,Italy,North Italy,IT-NO,328.82,414.74,33.82,25.74,entsoe.eu,false,
2022-10-17 06:00:00,Italy,North Italy,IT-NO,311.99,394.64,37.02,28.58,entsoe.eu,false,
2022-10-17 07:00:00,Italy,North Italy,IT-NO,323.97,411.26,33.5,25.25,entsoe.eu,false,
2022-10-17 08:00:00,Italy,North Italy,IT-NO,329.73,420.61,31.36,23.81,entsoe.eu,false,
2022-10-17 09:00:00,Italy,North Italy,IT-NO,319.2,408.3,33.58,26.63,entsoe.eu,false,
2022-10-17 10:00:00,Italy,North Italy,IT-NO,308.53,396.21,35.9,30.06,entsoe.eu,false,
2022-10-17 11:00:00,Italy,North Italy,IT-NO,290.66,373.82,40.27,32.73,entsoe.eu,false,
2022-10-17 12:00:00,Italy,North Italy,IT-NO,290.81,373.8,40.32,31.13,entsoe.eu,false,
2022-10-17 13:00:00,Italy,North Italy,IT-NO,302.63,388.17,37.48,27.53,entsoe.eu,false,
2022-10-17 14:00:00,Italy,North Italy,IT-NO,320.77,408.02,34.51,24.22,entsoe.eu,false,
2022-10-17 15:00:00,Italy,North Italy,IT-NO,317.99,403.27,35.47,25.76,entsoe.eu,false,
2022-10-17 16:00:00,Italy,North Italy,IT-NO,313.34,394.61,38.32,30.49,entsoe.eu,false,
2022-10-17 17:00:00,Italy,North Italy,IT-NO,321.71,400.33,40.08,33.85,entsoe.eu,false,
2022-10-17 18:00:00,Italy,North Italy,IT-NO,334.13,419.55,34.48,26.13,entsoe.eu,false,
2022-10-17 19:00:00,Italy,North Italy,IT-NO,350.82,442.1,29.47,18.94,entsoe.eu,false,
2022-10-17 20:00:00,Italy,North Italy,IT-NO,361.11,458.73,24.23,13.05,entsoe.eu,false,
2022-10-17 21:00:00,Italy,North Italy,IT-NO,342.37,433.09,30.71,16.43,entsoe.eu,false,
2022-10-17 22:00:00,Italy,North Italy,IT-NO,330.54,418.62,33.28,15.67,entsoe.eu,false,
2022-10-17 23:00:00,Italy,North Italy,IT-NO,322.54,408.04,35.65,15.78,entsoe.eu,false,
2022-10-18 00:00:00,Italy,North Italy,IT-NO,319.72,404.51,36.87,17.19,entsoe.eu,false,
2022-10-18 01:00:00,Italy,North Italy,IT-NO,330.7,418.84,33.42,14.13,entsoe.eu,false,
2022-10-18 02:00:00,Italy,North Italy,IT-NO,330.05,418.26,33.25,14.02,entsoe.eu,false,
2022-10-18 03:00:00,Italy,North Italy,IT-NO,337.83,428.74,30.63,13.79,entsoe.eu,false,
2022-10-18 04:00:00,Italy,North Italy,IT-NO,349.14,444.49,26.17,14.69,entsoe.eu,false,
2022-10-18 05:00:00,Italy,North Italy,IT-NO,348.52,436.74,31.27,24.62,entsoe.eu,false,
2022-10-18 06:00:00,Italy,North Italy,IT-NO,336.29,423.02,32.98,27.55,entsoe.eu,false,
2022-10-18 07:00:00,Italy,North Italy,IT-NO,327.29,417.0,31.73,25.95,entsoe.eu,false,
2022-10-18 08:00:00,Italy,North Italy,IT-NO,334.25,426.55,30.15,26.9,entsoe.eu,false,
2022-10-18 09:00:00,Italy,North Italy,IT-NO,318.53,406.83,34.36,30.92,entsoe.eu,false,
2022-10-18 10:00:00,Italy,North Italy,IT-NO,314.62,403.06,35.03,30.91,entsoe.eu,false,
2022-10-18 11:00:00,Italy,North Italy,IT-NO,295.1,379.3,39.41,32.11,entsoe.eu,false,
2022-10-18 12:00:00,Italy,North Italy,IT-NO,308.98,396.38,36.03,29.12,entsoe.eu,false,
2022-10-18 13:00:00,Italy,North Italy,IT-NO,316.05,405.01,34.09,25.78,entsoe.eu,false,
2022-10-18 14:00:00,Italy,North Italy,IT-NO,332.73,425.22,29.93,20.95,entsoe.eu,false,
2022-10-18 15:00:00,Italy,North Italy,IT-NO,344.53,438.82,27.47,18.19,entsoe.eu,false,
2022-10-18 16:00:00,Italy,North Italy,IT-NO,339.55,427.49,31.85,23.74,entsoe.eu,false,
2022-10-18 17:00:00,Italy,North Italy,IT-NO,329.33,411.15,36.87,30.64,entsoe.eu,false,
2022-10-18 18:00:00,Italy,North Italy,IT-NO,337.14,427.09,30.64,22.64,entsoe.eu,false,
2022-10-18 19:00:00,Italy,North Italy,IT-NO,344.06,437.5,27.76,17.28,entsoe.eu,false,
2022-10-18 20:00:00,Italy,North Italy,IT-NO,351.32,447.04,25.71,14.01,entsoe.eu,false,
2022-10-18 21:00:00,Italy,North Italy,IT-NO,334.99,425.55,30.67,15.89,entsoe.eu,false,
2022-10-18 22:00:00,Italy,North Italy,IT-NO,323.86,412.03,33.08,15.76,entsoe.eu,false,
2022-10-18 23:00:00,Italy,North Italy,IT-NO,319.38,406.71,34.41,16.35,entsoe.eu,false,
2022-10-19 00:00:00,Italy,North Italy,IT-NO,319.96,407.16,34.73,16.65,entsoe.eu,false,
2022-10-19 01:00:00,Italy,North Italy,IT-NO,308.82,391.97,38.11,18.17,entsoe.eu,false,
2022-10-19 02:00:00,Italy,North Italy,IT-NO,307.41,390.64,38.16,18.65,entsoe.eu,false,
2022-10-19 03:00:00,Italy,North Italy,IT-NO,315.04,400.01,36.13,17.72,entsoe.eu,false,
2022-10-19 04:00:00,Italy,North Italy,IT-NO,350.27,442.64,28.46,17.05,entsoe.eu,false,
2022-10-19 05:00:00,Italy,North Italy,IT-NO,331.65,419.54,32.06,22.51,entsoe.eu,false,
2022-10-19 06:00:00,Italy,North Italy,IT-NO,324.16,408.65,35.13,27.18,entsoe.eu,false,
2022-10-19 07:00:00,Italy,North Italy,IT-NO,344.54,432.74,32.11,26.69,entsoe.eu,false,
2022-10-19 08:00:00,Italy,North Italy,IT-NO,338.77,431.92,29.2,24.06,entsoe.eu,false,
2022-10-19 09:00:00,Italy,North Italy,IT-NO,319.13,408.05,33.9,28.24,entsoe.eu,false,
2022-10-19 10:00:00,Italy,North Italy,IT-NO,320.85,411.97,32.13,27.2,entsoe.eu,false,
2022-10-19 11:00:00,Italy,North Italy,IT-NO,301.69,387.9,36.99,29.3,entsoe.eu,false,
2022-10-19 12:00:00,Italy,North Italy,IT-NO,299.49,384.79,37.71,28.72,entsoe.eu,false,
2022-10-19 13:00:00,Italy,North Italy,IT-NO,313.07,401.4,34.25,25.46,entsoe.eu,false,
2022-10-19 14:00:00,Italy,North Italy,IT-NO,329.5,421.56,30.05,21.44,entsoe.eu,false,
2022-10-19 15:00:00,Italy,North Italy,IT-NO,338.14,429.85,29.28,20.58,entsoe.eu,false,
2022-10-19 16:00:00,Italy,North Italy,IT-NO,325.65,413.48,32.39,24.12,entsoe.eu,false,
2022-10-19 17:00:00,Italy,North Italy,IT-NO,314.55,398.76,35.52,28.84,entsoe.eu,false,
2022-10-19 18:00:00,Italy,North Italy,IT-NO,332.73,422.36,31.08,22.65,entsoe.eu,false,
2022-10-19 19:00:00,Italy,North Italy,IT-NO,338.67,430.33,29.61,18.4,entsoe.eu,false,
2022-10-19 20:00:00,Italy,North Italy,IT-NO,341.78,434.41,29.02,16.83,entsoe.eu,false,
2022-10-19 21:00:00,Italy,North Italy,IT-NO,344.17,436.38,29.33,15.86,entsoe.eu,false,
2022-10-19 22:00:00,Italy,North Italy,IT-NO,318.52,404.62,35.6,18.87,entsoe.eu,false,
2022-10-19 23:00:00,Italy,North Italy,IT-NO,317.12,402.31,36.3,19.0,Electricity Maps Estimation,true,ESTIMATED_TIME_SLICER_AVERAGE
2022-10-20 00:00:00,Italy,North Italy,IT-NO,317.48,401.93,37.02,19.26,Electricity Maps Estimation,true,ESTIMATED_TIME_SLICER_AVERAGE
2022-10-20 01:00:00,Italy,North Italy,IT-NO,318.08,402.46,37.18,19.5,Electricity Maps Estimation,true,ESTIMATED_TIME_SLICER_AVERAGE
2022-10-20 02:00:00,Italy,North Italy,IT-NO,317.84,402.45,37.09,19.4,Electricity Maps Estimation,true,ESTIMATED_TIME_SLICER_AVERAGE
2022-10-20 03:00:00,Italy,North Italy,IT-NO,322.26,409.32,34.61,17.18,Electricity Maps Estimation,true,ESTIMATED_TIME_SLICER_AVERAGE
2022-10-20 04:00:00,Italy,North Italy,IT-NO,343.59,437.51,27.72,15.66,Electricity Maps Estimation,true,ESTIMATED_TIME_SLICER_AVERAGE
2022-10-20 05:00:00,Italy,North Italy,IT-NO,335.5,426.7,29.78,20.97,Electricity Maps Estimation,true,ESTIMATED_TIME_SLICER_AVERAGE
2022-10-20 06:00:00,Italy,North Italy,IT-NO,312.43,395.83,36.38,27.04,Electricity Maps Estimation,true,ESTIMATED_TIME_SLICER_AVERAGE
2022-10-20 07:00:00,Italy,North Italy,IT-NO,312.94,398.43,35.36,26.42,Electricity Maps Estimation,true,ESTIMATED_TIME_SLICER_AVERAGE
2022-10-20 08:00:00,Italy,North Italy,IT-NO,310.01,396.05,35.95,27.75,Electricity Maps Estimation,true,ESTIMATED_TIME_SLICER_AVERAGE
2022-10-20 09:00:00,Italy,North Italy,IT-NO,298.09,380.95,39.26,30.65,Electricity Maps Estimation,true,ESTIMATED_TIME_SLICER_AVERAGE
2022-10-20 10:00:00,Italy,North Italy,IT-NO,294.81,377.52,40.03,31.87,Electricity Maps Estimation,true,ESTIMATED_TIME_SLICER_AVERAGE
2022-10-20 11:00:00,Italy,North Italy,IT-NO,286.02,367.2,41.9,32.51,Electricity Maps Estimation,true,ESTIMATED_TIME_SLICER_AVERAGE
2022-10-20 12:00:00,Italy,North Italy,IT-NO,291.76,374.12,40.46,30.42,Electricity Maps Estimation,true,ESTIMATED_TIME_SLICER_AVERAGE
2022-10-20 13:00:00,Italy,North Italy,IT-NO,297.36,381.49,38.4,27.31,Electricity Maps Estimation,true,ESTIMATED_TIME_SLICER_AVERAGE
2022-10-20 14:00:00,Italy,North Italy,IT-NO,315.94,403.98,33.8,22.44,Electricity Maps Estimation,true,ESTIMATED_TIME_SLICER_AVERAGE
2022-10-20 15:00:00,Italy,North Italy,IT-NO,326.96,417.04,31.26,20.83,Electricity Maps Estimation,true,ESTIMATED_TIME_SLICER_AVERAGE
2022-10-20 16:00:00,Italy,North Italy,IT-NO,318.63,403.58,35.07,25.96,Electricity Maps Estimation,true,ESTIMATED_TIME_SLICER_AVERAGE
2022-10-20 17:00:00,Italy,North Italy,IT-NO,312.31,392.3,39.12,31.78,Electricity Maps Estimation,true,ESTIMATED_TIME_SLICER_AVERAGE
2022-10-20 18:00:00,Italy,North Italy,IT-NO,321.07,407.33,34.42,24.79,Electricity Maps Estimation,true,ESTIMATED_TIME_SLICER_AVERAGE
2022-10-20 19:00:00,Italy,North Italy,IT-NO,324.03,412.75,32.78,20.46,Electricity Maps Estimation,true,ESTIMATED_TIME_SLICER_AVERAGE
2022-10-20 20:00:00,Italy,North Italy,IT-NO,325.36,414.02,32.92,17.5,Electricity Maps Estimation,true,ESTIMATED_TIME_SLICER_AVERAGE
2022-10-20 21:00:00,Italy,North Italy,IT-NO,320.91,407.94,34.86,18.7,Electricity Maps Estimation,true,ESTIMATED_TIME_SLICER_AVERAGE
2022-10-20 22:00:00,Italy,North Italy,IT-NO,338.34,429.65,30.32,16.41,entsoe.eu,false,
2022-10-20 23:00:00,Italy,North Italy,IT-NO,305.77,389.34,37.69,18.48,Electricity Maps Estimation,true,ESTIMATED_TIME_SLICER_AVERAGE
2022-10-21 00:00:00,Italy,North Italy,IT-NO,304.94,387.45,38.5,18.04,Electricity Maps Estimation,true,ESTIMATED_TIME_SLICER_AVERAGE
2022-10-21 01:00:00,Italy,North Italy,IT-NO,295.0,374.62,41.12,19.83,Electricity Maps Estimation,true,ESTIMATED_TIME_SLICER_AVERAGE
2022-10-21 02:00:00,Italy,North Italy,IT-NO,290.65,369.85,41.55,20.44,Electricity Maps Estimation,true,ESTIMATED_TIME_SLICER_AVERAGE
2022-10-21 03:00:00,Italy,North Italy,IT-NO,294.8,375.46,40.08,20.57,Electricity Maps Estimation,true,ESTIMATED_TIME_SLICER_AVERAGE
2022-10-21 04:00:00,Italy,North Italy,IT-NO,310.32,395.99,35.52,20.34,Electricity Maps Estimation,true,ESTIMATED_TIME_SLICER_AVERAGE
2022-10-21 05:00:00,Italy,North Italy,IT-NO,309.65,393.1,36.62,25.22,Electricity Maps Estimation,true,ESTIMATED_TIME_SLICER_AVERAGE
2022-10-21 06:00:00,Italy,North Italy,IT-NO,300.94,380.54,39.71,30.44,Electricity Maps Estimation,true,ESTIMATED_TIME_SLICER_AVERAGE
2022-10-21 07:00:00,Italy,North Italy,IT-NO,294.9,374.7,40.21,30.85,Electricity Maps Estimation,true,ESTIMATED_TIME_SLICER_AVERAGE
2022-10-21 08:00:00,Italy,North Italy,IT-NO,287.75,368.21,40.69,30.36,Electricity Maps Estimation,true,ESTIMATED_TIME_SLICER_AVERAGE
2022-10-21 09:00:00,Italy,North Italy,IT-NO,274.55,352.96,43.26,32.59,Electricity Maps Estimation,true,ESTIMATED_TIME_SLICER_AVERAGE
2022-10-21 10:00:00,Italy,North Italy,IT-NO,272.18,351.25,43.41,33.38,Electricity Maps Estimation,true,ESTIMATED_TIME_SLICER_AVERAGE
2022-10-21 11:00:00,Italy,North Italy,IT-NO,262.1,337.99,46.4,34.83,Electricity Maps Estimation,true,ESTIMATED_TIME_SLICER_AVERAGE
2022-10-21 12:00:00,Italy,North Italy,IT-NO,263.97,340.3,45.81,33.4,Electricity Maps Estimation,true,ESTIMATED_TIME_SLICER_AVERAGE
2022-10-21 13:00:00,Italy,North Italy,IT-NO,277.84,358.22,41.8,30.18,Electricity Maps Estimation,true,ESTIMATED_TIME_SLICER_AVERAGE
2022-10-21 14:00:00,Italy,North Italy,IT-NO,289.98,370.93,39.95,27.76,Electricity Maps Estimation,true,ESTIMATED_TIME_SLICER_AVERAGE
2022-10-21 15:00:00,Italy,North Italy,IT-NO,294.24,374.97,39.63,27.64,Electricity Maps Estimation,true,ESTIMATED_TIME_SLICER_AVERAGE
2022-10-21 16:00:00,Italy,North Italy,IT-NO,286.9,363.53,42.66,31.4,Electricity Maps Estimation,true,ESTIMATED_TIME_SLICER_AVERAGE
2022-10-21 17:00:00,Italy,North Italy,IT-NO,274.04,343.73,48.28,37.79,Electricity Maps Estimation,true,ESTIMATED_TIME_SLICER_AVERAGE
2022-10-21 18:00:00,Italy,North Italy,IT-NO,287.67,365.28,42.03,29.86,Electricity Maps Estimation,true,ESTIMATED_TIME_SLICER_AVERAGE
2022-10-21 19:00:00,Italy,North Italy,IT-NO,284.42,362.53,41.89,25.57,Electricity Maps Estimation,true,ESTIMATED_TIME_SLICER_AVERAGE
2022-10-21 20:00:00,Italy,North Italy,IT-NO,278.6,355.9,43.07,24.37,Electricity Maps Estimation,true,ESTIMATED_TIME_SLICER_AVERAGE
2022-10-21 21:00:00,Italy,North Italy,IT-NO,264.85,338.2,47.11,26.54,Electricity Maps Estimation,true,ESTIMATED_TIME_SLICER_AVERAGE
2022-10-21 22:00:00,Italy,North Italy,IT-NO,259.03,332.17,47.77,27.14,entsoe.eu,false,
2022-10-21 23:00:00,Italy,North Italy,IT-NO,244.64,312.62,52.5,29.0,entsoe.eu,false,
2022-10-22 00:00:00,Italy,North Italy,IT-NO,239.97,307.01,53.73,30.0,entsoe.eu,false,
2022-10-22 01:00:00,Italy,North Italy,IT-NO,231.44,296.34,55.46,31.36,entsoe.eu,false,
2022-10-22 02:00:00,Italy,North Italy,IT-NO,230.63,295.67,55.44,31.24,entsoe.eu,false,
2022-10-22 03:00:00,Italy,North Italy,IT-NO,229.19,295.8,54.43,30.56,entsoe.eu,false,
2022-10-22 04:00:00,Italy,North Italy,IT-NO,234.4,301.46,53.14,30.06,entsoe.eu,false,
2022-10-22 05:00:00,Italy,North Italy,IT-NO,236.59,303.77,52.31,31.55,entsoe.eu,false,
2022-10-22 06:00:00,Italy,North Italy,IT-NO,233.89,300.79,52.32,32.65,entsoe.eu,false,
2022-10-22 07:00:00,Italy,North Italy,IT-NO,244.36,311.95,52.01,36.38,entsoe.eu,false,
2022-10-22 08:00:00,Italy,North Italy,IT-NO,247.75,318.36,50.16,35.25,entsoe.eu,false,
2022-10-22 09:00:00,Italy,North Italy,IT-NO,242.19,312.54,51.17,37.2,entsoe.eu,false,
2022-10-22 10:00:00,Italy,North Italy,IT-NO,221.68,287.96,56.11,42.84,entsoe.eu,false,
2022-10-22 11:00:00,Italy,North Italy,IT-NO,205.79,268.58,59.87,46.24,entsoe.eu,false,
2022-10-22 12:00:00,Italy,North Italy,IT-NO,205.14,267.73,59.86,45.23,entsoe.eu,false,
2022-10-22 13:00:00,Italy,North Italy,IT-NO,210.8,275.3,57.54,41.03,entsoe.eu,false,
2022-10-22 14:00:00,Italy,North Italy,IT-NO,230.94,299.86,52.42,34.67,entsoe.eu,false,
2022-10-22 15:00:00,Italy,North Italy,IT-NO,256.96,331.62,46.21,29.95,entsoe.eu,false,
2022-10-22 16:00:00,Italy,North Italy,IT-NO,272.48,348.02,44.33,31.56,entsoe.eu,false,
2022-10-22 17:00:00,Italy,North Italy,IT-NO,265.11,337.65,46.8,34.38,entsoe.eu,false,
2022-10-22 18:00:00,Italy,North Italy,IT-NO,270.13,347.15,43.41,30.41,entsoe.eu,false,
2022-10-22 19:00:00,Italy,North Italy,IT-NO,249.05,321.4,48.06,30.5,entsoe.eu,false,
2022-10-22 20:00:00,Italy,North Italy,IT-NO,248.04,319.76,48.56,29.84,entsoe.eu,false,
2022-10-22 21:00:00,Italy,North Italy,IT-NO,247.75,318.98,49.21,30.45,entsoe.eu,false,
2022-10-22 22:00:00,Italy,North Italy,IT-NO,235.2,302.38,52.46,32.29,entsoe.eu,false,
2022-10-22 23:00:00,Italy,North Italy,IT-NO,219.22,281.93,56.77,34.59,entsoe.eu,false,
2022-10-23 00:00:00,Italy,North Italy,IT-NO,223.41,287.24,55.7,32.7,entsoe.eu,false,
2022-10-23 01:00:00,Italy,North Italy,IT-NO,218.49,280.84,56.75,31.34,entsoe.eu,false,
2022-10-23 02:00:00,Italy,North Italy,IT-NO,219.25,282.31,56.2,31.82,entsoe.eu,false,
2022-10-23 03:00:00,Italy,North Italy,IT-NO,214.37,276.21,57.41,32.6,entsoe.eu,false,
2022-10-23 04:00:00,Italy,North Italy,IT-NO,216.16,278.03,57.11,33.74,entsoe.eu,false,
2022-10-23 05:00:00,Italy,North Italy,IT-NO,210.51,272.06,57.59,36.71,entsoe.eu,false,
2022-10-23 06:00:00,Italy,North Italy,IT-NO,222.71,288.18,54.08,35.33,entsoe.eu,false,
2022-10-23 07:00:00,Italy,North Italy,IT-NO,223.11,287.89,55.26,39.25,entsoe.eu,false,
2022-10-23 08:00:00,Italy,North Italy,IT-NO,208.35,270.56,58.48,42.43,entsoe.eu,false,
2022-10-23 09:00:00,Italy,North Italy,IT-NO,194.08,255.47,60.64,45.24,entsoe.eu,false,
2022-10-23 10:00:00,Italy,North Italy,IT-NO,181.05,238.07,65.16,49.93,entsoe.eu,false,
2022-10-23 11:00:00,Italy,North Italy,IT-NO,178.18,234.69,66.36,53.05,entsoe.eu,false,
2022-10-23 12:00:00,Italy,North Italy,IT-NO,188.39,247.64,63.21,47.95,entsoe.eu,false,
2022-10-23 13:00:00,Italy,North Italy,IT-NO,207.29,269.76,59.05,41.35,entsoe.eu,false,
2022-10-23 14:00:00,Italy,North Italy,IT-NO,221.5,285.28,56.46,38.9,entsoe.eu,false,
2022-10-23 15:00:00,Italy,North Italy,IT-NO,256.55,328.37,48.15,33.38,entsoe.eu,false,
2022-10-23 16:00:00,Italy,North Italy,IT-NO,251.95,321.02,49.75,35.55,entsoe.eu,false,
2022-10-23 17:00:00,Italy,North Italy,IT-NO,245.57,308.35,55.06,43.13,entsoe.eu,false,
2022-10-23 18:00:00,Italy,North Italy,IT-NO,251.09,318.83,51.14,37.06,entsoe.eu,false,
2022-10-23 19:00:00,Italy,North Italy,IT-NO,265.55,337.69,47.24,32.28,entsoe.eu,false,
2022-10-23 20:00:00,Italy,North Italy,IT-NO,269.55,344.95,44.88,29.21,entsoe.eu,false,
2022-10-23 21:00:00,Italy,North Italy,IT-NO,256.4,327.29,49.15,30.65,entsoe.eu,false,
2022-10-23 22:00:00,Italy,North Italy,IT-NO,254.64,325.51,49.41,30.65,entsoe.eu,false,
2022-10-23 23:00:00,Italy,North Italy,IT-NO,240.37,307.19,53.61,32.98,entsoe.eu,false,
2022-10-24 00:00:00,Italy,North Italy,IT-NO,241.35,308.1,53.75,33.01,entsoe.eu,false,
2022-10-24 01:00:00,Italy,North Italy,IT-NO,246.12,314.34,52.37,31.74,entsoe.eu,false,
2022-10-24 02:00:00,Italy,North Italy,IT-NO,257.1,328.38,49.28,29.62,entsoe.eu,false,
2022-10-24 03:00:00,Italy,North Italy,IT-NO,284.5,363.64,41.3,24.86,entsoe.eu,false,
2022-10-24 04:00:00,Italy,North Italy,IT-NO,308.14,392.42,35.84,23.79,entsoe.eu,false,
2022-10-24 05:00:00,Italy,North Italy,IT-NO,303.16,383.51,38.86,28.55,entsoe.eu,false,
2022-10-24 06:00:00,Italy,North Italy,IT-NO,303.14,382.48,39.78,30.39,entsoe.eu,false,
2022-10-24 07:00:00,Italy,North Italy,IT-NO,302.7,383.51,38.74,29.68,entsoe.eu,false,
2022-10-24 08:00:00,Italy,North Italy,IT-NO,302.28,386.33,36.76,28.08,entsoe.eu,false,
2022-10-24 09:00:00,Italy,North Italy,IT-NO,288.97,371.61,39.09,30.37,entsoe.eu,false,
2022-10-24 10:00:00,Italy,North Italy,IT-NO,285.83,367.29,40.25,31.88,entsoe.eu,false,
2022-10-24 11:00:00,Italy,North Italy,IT-NO,285.85,367.52,40.16,32.06,entsoe.eu,false,
2022-10-24 12:00:00,Italy,North Italy,IT-NO,296.34,380.29,37.51,29.33,entsoe.eu,false,
2022-10-24 13:00:00,Italy,North Italy,IT-NO,304.07,389.81,35.46,26.9,entsoe.eu,false,
2022-10-24 14:00:00,Italy,North Italy,IT-NO,308.01,392.7,35.77,27.18,entsoe.eu,false,
2022-10-24 15:00:00,Italy,North Italy,IT-NO,307.79,391.18,36.53,27.43,entsoe.eu,false,
2022-10-24 16:00:00,Italy,North Italy,IT-NO,295.32,375.5,39.38,32.2,entsoe.eu,false,
2022-10-24 17:00:00,Italy,North Italy,IT-NO,295.18,372.17,41.88,35.56,entsoe.eu,false,
2022-10-24 18:00:00,Italy,North Italy,IT-NO,302.73,384.01,38.33,29.95,entsoe.eu,false,
2022-10-24 19:00:00,Italy,North Italy,IT-NO,301.83,384.95,37.06,27.07,entsoe.eu,false,
2022-10-24 20:00:00,Italy,North Italy,IT-NO,287.21,367.2,40.38,28.59,entsoe.eu,false,
2022-10-24 21:00:00,Italy,North Italy,IT-NO,274.35,350.0,44.62,30.97,entsoe.eu,false,
2022-10-24 22:00:00,Italy,North Italy,IT-NO,276.5,352.87,44.21,31.62,entsoe.eu,false,
2022-10-24 23:00:00,Italy,North Italy,IT-NO,260.29,333.42,47.51,32.7,entsoe.eu,false,
2022-10-25 00:00:00,Italy,North Italy,IT-NO,259.07,331.36,48.45,33.62,entsoe.eu,false,
2022-10-25 01:00:00,Italy,North Italy,IT-NO,251.71,322.51,49.8,33.42,entsoe.eu,false,
2022-10-25 02:00:00,Italy,North Italy,IT-NO,261.66,335.22,47.13,31.9,entsoe.eu,false,
2022-10-25 03:00:00,Italy,North Italy,IT-NO,282.58,361.76,41.53,28.86,entsoe.eu,false,
2022-10-25 04:00:00,Italy,North Italy,IT-NO,306.17,390.46,35.96,25.94,entsoe.eu,false,
2022-10-25 05:00:00,Italy,North Italy,IT-NO,308.7,394.48,34.3,24.67,entsoe.eu,false,
2022-10-25 06:00:00,Italy,North Italy,IT-NO,293.32,374.52,38.22,29.45,entsoe.eu,false,
2022-10-25 07:00:00,Italy,North Italy,IT-NO,289.15,370.45,38.56,29.98,entsoe.eu,false,
2022-10-25 08:00:00,Italy,North Italy,IT-NO,285.14,365.93,39.5,31.32,entsoe.eu,false,
2022-10-25 09:00:00,Italy,North Italy,IT-NO,275.67,355.06,41.57,32.89,entsoe.eu,false,
2022-10-25 10:00:00,Italy,North Italy,IT-NO,263.38,340.33,44.23,34.27,entsoe.eu,false,
2022-10-25 11:00:00,Italy,North Italy,IT-NO,251.59,325.58,47.65,37.8,entsoe.eu,false,
2022-10-25 12:00:00,Italy,North Italy,IT-NO,266.31,343.18,44.43,34.64,entsoe.eu,false,
2022-10-25 13:00:00,Italy,North Italy,IT-NO,283.13,363.99,40.26,31.08,entsoe.eu,false,
2022-10-25 14:00:00,Italy,North Italy,IT-NO,303.22,388.17,35.47,26.21,entsoe.eu,false,
2022-10-25 15:00:00,Italy,North Italy,IT-NO,306.97,389.23,37.05,28.96,entsoe.eu,false,
2022-10-25 16:00:00,Italy,North Italy,IT-NO,299.17,378.9,39.0,31.77,entsoe.eu,false,
2022-10-25 17:00:00,Italy,North Italy,IT-NO,283.99,359.61,42.74,35.02,entsoe.eu,false,
2022-10-25 18:00:00,Italy,North Italy,IT-NO,298.97,381.67,36.77,27.87,entsoe.eu,false,
2022-10-25 19:00:00,Italy,North Italy,IT-NO,305.66,391.18,34.58,25.36,entsoe.eu,false,
2022-10-25 20:00:00,Italy,North Italy,IT-NO,301.83,386.37,35.65,25.36,entsoe.eu,false,
2022-10-25 21:00:00,Italy,North Italy,IT-NO,287.1,366.98,39.9,27.21,entsoe.eu,false,
2022-10-25 22:00:00,Italy,North Italy,IT-NO,280.53,357.93,42.44,27.94,entsoe.eu,false,
2022-10-25 23:00:00,Italy,North Italy,IT-NO,274.91,351.33,43.72,28.97,entsoe.eu,false,
2022-10-26 00:00:00,Italy,North Italy,IT-NO,272.22,347.65,44.5,28.84,entsoe.eu,false,
2022-10-26 01:00:00,Italy,North Italy,IT-NO,266.15,340.56,45.69,29.43,entsoe.eu,false,
2022-10-26 02:00:00,Italy,North Italy,IT-NO,275.1,352.01,43.36,29.22,entsoe.eu,false,
2022-10-26 03:00:00,Italy,North Italy,IT-NO,290.86,372.38,38.96,26.79,entsoe.eu,false,
2022-10-26 04:00:00,Italy,North Italy,IT-NO,294.36,377.05,37.38,26.82,entsoe.eu,false,
2022-10-26 05:00:00,Italy,North Italy,IT-NO,282.19,360.38,40.93,31.08,entsoe.eu,false,
2022-10-26 06:00:00,Italy,North Italy,IT-NO,282.36,355.63,44.85,36.82,entsoe.eu,false,
2022-10-26 07:00:00,Italy,North Italy,IT-NO,289.54,365.01,43.14,36.67,entsoe.eu,false,
2022-10-26 08:00:00,Italy,North Italy,IT-NO,284.84,363.22,41.6,35.17,entsoe.eu,false,
2022-10-26 09:00:00,Italy,North Italy,IT-NO,279.23,357.48,42.6,35.39,entsoe.eu,false,
2022-10-26 10:00:00,Italy,North Italy,IT-NO,275.35,354.6,42.52,35.47,entsoe.eu,false,
2022-10-26 11:00:00,Italy,North Italy,IT-NO,271.45,350.35,43.26,35.31,entsoe.eu,false,
2022-10-26 12:00:00,Italy,North Italy,IT-NO,279.72,360.11,41.36,33.01,entsoe.eu,false,
2022-10-26 13:00:00,Italy,North Italy,IT-NO,287.26,369.66,39.09,29.85,entsoe.eu,false,
2022-10-26 14:00:00,Italy,North Italy,IT-NO,293.72,376.83,37.56,28.3,entsoe.eu,false,
2022-10-26 15:00:00,Italy,North Italy,IT-NO,294.05,374.5,38.95,30.94,entsoe.eu,false,
2022-10-26 16:00:00,Italy,North Italy,IT-NO,302.86,381.93,39.51,32.94,entsoe.eu,false,
2022-10-26 17:00:00,Italy,North Italy,IT-NO,305.51,382.8,40.85,35.04,entsoe.eu,false,
2022-10-26 18:00:00,Italy,North Italy,IT-NO,308.4,392.05,35.74,28.69,entsoe.eu,false,
2022-10-26 19:00:00,Italy,North Italy,IT-NO,311.52,397.1,34.41,26.58,entsoe.eu,false,
2022-10-26 20:00:00,Italy,North Italy,IT-NO,306.83,391.18,35.55,26.16,entsoe.eu,false,
2022-10-26 21:00:00,Italy,North Italy,IT-NO,302.0,384.71,37.28,27.3,entsoe.eu,false,
2022-10-26 22:00:00,Italy,North Italy,IT-NO,295.07,377.21,38.71,24.52,entsoe.eu,false,
2022-10-26 23:00:00,Italy,North Italy,IT-NO,287.26,367.85,40.4,25.02,entsoe.eu,false,
2022-10-27 00:00:00,Italy,North Italy,IT-NO,281.94,360.7,42.0,25.32,entsoe.eu,false,
2022-10-27 01:00:00,Italy,North Italy,IT-NO,278.65,356.81,42.42,25.17,entsoe.eu,false,
2022-10-27 02:00:00,Italy,North Italy,IT-NO,280.02,358.78,42.21,25.97,entsoe.eu,false,
2022-10-27 03:00:00,Italy,North Italy,IT-NO,300.58,383.32,37.96,24.38,entsoe.eu,false,
2022-10-27 04:00:00,Italy,North Italy,IT-NO,314.45,399.12,35.16,24.5,entsoe.eu,false,
2022-10-27 05:00:00,Italy,North Italy,IT-NO,312.1,395.44,36.11,27.94,entsoe.eu,false,
2022-10-27 06:00:00,Italy,North Italy,IT-NO,305.11,386.14,38.13,30.44,entsoe.eu,false,
2022-10-27 07:00:00,Italy,North Italy,IT-NO,306.27,388.86,37.19,29.45,entsoe.eu,false,
2022-10-27 08:00:00,Italy,North Italy,IT-NO,296.94,378.38,38.95,30.74,entsoe.eu,false,
2022-10-27 09:00:00,Italy,North Italy,IT-NO,289.42,370.98,39.39,30.14,entsoe.eu,false,
2022-10-27 10:00:00,Italy,North Italy,IT-NO,268.18,345.62,44.35,33.89,entsoe.eu,false,
2022-10-27 11:00:00,Italy,North Italy,IT-NO,255.94,330.76,47.35,36.3,entsoe.eu,false,
2022-10-27 12:00:00,Italy,North Italy,IT-NO,261.19,337.22,45.75,34.77,entsoe.eu,false,
2022-10-27 13:00:00,Italy,North Italy,IT-NO,285.74,367.14,39.91,29.9,entsoe.eu,false,
2022-10-27 14:00:00,Italy,North Italy,IT-NO,301.24,384.73,36.94,27.22,entsoe.eu,false,
2022-10-27 15:00:00,Italy,North Italy,IT-NO,310.87,395.41,35.41,26.71,entsoe.eu,false,
2022-10-27 16:00:00,Italy,North Italy,IT-NO,301.72,382.81,38.17,29.54,entsoe.eu,false,
2022-10-27 17:00:00,Italy,North Italy,IT-NO,302.22,383.02,38.47,31.06,entsoe.eu,false,
2022-10-27 18:00:00,Italy,North Italy,IT-NO,307.12,389.49,37.03,28.52,entsoe.eu,false,
2022-10-27 19:00:00,Italy,North Italy,IT-NO,310.58,395.6,35.16,24.91,entsoe.eu,false,
2022-10-27 20:00:00,Italy,North Italy,IT-NO,307.61,393.31,35.09,23.25,entsoe.eu,false,
2022-10-27 21:00:00,Italy,North Italy,IT-NO,299.88,382.71,37.9,23.57,entsoe.eu,false,
2022-10-27 22:00:00,Italy,North Italy,IT-NO,285.31,364.47,41.41,25.32,entsoe.eu,false,
2022-10-27 23:00:00,Italy,North Italy,IT-NO,271.23,346.73,45.43,27.65,entsoe.eu,false,
2022-10-28 00:00:00,Italy,North Italy,IT-NO,266.52,340.86,46.81,27.92,entsoe.eu,false,
2022-10-28 01:00:00,Italy,North Italy,IT-NO,265.47,339.59,47.03,27.43,entsoe.eu,false,
2022-10-28 02:00:00,Italy,North Italy,IT-NO,265.31,339.86,46.71,27.34,entsoe.eu,false,
2022-10-28 03:00:00,Italy,North Italy,IT-NO,286.16,365.57,41.47,24.82,entsoe.eu,false,
2022-10-28 04:00:00,Italy,North Italy,IT-NO,304.75,388.87,36.27,23.95,entsoe.eu,false,
2022-10-28 05:00:00,Italy,North Italy,IT-NO,300.87,384.63,36.27,26.15,entsoe.eu,false,
2022-10-28 06:00:00,Italy,North Italy,IT-NO,287.64,367.69,39.56,30.39,entsoe.eu,false,
2022-10-28 07:00:00,Italy,North Italy,IT-NO,289.78,370.57,39.25,31.35,entsoe.eu,false,
2022-10-28 08:00:00,Italy,North Italy,IT-NO,285.06,366.96,39.43,31.11,entsoe.eu,false,
2022-10-28 09:00:00,Italy,North Italy,IT-NO,265.23,343.54,43.82,33.69,entsoe.eu,false,
2022-10-28 10:00:00,Italy,North Italy,IT-NO,256.01,332.64,46.12,36.03,entsoe.eu,false,
2022-10-28 11:00:00,Italy,North Italy,IT-NO,250.74,326.49,47.1,36.28,entsoe.eu,false,
2022-10-28 12:00:00,Italy,North Italy,IT-NO,259.08,336.23,45.31,34.61,entsoe.eu,false,
2022-10-28 13:00:00,Italy,North Italy,IT-NO,273.26,352.58,42.33,31.2,entsoe.eu,false,
2022-10-28 14:00:00,Italy,North Italy,IT-NO,295.0,378.55,37.48,27.03,entsoe.eu,false,
2022-10-28 15:00:00,Italy,North Italy,IT-NO,303.92,386.95,37.09,27.43,entsoe.eu,false,
2022-10-28 16:00:00,Italy,North Italy,IT-NO,295.9,376.29,39.14,30.5,entsoe.eu,false,
2022-10-28 17:00:00,Italy,North Italy,IT-NO,291.52,369.23,41.37,34.42,entsoe.eu,false,
2022-10-28 18:00:00,Italy,North Italy,IT-NO,304.39,386.86,37.36,29.99,entsoe.eu,false,
2022-10-28 19:00:00,Italy,North Italy,IT-NO,310.83,396.43,35.38,25.15,entsoe.eu,false,
2022-10-28 20:00:00,Italy,North Italy,IT-NO,307.96,393.75,35.79,23.8,entsoe.eu,false,
2022-10-28 21:00:00,Italy,North Italy,IT-NO,307.02,391.39,37.15,24.36,entsoe.eu,false,
2022-10-28 22:00:00,Italy,North Italy,IT-NO,270.05,345.91,45.49,28.07,entsoe.eu,false,
2022-10-28 23:00:00,Italy,North Italy,IT-NO,268.19,343.26,46.36,26.35,entsoe.eu,false,
2022-10-29 00:00:00,Italy,North Italy,IT-NO,263.23,337.11,47.23,26.19,entsoe.eu,false,
2022-10-29 01:00:00,Italy,North Italy,IT-NO,267.92,342.59,46.21,24.86,entsoe.eu,false,
2022-10-29 02:00:00,Italy,North Italy,IT-NO,264.25,337.55,47.36,25.47,entsoe.eu,false,
2022-10-29 03:00:00,Italy,North Italy,IT-NO,261.35,334.12,47.63,25.15,entsoe.eu,false,
2022-10-29 04:00:00,Italy,North Italy,IT-NO,260.46,333.61,47.05,26.7,entsoe.eu,false,
2022-10-29 05:00:00,Italy,North Italy,IT-NO,254.39,325.82,48.19,30.54,entsoe.eu,false,
2022-10-29 06:00:00,Italy,North Italy,IT-NO,244.2,312.77,50.78,34.74,entsoe.eu,false,
2022-10-29 07:00:00,Italy,North Italy,IT-NO,255.1,326.1,48.88,39.6,entsoe.eu,false,
2022-10-29 08:00:00,Italy,North Italy,IT-NO,241.64,313.12,50.47,41.44,entsoe.eu,false,
2022-10-29 09:00:00,Italy,North Italy,IT-NO,228.61,298.17,53.51,44.23,entsoe.eu,false,
2022-10-29 10:00:00,Italy,North Italy,IT-NO,234.39,305.98,52.32,46.46,entsoe.eu,false,
2022-10-29 11:00:00,Italy,North Italy,IT-NO,240.04,312.99,51.25,46.69,entsoe.eu,false,
2022-10-29 12:00:00,Italy,North Italy,IT-NO,250.56,325.59,48.88,43.75,entsoe.eu,false,
2022-10-29 13:00:00,Italy,North Italy,IT-NO,265.04,342.27,45.59,37.79,entsoe.eu,false,
2022-10-29 14:00:00,Italy,North Italy,IT-NO,290.88,372.92,39.85,30.71,entsoe.eu,false,
2022-10-29 15:00:00,Italy,North Italy,IT-NO,296.14,376.31,40.16,31.05,entsoe.eu,false,
2022-10-29 16:00:00,Italy,North Italy,IT-NO,258.62,327.93,49.79,41.75,entsoe.eu,false,
2022-10-29 17:00:00,Italy,North Italy,IT-NO,255.26,323.95,51.02,43.67,entsoe.eu,false,
2022-10-29 18:00:00,Italy,North Italy,IT-NO,268.11,341.1,47.63,39.81,entsoe.eu,false,
2022-10-29 19:00:00,Italy,North Italy,IT-NO,287.34,366.99,42.02,32.93,entsoe.eu,false,
2022-10-29 20:00:00,Italy,North Italy,IT-NO,331.05,421.54,31.57,25.79,entsoe.eu,false,
2022-10-29 21:00:00,Italy,North Italy,IT-NO,351.77,446.73,27.58,23.85,entsoe.eu,false,
2022-10-29 22:00:00,Italy,North Italy,IT-NO,361.21,458.22,25.45,22.35,entsoe.eu,false,
2022-10-29 23:00:00,Italy,North Italy,IT-NO,353.12,446.92,28.9,23.55,entsoe.eu,false,
2022-10-30 00:00:00,Italy,North Italy,IT-NO,355.23,449.68,29.06,23.71,entsoe.eu,false,
2022-10-30 01:00:00,Italy,North Italy,IT-NO,359.4,454.01,28.14,22.85,entsoe.eu,false,
2022-10-30 02:00:00,Italy,North Italy,IT-NO,335.12,424.02,34.08,24.96,entsoe.eu,false,
2022-10-30 03:00:00,Italy,North Italy,IT-NO,344.7,436.95,31.03,23.11,entsoe.eu,false,
2022-10-30 04:00:00,Italy,North Italy,IT-NO,357.41,452.8,27.19,21.1,entsoe.eu,false,
2022-10-30 05:00:00,Italy,North Italy,IT-NO,356.86,452.64,26.5,22.33,entsoe.eu,false,
2022-10-30 06:00:00,Italy,North Italy,IT-NO,331.85,422.63,31.45,30.38,entsoe.eu,false,
2022-10-30 07:00:00,Italy,North Italy,IT-NO,315.57,403.1,35.55,35.51,entsoe.eu,false,
2022-10-30 08:00:00,Italy,North Italy,IT-NO,284.79,365.94,42.89,42.65,entsoe.eu,false,
2022-10-30 09:00:00,Italy,North Italy,IT-NO,261.18,337.95,48.24,47.94,entsoe.eu,false,
2022-10-30 10:00:00,Italy,North Italy,IT-NO,251.88,326.73,50.39,50.09,entsoe.eu,false,
2022-10-30 11:00:00,Italy,North Italy,IT-NO,254.09,329.72,49.74,49.48,entsoe.eu,false,
2022-10-30 12:00:00,Italy,North Italy,IT-NO,266.14,344.37,47.0,46.81,entsoe.eu,false,
2022-10-30 13:00:00,Italy,North Italy,IT-NO,291.9,375.61,41.14,41.05,entsoe.eu,false,
2022-10-30 14:00:00,Italy,North Italy,IT-NO,323.86,414.8,33.0,31.49,entsoe.eu,false,
2022-10-30 15:00:00,Italy,North Italy,IT-NO,336.26,429.26,29.5,26.67,entsoe.eu,false,
2022-10-30 16:00:00,Italy,North Italy,IT-NO,330.77,418.32,33.01,28.71,entsoe.eu,false,
2022-10-30 17:00:00,Italy,North Italy,IT-NO,326.61,411.1,35.48,31.8,entsoe.eu,false,
2022-10-30 18:00:00,Italy,North Italy,IT-NO,307.69,388.91,39.08,33.09,entsoe.eu,false,
2022-10-30 19:00:00,Italy,North Italy,IT-NO,302.49,383.82,39.32,32.19,entsoe.eu,false,
2022-10-30 20:00:00,Italy,North Italy,IT-NO,318.89,405.16,35.27,29.77,entsoe.eu,false,
2022-10-30 21:00:00,Italy,North Italy,IT-NO,372.63,471.5,23.25,23.0,entsoe.eu,false,
2022-10-30 22:00:00,Italy,North Italy,IT-NO,379.01,479.84,21.59,21.25,entsoe.eu,false,
2022-10-30 23:00:00,Italy,North Italy,IT-NO,357.36,453.21,26.76,23.42,entsoe.eu,false,
2022-10-31 00:00:00,Italy,North Italy,IT-NO,359.05,454.82,26.83,22.22,entsoe.eu,false,
2022-10-31 01:00:00,Italy,North Italy,IT-NO,353.51,447.41,28.71,22.41,entsoe.eu,false,
2022-10-31 02:00:00,Italy,North Italy,IT-NO,331.62,421.63,32.44,22.27,entsoe.eu,false,
2022-10-31 03:00:00,Italy,North Italy,IT-NO,327.55,417.27,32.66,21.6,entsoe.eu,false,
2022-10-31 04:00:00,Italy,North Italy,IT-NO,333.37,425.3,29.94,19.12,entsoe.eu,false,
2022-10-31 05:00:00,Italy,North Italy,IT-NO,307.89,392.98,35.87,23.75,entsoe.eu,false,
2022-10-31 06:00:00,Italy,North Italy,IT-NO,290.02,368.82,41.65,31.65,entsoe.eu,false,
2022-10-31 07:00:00,Italy,North Italy,IT-NO,277.86,355.41,43.87,36.71,entsoe.eu,false,
2022-10-31 08:00:00,Italy,North Italy,IT-NO,259.61,334.68,47.12,42.28,entsoe.eu,false,
2022-10-31 09:00:00,Italy,North Italy,IT-NO,257.04,332.82,47.3,43.58,entsoe.eu,false,
2022-10-31 10:00:00,Italy,North Italy,IT-NO,258.88,336.03,46.51,42.3,entsoe.eu,false,
2022-10-31 11:00:00,Italy,North Italy,IT-NO,269.99,349.8,44.03,40.61,entsoe.eu,false,
2022-10-31 12:00:00,Italy,North Italy,IT-NO,286.29,369.23,40.56,37.22,entsoe.eu,false,
2022-10-31 13:00:00,Italy,North Italy,IT-NO,309.67,397.42,35.01,31.17,entsoe.eu,false,
2022-10-31 14:00:00,Italy,North Italy,IT-NO,317.18,405.6,33.19,26.69,entsoe.eu,false,
2022-10-31 15:00:00,Italy,North Italy,IT-NO,317.98,404.42,34.04,25.44,entsoe.eu,false,
2022-10-31 16:00:00,Italy,North Italy,IT-NO,307.0,382.22,42.95,35.23,entsoe.eu,false,
2022-10-31 17:00:00,Italy,North Italy,IT-NO,284.34,358.09,44.99,36.96,entsoe.eu,false,
2022-10-31 18:00:00,Italy,North Italy,IT-NO,262.15,332.2,49.11,37.69,entsoe.eu,false,
2022-10-31 19:00:00,Italy,North Italy,IT-NO,264.16,337.24,46.76,32.43,entsoe.eu,false,
2022-10-31 20:00:00,Italy,North Italy,IT-NO,269.59,343.78,46.02,29.97,entsoe.eu,false,
2022-10-31 21:00:00,Italy,North Italy,IT-NO,264.12,336.56,48.47,30.84,entsoe.eu,false,
2022-10-31 22:00:00,Italy,North Italy,IT-NO,267.11,338.14,50.21,31.73,entsoe.eu,false,
2022-10-31 23:00:00,Italy,North Italy,IT-NO,257.68,327.76,51.17,30.28,entsoe.eu,false,
2022-11-01 00:00:00,Italy,North Italy,IT-NO,262.32,332.73,50.78,30.23,entsoe.eu,false,
2022-11-01 01:00:00,Italy,North Italy,IT-NO,264.28,337.87,48.18,28.5,entsoe.eu,false,
2022-11-01 02:00:00,Italy,North Italy,IT-NO,249.54,318.99,52.03,30.23,entsoe.eu,false,
2022-11-01 03:00:00,Italy,North Italy,IT-NO,251.64,321.22,51.78,30.24,entsoe.eu,false,
2022-11-01 04:00:00,Italy,North Italy,IT-NO,251.79,321.23,51.58,29.99,entsoe.eu,false,
2022-11-01 05:00:00,Italy,North Italy,IT-NO,255.36,326.47,49.65,30.91,entsoe.eu,false,
2022-11-01 06:00:00,Italy,North Italy,IT-NO,255.02,326.03,49.58,34.74,entsoe.eu,false,
2022-11-01 07:00:00,Italy,North Italy,IT-NO,229.65,295.69,55.31,40.74,entsoe.eu,false,
2022-11-01 08:00:00,Italy,North Italy,IT-NO,224.07,289.74,56.45,43.13,entsoe.eu,false,
2022-11-01 09:00:00,Italy,North Italy,IT-NO,245.07,316.81,51.71,42.08,entsoe.eu,false,
2022-11-01 10:00:00,Italy,North Italy,IT-NO,254.06,327.83,49.62,40.82,entsoe.eu,false,
2022-11-01 11:00:00,Italy,North Italy,IT-NO,259.18,333.86,48.56,38.57,entsoe.eu,false,
2022-11-01 12:00:00,Italy,North Italy,IT-NO,265.78,341.42,47.28,36.68,entsoe.eu,false,
2022-11-01 13:00:00,Italy,North Italy,IT-NO,251.64,322.67,50.92,36.43,entsoe.eu,false,
2022-11-01 14:00:00,Italy,North Italy,IT-NO,251.47,322.34,50.34,34.98,entsoe.eu,false,
2022-11-01 15:00:00,Italy,North Italy,IT-NO,256.23,327.05,49.2,34.7,entsoe.eu,false,
2022-11-01 16:00:00,Italy,North Italy,IT-NO,246.76,313.84,51.95,38.22,entsoe.eu,false,
2022-11-01 17:00:00,Italy,North Italy,IT-NO,246.98,306.64,58.31,48.64,entsoe.eu,false,
2022-11-01 18:00:00,Italy,North Italy,IT-NO,249.37,312.49,55.51,44.63,entsoe.eu,false,
2022-11-01 19:00:00,Italy,North Italy,IT-NO,244.55,310.31,53.37,39.23,entsoe.eu,false,
2022-11-01 20:00:00,Italy,North Italy,IT-NO,261.66,333.58,48.48,32.13,entsoe.eu,false,
2022-11-01 21:00:00,Italy,North Italy,IT-NO,279.23,356.06,44.42,29.37,entsoe.eu,false,
2022-11-01 22:00:00,Italy,North Italy,IT-NO,292.11,371.64,42.23,27.72,entsoe.eu,false,
2022-11-01 23:00:00,Italy,North Italy,IT-NO,266.51,340.42,48.17,30.32,entsoe.eu,false,
2022-11-02 00:00:00,Italy,North Italy,IT-NO,283.47,360.66,45.18,28.53,entsoe.eu,false,
2022-11-02 01:00:00,Italy,North Italy,IT-NO,302.49,384.24,40.96,25.78,entsoe.eu,false,
2022-11-02 02:00:00,Italy,North Italy,IT-NO,294.06,373.43,42.89,25.98,entsoe.eu,false,
2022-11-02 03:00:00,Italy,North Italy,IT-NO,296.18,376.64,41.7,25.76,entsoe.eu,false,
2022-11-02 04:00:00,Italy,North Italy,IT-NO,318.81,406.46,34.83,22.51,entsoe.eu,false,
2022-11-02 05:00:00,Italy,North Italy,IT-NO,340.41,431.1,30.72,22.57,entsoe.eu,false,
2022-11-02 06:00:00,Italy,North Italy,IT-NO,322.66,408.28,35.0,27.32,entsoe.eu,false,
2022-11-02 07:00:00,Italy,North Italy,IT-NO,308.13,389.6,38.81,31.3,entsoe.eu,false,
2022-11-02 08:00:00,Italy,North Italy,IT-NO,307.98,391.35,37.67,30.08,entsoe.eu,false,
2022-11-02 09:00:00,Italy,North Italy,IT-NO,302.85,386.35,38.4,30.82,entsoe.eu,false,
2022-11-02 10:00:00,Italy,North Italy,IT-NO,297.98,378.84,40.72,31.95,entsoe.eu,false,
2022-11-02 11:00:00,Italy,North Italy,IT-NO,297.66,382.77,37.49,28.39,entsoe.eu,false,
2022-11-02 12:00:00,Italy,North Italy,IT-NO,305.25,391.51,36.03,25.95,entsoe.eu,false,
2022-11-02 13:00:00,Italy,North Italy,IT-NO,315.95,403.91,33.86,23.71,entsoe.eu,false,
2022-11-02 14:00:00,Italy,North Italy,IT-NO,312.41,397.07,36.16,25.53,entsoe.eu,false,
2022-11-02 15:00:00,Italy,North Italy,IT-NO,310.08,391.39,38.31,27.52,entsoe.eu,false,
2022-11-02 16:00:00,Italy,North Italy,IT-NO,290.78,366.77,42.63,32.45,entsoe.eu,false,
2022-11-02 17:00:00,Italy,North Italy,IT-NO,297.75,372.27,43.62,37.11,entsoe.eu,false,
2022-11-02 18:00:00,Italy,North Italy,IT-NO,297.16,372.61,43.08,36.18,entsoe.eu,false,
2022-11-02 19:00:00,Italy,North Italy,IT-NO,301.87,381.77,39.61,30.02,entsoe.eu,false,
2022-11-02 20:00:00,Italy,North Italy,IT-NO,318.27,402.48,35.75,24.8,entsoe.eu,false,
2022-11-02 21:00:00,Italy,North Italy,IT-NO,334.14,422.44,32.27,23.4,entsoe.eu,false,
2022-11-02 22:00:00,Italy,North Italy,IT-NO,335.84,425.15,31.85,23.02,entsoe.eu,false,
2022-11-02 23:00:00,Italy,North Italy,IT-NO,303.17,387.0,38.14,25.59,entsoe.eu,false,
2022-11-03 00:00:00,Italy,North Italy,IT-NO,299.91,383.0,38.83,25.33,entsoe.eu,false,
2022-11-03 01:00:00,Italy,North Italy,IT-NO,305.18,389.94,37.36,23.92,entsoe.eu,false,
2022-11-03 02:00:00,Italy,North Italy,IT-NO,292.79,374.01,40.89,26.22,entsoe.eu,false,
2022-11-03 03:00:00,Italy,North Italy,IT-NO,296.24,379.21,39.42,25.67,entsoe.eu,false,
2022-11-03 04:00:00,Italy,North Italy,IT-NO,309.58,395.99,36.06,24.59,entsoe.eu,false,
2022-11-03 05:00:00,Italy,North Italy,IT-NO,314.37,401.04,35.02,25.03,entsoe.eu,false,
2022-11-03 06:00:00,Italy,North Italy,IT-NO,314.62,399.13,36.09,27.86,entsoe.eu,false,
2022-11-03 07:00:00,Italy,North Italy,IT-NO,312.19,392.73,38.48,29.41,entsoe.eu,false,
2022-11-03 08:00:00,Italy,North Italy,IT-NO,311.52,392.66,38.31,29.3,entsoe.eu,false,
2022-11-03 09:00:00,Italy,North Italy,IT-NO,310.6,394.73,36.31,27.34,entsoe.eu,false,
2022-11-03 10:00:00,Italy,North Italy,IT-NO,307.96,392.31,36.49,27.77,entsoe.eu,false,
2022-11-03 11:00:00,Italy,North Italy,IT-NO,305.42,390.14,36.62,27.96,entsoe.eu,false,
2022-11-03 12:00:00,Italy,North Italy,IT-NO,303.47,387.64,37.06,27.89,entsoe.eu,false,
2022-11-03 13:00:00,Italy,North Italy,IT-NO,304.9,388.52,36.78,27.22,entsoe.eu,false,
2022-11-03 14:00:00,Italy,North Italy,IT-NO,296.9,378.27,38.37,28.4,entsoe.eu,false,
2022-11-03 15:00:00,Italy,North Italy,IT-NO,286.79,363.24,42.16,32.99,entsoe.eu,false,
2022-11-03 16:00:00,Italy,North Italy,IT-NO,286.02,362.18,42.46,33.88,entsoe.eu,false,
2022-11-03 17:00:00,Italy,North Italy,IT-NO,297.76,376.66,39.98,33.96,entsoe.eu,false,
2022-11-03 18:00:00,Italy,North Italy,IT-NO,306.0,387.04,38.33,31.89,entsoe.eu,false,
2022-11-03 19:00:00,Italy,North Italy,IT-NO,320.53,405.88,34.31,26.99,entsoe.eu,false,
2022-11-03 20:00:00,Italy,North Italy,IT-NO,329.3,416.95,32.76,24.22,entsoe.eu,false,
2022-11-03 21:00:00,Italy,North Italy,IT-NO,339.85,429.54,31.42,23.62,entsoe.eu,false,
2022-11-03 22:00:00,Italy,North Italy,IT-NO,308.77,391.3,38.42,25.66,entsoe.eu,false,
2022-11-03 23:00:00,Italy,North Italy,IT-NO,272.87,345.96,47.4,29.38,entsoe.eu,false,
2022-11-04 00:00:00,Italy,North Italy,IT-NO,279.29,353.74,46.51,30.17,entsoe.eu,false,
2022-11-04 01:00:00,Italy,North Italy,IT-NO,295.51,373.56,43.25,29.55,entsoe.eu,false,
2022-11-04 02:00:00,Italy,North Italy,IT-NO,282.71,356.69,46.95,30.93,entsoe.eu,false,
2022-11-04 03:00:00,Italy,North Italy,IT-NO,281.43,354.92,47.42,31.31,entsoe.eu,false,
2022-11-04 04:00:00,Italy,North Italy,IT-NO,266.4,337.35,49.61,31.04,entsoe.eu,false,
2022-11-04 05:00:00,Italy,North Italy,IT-NO,273.25,345.93,46.99,30.88,entsoe.eu,false,
2022-11-04 06:00:00,Italy,North Italy,IT-NO,277.48,352.23,44.54,32.41,entsoe.eu,false,
2022-11-04 07:00:00,Italy,North Italy,IT-NO,275.85,346.16,48.12,37.65,entsoe.eu,false,
2022-11-04 08:00:00,Italy,North Italy,IT-NO,256.06,325.34,50.27,40.28,entsoe.eu,false,
2022-11-04 09:00:00,Italy,North Italy,IT-NO,255.68,326.71,49.22,38.2,entsoe.eu,false,
2022-11-04 10:00:00,Italy,North Italy,IT-NO,240.65,308.87,52.31,40.14,entsoe.eu,false,
2022-11-04 11:00:00,Italy,North Italy,IT-NO,242.67,312.01,51.57,40.03,entsoe.eu,false,
2022-11-04 12:00:00,Italy,North Italy,IT-NO,241.21,310.35,51.66,39.31,entsoe.eu,false,
2022-11-04 13:00:00,Italy,North Italy,IT-NO,264.41,337.71,46.87,35.37,entsoe.eu,false,
2022-11-04 14:00:00,Italy,North Italy,IT-NO,280.13,354.7,44.85,33.28,entsoe.eu,false,
2022-11-04 15:00:00,Italy,North Italy,IT-NO,280.0,354.83,44.04,32.1,entsoe.eu,false,
2022-11-04 16:00:00,Italy,North Italy,IT-NO,276.05,346.34,47.83,37.03,entsoe.eu,false,
2022-11-04 17:00:00,Italy,North Italy,IT-NO,289.47,363.56,44.38,35.41,entsoe.eu,false,
2022-11-04 18:00:00,Italy,North Italy,IT-NO,278.01,350.8,46.22,35.69,entsoe.eu,false,
2022-11-04 19:00:00,Italy,North Italy,IT-NO,289.47,365.5,43.32,31.31,entsoe.eu,false,
2022-11-04 20:00:00,Italy,North Italy,IT-NO,290.42,366.94,43.32,29.57,entsoe.eu,false,
2022-11-04 21:00:00,Italy,North Italy,IT-NO,277.05,350.08,47.04,31.33,entsoe.eu,false,
2022-11-04 22:00:00,Italy,North Italy,IT-NO,279.67,352.59,47.64,32.61,entsoe.eu,false,
2022-11-04 23:00:00,Italy,North Italy,IT-NO,277.12,348.32,49.55,33.07,entsoe.eu,false,
2022-11-05 00:00:00,Italy,North Italy,IT-NO,286.34,359.7,47.86,32.75,entsoe.eu,false,
2022-11-05 01:00:00,Italy,North Italy,IT-NO,284.57,355.35,50.17,33.92,entsoe.eu,false,
2022-11-05 02:00:00,Italy,North Italy,IT-NO,266.59,333.58,53.55,32.61,entsoe.eu,false,
2022-11-05 03:00:00,Italy,North Italy,IT-NO,256.01,320.46,55.5,31.48,entsoe.eu,false,
2022-11-05 04:00:00,Italy,North Italy,IT-NO,256.42,321.49,54.83,31.41,entsoe.eu,false,
2022-11-05 05:00:00,Italy,North Italy,IT-NO,255.57,319.94,54.83,33.02,entsoe.eu,false,
2022-11-05 06:00:00,Italy,North Italy,IT-NO,249.99,314.47,54.87,34.95,entsoe.eu,false,
2022-11-05 07:00:00,Italy,North Italy,IT-NO,232.92,293.34,58.47,39.93,entsoe.eu,false,
2022-11-05 08:00:00,Italy,North Italy,IT-NO,221.27,280.9,59.87,44.63,entsoe.eu,false,
2022-11-05 09:00:00,Italy,North Italy,IT-NO,214.15,272.83,61.52,47.09,entsoe.eu,false,
2022-11-05 10:00:00,Italy,North Italy,IT-NO,213.3,274.96,60.47,46.62,entsoe.eu,false,
2022-11-05 11:00:00,Italy,North Italy,IT-NO,216.46,279.01,60.12,48.69,entsoe.eu,false,
2022-11-05 12:00:00,Italy,North Italy,IT-NO,221.45,284.72,59.46,48.15,entsoe.eu,false,
2022-11-05 13:00:00,Italy,North Italy,IT-NO,232.73,297.15,57.68,44.39,entsoe.eu,false,
2022-11-05 14:00:00,Italy,North Italy,IT-NO,249.14,316.41,53.88,38.18,entsoe.eu,false,
2022-11-05 15:00:00,Italy,North Italy,IT-NO,271.99,342.99,49.3,33.58,entsoe.eu,false,
2022-11-05 16:00:00,Italy,North Italy,IT-NO,254.38,320.02,52.95,37.94,entsoe.eu,false,
2022-11-05 17:00:00,Italy,North Italy,IT-NO,247.33,309.78,55.4,43.12,entsoe.eu,false,
2022-11-05 18:00:00,Italy,North Italy,IT-NO,263.38,329.93,52.38,39.0,entsoe.eu,false,
2022-11-05 19:00:00,Italy,North Italy,IT-NO,256.83,321.87,54.46,40.59,entsoe.eu,false,
2022-11-05 20:00:00,Italy,North Italy,IT-NO,278.69,349.79,48.95,35.23,entsoe.eu,false,
2022-11-05 21:00:00,Italy,North Italy,IT-NO,292.53,367.65,45.71,33.22,entsoe.eu,false,
2022-11-05 22:00:00,Italy,North Italy,IT-NO,307.27,385.1,43.44,33.51,entsoe.eu,false,
2022-11-05 23:00:00,Italy,North Italy,IT-NO,280.01,348.55,52.6,41.55,entsoe.eu,false,
2022-11-06 00:00:00,Italy,North Italy,IT-NO,277.0,344.55,53.58,42.1,entsoe.eu,false,
2022-11-06 01:00:00,Italy,North Italy,IT-NO,280.69,350.65,52.4,41.54,entsoe.eu,false,
2022-11-06 02:00:00,Italy,North Italy,IT-NO,285.4,355.68,52.08,39.88,entsoe.eu,false,
2022-11-06 03:00:00,Italy,North Italy,IT-NO,288.91,359.67,51.67,39.19,entsoe.eu,false,
2022-11-06 04:00:00,Italy,North Italy,IT-NO,279.71,349.06,52.85,38.23,entsoe.eu,false,
2022-11-06 05:00:00,Italy,North Italy,IT-NO,283.13,351.92,53.13,40.72,entsoe.eu,false,
2022-11-06 06:00:00,Italy,North Italy,IT-NO,264.7,330.24,56.03,45.79,entsoe.eu,false,
2022-11-06 07:00:00,Italy,North Italy,IT-NO,230.51,292.07,60.99,52.69,entsoe.eu,false,
2022-11-06 08:00:00,Italy,North Italy,IT-NO,205.85,263.56,65.41,57.45,entsoe.eu,false,
2022-11-06 09:00:00,Italy,North Italy,IT-NO,208.09,266.92,64.4,58.88,entsoe.eu,false,
2022-11-06 10:00:00,Italy,North Italy,IT-NO,206.67,266.68,63.55,57.61,entsoe.eu,false,
2022-11-06 11:00:00,Italy,North Italy,IT-NO,212.02,273.16,62.56,55.01,entsoe.eu,false,
2022-11-06 12:00:00,Italy,North Italy,IT-NO,227.08,291.41,58.79,50.17,entsoe.eu,false,
2022-11-06 13:00:00,Italy,North Italy,IT-NO,226.61,289.91,59.29,47.14,entsoe.eu,false,
2022-11-06 14:00:00,Italy,North Italy,IT-NO,243.74,308.57,55.87,38.32,entsoe.eu,false,
2022-11-06 15:00:00,Italy,North Italy,IT-NO,255.02,321.78,53.21,35.71,entsoe.eu,false,
2022-11-06 16:00:00,Italy,North Italy,IT-NO,238.39,299.69,57.51,41.37,entsoe.eu,false,
2022-11-06 17:00:00,Italy,North Italy,IT-NO,234.99,295.46,58.14,44.41,entsoe.eu,false,
2022-11-06 18:00:00,Italy,North Italy,IT-NO,245.26,305.96,57.84,45.86,entsoe.eu,false,
2022-11-06 19:00:00,Italy,North Italy,IT-NO,240.24,301.63,57.83,43.86,entsoe.eu,false,
2022-11-06 20:00:00,Italy,North Italy,IT-NO,244.42,309.61,55.13,37.42,entsoe.eu,false,
2022-11-06 21:00:00,Italy,North Italy,IT-NO,264.2,334.62,50.58,33.9,entsoe.eu,false,
2022-11-06 22:00:00,Italy,North Italy,IT-NO,257.78,326.52,53.05,36.07,entsoe.eu,false,
2022-11-06 23:00:00,Italy,North Italy,IT-NO,260.47,329.49,51.56,30.71,entsoe.eu,false,
2022-11-07 00:00:00,Italy,North Italy,IT-NO,266.19,336.14,50.31,29.43,entsoe.eu,false,
2022-11-07 01:00:00,Italy,North Italy,IT-NO,270.99,342.54,49.39,28.96,entsoe.eu,false,
2022-11-07 02:00:00,Italy,North Italy,IT-NO,278.1,351.21,48.04,28.09,entsoe.eu,false,
2022-11-07 03:00:00,Italy,North Italy,IT-NO,284.45,358.55,47.2,28.7,entsoe.eu,false,
2022-11-07 04:00:00,Italy,North Italy,IT-NO,293.65,370.94,43.86,27.47,entsoe.eu,false,
2022-11-07 05:00:00,Italy,North Italy,IT-NO,307.96,388.94,39.06,26.81,entsoe.eu,false,
2022-11-07 06:00:00,Italy,North Italy,IT-NO,285.83,361.91,43.22,30.96,entsoe.eu,false,
2022-11-07 07:00:00,Italy,North Italy,IT-NO,270.32,344.16,46.22,35.9,entsoe.eu,false,
2022-11-07 08:00:00,Italy,North Italy,IT-NO,257.45,329.64,48.83,39.59,entsoe.eu,false,
2022-11-07 09:00:00,Italy,North Italy,IT-NO,257.26,331.32,48.08,38.18,entsoe.eu,false,
2022-11-07 10:00:00,Italy,North Italy,IT-NO,256.66,331.54,47.54,37.77,entsoe.eu,false,
2022-11-07 11:00:00,Italy,North Italy,IT-NO,264.92,340.9,46.96,37.29,entsoe.eu,false,
2022-11-07 12:00:00,Italy,North Italy,IT-NO,272.73,350.34,44.99,34.58,entsoe.eu,false,
2022-11-07 13:00:00,Italy,North Italy,IT-NO,288.3,369.18,41.14,30.35,entsoe.eu,false,
2022-11-07 14:00:00,Italy,North Italy,IT-NO,294.97,376.32,39.72,27.9,entsoe.eu,false,
2022-11-07 15:00:00,Italy,North Italy,IT-NO,288.73,363.38,44.1,34.36,entsoe.eu,false,
2022-11-07 16:00:00,Italy,North Italy,IT-NO,283.85,356.23,45.61,36.32,entsoe.eu,false,
2022-11-07 17:00:00,Italy,North Italy,IT-NO,282.23,354.76,45.66,37.18,entsoe.eu,false,
2022-11-07 18:00:00,Italy,North Italy,IT-NO,284.94,358.34,44.99,35.85,entsoe.eu,false,
2022-11-07 19:00:00,Italy,North Italy,IT-NO,293.81,371.11,41.72,31.95,entsoe.eu,false,
2022-11-07 20:00:00,Italy,North Italy,IT-NO,304.18,385.84,38.46,26.72,entsoe.eu,false,
2022-11-07 21:00:00,Italy,North Italy,IT-NO,306.05,387.84,38.5,23.81,entsoe.eu,false,
2022-11-07 22:00:00,Italy,North Italy,IT-NO,301.68,381.5,40.84,25.66,entsoe.eu,false,
2022-11-07 23:00:00,Italy,North Italy,IT-NO,289.19,365.36,44.33,27.38,entsoe.eu,false,
2022-11-08 00:00:00,Italy,North Italy,IT-NO,292.88,368.77,44.59,27.08,entsoe.eu,false,
2022-11-08 01:00:00,Italy,North Italy,IT-NO,298.27,375.1,43.93,25.59,entsoe.eu,false,
2022-11-08 02:00:00,Italy,North Italy,IT-NO,291.64,367.63,44.61,26.82,entsoe.eu,false,
2022-11-08 03:00:00,Italy,North Italy,IT-NO,298.3,376.14,42.74,25.69,entsoe.eu,false,
2022-11-08 04:00:00,Italy,North Italy,IT-NO,309.68,391.44,39.21,24.09,entsoe.eu,false,
2022-11-08 05:00:00,Italy,North Italy,IT-NO,331.5,420.3,31.72,21.05,entsoe.eu,false,
2022-11-08 06:00:00,Italy,North Italy,IT-NO,320.01,405.66,34.18,24.89,entsoe.eu,false,
2022-11-08 07:00:00,Italy,North Italy,IT-NO,304.02,382.72,40.68,32.15,entsoe.eu,false,
2022-11-08 08:00:00,Italy,North Italy,IT-NO,293.14,374.56,39.61,30.97,entsoe.eu,false,
2022-11-08 09:00:00,Italy,North Italy,IT-NO,293.25,374.75,40.13,31.47,entsoe.eu,false,
2022-11-08 10:00:00,Italy,North Italy,IT-NO,292.12,372.7,40.91,32.7,entsoe.eu,false,
2022-11-08 11:00:00,Italy,North Italy,IT-NO,286.8,366.69,41.92,31.57,entsoe.eu,false,
2022-11-08 12:00:00,Italy,North Italy,IT-NO,287.78,367.38,41.66,29.88,entsoe.eu,false,
2022-11-08 13:00:00,Italy,North Italy,IT-NO,303.14,386.58,37.72,27.01,entsoe.eu,false,
2022-11-08 14:00:00,Italy,North Italy,IT-NO,298.18,378.84,39.32,27.94,entsoe.eu,false,
2022-11-08 15:00:00,Italy,North Italy,IT-NO,291.8,365.76,44.0,33.73,entsoe.eu,false,
2022-11-08 16:00:00,Italy,North Italy,IT-NO,289.28,360.78,46.01,37.08,entsoe.eu,false,
2022-11-08 17:00:00,Italy,North Italy,IT-NO,288.86,362.21,44.7,35.48,entsoe.eu,false,
2022-11-08 18:00:00,Italy,North Italy,IT-NO,295.16,372.49,41.44,31.11,entsoe.eu,false,
2022-11-08 19:00:00,Italy,North Italy,IT-NO,306.92,388.16,38.26,27.76,entsoe.eu,false,
2022-11-08 20:00:00,Italy,North Italy,IT-NO,311.0,394.25,36.94,24.16,entsoe.eu,false,
2022-11-08 21:00:00,Italy,North Italy,IT-NO,305.88,386.7,39.72,24.9,entsoe.eu,false,
2022-11-08 22:00:00,Italy,North Italy,IT-NO,315.06,398.35,37.52,23.1,entsoe.eu,false,
2022-11-08 23:00:00,Italy,North Italy,IT-NO,274.44,346.93,47.46,27.11,entsoe.eu,false,
2022-11-09 00:00:00,Italy,North Italy,IT-NO,268.44,339.61,49.24,27.41,entsoe.eu,false,
2022-11-09 01:00:00,Italy,North Italy,IT-NO,266.57,337.93,49.52,27.91,entsoe.eu,false,
2022-11-09 02:00:00,Italy,North Italy,IT-NO,261.24,331.46,50.65,28.64,entsoe.eu,false,
2022-11-09 03:00:00,Italy,North Italy,IT-NO,265.4,336.87,49.26,26.61,entsoe.eu,false,
2022-11-09 04:00:00,Italy,North Italy,IT-NO,278.18,353.24,45.72,25.74,entsoe.eu,false,
2022-11-09 05:00:00,Italy,North Italy,IT-NO,286.28,364.22,41.98,24.89,entsoe.eu,false,
2022-11-09 06:00:00,Italy,North Italy,IT-NO,274.76,346.6,46.54,32.9,entsoe.eu,false,
2022-11-09 07:00:00,Italy,North Italy,IT-NO,265.18,333.65,49.91,37.85,entsoe.eu,false,
2022-11-09 08:00:00,Italy,North Italy,IT-NO,265.47,335.44,49.03,37.35,entsoe.eu,false,
2022-11-09 09:00:00,Italy,North Italy,IT-NO,265.71,338.21,47.21,35.02,entsoe.eu,false,
2022-11-09 10:00:00,Italy,North Italy,IT-NO,263.02,336.28,46.94,35.84,entsoe.eu,false,
2022-11-09 11:00:00,Italy,North Italy,IT-NO,274.66,350.9,44.34,33.09,entsoe.eu,false,
2022-11-09 12:00:00,Italy,North Italy,IT-NO,285.71,364.86,41.76,29.47,entsoe.eu,false,
2022-11-09 13:00:00,Italy,North Italy,IT-NO,280.48,355.42,44.57,33.01,entsoe.eu,false,
2022-11-09 14:00:00,Italy,North Italy,IT-NO,280.39,353.5,45.57,33.41,entsoe.eu,false,
2022-11-09 15:00:00,Italy,North Italy,IT-NO,276.41,347.5,46.84,35.24,entsoe.eu,false,
2022-11-09 16:00:00,Italy,North Italy,IT-NO,272.1,341.41,48.13,37.23,entsoe.eu,false,
2022-11-09 17:00:00,Italy,North Italy,IT-NO,273.24,344.46,46.86,37.33,entsoe.eu,false,
2022-11-09 18:00:00,Italy,North Italy,IT-NO,276.56,349.71,45.47,35.14,entsoe.eu,false,
2022-11-09 19:00:00,Italy,North Italy,IT-NO,287.05,363.25,42.8,30.51,entsoe.eu,false,
2022-11-09 20:00:00,Italy,North Italy,IT-NO,299.07,378.79,39.98,26.53,entsoe.eu,false,
2022-11-09 21:00:00,Italy,North Italy,IT-NO,299.86,379.51,40.53,25.61,entsoe.eu,false,
2022-11-09 22:00:00,Italy,North Italy,IT-NO,293.27,370.76,43.04,27.42,entsoe.eu,false,
2022-11-09 23:00:00,Italy,North Italy,IT-NO,290.94,366.42,45.02,26.1,entsoe.eu,false,
2022-11-10 00:00:00,Italy,North Italy,IT-NO,283.63,356.95,46.98,26.53,entsoe.eu,false,
2022-11-10 01:00:00,Italy,North Italy,IT-NO,279.88,352.18,47.94,26.24,entsoe.eu,false,
2022-11-10 02:00:00,Italy,North Italy,IT-NO,274.69,345.88,48.91,26.22,entsoe.eu,false,
2022-11-10 03:00:00,Italy,North Italy,IT-NO,275.65,347.43,48.08,25.5,entsoe.eu,false,
2022-11-10 04:00:00,Italy,North Italy,IT-NO,288.91,366.43,42.91,23.58,entsoe.eu,false,
2022-11-10 05:00:00,Italy,North Italy,IT-NO,299.21,378.77,39.99,23.65,entsoe.eu,false,
2022-11-10 06:00:00,Italy,North Italy,IT-NO,292.31,370.19,41.4,29.93,entsoe.eu,false,
2022-11-10 07:00:00,Italy,North Italy,IT-NO,281.67,356.02,44.89,33.67,entsoe.eu,false,
2022-11-10 08:00:00,Italy,North Italy,IT-NO,276.37,351.03,44.9,33.06,entsoe.eu,false,
2022-11-10 09:00:00,Italy,North Italy,IT-NO,281.6,359.79,42.6,30.52,entsoe.eu,false,
2022-11-10 10:00:00,Italy,North Italy,IT-NO,284.45,363.06,42.27,29.42,entsoe.eu,false,
2022-11-10 11:00:00,Italy,North Italy,IT-NO,281.85,359.07,43.43,29.07,entsoe.eu,false,
2022-11-10 12:00:00,Italy,North Italy,IT-NO,286.18,365.33,41.58,27.79,entsoe.eu,false,
2022-11-10 13:00:00,Italy,North Italy,IT-NO,293.01,373.78,39.87,27.41,entsoe.eu,false,
2022-11-10 14:00:00,Italy,North Italy,IT-NO,294.78,374.08,40.37,28.45,entsoe.eu,false,
2022-11-10 15:00:00,Italy,North Italy,IT-NO,292.91,369.77,41.89,30.35,entsoe.eu,false,
2022-11-10 16:00:00,Italy,North Italy,IT-NO,290.72,365.46,43.23,32.45,entsoe.eu,false,
2022-11-10 17:00:00,Italy,North Italy,IT-NO,284.54,359.17,43.68,33.43,entsoe.eu,false,
2022-11-10 18:00:00,Italy,North Italy,IT-NO,290.31,368.19,41.32,30.51,entsoe.eu,false,
2022-11-10 19:00:00,Italy,North Italy,IT-NO,303.61,384.65,38.28,25.55,entsoe.eu,false,
2022-11-10 20:00:00,Italy,North Italy,IT-NO,298.73,378.67,39.91,23.83,entsoe.eu,false,
2022-11-10 21:00:00,Italy,North Italy,IT-NO,304.8,385.6,39.51,23.26,entsoe.eu,false,
2022-11-10 22:00:00,Italy,North Italy,IT-NO,300.31,378.9,41.82,24.83,entsoe.eu,false,
2022-11-10 23:00:00,Italy,North Italy,IT-NO,264.24,333.58,51.0,28.37,entsoe.eu,false,
2022-11-11 00:00:00,Italy,North Italy,IT-NO,250.71,317.33,54.33,29.65,entsoe.eu,false,
2022-11-11 01:00:00,Italy,North Italy,IT-NO,251.88,318.09,54.29,28.66,entsoe.eu,false,
2022-11-11 02:00:00,Italy,North Italy,IT-NO,252.73,318.8,54.44,28.63,entsoe.eu,false,
2022-11-11 03:00:00,Italy,North Italy,IT-NO,251.42,317.54,54.78,28.96,entsoe.eu,false,
2022-11-11 04:00:00,Italy,North Italy,IT-NO,260.03,328.33,52.44,28.64,entsoe.eu,false,
2022-11-11 05:00:00,Italy,North Italy,IT-NO,271.11,343.24,47.73,28.23,entsoe.eu,false,
2022-11-11 06:00:00,Italy,North Italy,IT-NO,262.53,332.6,48.89,31.94,entsoe.eu,false,
2022-11-11 07:00:00,Italy,North Italy,IT-NO,253.36,321.73,50.65,34.57,entsoe.eu,false,
2022-11-11 08:00:00,Italy,North Italy,IT-NO,255.94,326.91,49.41,34.44,entsoe.eu,false,
2022-11-11 09:00:00,Italy,North Italy,IT-NO,251.69,322.35,50.62,35.78,entsoe.eu,false,
2022-11-11 10:00:00,Italy,North Italy,IT-NO,255.43,327.38,49.42,35.02,entsoe.eu,false,
2022-11-11 11:00:00,Italy,North Italy,IT-NO,258.06,331.36,48.57,34.31,entsoe.eu,false,
2022-11-11 12:00:00,Italy,North Italy,IT-NO,257.6,330.8,48.64,34.24,entsoe.eu,false,
2022-11-11 13:00:00,Italy,North Italy,IT-NO,262.48,335.92,47.48,32.8,entsoe.eu,false,
2022-11-11 14:00:00,Italy,North Italy,IT-NO,260.32,332.05,48.33,32.31,entsoe.eu,false,
2022-11-11 15:00:00,Italy,North Italy,IT-NO,258.42,323.59,52.79,37.96,entsoe.eu,false,
2022-11-11 16:00:00,Italy,North Italy,IT-NO,253.6,317.45,53.75,39.49,entsoe.eu,false,
2022-11-11 17:00:00,Italy,North Italy,IT-NO,252.84,316.22,54.13,40.46,entsoe.eu,false,
2022-11-11 18:00:00,Italy,North Italy,IT-NO,259.4,328.69,49.36,34.07,entsoe.eu,false,
2022-11-11 19:00:00,Italy,North Italy,IT-NO,268.25,340.14,47.27,29.54,entsoe.eu,false,
2022-11-11 20:00:00,Italy,North Italy,IT-NO,273.74,345.97,47.56,28.43,entsoe.eu,false,
2022-11-11 21:00:00,Italy,North Italy,IT-NO,265.82,336.24,49.77,27.27,entsoe.eu,false,
2022-11-11 22:00:00,Italy,North Italy,IT-NO,268.74,338.13,50.51,26.8,entsoe.eu,false,
2022-11-11 23:00:00,Italy,North Italy,IT-NO,276.95,347.09,50.1,26.33,entsoe.eu,false,
2022-11-12 00:00:00,Italy,North Italy,IT-NO,278.3,348.49,50.28,26.64,entsoe.eu,false,
2022-11-12 01:00:00,Italy,North Italy,IT-NO,281.75,351.43,50.5,25.94,entsoe.eu,false,
2022-11-12 02:00:00,Italy,North Italy,IT-NO,279.69,350.29,50.03,26.18,entsoe.eu,false,
2022-11-12 03:00:00,Italy,North Italy,IT-NO,276.31,345.84,51.01,27.11,entsoe.eu,false,
2022-11-12 04:00:00,Italy,North Italy,IT-NO,280.66,351.68,49.55,26.22,entsoe.eu,false,
2022-11-12 05:00:00,Italy,North Italy,IT-NO,275.93,346.02,49.84,26.04,entsoe.eu,false,
2022-11-12 06:00:00,Italy,North Italy,IT-NO,264.64,333.4,51.04,28.09,entsoe.eu,false,
2022-11-12 07:00:00,Italy,North Italy,IT-NO,263.82,334.72,49.01,29.19,entsoe.eu,false,
2022-11-12 08:00:00,Italy,North Italy,IT-NO,260.96,331.66,49.62,31.6,entsoe.eu,false,
2022-11-12 09:00:00,Italy,North Italy,IT-NO,275.37,349.71,46.78,27.92,entsoe.eu,false,
2022-11-12 10:00:00,Italy,North Italy,IT-NO,281.5,357.74,45.32,28.18,entsoe.eu,false,
2022-11-12 11:00:00,Italy,North Italy,IT-NO,268.93,342.14,47.85,32.33,entsoe.eu,false,
2022-11-12 12:00:00,Italy,North Italy,IT-NO,256.66,327.31,50.08,33.35,entsoe.eu,false,
2022-11-12 13:00:00,Italy,North Italy,IT-NO,255.42,326.49,49.51,31.51,entsoe.eu,false,
2022-11-12 14:00:00,Italy,North Italy,IT-NO,265.49,338.39,46.99,28.33,entsoe.eu,false,
2022-11-12 15:00:00,Italy,North Italy,IT-NO,272.57,344.1,47.42,29.83,entsoe.eu,false,
2022-11-12 16:00:00,Italy,North Italy,IT-NO,269.95,333.33,53.42,41.31,entsoe.eu,false,
2022-11-12 17:00:00,Italy,North Italy,IT-NO,265.6,327.67,54.81,42.92,entsoe.eu,false,
2022-11-12 18:00:00,Italy,North Italy,IT-NO,259.21,321.51,55.14,38.86,entsoe.eu,false,
2022-11-12 19:00:00,Italy,North Italy,IT-NO,279.95,346.77,51.01,32.91,entsoe.eu,false,
2022-11-12 20:00:00,Italy,North Italy,IT-NO,277.97,350.6,47.11,26.16,entsoe.eu,false,
2022-11-12 21:00:00,Italy,North Italy,IT-NO,295.94,372.94,43.25,23.58,entsoe.eu,false,
2022-11-12 22:00:00,Italy,North Italy,IT-NO,299.72,375.48,44.27,22.76,entsoe.eu,false,
2022-11-12 23:00:00,Italy,North Italy,IT-NO,281.6,351.59,50.1,24.08,entsoe.eu,false,
2022-11-13 00:00:00,Italy,North Italy,IT-NO,281.17,349.01,52.07,23.3,entsoe.eu,false,
2022-11-13 01:00:00,Italy,North Italy,IT-NO,279.94,346.85,53.36,24.24,entsoe.eu,false,
2022-11-13 02:00:00,Italy,North Italy,IT-NO,270.49,335.99,54.55,23.78,entsoe.eu,false,
2022-11-13 03:00:00,Italy,North Italy,IT-NO,273.55,340.04,53.47,22.99,entsoe.eu,false,
2022-11-13 04:00:00,Italy,North Italy,IT-NO,274.56,343.4,51.76,23.57,entsoe.eu,false,
2022-11-13 05:00:00,Italy,North Italy,IT-NO,264.2,330.25,54.31,26.33,entsoe.eu,false,
2022-11-13 06:00:00,Italy,North Italy,IT-NO,263.36,329.78,54.16,27.23,entsoe.eu,false,
2022-11-13 07:00:00,Italy,North Italy,IT-NO,252.51,318.18,55.37,32.39,entsoe.eu,false,
2022-11-13 08:00:00,Italy,North Italy,IT-NO,252.47,319.23,54.85,35.29,entsoe.eu,false,
2022-11-13 09:00:00,Italy,North Italy,IT-NO,255.15,323.88,53.8,35.15,entsoe.eu,false,
2022-11-13 10:00:00,Italy,North Italy,IT-NO,254.14,323.38,53.93,37.46,entsoe.eu,false,
2022-11-13 11:00:00,Italy,North Italy,IT-NO,254.51,322.93,54.42,36.8,entsoe.eu,false,
2022-11-13 12:00:00,Italy,North Italy,IT-NO,258.64,327.21,53.74,33.5,entsoe.eu,false,
2022-11-13 13:00:00,Italy,North Italy,IT-NO,284.45,359.87,46.73,28.16,entsoe.eu,false,
2022-11-13 14:00:00,Italy,North Italy,IT-NO,286.49,362.19,45.26,25.56,entsoe.eu,false,
2022-11-13 15:00:00,Italy,North Italy,IT-NO,285.73,358.61,46.73,27.77,entsoe.eu,false,
2022-11-13 16:00:00,Italy,North Italy,IT-NO,267.72,335.23,51.09,35.99,entsoe.eu,false,
2022-11-13 17:00:00,Italy,North Italy,IT-NO,264.72,330.86,52.43,38.14,entsoe.eu,false,
2022-11-13 18:00:00,Italy,North Italy,IT-NO,268.24,336.56,51.34,37.4,entsoe.eu,false,
2022-11-13 19:00:00,Italy,North Italy,IT-NO,281.34,352.42,48.42,32.63,entsoe.eu,false,
2022-11-13 20:00:00,Italy,North Italy,IT-NO,294.9,370.33,44.58,27.35,entsoe.eu,false,
2022-11-13 21:00:00,Italy,North Italy,IT-NO,311.76,391.19,40.93,22.53,entsoe.eu,false,
2022-11-13 22:00:00,Italy,North Italy,IT-NO,307.15,383.63,43.83,24.09,entsoe.eu,false,
2022-11-13 23:00:00,Italy,North Italy,IT-NO,299.13,374.73,44.71,21.91,entsoe.eu,false,
2022-11-14 00:00:00,Italy,North Italy,IT-NO,301.46,377.23,44.46,21.31,entsoe.eu,false,
2022-11-14 01:00:00,Italy,North Italy,IT-NO,308.76,384.75,43.98,20.97,entsoe.eu,false,
2022-11-14 02:00:00,Italy,North Italy,IT-NO,304.07,379.22,44.82,20.51,entsoe.eu,false,
2022-11-14 03:00:00,Italy,North Italy,IT-NO,308.28,384.9,43.38,19.8,entsoe.eu,false,
2022-11-14 04:00:00,Italy,North Italy,IT-NO,319.1,400.75,39.2,20.66,entsoe.eu,false,
2022-11-14 05:00:00,Italy,North Italy,IT-NO,325.53,411.68,34.77,21.88,entsoe.eu,false,
2022-11-14 06:00:00,Italy,North Italy,IT-NO,325.27,411.68,33.82,23.73,entsoe.eu,false,
2022-11-14 07:00:00,Italy,North Italy,IT-NO,311.52,390.87,39.83,30.49,entsoe.eu,false,
2022-11-14 08:00:00,Italy,North Italy,IT-NO,302.48,380.52,41.2,31.36,entsoe.eu,false,
2022-11-14 09:00:00,Italy,North Italy,IT-NO,304.33,384.49,39.49,29.49,entsoe.eu,false,
2022-11-14 10:00:00,Italy,North Italy,IT-NO,308.75,390.9,38.02,28.24,entsoe.eu,false,
2022-11-14 11:00:00,Italy,North Italy,IT-NO,324.51,411.47,33.96,25.08,entsoe.eu,false,
2022-11-14 12:00:00,Italy,North Italy,IT-NO,321.62,408.71,34.16,24.75,entsoe.eu,false,
2022-11-14 13:00:00,Italy,North Italy,IT-NO,308.82,392.25,37.22,26.09,entsoe.eu,false,
2022-11-14 14:00:00,Italy,North Italy,IT-NO,297.66,376.41,40.78,29.67,entsoe.eu,false,
2022-11-14 15:00:00,Italy,North Italy,IT-NO,287.88,364.93,42.03,31.04,entsoe.eu,false,
2022-11-14 16:00:00,Italy,North Italy,IT-NO,290.09,365.28,43.28,33.44,entsoe.eu,false,
2022-11-14 17:00:00,Italy,North Italy,IT-NO,292.34,370.38,41.08,31.17,entsoe.eu,false,
2022-11-14 18:00:00,Italy,North Italy,IT-NO,295.63,375.1,39.8,29.27,entsoe.eu,false,
2022-11-14 19:00:00,Italy,North Italy,IT-NO,313.92,396.45,36.85,26.13,entsoe.eu,false,
2022-11-14 20:00:00,Italy,North Italy,IT-NO,322.28,407.37,35.35,22.23,entsoe.eu,false,
2022-11-14 21:00:00,Italy,North Italy,IT-NO,324.97,409.21,36.53,21.26,entsoe.eu,false,
2022-11-14 22:00:00,Italy,North Italy,IT-NO,332.65,417.23,36.23,20.74,entsoe.eu,false,
2022-11-14 23:00:00,Italy,North Italy,IT-NO,312.19,392.0,41.39,23.25,entsoe.eu,false,
2022-11-15 00:00:00,Italy,North Italy,IT-NO,300.93,377.16,45.09,24.7,entsoe.eu,false,
2022-11-15 01:00:00,Italy,North Italy,IT-NO,311.14,388.68,43.27,22.9,entsoe.eu,false,
2022-11-15 02:00:00,Italy,North Italy,IT-NO,307.15,384.91,43.12,22.24,entsoe.eu,false,
2022-11-15 03:00:00,Italy,North Italy,IT-NO,301.15,378.84,43.39,22.67,entsoe.eu,false,
2022-11-15 04:00:00,Italy,North Italy,IT-NO,314.58,397.1,39.01,23.29,entsoe.eu,false,
2022-11-15 05:00:00,Italy,North Italy,IT-NO,322.23,407.69,34.88,21.63,entsoe.eu,false,
2022-11-15 06:00:00,Italy,North Italy,IT-NO,317.48,402.59,34.87,24.32,entsoe.eu,false,
2022-11-15 07:00:00,Italy,North Italy,IT-NO,302.58,383.81,38.14,28.13,entsoe.eu,false,
2022-11-15 08:00:00,Italy,North Italy,IT-NO,303.77,385.92,37.36,27.74,entsoe.eu,false,
2022-11-15 09:00:00,Italy,North Italy,IT-NO,311.81,395.87,35.83,26.13,entsoe.eu,false,
2022-11-15 10:00:00,Italy,North Italy,IT-NO,310.31,394.23,36.12,26.53,entsoe.eu,false,
2022-11-15 11:00:00,Italy,North Italy,IT-NO,323.78,411.57,32.71,23.22,entsoe.eu,false,
2022-11-15 12:00:00,Italy,North Italy,IT-NO,329.47,418.72,31.53,22.52,entsoe.eu,false,
2022-11-15 13:00:00,Italy,North Italy,IT-NO,315.37,400.44,34.76,24.3,entsoe.eu,false,
2022-11-15 14:00:00,Italy,North Italy,IT-NO,307.77,390.16,36.85,26.64,entsoe.eu,false,
2022-11-15 15:00:00,Italy,North Italy,IT-NO,305.93,385.68,38.78,29.77,entsoe.eu,false,
2022-11-15 16:00:00,Italy,North Italy,IT-NO,302.23,381.24,39.45,30.4,entsoe.eu,false,
2022-11-15 17:00:00,Italy,North Italy,IT-NO,299.6,378.38,39.9,31.14,entsoe.eu,false,
2022-11-15 18:00:00,Italy,North Italy,IT-NO,312.16,394.74,36.75,28.12,entsoe.eu,false,
2022-11-15 19:00:00,Italy,North Italy,IT-NO,329.91,416.75,32.93,23.55,entsoe.eu,false,
2022-11-15 20:00:00,Italy,North Italy,IT-NO,329.47,415.76,34.04,22.23,entsoe.eu,false,
2022-11-15 21:00:00,Italy,North Italy,IT-NO,332.91,419.9,33.98,22.55,entsoe.eu,false,
2022-11-15 22:00:00,Italy,North Italy,IT-NO,323.87,407.28,37.31,23.05,entsoe.eu,false,
2022-11-15 23:00:00,Italy,North Italy,IT-NO,300.38,377.42,44.0,26.09,entsoe.eu,false,
2022-11-16 00:00:00,Italy,North Italy,IT-NO,297.94,373.19,45.62,26.3,entsoe.eu,false,
2022-11-16 01:00:00,Italy,North Italy,IT-NO,310.45,386.64,44.19,24.38,entsoe.eu,false,
2022-11-16 02:00:00,Italy,North Italy,IT-NO,297.92,371.59,46.76,25.52,entsoe.eu,false,
2022-11-16 03:00:00,Italy,North Italy,IT-NO,290.8,364.22,46.94,25.72,entsoe.eu,false,
2022-11-16 04:00:00,Italy,North Italy,IT-NO,291.04,366.34,45.57,26.62,entsoe.eu,false,
2022-11-16 05:00:00,Italy,North Italy,IT-NO,298.09,375.18,42.62,27.53,entsoe.eu,false,
2022-11-16 06:00:00,Italy,North Italy,IT-NO,294.94,372.88,41.4,29.22,entsoe.eu,false,
2022-11-16 07:00:00,Italy,North Italy,IT-NO,281.4,353.2,46.19,36.07,entsoe.eu,false,
2022-11-16 08:00:00,Italy,North Italy,IT-NO,277.41,347.77,47.75,37.69,entsoe.eu,false,
2022-11-16 09:00:00,Italy,North Italy,IT-NO,272.95,345.26,46.49,35.67,entsoe.eu,false,
2022-11-16 10:00:00,Italy,North Italy,IT-NO,279.46,354.2,44.47,32.78,entsoe.eu,false,
2022-11-16 11:00:00,Italy,North Italy,IT-NO,286.55,363.79,42.23,31.21,entsoe.eu,false,
2022-11-16 12:00:00,Italy,North Italy,IT-NO,294.08,373.0,41.14,29.48,entsoe.eu,false,
2022-11-16 13:00:00,Italy,North Italy,IT-NO,299.13,379.2,40.01,28.81,entsoe.eu,false,
2022-11-16 14:00:00,Italy,North Italy,IT-NO,297.71,374.42,42.3,31.79,entsoe.eu,false,
2022-11-16 15:00:00,Italy,North Italy,IT-NO,290.26,364.32,44.19,34.07,entsoe.eu,false,
2022-11-16 16:00:00,Italy,North Italy,IT-NO,285.3,355.94,46.86,37.99,entsoe.eu,false,
2022-11-16 17:00:00,Italy,North Italy,IT-NO,292.62,366.4,44.32,35.57,entsoe.eu,false,
2022-11-16 18:00:00,Italy,North Italy,IT-NO,293.31,368.26,43.47,34.67,entsoe.eu,false,
2022-11-16 19:00:00,Italy,North Italy,IT-NO,303.59,383.23,39.71,29.65,entsoe.eu,false,
2022-11-16 20:00:00,Italy,North Italy,IT-NO,303.32,382.46,40.9,27.6,entsoe.eu,false,
2022-11-16 21:00:00,Italy,North Italy,IT-NO,292.82,367.86,45.12,29.28,entsoe.eu,false,
2022-11-16 22:00:00,Italy,North Italy,IT-NO,290.59,364.59,46.04,28.81,entsoe.eu,false,
2022-11-16 23:00:00,Italy,North Italy,IT-NO,278.1,348.25,50.08,30.59,entsoe.eu,false,
2022-11-17 00:00:00,Italy,North Italy,IT-NO,268.31,335.88,53.55,34.34,entsoe.eu,false,
2022-11-17 01:00:00,Italy,North Italy,IT-NO,277.97,347.32,51.72,32.66,entsoe.eu,false,
2022-11-17 02:00:00,Italy,North Italy,IT-NO,274.71,343.72,51.96,32.27,entsoe.eu,false,
2022-11-17 03:00:00,Italy,North Italy,IT-NO,267.08,334.59,53.35,32.69,entsoe.eu,false,
2022-11-17 04:00:00,Italy,North Italy,IT-NO,265.71,334.63,51.55,30.65,entsoe.eu,false,
2022-11-17 05:00:00,Italy,North Italy,IT-NO,282.83,356.81,46.1,32.18,entsoe.eu,false,
2022-11-17 06:00:00,Italy,North Italy,IT-NO,283.55,355.26,47.14,34.74,entsoe.eu,false,
2022-11-17 07:00:00,Italy,North Italy,IT-NO,273.77,344.24,48.39,37.07,entsoe.eu,false,
2022-11-17 08:00:00,Italy,North Italy,IT-NO,276.79,348.97,47.04,36.3,entsoe.eu,false,
2022-11-17 09:00:00,Italy,North Italy,IT-NO,276.48,351.29,45.45,34.41,entsoe.eu,false,
2022-11-17 10:00:00,Italy,North Italy,IT-NO,284.51,361.0,43.78,33.22,entsoe.eu,false,
2022-11-17 11:00:00,Italy,North Italy,IT-NO,290.17,368.45,42.56,32.28,entsoe.eu,false,
2022-11-17 12:00:00,Italy,North Italy,IT-NO,295.69,374.82,41.73,31.54,entsoe.eu,false,
2022-11-17 13:00:00,Italy,North Italy,IT-NO,301.59,380.94,40.88,29.26,entsoe.eu,false,
2022-11-17 14:00:00,Italy,North Italy,IT-NO,299.06,377.96,40.73,28.71,entsoe.eu,false,
2022-11-17 15:00:00,Italy,North Italy,IT-NO,294.98,371.23,42.67,31.26,entsoe.eu,false,
2022-11-17 16:00:00,Italy,North Italy,IT-NO,282.42,355.08,45.73,34.56,entsoe.eu,false,
2022-11-17 17:00:00,Italy,North Italy,IT-NO,287.05,360.45,44.94,34.3,entsoe.eu,false,
2022-11-17 18:00:00,Italy,North Italy,IT-NO,282.95,357.62,43.99,33.39,entsoe.eu,false,
2022-11-17 19:00:00,Italy,North Italy,IT-NO,293.22,369.49,42.43,28.9,entsoe.eu,false,
2022-11-17 20:00:00,Italy,North Italy,IT-NO,303.97,382.2,41.02,24.86,entsoe.eu,false,
2022-11-17 21:00:00,Italy,North Italy,IT-NO,291.47,364.42,46.54,27.76,entsoe.eu,false,
2022-11-17 22:00:00,Italy,North Italy,IT-NO,296.17,370.43,45.98,29.29,entsoe.eu,false,
2022-11-17 23:00:00,Italy,North Italy,IT-NO,285.67,358.88,47.5,30.01,entsoe.eu,false,
2022-11-18 00:00:00,Italy,North Italy,IT-NO,283.79,355.14,49.22,30.76,entsoe.eu,false,
2022-11-18 01:00:00,Italy,North Italy,IT-NO,284.33,355.1,49.36,29.58,entsoe.eu,false,
2022-11-18 02:00:00,Italy,North Italy,IT-NO,270.01,339.3,51.2,29.74,entsoe.eu,false,
2022-11-18 03:00:00,Italy,North Italy,IT-NO,274.45,344.77,49.96,28.84,entsoe.eu,false,
2022-11-18 04:00:00,Italy,North Italy,IT-NO,287.47,361.69,46.37,27.64,entsoe.eu,false,
2022-11-18 05:00:00,Italy,North Italy,IT-NO,295.2,372.86,42.22,26.66,entsoe.eu,false,
2022-11-18 06:00:00,Italy,North Italy,IT-NO,300.03,379.53,40.01,29.72,entsoe.eu,false,
2022-11-18 07:00:00,Italy,North Italy,IT-NO,279.01,353.12,44.99,35.03,entsoe.eu,false,
2022-11-18 08:00:00,Italy,North Italy,IT-NO,279.58,355.69,43.35,33.65,entsoe.eu,false,
2022-11-18 09:00:00,Italy,North Italy,IT-NO,280.89,358.07,42.95,34.42,entsoe.eu,false,
2022-11-18 10:00:00,Italy,North Italy,IT-NO,273.54,350.05,44.43,35.57,entsoe.eu,false,
2022-11-18 11:00:00,Italy,North Italy,IT-NO,280.74,359.79,42.58,35.09,entsoe.eu,false,
2022-11-18 12:00:00,Italy,North Italy,IT-NO,288.88,369.26,40.93,33.23,entsoe.eu,false,
2022-11-18 13:00:00,Italy,North Italy,IT-NO,300.29,382.98,38.37,30.69,entsoe.eu,false,
2022-11-18 14:00:00,Italy,North Italy,IT-NO,319.0,404.72,34.47,25.57,entsoe.eu,false,
2022-11-18 15:00:00,Italy,North Italy,IT-NO,308.11,390.64,36.83,28.5,entsoe.eu,false,
2022-11-18 16:00:00,Italy,North Italy,IT-NO,302.84,380.57,40.73,33.76,entsoe.eu,false,
2022-11-18 17:00:00,Italy,North Italy,IT-NO,298.63,377.89,39.74,32.92,entsoe.eu,false,
2022-11-18 18:00:00,Italy,North Italy,IT-NO,295.17,375.21,39.36,31.07,entsoe.eu,false,
2022-11-18 19:00:00,Italy,North Italy,IT-NO,322.8,407.03,35.37,27.4,entsoe.eu,false,
2022-11-18 20:00:00,Italy,North Italy,IT-NO,339.13,425.99,32.9,24.74,entsoe.eu,false,
2022-11-18 21:00:00,Italy,North Italy,IT-NO,336.16,421.84,34.74,24.67,entsoe.eu,false,
2022-11-18 22:00:00,Italy,North Italy,IT-NO,333.82,420.79,33.8,22.45,entsoe.eu,false,
2022-11-18 23:00:00,Italy,North Italy,IT-NO,297.29,369.62,47.64,27.81,entsoe.eu,false,
2022-11-19 00:00:00,Italy,North Italy,IT-NO,304.96,378.4,46.91,27.91,entsoe.eu,false,
2022-11-19 01:00:00,Italy,North Italy,IT-NO,297.15,368.03,49.34,28.51,entsoe.eu,false,
2022-11-19 02:00:00,Italy,North Italy,IT-NO,297.72,367.42,49.99,26.67,entsoe.eu,false,
2022-11-19 03:00:00,Italy,North Italy,IT-NO,277.19,343.42,53.94,28.37,entsoe.eu,false,
2022-11-19 04:00:00,Italy,North Italy,IT-NO,288.97,356.67,52.17,27.33,entsoe.eu,false,
2022-11-19 05:00:00,Italy,North Italy,IT-NO,301.36,372.82,48.29,26.41,entsoe.eu,false,
2022-11-19 06:00:00,Italy,North Italy,IT-NO,287.75,357.83,49.62,30.48,entsoe.eu,false,
2022-11-19 07:00:00,Italy,North Italy,IT-NO,273.46,341.07,51.78,33.21,entsoe.eu,false,
2022-11-19 08:00:00,Italy,North Italy,IT-NO,252.02,313.96,56.87,40.28,entsoe.eu,false,
2022-11-19 09:00:00,Italy,North Italy,IT-NO,252.68,317.54,54.96,39.13,entsoe.eu,false,
2022-11-19 10:00:00,Italy,North Italy,IT-NO,261.08,329.34,51.82,34.91,entsoe.eu,false,
2022-11-19 11:00:00,Italy,North Italy,IT-NO,256.55,325.66,51.71,35.38,entsoe.eu,false,
2022-11-19 12:00:00,Italy,North Italy,IT-NO,251.53,319.61,52.83,33.62,entsoe.eu,false,
2022-11-19 13:00:00,Italy,North Italy,IT-NO,274.79,348.96,47.11,30.24,entsoe.eu,false,
2022-11-19 14:00:00,Italy,North Italy,IT-NO,291.25,369.34,43.01,27.63,entsoe.eu,false,
2022-11-19 15:00:00,Italy,North Italy,IT-NO,289.68,364.72,45.02,31.97,entsoe.eu,false,
2022-11-19 16:00:00,Italy,North Italy,IT-NO,264.32,328.57,53.51,43.35,entsoe.eu,false,
2022-11-19 17:00:00,Italy,North Italy,IT-NO,270.87,333.73,54.63,45.35,entsoe.eu,false,
2022-11-19 18:00:00,Italy,North Italy,IT-NO,274.35,341.65,51.21,40.5,entsoe.eu,false,
2022-11-19 19:00:00,Italy,North Italy,IT-NO,284.56,356.24,47.99,34.67,entsoe.eu,false,
2022-11-19 20:00:00,Italy,North Italy,IT-NO,293.07,367.73,45.7,30.18,entsoe.eu,false,
2022-11-19 21:00:00,Italy,North Italy,IT-NO,296.13,371.4,45.43,29.85,entsoe.eu,false,
2022-11-19 22:00:00,Italy,North Italy,IT-NO,304.06,380.12,45.1,31.24,entsoe.eu,false,
2022-11-19 23:00:00,Italy,North Italy,IT-NO,296.03,367.1,49.87,32.77,entsoe.eu,false,
2022-11-20 00:00:00,Italy,North Italy,IT-NO,301.9,373.41,49.66,33.07,entsoe.eu,false,
2022-11-20 01:00:00,Italy,North Italy,IT-NO,303.34,374.57,49.87,33.68,entsoe.eu,false,
2022-11-20 02:00:00,Italy,North Italy,IT-NO,302.32,374.36,49.18,31.72,entsoe.eu,false,
2022-11-20 03:00:00,Italy,North Italy,IT-NO,297.85,369.47,49.19,30.43,entsoe.eu,false,
2022-11-20 04:00:00,Italy,North Italy,IT-NO,303.4,377.14,46.82,27.4,entsoe.eu,false,
2022-11-20 05:00:00,Italy,North Italy,IT-NO,290.85,361.92,48.93,29.45,entsoe.eu,false,
2022-11-20 06:00:00,Italy,North Italy,IT-NO,281.81,350.56,51.14,31.56,entsoe.eu,false,
2022-11-20 07:00:00,Italy,North Italy,IT-NO,258.45,324.73,53.57,33.65,entsoe.eu,false,
2022-11-20 08:00:00,Italy,North Italy,IT-NO,237.74,302.97,55.83,39.01,entsoe.eu,false,
2022-11-20 09:00:00,Italy,North Italy,IT-NO,231.36,297.38,56.33,40.75,entsoe.eu,false,
2022-11-20 10:00:00,Italy,North Italy,IT-NO,228.81,295.16,56.23,40.87,entsoe.eu,false,
2022-11-20 11:00:00,Italy,North Italy,IT-NO,227.14,293.05,56.57,41.17,entsoe.eu,false,
2022-11-20 12:00:00,Italy,North Italy,IT-NO,223.72,288.94,57.74,41.22,entsoe.eu,false,
2022-11-20 13:00:00,Italy,North Italy,IT-NO,240.92,308.88,54.8,37.24,entsoe.eu,false,
2022-11-20 14:00:00,Italy,North Italy,IT-NO,263.36,335.24,49.62,30.79,entsoe.eu,false,
2022-11-20 15:00:00,Italy,North Italy,IT-NO,274.56,349.68,46.02,28.72,entsoe.eu,false,
2022-11-20 16:00:00,Italy,North Italy,IT-NO,268.49,336.74,50.88,37.5,entsoe.eu,false,
2022-11-20 17:00:00,Italy,North Italy,IT-NO,270.17,337.74,51.14,40.8,entsoe.eu,false,
2022-11-20 18:00:00,Italy,North Italy,IT-NO,270.36,337.28,51.88,39.8,entsoe.eu,false,
2022-11-20 19:00:00,Italy,North Italy,IT-NO,278.73,350.29,48.31,31.87,entsoe.eu,false,
2022-11-20 20:00:00,Italy,North Italy,IT-NO,280.16,351.5,48.86,29.09,entsoe.eu,false,
2022-11-20 21:00:00,Italy,North Italy,IT-NO,285.01,356.74,48.41,26.97,entsoe.eu,false,
2022-11-20 22:00:00,Italy,North Italy,IT-NO,284.74,356.22,49.44,29.18,entsoe.eu,false,
2022-11-20 23:00:00,Italy,North Italy,IT-NO,296.47,370.42,47.6,28.7,entsoe.eu,false,
2022-11-21 00:00:00,Italy,North Italy,IT-NO,306.23,382.46,45.6,27.86,entsoe.eu,false,
2022-11-21 01:00:00,Italy,North Italy,IT-NO,311.89,389.34,44.46,27.79,entsoe.eu,false,
2022-11-21 02:00:00,Italy,North Italy,IT-NO,303.68,379.85,45.67,28.92,entsoe.eu,false,
2022-11-21 03:00:00,Italy,North Italy,IT-NO,308.31,385.85,44.22,27.3,entsoe.eu,false,
2022-11-21 04:00:00,Italy,North Italy,IT-NO,306.07,384.99,42.3,22.91,entsoe.eu,false,
2022-11-21 05:00:00,Italy,North Italy,IT-NO,319.5,405.94,34.54,21.27,entsoe.eu,false,
2022-11-21 06:00:00,Italy,North Italy,IT-NO,312.31,395.39,36.48,28.02,entsoe.eu,false,
2022-11-21 07:00:00,Italy,North Italy,IT-NO,300.63,378.48,41.01,34.27,entsoe.eu,false,
2022-11-21 08:00:00,Italy,North Italy,IT-NO,293.17,373.41,40.05,33.98,entsoe.eu,false,
2022-11-21 09:00:00,Italy,North Italy,IT-NO,294.69,377.99,38.12,31.96,entsoe.eu,false,
2022-11-21 10:00:00,Italy,North Italy,IT-NO,299.71,384.66,36.7,31.02,entsoe.eu,false,
2022-11-21 11:00:00,Italy,North Italy,IT-NO,318.91,408.91,32.27,28.27,entsoe.eu,false,
2022-11-21 12:00:00,Italy,North Italy,IT-NO,317.79,406.67,32.9,27.4,entsoe.eu,false,
2022-11-21 13:00:00,Italy,North Italy,IT-NO,311.46,397.48,35.1,28.25,entsoe.eu,false,
2022-11-21 14:00:00,Italy,North Italy,IT-NO,302.39,383.07,39.1,30.88,entsoe.eu,false,
2022-11-21 15:00:00,Italy,North Italy,IT-NO,294.28,372.7,40.8,31.13,entsoe.eu,false,
2022-11-21 16:00:00,Italy,North Italy,IT-NO,289.78,366.11,42.48,33.16,entsoe.eu,false,
2022-11-21 17:00:00,Italy,North Italy,IT-NO,301.19,379.37,40.8,32.16,entsoe.eu,false,
2022-11-21 18:00:00,Italy,North Italy,IT-NO,302.49,382.57,39.05,28.97,entsoe.eu,false,
2022-11-21 19:00:00,Italy,North Italy,IT-NO,318.12,403.21,34.72,23.47,entsoe.eu,false,
2022-11-21 20:00:00,Italy,North Italy,IT-NO,316.98,400.0,36.94,22.96,entsoe.eu,false,
2022-11-21 21:00:00,Italy,North Italy,IT-NO,308.47,390.09,39.37,25.65,entsoe.eu,false,
2022-11-21 22:00:00,Italy,North Italy,IT-NO,308.78,390.75,39.64,27.53,entsoe.eu,false,
2022-11-21 23:00:00,Italy,North Italy,IT-NO,285.23,361.43,44.84,29.05,entsoe.eu,false,
2022-11-22 00:00:00,Italy,North Italy,IT-NO,277.42,351.28,47.59,30.82,entsoe.eu,false,
2022-11-22 01:00:00,Italy,North Italy,IT-NO,275.13,347.57,49.06,33.49,entsoe.eu,false,
2022-11-22 02:00:00,Italy,North Italy,IT-NO,271.14,343.79,48.64,31.57,entsoe.eu,false,
2022-11-22 03:00:00,Italy,North Italy,IT-NO,261.3,332.02,50.52,34.26,entsoe.eu,false,
2022-11-22 04:00:00,Italy,North Italy,IT-NO,283.84,359.82,45.07,29.49,entsoe.eu,false,
2022-11-22 05:00:00,Italy,North Italy,IT-NO,303.35,384.83,38.85,25.82,entsoe.eu,false,
2022-11-22 06:00:00,Italy,North Italy,IT-NO,295.73,376.25,38.8,27.61,entsoe.eu,false,
2022-11-22 07:00:00,Italy,North Italy,IT-NO,285.93,362.72,41.83,31.24,entsoe.eu,false,
2022-11-22 08:00:00,Italy,North Italy,IT-NO,279.81,352.46,45.42,35.11,entsoe.eu,false,
2022-11-22 09:00:00,Italy,North Italy,IT-NO,281.84,354.16,45.72,34.92,entsoe.eu,false,
2022-11-22 10:00:00,Italy,North Italy,IT-NO,280.06,353.04,45.21,34.27,entsoe.eu,false,
2022-11-22 11:00:00,Italy,North Italy,IT-NO,287.93,364.91,41.93,30.26,entsoe.eu,false,
2022-11-22 12:00:00,Italy,North Italy,IT-NO,292.7,372.66,39.29,26.72,entsoe.eu,false,
2022-11-22 13:00:00,Italy,North Italy,IT-NO,295.77,376.42,38.62,26.43,entsoe.eu,false,
2022-11-22 14:00:00,Italy,North Italy,IT-NO,298.35,378.71,38.54,26.63,entsoe.eu,false,
2022-11-22 15:00:00,Italy,North Italy,IT-NO,300.54,380.14,39.2,29.25,entsoe.eu,false,
2022-11-22 16:00:00,Italy,North Italy,IT-NO,303.12,381.87,39.57,32.28,entsoe.eu,false,
2022-11-22 17:00:00,Italy,North Italy,IT-NO,310.54,390.91,38.3,33.31,entsoe.eu,false,
2022-11-22 18:00:00,Italy,North Italy,IT-NO,322.36,405.96,35.37,29.23,entsoe.eu,false,
2022-11-22 19:00:00,Italy,North Italy,IT-NO,322.5,407.03,35.08,25.19,entsoe.eu,false,
2022-11-22 20:00:00,Italy,North Italy,IT-NO,317.63,399.9,37.31,24.41,entsoe.eu,false,
2022-11-22 21:00:00,Italy,North Italy,IT-NO,306.32,383.48,42.48,26.47,entsoe.eu,false,
2022-11-22 22:00:00,Italy,North Italy,IT-NO,308.4,385.23,43.23,27.55,entsoe.eu,false,
2022-11-22 23:00:00,Italy,North Italy,IT-NO,298.53,373.76,45.56,29.64,entsoe.eu,false,
2022-11-23 00:00:00,Italy,North Italy,IT-NO,298.25,373.05,46.11,30.24,entsoe.eu,false,
2022-11-23 01:00:00,Italy,North Italy,IT-NO,301.05,376.28,45.57,29.71,entsoe.eu,false,
2022-11-23 02:00:00,Italy,North Italy,IT-NO,300.14,375.7,45.11,28.37,entsoe.eu,false,
2022-11-23 03:00:00,Italy,North Italy,IT-NO,292.72,367.39,46.04,28.53,entsoe.eu,false,
2022-11-23 04:00:00,Italy,North Italy,IT-NO,298.79,374.36,44.92,28.01,entsoe.eu,false,
2022-11-23 05:00:00,Italy,North Italy,IT-NO,303.31,382.57,41.12,25.94,entsoe.eu,false,
2022-11-23 06:00:00,Italy,North Italy,IT-NO,311.11,391.58,38.33,26.58,entsoe.eu,false,
2022-11-23 07:00:00,Italy,North Italy,IT-NO,287.51,360.89,44.55,33.0,entsoe.eu,false,
2022-11-23 08:00:00,Italy,North Italy,IT-NO,274.63,347.7,46.03,35.97,entsoe.eu,false,
2022-11-23 09:00:00,Italy,North Italy,IT-NO,271.58,345.77,45.93,35.96,entsoe.eu,false,
2022-11-23 10:00:00,Italy,North Italy,IT-NO,275.78,350.36,45.84,36.38,entsoe.eu,false,
2022-11-23 11:00:00,Italy,North Italy,IT-NO,279.08,354.28,45.48,35.49,entsoe.eu,false,
2022-11-23 12:00:00,Italy,North Italy,IT-NO,289.09,367.76,42.22,31.72,entsoe.eu,false,
2022-11-23 13:00:00,Italy,North Italy,IT-NO,297.7,377.07,40.61,28.9,entsoe.eu,false,
2022-11-23 14:00:00,Italy,North Italy,IT-NO,294.05,371.95,41.09,28.13,entsoe.eu,false,
2022-11-23 15:00:00,Italy,North Italy,IT-NO,297.07,374.08,41.17,28.22,entsoe.eu,false,
2022-11-23 16:00:00,Italy,North Italy,IT-NO,286.33,358.79,45.07,33.25,entsoe.eu,false,
2022-11-23 17:00:00,Italy,North Italy,IT-NO,291.59,366.01,43.66,33.19,entsoe.eu,false,
2022-11-23 18:00:00,Italy,North Italy,IT-NO,302.53,380.64,41.29,32.97,entsoe.eu,false,
2022-11-23 19:00:00,Italy,North Italy,IT-NO,314.84,396.57,37.96,28.44,entsoe.eu,false,
2022-11-23 20:00:00,Italy,North Italy,IT-NO,319.1,401.35,37.85,26.57,entsoe.eu,false,
2022-11-23 21:00:00,Italy,North Italy,IT-NO,315.14,394.74,40.72,26.79,entsoe.eu,false,
2022-11-23 22:00:00,Italy,North Italy,IT-NO,314.12,392.39,41.85,27.4,entsoe.eu,false,
2022-11-23 23:00:00,Italy,North Italy,IT-NO,293.78,366.17,47.46,28.91,entsoe.eu,false,
2022-11-24 00:00:00,Italy,North Italy,IT-NO,288.97,360.27,48.72,29.27,entsoe.eu,false,
2022-11-24 01:00:00,Italy,North Italy,IT-NO,292.46,364.03,48.08,28.03,entsoe.eu,false,
2022-11-24 02:00:00,Italy,North Italy,IT-NO,287.25,358.43,48.69,29.21,entsoe.eu,false,
2022-11-24 03:00:00,Italy,North Italy,IT-NO,288.58,361.37,47.46,27.49,entsoe.eu,false,
2022-11-24 04:00:00,Italy,North Italy,IT-NO,300.83,377.02,44.11,25.54,entsoe.eu,false,
2022-11-24 05:00:00,Italy,North Italy,IT-NO,314.48,396.1,38.45,23.94,entsoe.eu,false,
2022-11-24 06:00:00,Italy,North Italy,IT-NO,299.38,377.81,41.01,29.51,entsoe.eu,false,
2022-11-24 07:00:00,Italy,North Italy,IT-NO,286.09,359.5,45.4,36.0,entsoe.eu,false,
2022-11-24 08:00:00,Italy,North Italy,IT-NO,284.64,360.27,44.33,35.0,entsoe.eu,false,
2022-11-24 09:00:00,Italy,North Italy,IT-NO,288.6,367.51,41.99,32.74,entsoe.eu,false,
2022-11-24 10:00:00,Italy,North Italy,IT-NO,283.86,362.16,42.92,33.08,entsoe.eu,false,
2022-11-24 11:00:00,Italy,North Italy,IT-NO,289.25,369.14,41.31,31.38,entsoe.eu,false,
2022-11-24 12:00:00,Italy,North Italy,IT-NO,291.8,371.95,40.8,30.15,entsoe.eu,false,
2022-11-24 13:00:00,Italy,North Italy,IT-NO,303.61,386.33,38.05,27.81,entsoe.eu,false,
2022-11-24 14:00:00,Italy,North Italy,IT-NO,291.11,368.71,41.74,30.74,entsoe.eu,false,
2022-11-24 15:00:00,Italy,North Italy,IT-NO,279.85,353.28,45.17,34.12,entsoe.eu,false,
2022-11-24 16:00:00,Italy,North Italy,IT-NO,277.01,347.53,47.2,35.55,entsoe.eu,false,
2022-11-24 17:00:00,Italy,North Italy,IT-NO,285.28,359.42,44.25,33.77,entsoe.eu,false,
2022-11-24 18:00:00,Italy,North Italy,IT-NO,294.08,371.07,41.58,30.83,entsoe.eu,false,
2022-11-24 19:00:00,Italy,North Italy,IT-NO,312.73,394.9,37.17,25.9,entsoe.eu,false,
2022-11-24 20:00:00,Italy,North Italy,IT-NO,323.55,407.17,36.04,23.45,entsoe.eu,false,
2022-11-24 21:00:00,Italy,North Italy,IT-NO,331.16,415.23,36.25,23.38,entsoe.eu,false,
2022-11-24 22:00:00,Italy,North Italy,IT-NO,332.04,413.96,37.94,24.37,entsoe.eu,false,
2022-11-24 23:00:00,Italy,North Italy,IT-NO,334.52,416.88,37.83,23.35,entsoe.eu,false,
2022-11-25 00:00:00,Italy,North Italy,IT-NO,333.75,414.58,38.91,22.79,entsoe.eu,false,
2022-11-25 01:00:00,Italy,North Italy,IT-NO,334.25,415.04,39.22,22.22,entsoe.eu,false,
2022-11-25 02:00:00,Italy,North Italy,IT-NO,332.48,413.01,39.36,21.48,entsoe.eu,false,
2022-11-25 03:00:00,Italy,North Italy,IT-NO,331.33,411.45,39.68,21.28,entsoe.eu,false,
2022-11-25 04:00:00,Italy,North Italy,IT-NO,331.58,413.7,38.33,22.45,entsoe.eu,false,
2022-11-25 05:00:00,Italy,North Italy,IT-NO,330.93,415.54,35.51,21.57,entsoe.eu,false,
2022-11-25 06:00:00,Italy,North Italy,IT-NO,331.01,417.71,33.46,23.17,entsoe.eu,false,
2022-11-25 07:00:00,Italy,North Italy,IT-NO,309.11,389.8,38.91,30.58,entsoe.eu,false,
2022-11-25 08:00:00,Italy,North Italy,IT-NO,306.58,387.28,39.41,31.82,entsoe.eu,false,
2022-11-25 09:00:00,Italy,North Italy,IT-NO,309.3,391.94,38.28,29.92,entsoe.eu,false,
2022-11-25 10:00:00,Italy,North Italy,IT-NO,314.66,399.22,36.63,28.61,entsoe.eu,false,
2022-11-25 11:00:00,Italy,North Italy,IT-NO,319.45,406.05,34.85,26.48,entsoe.eu,false,
2022-11-25 12:00:00,Italy,North Italy,IT-NO,326.9,414.67,33.23,24.1,entsoe.eu,false,
2022-11-25 13:00:00,Italy,North Italy,IT-NO,329.38,416.44,33.18,22.91,entsoe.eu,false,
2022-11-25 14:00:00,Italy,North Italy,IT-NO,317.5,400.63,36.4,25.57,entsoe.eu,false,
2022-11-25 15:00:00,Italy,North Italy,IT-NO,308.62,389.17,38.72,27.11,entsoe.eu,false,
2022-11-25 16:00:00,Italy,North Italy,IT-NO,295.91,372.97,41.93,32.52,entsoe.eu,false,
2022-11-25 17:00:00,Italy,North Italy,IT-NO,306.19,384.87,40.4,31.78,entsoe.eu,false,
2022-11-25 18:00:00,Italy,North Italy,IT-NO,317.48,398.87,37.89,29.38,entsoe.eu,false,
2022-11-25 19:00:00,Italy,North Italy,IT-NO,340.31,426.67,33.13,22.7,entsoe.eu,false,
2022-11-25 20:00:00,Italy,North Italy,IT-NO,318.27,398.97,38.96,26.31,entsoe.eu,false,
2022-11-25 21:00:00,Italy,North Italy,IT-NO,313.38,390.53,42.42,27.88,entsoe.eu,false,
2022-11-25 22:00:00,Italy,North Italy,IT-NO,316.36,391.82,44.43,30.21,entsoe.eu,false,
2022-11-25 23:00:00,Italy,North Italy,IT-NO,311.56,382.93,48.18,31.82,entsoe.eu,false,
2022-11-26 00:00:00,Italy,North Italy,IT-NO,305.7,377.14,48.48,30.42,entsoe.eu,false,
2022-11-26 01:00:00,Italy,North Italy,IT-NO,312.21,385.25,47.34,27.71,entsoe.eu,false,
2022-11-26 02:00:00,Italy,North Italy,IT-NO,324.98,399.45,45.26,26.03,entsoe.eu,false,
2022-11-26 03:00:00,Italy,North Italy,IT-NO,324.84,398.72,45.92,26.17,entsoe.eu,false,
2022-11-26 04:00:00,Italy,North Italy,IT-NO,331.16,407.06,44.44,26.11,entsoe.eu,false,
2022-11-26 05:00:00,Italy,North Italy,IT-NO,318.43,393.3,45.78,28.77,entsoe.eu,false,
2022-11-26 06:00:00,Italy,North Italy,IT-NO,295.06,366.71,48.28,31.87,entsoe.eu,false,
2022-11-26 07:00:00,Italy,North Italy,IT-NO,274.45,340.77,52.7,36.09,entsoe.eu,false,
2022-11-26 08:00:00,Italy,North Italy,IT-NO,256.61,319.91,55.59,40.13,entsoe.eu,false,
2022-11-26 09:00:00,Italy,North Italy,IT-NO,246.23,308.35,57.12,42.57,entsoe.eu,false,
2022-11-26 10:00:00,Italy,North Italy,IT-NO,244.02,305.97,57.68,42.26,entsoe.eu,false,
2022-11-26 11:00:00,Italy,North Italy,IT-NO,239.42,301.91,57.65,42.4,entsoe.eu,false,
2022-11-26 12:00:00,Italy,North Italy,IT-NO,246.98,312.5,55.57,38.8,entsoe.eu,false,
2022-11-26 13:00:00,Italy,North Italy,IT-NO,269.34,338.88,51.84,33.76,entsoe.eu,false,
2022-11-26 14:00:00,Italy,North Italy,IT-NO,291.24,364.81,46.74,28.15,entsoe.eu,false,
2022-11-26 15:00:00,Italy,North Italy,IT-NO,271.86,341.37,50.0,33.23,entsoe.eu,false,
2022-11-26 16:00:00,Italy,North Italy,IT-NO,260.32,322.78,55.47,39.99,entsoe.eu,false,
2022-11-26 17:00:00,Italy,North Italy,IT-NO,257.87,322.24,53.98,39.23,entsoe.eu,false,
2022-11-26 18:00:00,Italy,North Italy,IT-NO,261.58,326.02,53.88,38.66,entsoe.eu,false,
2022-11-26 19:00:00,Italy,North Italy,IT-NO,278.4,345.91,50.95,34.77,entsoe.eu,false,
2022-11-26 20:00:00,Italy,North Italy,IT-NO,295.95,366.31,48.86,30.03,entsoe.eu,false,
2022-11-26 21:00:00,Italy,North Italy,IT-NO,310.39,383.48,47.31,29.58,entsoe.eu,false,
2022-11-26 22:00:00,Italy,North Italy,IT-NO,313.62,386.84,48.06,32.38,entsoe.eu,false,
2022-11-26 23:00:00,Italy,North Italy,IT-NO,297.68,366.95,51.64,33.98,entsoe.eu,false,
2022-11-27 00:00:00,Italy,North Italy,IT-NO,298.17,369.12,50.75,35.06,entsoe.eu,false,
2022-11-27 01:00:00,Italy,North Italy,IT-NO,295.81,368.38,49.64,35.39,entsoe.eu,false,
2022-11-27 02:00:00,Italy,North Italy,IT-NO,283.7,354.22,51.08,35.8,entsoe.eu,false,
2022-11-27 03:00:00,Italy,North Italy,IT-NO,281.65,352.37,50.99,36.46,entsoe.eu,false,
2022-11-27 04:00:00,Italy,North Italy,IT-NO,266.24,335.99,52.7,36.0,entsoe.eu,false,
2022-11-27 05:00:00,Italy,North Italy,IT-NO,266.58,336.3,52.7,35.04,entsoe.eu,false,
2022-11-27 06:00:00,Italy,North Italy,IT-NO,237.67,301.71,57.35,39.82,entsoe.eu,false,
2022-11-27 07:00:00,Italy,North Italy,IT-NO,213.55,274.67,60.32,44.28,entsoe.eu,false,
2022-11-27 08:00:00,Italy,North Italy,IT-NO,202.02,263.42,61.86,49.33,entsoe.eu,false,
2022-11-27 09:00:00,Italy,North Italy,IT-NO,204.06,267.05,61.34,49.05,entsoe.eu,false,
2022-11-27 10:00:00,Italy,North Italy,IT-NO,202.68,265.62,61.25,49.91,entsoe.eu,false,
2022-11-27 11:00:00,Italy,North Italy,IT-NO,203.88,266.36,61.76,50.8,entsoe.eu,false,
2022-11-27 12:00:00,Italy,North Italy,IT-NO,209.96,272.65,61.58,49.87,entsoe.eu,false,
2022-11-27 13:00:00,Italy,North Italy,IT-NO,242.01,307.87,57.0,41.54,entsoe.eu,false,
2022-11-27 14:00:00,Italy,North Italy,IT-NO,258.34,318.38,59.57,44.87,entsoe.eu,false,
2022-11-27 15:00:00,Italy,North Italy,IT-NO,261.24,321.05,59.02,42.12,entsoe.eu,false,
2022-11-27 16:00:00,Italy,North Italy,IT-NO,260.07,322.31,56.76,40.26,entsoe.eu,false,
2022-11-27 17:00:00,Italy,North Italy,IT-NO,259.38,321.18,57.02,41.64,entsoe.eu,false,
2022-11-27 18:00:00,Italy,North Italy,IT-NO,250.81,310.04,59.44,44.83,entsoe.eu,false,
2022-11-27 19:00:00,Italy,North Italy,IT-NO,259.06,319.49,58.63,43.85,entsoe.eu,false,
2022-11-27 20:00:00,Italy,North Italy,IT-NO,262.42,326.11,55.88,38.5,entsoe.eu,false,
2022-11-27 21:00:00,Italy,North Italy,IT-NO,277.53,345.74,52.19,35.58,entsoe.eu,false,
2022-11-27 22:00:00,Italy,North Italy,IT-NO,305.58,379.15,47.35,27.65,entsoe.eu,false,
2022-11-27 23:00:00,Italy,North Italy,IT-NO,296.6,367.78,49.73,28.1,entsoe.eu,false,
2022-11-28 00:00:00,Italy,North Italy,IT-NO,303.69,376.71,48.17,27.92,entsoe.eu,false,
2022-11-28 01:00:00,Italy,North Italy,IT-NO,305.6,379.56,47.37,26.95,entsoe.eu,false,
2022-11-28 02:00:00,Italy,North Italy,IT-NO,311.8,387.18,45.74,25.18,entsoe.eu,false,
2022-11-28 03:00:00,Italy,North Italy,IT-NO,301.96,375.2,47.95,26.68,entsoe.eu,false,
2022-11-28 04:00:00,Italy,North Italy,IT-NO,324.58,403.85,41.72,24.05,entsoe.eu,false,
2022-11-28 05:00:00,Italy,North Italy,IT-NO,347.21,433.66,33.81,20.8,entsoe.eu,false,
2022-11-28 06:00:00,Italy,North Italy,IT-NO,341.58,429.26,32.48,24.07,entsoe.eu,false,
2022-11-28 07:00:00,Italy,North Italy,IT-NO,323.75,408.63,35.26,29.08,entsoe.eu,false,
2022-11-28 08:00:00,Italy,North Italy,IT-NO,321.06,405.28,35.78,29.11,entsoe.eu,false,
2022-11-28 09:00:00,Italy,North Italy,IT-NO,324.06,409.14,35.13,28.8,entsoe.eu,false,
2022-11-28 10:00:00,Italy,North Italy,IT-NO,328.91,415.06,34.2,28.15,entsoe.eu,false,
2022-11-28 11:00:00,Italy,North Italy,IT-NO,334.96,422.64,32.5,26.64,entsoe.eu,false,
2022-11-28 12:00:00,Italy,North Italy,IT-NO,331.28,418.03,33.27,25.24,entsoe.eu,false,
2022-11-28 13:00:00,Italy,North Italy,IT-NO,319.24,403.66,35.43,26.49,entsoe.eu,false,
2022-11-28 14:00:00,Italy,North Italy,IT-NO,307.64,388.1,38.72,29.35,entsoe.eu,false,
2022-11-28 15:00:00,Italy,North Italy,IT-NO,302.02,380.72,40.19,30.84,entsoe.eu,false,
2022-11-28 16:00:00,Italy,North Italy,IT-NO,303.02,380.83,40.9,33.01,entsoe.eu,false,
2022-11-28 17:00:00,Italy,North Italy,IT-NO,314.01,394.54,38.57,31.69,entsoe.eu,false,
2022-11-28 18:00:00,Italy,North Italy,IT-NO,316.36,397.53,37.95,30.71,entsoe.eu,false,
2022-11-28 19:00:00,Italy,North Italy,IT-NO,345.12,434.72,30.35,23.87,entsoe.eu,false,
2022-11-28 20:00:00,Italy,North Italy,IT-NO,358.5,450.64,28.25,19.07,entsoe.eu,false,
2022-11-28 21:00:00,Italy,North Italy,IT-NO,359.92,450.27,30.35,19.14,entsoe.eu,false,
2022-11-28 22:00:00,Italy,North Italy,IT-NO,352.33,439.75,33.21,20.22,entsoe.eu,false,
2022-11-28 23:00:00,Italy,North Italy,IT-NO,353.14,441.63,32.47,19.12,entsoe.eu,false,
2022-11-29 00:00:00,Italy,North Italy,IT-NO,361.36,450.64,31.55,19.02,entsoe.eu,false,
2022-11-29 01:00:00,Italy,North Italy,IT-NO,352.58,438.57,34.61,19.68,entsoe.eu,false,
2022-11-29 02:00:00,Italy,North Italy,IT-NO,348.98,433.54,35.62,18.52,entsoe.eu,false,
2022-11-29 03:00:00,Italy,North Italy,IT-NO,346.13,431.5,35.17,18.23,entsoe.eu,false,
2022-11-29 04:00:00,Italy,North Italy,IT-NO,351.87,440.16,32.62,18.29,entsoe.eu,false,
2022-11-29 05:00:00,Italy,North Italy,IT-NO,379.56,479.29,21.82,15.23,entsoe.eu,false,
2022-11-29 06:00:00,Italy,North Italy,IT-NO,359.59,455.59,24.78,19.97,entsoe.eu,false,
2022-11-29 07:00:00,Italy,North Italy,IT-NO,332.88,420.94,31.51,26.34,entsoe.eu,false,
2022-11-29 08:00:00,Italy,North Italy,IT-NO,325.84,411.1,33.85,28.75,entsoe.eu,false,
2022-11-29 09:00:00,Italy,North Italy,IT-NO,333.29,421.82,31.47,26.18,entsoe.eu,false,
2022-11-29 10:00:00,Italy,North Italy,IT-NO,334.58,423.58,31.01,25.87,entsoe.eu,false,
2022-11-29 11:00:00,Italy,North Italy,IT-NO,344.21,436.84,27.98,23.69,entsoe.eu,false,
2022-11-29 12:00:00,Italy,North Italy,IT-NO,346.33,439.8,27.22,22.38,entsoe.eu,false,
2022-11-29 13:00:00,Italy,North Italy,IT-NO,339.02,429.82,29.2,23.56,entsoe.eu,false,
2022-11-29 14:00:00,Italy,North Italy,IT-NO,340.36,430.49,29.45,23.34,entsoe.eu,false,
2022-11-29 15:00:00,Italy,North Italy,IT-NO,334.3,421.52,31.92,25.75,entsoe.eu,false,
2022-11-29 16:00:00,Italy,North Italy,IT-NO,330.62,416.36,33.38,29.14,entsoe.eu,false,
2022-11-29 17:00:00,Italy,North Italy,IT-NO,340.01,427.98,31.5,28.57,entsoe.eu,false,
2022-11-29 18:00:00,Italy,North Italy,IT-NO,337.42,425.24,31.8,28.28,entsoe.eu,false,
2022-11-29 19:00:00,Italy,North Italy,IT-NO,351.29,443.74,27.72,23.39,entsoe.eu,false,
2022-11-29 20:00:00,Italy,North Italy,IT-NO,373.97,472.67,22.43,20.01,entsoe.eu,false,
2022-11-29 21:00:00,Italy,North Italy,IT-NO,367.98,462.96,26.34,22.03,entsoe.eu,false,
2022-11-29 22:00:00,Italy,North Italy,IT-NO,366.11,459.35,27.99,22.13,entsoe.eu,false,
2022-11-29 23:00:00,Italy,North Italy,IT-NO,366.77,458.74,28.98,20.3,entsoe.eu,false,
2022-11-30 00:00:00,Italy,North Italy,IT-NO,371.66,463.89,28.33,18.92,entsoe.eu,false,
2022-11-30 01:00:00,Italy,North Italy,IT-NO,367.66,457.69,30.34,19.16,entsoe.eu,false,
2022-11-30 02:00:00,Italy,North Italy,IT-NO,367.25,457.91,29.97,18.79,entsoe.eu,false,
2022-11-30 03:00:00,Italy,North Italy,IT-NO,358.09,447.53,31.28,18.98,entsoe.eu,false,
2022-11-30 04:00:00,Italy,North Italy,IT-NO,371.29,466.16,26.28,17.27,entsoe.eu,false,
2022-11-30 05:00:00,Italy,North Italy,IT-NO,383.22,483.79,20.63,16.67,entsoe.eu,false,
2022-11-30 06:00:00,Italy,North Italy,IT-NO,359.54,454.81,24.95,21.23,entsoe.eu,false,
2022-11-30 07:00:00,Italy,North Italy,IT-NO,334.71,422.79,31.34,26.72,entsoe.eu,false,
2022-11-30 08:00:00,Italy,North Italy,IT-NO,327.28,414.27,32.54,28.16,entsoe.eu,false,
2022-11-30 09:00:00,Italy,North Italy,IT-NO,329.21,417.17,32.06,27.88,entsoe.eu,false,
2022-11-30 10:00:00,Italy,North Italy,IT-NO,330.53,419.51,31.3,27.35,entsoe.eu,false,
2022-11-30 11:00:00,Italy,North Italy,IT-NO,341.28,433.84,28.23,25.2,entsoe.eu,false,
2022-11-30 12:00:00,Italy,North Italy,IT-NO,343.37,435.95,28.15,25.31,entsoe.eu,false,
2022-11-30 13:00:00,Italy,North Italy,IT-NO,334.57,423.04,31.27,27.9,entsoe.eu,false,
2022-11-30 14:00:00,Italy,North Italy,IT-NO,334.0,421.65,31.63,28.06,entsoe.eu,false,
2022-11-30 15:00:00,Italy,North Italy,IT-NO,337.69,427.31,29.82,25.05,entsoe.eu,false,
2022-11-30 16:00:00,Italy,North Italy,IT-NO,341.66,429.44,31.28,27.68,entsoe.eu,false,
2022-11-30 17:00:00,Italy,North Italy,IT-NO,341.25,429.14,31.34,28.48,entsoe.eu,false,
2022-11-30 18:00:00,Italy,North Italy,IT-NO,350.42,440.94,29.12,26.09,entsoe.eu,false,
2022-11-30 19:00:00,Italy,North Italy,IT-NO,368.18,464.86,23.88,19.81,entsoe.eu,false,
2022-11-30 20:00:00,Italy,North Italy,IT-NO,386.82,488.66,19.13,15.23,entsoe.eu,false,
2022-11-30 21:00:00,Italy,North Italy,IT-NO,388.13,489.22,20.16,15.93,entsoe.eu,false,
2022-11-30 22:00:00,Italy,North Italy,IT-NO,388.43,489.19,20.73,17.72,entsoe.eu,false,
2022-11-30 23:00:00,Italy,North Italy,IT-NO,378.41,473.26,26.24,19.69,entsoe.eu,false,
2022-12-01 00:00:00,Italy,North Italy,IT-NO,383.67,480.93,24.37,19.93,entsoe.eu,false,
2022-12-01 01:00:00,Italy,North Italy,IT-NO,375.74,469.87,27.36,20.74,entsoe.eu,false,
2022-12-01 02:00:00,Italy,North Italy,IT-NO,374.23,467.21,28.44,20.29,entsoe.eu,false,
2022-12-01 03:00:00,Italy,North Italy,IT-NO,373.72,466.94,28.26,19.88,entsoe.eu,false,
2022-12-01 04:00:00,Italy,North Italy,IT-NO,383.89,481.24,24.15,17.47,entsoe.eu,false,
2022-12-01 05:00:00,Italy,North Italy,IT-NO,392.73,494.94,19.3,15.1,entsoe.eu,false,
2022-12-01 06:00:00,Italy,North Italy,IT-NO,372.79,471.35,22.39,18.41,entsoe.eu,false,
2022-12-01 07:00:00,Italy,North Italy,IT-NO,351.29,444.18,27.5,22.62,entsoe.eu,false,
2022-12-01 08:00:00,Italy,North Italy,IT-NO,347.85,440.15,28.28,23.85,entsoe.eu,false,
2022-12-01 09:00:00,Italy,North Italy,IT-NO,348.8,442.13,27.82,24.28,entsoe.eu,false,
2022-12-01 10:00:00,Italy,North Italy,IT-NO,344.93,437.98,28.11,24.34,entsoe.eu,false,
2022-12-01 11:00:00,Italy,North Italy,IT-NO,364.1,462.05,23.54,20.96,entsoe.eu,false,
2022-12-01 12:00:00,Italy,North Italy,IT-NO,366.39,464.72,23.11,20.09,entsoe.eu,false,
2022-12-01 13:00:00,Italy,North Italy,IT-NO,363.56,460.58,23.96,19.84,entsoe.eu,false,
2022-12-01 14:00:00,Italy,North Italy,IT-NO,347.41,438.86,28.52,23.12,entsoe.eu,false,
2022-12-01 15:00:00,Italy,North Italy,IT-NO,343.32,433.33,29.37,24.83,entsoe.eu,false,
2022-12-01 16:00:00,Italy,North Italy,IT-NO,331.91,418.74,32.07,28.08,entsoe.eu,false,
2022-12-01 17:00:00,Italy,North Italy,IT-NO,344.5,433.79,29.8,26.57,entsoe.eu,false,
2022-12-01 18:00:00,Italy,North Italy,IT-NO,347.96,438.19,29.13,24.98,entsoe.eu,false,
2022-12-01 19:00:00,Italy,North Italy,IT-NO,364.58,457.91,26.34,22.07,entsoe.eu,false,
2022-12-01 20:00:00,Italy,North Italy,IT-NO,389.18,488.89,20.38,18.55,entsoe.eu,false,
2022-12-01 21:00:00,Italy,North Italy,IT-NO,402.32,507.18,16.25,13.52,entsoe.eu,false,
2022-12-01 22:00:00,Italy,North Italy,IT-NO,399.02,501.75,18.45,15.14,entsoe.eu,false,
2022-12-01 23:00:00,Italy,North Italy,IT-NO,389.51,487.53,23.27,15.35,entsoe.eu,false,
2022-12-02 00:00:00,Italy,North Italy,IT-NO,386.19,483.0,24.42,15.54,entsoe.eu,false,
2022-12-02 01:00:00,Italy,North Italy,IT-NO,383.07,477.98,26.24,16.36,entsoe.eu,false,
2022-12-02 02:00:00,Italy,North Italy,IT-NO,377.31,469.26,28.79,16.36,entsoe.eu,false,
2022-12-02 03:00:00,Italy,North Italy,IT-NO,377.15,470.04,28.1,15.7,entsoe.eu,false,
2022-12-02 04:00:00,Italy,North Italy,IT-NO,382.9,479.2,25.35,15.11,entsoe.eu,false,
2022-12-02 05:00:00,Italy,North Italy,IT-NO,382.97,482.76,21.62,14.37,entsoe.eu,false,
2022-12-02 06:00:00,Italy,North Italy,IT-NO,376.42,475.03,22.15,18.26,entsoe.eu,false,
2022-12-02 07:00:00,Italy,North Italy,IT-NO,349.72,440.32,29.23,25.15,entsoe.eu,false,
2022-12-02 08:00:00,Italy,North Italy,IT-NO,343.43,432.78,30.48,26.07,entsoe.eu,false,
2022-12-02 09:00:00,Italy,North Italy,IT-NO,350.48,442.31,28.49,23.16,entsoe.eu,false,
2022-12-02 10:00:00,Italy,North Italy,IT-NO,347.53,438.97,28.83,24.21,entsoe.eu,false,
2022-12-02 11:00:00,Italy,North Italy,IT-NO,356.12,450.17,26.29,22.44,entsoe.eu,false,
2022-12-02 12:00:00,Italy,North Italy,IT-NO,348.99,441.73,27.66,22.35,entsoe.eu,false,
2022-12-02 13:00:00,Italy,North Italy,IT-NO,335.32,423.97,31.18,24.44,entsoe.eu,false,
2022-12-02 14:00:00,Italy,North Italy,IT-NO,329.58,416.2,32.8,25.16,entsoe.eu,false,
2022-12-02 15:00:00,Italy,North Italy,IT-NO,326.07,410.52,34.84,26.97,entsoe.eu,false,
2022-12-02 16:00:00,Italy,North Italy,IT-NO,321.51,404.06,36.81,29.66,entsoe.eu,false,
2022-12-02 17:00:00,Italy,North Italy,IT-NO,336.22,423.62,32.88,27.19,entsoe.eu,false,
2022-12-02 18:00:00,Italy,North Italy,IT-NO,348.61,439.61,29.97,25.85,entsoe.eu,false,
2022-12-02 19:00:00,Italy,North Italy,IT-NO,361.24,455.33,26.33,20.56,entsoe.eu,false,
2022-12-02 20:00:00,Italy,North Italy,IT-NO,364.18,457.02,27.85,18.12,entsoe.eu,false,
2022-12-02 21:00:00,Italy,North Italy,IT-NO,368.4,461.22,28.11,18.77,entsoe.eu,false,
2022-12-02 22:00:00,Italy,North Italy,IT-NO,373.33,466.23,27.88,18.2,entsoe.eu,false,
2022-12-02 23:00:00,Italy,North Italy,IT-NO,345.27,431.04,34.75,19.78,entsoe.eu,false,
2022-12-03 00:00:00,Italy,North Italy,IT-NO,335.08,417.17,38.48,21.67,entsoe.eu,false,
2022-12-03 01:00:00,Italy,North Italy,IT-NO,340.09,423.17,37.42,20.53,entsoe.eu,false,
2022-12-03 02:00:00,Italy,North Italy,IT-NO,338.02,420.07,38.26,20.55,entsoe.eu,false,
2022-12-03 03:00:00,Italy,North Italy,IT-NO,336.06,417.44,38.88,20.23,entsoe.eu,false,
2022-12-03 04:00:00,Italy,North Italy,IT-NO,338.76,421.59,37.81,19.86,entsoe.eu,false,
2022-12-03 05:00:00,Italy,North Italy,IT-NO,347.47,433.32,34.74,18.7,entsoe.eu,false,
2022-12-03 06:00:00,Italy,North Italy,IT-NO,351.81,438.53,33.3,19.56,entsoe.eu,false,
2022-12-03 07:00:00,Italy,North Italy,IT-NO,340.22,424.86,34.72,22.47,entsoe.eu,false,
2022-12-03 08:00:00,Italy,North Italy,IT-NO,324.74,406.13,38.41,27.23,entsoe.eu,false,
2022-12-03 09:00:00,Italy,North Italy,IT-NO,330.5,413.02,37.42,26.23,entsoe.eu,false,
2022-12-03 10:00:00,Italy,North Italy,IT-NO,337.07,422.75,35.2,24.54,entsoe.eu,false,
2022-12-03 11:00:00,Italy,North Italy,IT-NO,346.58,435.08,32.01,22.29,entsoe.eu,false,
2022-12-03 12:00:00,Italy,North Italy,IT-NO,349.16,438.54,31.03,21.24,entsoe.eu,false,
2022-12-03 13:00:00,Italy,North Italy,IT-NO,347.58,436.45,31.56,22.64,entsoe.eu,false,
2022-12-03 14:00:00,Italy,North Italy,IT-NO,343.66,431.86,32.16,21.13,entsoe.eu,false,
2022-12-03 15:00:00,Italy,North Italy,IT-NO,339.61,426.84,32.88,22.52,entsoe.eu,false,
2022-12-03 16:00:00,Italy,North Italy,IT-NO,317.04,397.49,39.0,30.7,entsoe.eu,false,
2022-12-03 17:00:00,Italy,North Italy,IT-NO,317.9,399.55,38.06,29.76,entsoe.eu,false,
2022-12-03 18:00:00,Italy,North Italy,IT-NO,337.59,422.85,34.68,24.23,entsoe.eu,false,
2022-12-03 19:00:00,Italy,North Italy,IT-NO,350.48,438.56,32.29,19.42,entsoe.eu,false,
2022-12-03 20:00:00,Italy,North Italy,IT-NO,352.24,438.87,33.75,18.75,entsoe.eu,false,
2022-12-03 21:00:00,Italy,North Italy,IT-NO,370.4,461.34,30.04,18.26,entsoe.eu,false,
2022-12-03 22:00:00,Italy,North Italy,IT-NO,382.1,476.41,27.13,18.32,entsoe.eu,false,
2022-12-03 23:00:00,Italy,North Italy,IT-NO,368.41,457.35,31.86,21.91,entsoe.eu,false,
2022-12-04 00:00:00,Italy,North Italy,IT-NO,379.19,471.3,29.32,23.07,entsoe.eu,false,
2022-12-04 01:00:00,Italy,North Italy,IT-NO,380.55,472.19,29.77,25.4,entsoe.eu,false,
2022-12-04 02:00:00,Italy,North Italy,IT-NO,360.69,445.63,36.19,26.13,entsoe.eu,false,
2022-12-04 03:00:00,Italy,North Italy,IT-NO,362.94,450.26,33.85,22.42,entsoe.eu,false,
2022-12-04 04:00:00,Italy,North Italy,IT-NO,372.36,463.6,30.24,20.3,entsoe.eu,false,
2022-12-04 05:00:00,Italy,North Italy,IT-NO,356.58,443.02,34.51,21.54,entsoe.eu,false,
2022-12-04 06:00:00,Italy,North Italy,IT-NO,355.52,442.96,33.62,21.58,entsoe.eu,false,
2022-12-04 07:00:00,Italy,North Italy,IT-NO,332.78,416.09,37.35,24.25,entsoe.eu,false,
2022-12-04 08:00:00,Italy,North Italy,IT-NO,330.13,413.44,37.13,27.75,entsoe.eu,false,
2022-12-04 09:00:00,Italy,North Italy,IT-NO,332.48,417.57,35.77,27.58,entsoe.eu,false,
2022-12-04 10:00:00,Italy,North Italy,IT-NO,328.43,413.45,36.18,29.37,entsoe.eu,false,
2022-12-04 11:00:00,Italy,North Italy,IT-NO,325.71,410.79,36.25,30.44,entsoe.eu,false,
2022-12-04 12:00:00,Italy,North Italy,IT-NO,331.23,417.52,35.36,28.41,entsoe.eu,false,
2022-12-04 13:00:00,Italy,North Italy,IT-NO,330.83,416.57,35.7,27.66,entsoe.eu,false,
2022-12-04 14:00:00,Italy,North Italy,IT-NO,330.75,415.91,35.21,25.24,entsoe.eu,false,
2022-12-04 15:00:00,Italy,North Italy,IT-NO,309.85,389.73,40.11,30.35,entsoe.eu,false,
2022-12-04 16:00:00,Italy,North Italy,IT-NO,307.59,384.04,42.58,33.85,entsoe.eu,false,
2022-12-04 17:00:00,Italy,North Italy,IT-NO,301.32,374.53,45.25,37.51,entsoe.eu,false,
2022-12-04 18:00:00,Italy,North Italy,IT-NO,307.62,381.83,44.54,35.33,entsoe.eu,false,
2022-12-04 19:00:00,Italy,North Italy,IT-NO,315.66,391.81,42.66,32.85,entsoe.eu,false,
2022-12-04 20:00:00,Italy,North Italy,IT-NO,330.74,413.95,36.47,24.03,entsoe.eu,false,
2022-12-04 21:00:00,Italy,North Italy,IT-NO,344.13,431.23,33.14,23.22,entsoe.eu,false,
2022-12-04 22:00:00,Italy,North Italy,IT-NO,362.27,453.56,29.71,20.4,entsoe.eu,false,
2022-12-04 23:00:00,Italy,North Italy,IT-NO,340.06,425.37,35.4,24.88,entsoe.eu,false,
2022-12-05 00:00:00,Italy,North Italy,IT-NO,355.48,449.32,28.24,20.9,entsoe.eu,false,
2022-12-05 01:00:00,Italy,North Italy,IT-NO,358.38,452.56,28.02,20.88,entsoe.eu,false,
2022-12-05 02:00:00,Italy,North Italy,IT-NO,334.13,419.77,35.59,22.61,entsoe.eu,false,
2022-12-05 03:00:00,Italy,North Italy,IT-NO,362.25,456.92,27.4,20.25,entsoe.eu,false,
2022-12-05 04:00:00,Italy,North Italy,IT-NO,362.48,456.04,27.98,19.55,entsoe.eu,false,
2022-12-05 05:00:00,Italy,North Italy,IT-NO,373.23,472.53,22.04,19.74,entsoe.eu,false,
2022-12-05 06:00:00,Italy,North Italy,IT-NO,364.18,459.42,25.01,24.07,entsoe.eu,false,
2022-12-05 07:00:00,Italy,North Italy,IT-NO,345.63,436.1,29.28,27.46,entsoe.eu,false,
2022-12-05 08:00:00,Italy,North Italy,IT-NO,343.07,434.85,28.21,25.55,entsoe.eu,false,
2022-12-05 09:00:00,Italy,North Italy,IT-NO,345.04,438.59,26.9,24.05,entsoe.eu,false,
2022-12-05 10:00:00,Italy,North Italy,IT-NO,345.73,440.78,25.83,23.46,entsoe.eu,false,
2022-12-05 11:00:00,Italy,North Italy,IT-NO,348.33,443.95,25.83,24.52,entsoe.eu,false,
2022-12-05 12:00:00,Italy,North Italy,IT-NO,346.31,442.23,25.7,24.46,entsoe.eu,false,
2022-12-05 13:00:00,Italy,North Italy,IT-NO,349.2,445.12,25.01,22.64,entsoe.eu,false,
2022-12-05 14:00:00,Italy,North Italy,IT-NO,351.0,445.76,25.3,21.98,entsoe.eu,false,
2022-12-05 15:00:00,Italy,North Italy,IT-NO,343.19,435.19,27.5,23.22,entsoe.eu,false,
2022-12-05 16:00:00,Italy,North Italy,IT-NO,342.29,433.6,28.27,25.23,entsoe.eu,false,
2022-12-05 17:00:00,Italy,North Italy,IT-NO,355.36,449.23,26.07,24.13,entsoe.eu,false,
2022-12-05 18:00:00,Italy,North Italy,IT-NO,361.67,457.46,24.31,22.29,entsoe.eu,false,
2022-12-05 19:00:00,Italy,North Italy,IT-NO,367.75,466.09,22.03,21.08,entsoe.eu,false,
2022-12-05 20:00:00,Italy,North Italy,IT-NO,368.71,469.5,20.75,19.85,entsoe.eu,false,
2022-12-05 21:00:00,Italy,North Italy,IT-NO,375.8,477.14,20.57,18.46,entsoe.eu,false,
2022-12-05 22:00:00,Italy,North Italy,IT-NO,380.63,481.99,20.42,18.7,entsoe.eu,false,
2022-12-05 23:00:00,Italy,North Italy,IT-NO,386.41,488.41,19.58,18.06,entsoe.eu,false,
2022-12-06 00:00:00,Italy,North Italy,IT-NO,386.19,486.89,20.78,19.08,entsoe.eu,false,
2022-12-06 01:00:00,Italy,North Italy,IT-NO,387.56,487.91,21.07,19.28,entsoe.eu,false,
2022-12-06 02:00:00,Italy,North Italy,IT-NO,387.57,486.7,22.13,20.2,entsoe.eu,false,
2022-12-06 03:00:00,Italy,North Italy,IT-NO,386.05,485.28,22.36,19.22,entsoe.eu,false,
2022-12-06 04:00:00,Italy,North Italy,IT-NO,399.29,502.84,18.09,16.8,entsoe.eu,false,
2022-12-06 05:00:00,Italy,North Italy,IT-NO,404.84,511.08,15.18,14.73,entsoe.eu,false,
2022-12-06 06:00:00,Italy,North Italy,IT-NO,389.56,490.82,19.36,17.82,entsoe.eu,false,
2022-12-06 07:00:00,Italy,North Italy,IT-NO,360.87,454.41,26.24,23.29,entsoe.eu,false,
2022-12-06 08:00:00,Italy,North Italy,IT-NO,352.29,443.82,28.11,25.84,entsoe.eu,false,
2022-12-06 09:00:00,Italy,North Italy,IT-NO,352.38,445.37,27.34,24.6,entsoe.eu,false,
2022-12-06 10:00:00,Italy,North Italy,IT-NO,361.03,456.73,24.9,23.6,entsoe.eu,false,
2022-12-06 11:00:00,Italy,North Italy,IT-NO,368.34,466.38,23.06,21.95,entsoe.eu,false,
2022-12-06 12:00:00,Italy,North Italy,IT-NO,371.65,470.74,22.1,20.93,entsoe.eu,false,
2022-12-06 13:00:00,Italy,North Italy,IT-NO,366.56,463.92,23.4,20.74,entsoe.eu,false,
2022-12-06 14:00:00,Italy,North Italy,IT-NO,357.61,451.9,25.85,22.15,entsoe.eu,false,
2022-12-06 15:00:00,Italy,North Italy,IT-NO,343.81,434.29,28.97,23.63,entsoe.eu,false,
2022-12-06 16:00:00,Italy,North Italy,IT-NO,342.55,431.44,30.15,27.18,entsoe.eu,false,
2022-12-06 17:00:00,Italy,North Italy,IT-NO,350.81,441.88,28.26,25.68,entsoe.eu,false,
2022-12-06 18:00:00,Italy,North Italy,IT-NO,365.44,460.71,24.42,22.74,entsoe.eu,false,
2022-12-06 19:00:00,Italy,North Italy,IT-NO,392.41,495.12,17.79,16.53,entsoe.eu,false,
2022-12-06 20:00:00,Italy,North Italy,IT-NO,405.11,510.73,15.07,13.7,entsoe.eu,false,
2022-12-06 21:00:00,Italy,North Italy,IT-NO,405.37,510.57,15.65,14.17,entsoe.eu,false,
2022-12-06 22:00:00,Italy,North Italy,IT-NO,405.56,509.83,16.6,15.1,entsoe.eu,false,
2022-12-06 23:00:00,Italy,North Italy,IT-NO,411.56,516.99,15.51,13.77,entsoe.eu,false,
2022-12-07 00:00:00,Italy,North Italy,IT-NO,413.52,518.93,15.51,13.7,entsoe.eu,false,
2022-12-07 01:00:00,Italy,North Italy,IT-NO,416.29,521.68,15.64,13.89,entsoe.eu,false,
2022-12-07 02:00:00,Italy,North Italy,IT-NO,415.58,520.13,16.46,14.57,entsoe.eu,false,
2022-12-07 03:00:00,Italy,North Italy,IT-NO,404.86,505.85,19.95,15.9,entsoe.eu,false,
2022-12-07 04:00:00,Italy,North Italy,IT-NO,418.59,526.31,14.04,12.83,entsoe.eu,false,
2022-12-07 05:00:00,Italy,North Italy,IT-NO,407.94,515.35,13.91,13.34,entsoe.eu,false,
2022-12-07 06:00:00,Italy,North Italy,IT-NO,383.41,483.45,20.1,19.03,entsoe.eu,false,
2022-12-07 07:00:00,Italy,North Italy,IT-NO,357.03,449.12,27.07,25.03,entsoe.eu,false,
2022-12-07 08:00:00,Italy,North Italy,IT-NO,350.47,441.35,28.46,27.01,entsoe.eu,false,
2022-12-07 09:00:00,Italy,North Italy,IT-NO,357.12,450.82,26.12,24.97,entsoe.eu,false,
2022-12-07 10:00:00,Italy,North Italy,IT-NO,367.68,465.11,23.12,22.2,entsoe.eu,false,
2022-12-07 11:00:00,Italy,North Italy,IT-NO,375.52,475.29,21.16,20.43,entsoe.eu,false,
2022-12-07 12:00:00,Italy,North Italy,IT-NO,380.51,481.2,20.25,19.35,entsoe.eu,false,
2022-12-07 13:00:00,Italy,North Italy,IT-NO,375.19,474.22,21.05,20.12,entsoe.eu,false,
2022-12-07 14:00:00,Italy,North Italy,IT-NO,368.71,465.16,23.31,22.48,entsoe.eu,false,
2022-12-07 15:00:00,Italy,North Italy,IT-NO,351.59,443.65,27.42,23.89,entsoe.eu,false,
2022-12-07 16:00:00,Italy,North Italy,IT-NO,342.68,432.51,29.52,26.96,entsoe.eu,false,
2022-12-07 17:00:00,Italy,North Italy,IT-NO,348.47,440.0,28.11,25.83,entsoe.eu,false,
2022-12-07 18:00:00,Italy,North Italy,IT-NO,365.25,460.73,24.42,22.2,entsoe.eu,false,
2022-12-07 19:00:00,Italy,North Italy,IT-NO,393.43,496.96,17.39,16.62,entsoe.eu,false,
2022-12-07 20:00:00,Italy,North Italy,IT-NO,405.03,511.38,14.96,14.44,entsoe.eu,false,
2022-12-07 21:00:00,Italy,North Italy,IT-NO,410.88,518.38,14.21,13.77,entsoe.eu,false,
2022-12-07 22:00:00,Italy,North Italy,IT-NO,408.6,513.75,15.96,14.6,entsoe.eu,false,
2022-12-07 23:00:00,Italy,North Italy,IT-NO,405.02,507.2,18.66,17.18,entsoe.eu,false,
2022-12-08 00:00:00,Italy,North Italy,IT-NO,412.63,516.3,17.56,16.03,entsoe.eu,false,
2022-12-08 01:00:00,Italy,North Italy,IT-NO,416.28,521.0,17.16,15.99,entsoe.eu,false,
2022-12-08 02:00:00,Italy,North Italy,IT-NO,413.86,516.31,19.48,17.65,entsoe.eu,false,
2022-12-08 03:00:00,Italy,North Italy,IT-NO,412.43,514.45,20.39,18.24,entsoe.eu,false,
2022-12-08 04:00:00,Italy,North Italy,IT-NO,415.77,519.96,18.24,17.27,entsoe.eu,false,
2022-12-08 05:00:00,Italy,North Italy,IT-NO,414.72,520.74,16.06,15.0,entsoe.eu,false,
2022-12-08 06:00:00,Italy,North Italy,IT-NO,390.1,490.2,21.19,20.66,entsoe.eu,false,
2022-12-08 07:00:00,Italy,North Italy,IT-NO,361.21,453.78,28.1,27.91,entsoe.eu,false,
2022-12-08 08:00:00,Italy,North Italy,IT-NO,363.02,458.45,25.96,25.9,entsoe.eu,false,
2022-12-08 09:00:00,Italy,North Italy,IT-NO,370.3,468.17,24.07,23.87,entsoe.eu,false,
2022-12-08 10:00:00,Italy,North Italy,IT-NO,369.18,466.95,24.49,24.37,entsoe.eu,false,
2022-12-08 11:00:00,Italy,North Italy,IT-NO,369.06,467.59,24.09,24.06,entsoe.eu,false,
2022-12-08 12:00:00,Italy,North Italy,IT-NO,368.51,467.33,24.11,24.09,entsoe.eu,false,
2022-12-08 13:00:00,Italy,North Italy,IT-NO,381.42,482.36,21.49,21.34,entsoe.eu,false,
2022-12-08 14:00:00,Italy,North Italy,IT-NO,394.48,498.32,18.27,18.17,entsoe.eu,false,
2022-12-08 15:00:00,Italy,North Italy,IT-NO,390.85,490.4,21.44,21.4,entsoe.eu,false,
2022-12-08 16:00:00,Italy,North Italy,IT-NO,373.81,468.15,25.75,25.56,entsoe.eu,false,
2022-12-08 17:00:00,Italy,North Italy,IT-NO,372.55,466.14,26.36,26.09,entsoe.eu,false,
2022-12-08 18:00:00,Italy,North Italy,IT-NO,375.63,470.59,25.28,25.15,entsoe.eu,false,
2022-12-08 19:00:00,Italy,North Italy,IT-NO,388.51,486.93,22.27,21.96,entsoe.eu,false,
2022-12-08 20:00:00,Italy,North Italy,IT-NO,400.9,503.7,18.72,18.36,entsoe.eu,false,
2022-12-08 21:00:00,Italy,North Italy,IT-NO,405.55,510.31,17.19,16.35,entsoe.eu,false,
2022-12-08 22:00:00,Italy,North Italy,IT-NO,406.2,510.63,17.74,17.13,entsoe.eu,false,
2022-12-08 23:00:00,Italy,North Italy,IT-NO,401.96,505.98,18.86,18.68,entsoe.eu,false,
2022-12-09 00:00:00,Italy,North Italy,IT-NO,399.81,502.54,20.41,20.19,entsoe.eu,false,
2022-12-09 01:00:00,Italy,North Italy,IT-NO,400.35,503.35,20.27,20.09,entsoe.eu,false,
2022-12-09 02:00:00,Italy,North Italy,IT-NO,395.23,495.4,22.25,21.26,entsoe.eu,false,
2022-12-09 03:00:00,Italy,North Italy,IT-NO,395.04,495.09,22.02,20.68,entsoe.eu,false,
2022-12-09 04:00:00,Italy,North Italy,IT-NO,401.28,505.3,18.79,18.1,entsoe.eu,false,
2022-12-09 05:00:00,Italy,North Italy,IT-NO,401.15,506.57,17.09,16.9,entsoe.eu,false,
2022-12-09 06:00:00,Italy,North Italy,IT-NO,388.11,490.26,19.45,19.43,entsoe.eu,false,
2022-12-09 07:00:00,Italy,North Italy,IT-NO,374.51,471.79,23.13,22.52,entsoe.eu,false,
2022-12-09 08:00:00,Italy,North Italy,IT-NO,366.23,460.4,25.66,24.8,entsoe.eu,false,
2022-12-09 09:00:00,Italy,North Italy,IT-NO,369.34,465.2,24.3,23.5,entsoe.eu,false,
2022-12-09 10:00:00,Italy,North Italy,IT-NO,374.8,472.81,22.63,22.12,entsoe.eu,false,
2022-12-09 11:00:00,Italy,North Italy,IT-NO,372.72,469.26,23.56,22.75,entsoe.eu,false,
2022-12-09 12:00:00,Italy,North Italy,IT-NO,372.15,469.47,23.2,22.8,entsoe.eu,false,
2022-12-09 13:00:00,Italy,North Italy,IT-NO,377.87,476.36,22.05,21.62,entsoe.eu,false,
2022-12-09 14:00:00,Italy,North Italy,IT-NO,382.64,481.49,21.54,20.93,entsoe.eu,false,
2022-12-09 15:00:00,Italy,North Italy,IT-NO,381.45,479.98,21.65,20.93,entsoe.eu,false,
2022-12-09 16:00:00,Italy,North Italy,IT-NO,372.28,467.43,24.4,23.54,entsoe.eu,false,
2022-12-09 17:00:00,Italy,North Italy,IT-NO,371.74,467.08,24.5,23.79,entsoe.eu,false,
2022-12-09 18:00:00,Italy,North Italy,IT-NO,371.86,467.05,24.65,23.9,entsoe.eu,false,
2022-12-09 19:00:00,Italy,North Italy,IT-NO,387.3,487.06,20.74,19.95,entsoe.eu,false,
2022-12-09 20:00:00,Italy,North Italy,IT-NO,400.51,504.85,16.99,16.47,entsoe.eu,false,
2022-12-09 21:00:00,Italy,North Italy,IT-NO,405.77,511.22,16.64,16.42,entsoe.eu,false,
2022-12-09 22:00:00,Italy,North Italy,IT-NO,397.23,498.46,20.25,19.16,entsoe.eu,false,
2022-12-09 23:00:00,Italy,North Italy,IT-NO,391.52,490.65,22.45,21.46,entsoe.eu,false,
2022-12-10 00:00:00,Italy,North Italy,IT-NO,392.58,491.99,22.67,21.97,entsoe.eu,false,
2022-12-10 01:00:00,Italy,North Italy,IT-NO,392.25,490.3,23.91,22.99,entsoe.eu,false,
2022-12-10 02:00:00,Italy,North Italy,IT-NO,386.84,482.75,25.96,24.23,entsoe.eu,false,
2022-12-10 03:00:00,Italy,North Italy,IT-NO,383.86,479.17,27.05,25.22,entsoe.eu,false,
2022-12-10 04:00:00,Italy,North Italy,IT-NO,393.98,492.92,23.53,22.15,entsoe.eu,false,
2022-12-10 05:00:00,Italy,North Italy,IT-NO,387.97,485.65,24.19,21.19,entsoe.eu,false,
2022-12-10 06:00:00,Italy,North Italy,IT-NO,395.79,497.17,20.59,19.15,entsoe.eu,false,
2022-12-10 07:00:00,Italy,North Italy,IT-NO,392.25,494.01,19.89,19.32,entsoe.eu,false,
2022-12-10 08:00:00,Italy,North Italy,IT-NO,382.02,481.99,21.34,20.38,entsoe.eu,false,
2022-12-10 09:00:00,Italy,North Italy,IT-NO,380.85,480.35,21.84,20.71,entsoe.eu,false,
2022-12-10 10:00:00,Italy,North Italy,IT-NO,374.47,471.54,23.81,23.28,entsoe.eu,false,
2022-12-10 11:00:00,Italy,North Italy,IT-NO,379.07,478.47,21.85,21.19,entsoe.eu,false,
2022-12-10 12:00:00,Italy,North Italy,IT-NO,388.27,490.2,19.86,19.16,entsoe.eu,false,
2022-12-10 13:00:00,Italy,North Italy,IT-NO,390.39,493.61,18.95,18.74,entsoe.eu,false,
2022-12-10 14:00:00,Italy,North Italy,IT-NO,386.06,487.83,20.33,20.26,entsoe.eu,false,
2022-12-10 15:00:00,Italy,North Italy,IT-NO,384.08,485.42,20.3,20.2,entsoe.eu,false,
2022-12-10 16:00:00,Italy,North Italy,IT-NO,372.19,470.06,23.12,22.6,entsoe.eu,false,
2022-12-10 17:00:00,Italy,North Italy,IT-NO,371.81,468.76,23.62,22.85,entsoe.eu,false,
2022-12-10 18:00:00,Italy,North Italy,IT-NO,361.99,457.0,25.0,24.04,entsoe.eu,false,
2022-12-10 19:00:00,Italy,North Italy,IT-NO,376.19,474.42,22.37,21.3,entsoe.eu,false,
2022-12-10 20:00:00,Italy,North Italy,IT-NO,390.33,492.44,19.43,18.61,entsoe.eu,false,
2022-12-10 21:00:00,Italy,North Italy,IT-NO,389.76,491.04,20.39,19.39,entsoe.eu,false,
2022-12-10 22:00:00,Italy,North Italy,IT-NO,393.42,493.5,21.08,19.89,entsoe.eu,false,
2022-12-10 23:00:00,Italy,North Italy,IT-NO,383.52,480.94,23.88,22.35,entsoe.eu,false,
2022-12-11 00:00:00,Italy,North Italy,IT-NO,379.97,476.23,24.92,23.21,entsoe.eu,false,
2022-12-11 01:00:00,Italy,North Italy,IT-NO,380.24,475.67,25.6,23.63,entsoe.eu,false,
2022-12-11 02:00:00,Italy,North Italy,IT-NO,377.56,471.57,27.31,25.26,entsoe.eu,false,
2022-12-11 03:00:00,Italy,North Italy,IT-NO,377.24,471.14,27.47,25.45,entsoe.eu,false,
2022-12-11 04:00:00,Italy,North Italy,IT-NO,375.29,468.13,28.49,26.43,entsoe.eu,false,
2022-12-11 05:00:00,Italy,North Italy,IT-NO,372.66,465.88,28.27,25.54,entsoe.eu,false,
2022-12-11 06:00:00,Italy,North Italy,IT-NO,378.97,475.26,25.29,23.42,entsoe.eu,false,
2022-12-11 07:00:00,Italy,North Italy,IT-NO,368.22,462.81,27.02,25.63,entsoe.eu,false,
2022-12-11 08:00:00,Italy,North Italy,IT-NO,354.89,447.59,28.62,27.42,entsoe.eu,false,
2022-12-11 09:00:00,Italy,North Italy,IT-NO,345.6,437.01,30.06,29.05,entsoe.eu,false,
2022-12-11 10:00:00,Italy,North Italy,IT-NO,348.15,439.06,30.3,29.19,entsoe.eu,false,
2022-12-11 11:00:00,Italy,North Italy,IT-NO,350.9,442.81,29.48,28.38,entsoe.eu,false,
2022-12-11 12:00:00,Italy,North Italy,IT-NO,361.18,456.3,26.58,25.37,entsoe.eu,false,
2022-12-11 13:00:00,Italy,North Italy,IT-NO,366.79,462.01,25.97,25.01,entsoe.eu,false,
2022-12-11 14:00:00,Italy,North Italy,IT-NO,364.05,456.62,27.8,26.93,entsoe.eu,false,
2022-12-11 15:00:00,Italy,North Italy,IT-NO,355.12,445.55,29.54,28.74,entsoe.eu,false,
2022-12-11 16:00:00,Italy,North Italy,IT-NO,352.1,441.81,30.08,29.1,entsoe.eu,false,
2022-12-11 17:00:00,Italy,North Italy,IT-NO,352.12,442.67,29.42,28.7,entsoe.eu,false,
2022-12-11 18:00:00,Italy,North Italy,IT-NO,352.92,443.43,29.31,28.03,entsoe.eu,false,
2022-12-11 19:00:00,Italy,North Italy,IT-NO,368.94,463.08,25.87,24.63,entsoe.eu,false,
2022-12-11 20:00:00,Italy,North Italy,IT-NO,375.31,471.68,24.02,22.74,entsoe.eu,false,
2022-12-11 21:00:00,Italy,North Italy,IT-NO,384.74,484.05,22.13,20.83,entsoe.eu,false,
2022-12-11 22:00:00,Italy,North Italy,IT-NO,393.14,493.11,21.33,19.89,entsoe.eu,false,
2022-12-11 23:00:00,Italy,North Italy,IT-NO,396.8,496.83,21.63,20.42,entsoe.eu,false,
2022-12-12 00:00:00,Italy,North Italy,IT-NO,393.51,491.85,23.21,21.77,entsoe.eu,false,
2022-12-12 01:00:00,Italy,North Italy,IT-NO,397.7,496.86,22.37,20.95,entsoe.eu,false,
2022-12-12 02:00:00,Italy,North Italy,IT-NO,400.0,499.03,22.65,21.07,entsoe.eu,false,
2022-12-12 03:00:00,Italy,North Italy,IT-NO,403.33,503.51,21.89,20.52,entsoe.eu,false,
2022-12-12 04:00:00,Italy,North Italy,IT-NO,407.04,509.64,19.24,18.06,entsoe.eu,false,
2022-12-12 05:00:00,Italy,North Italy,IT-NO,408.15,514.64,15.4,15.24,entsoe.eu,false,
2022-12-12 06:00:00,Italy,North Italy,IT-NO,389.99,492.16,18.72,18.65,entsoe.eu,false,
2022-12-12 07:00:00,Italy,North Italy,IT-NO,368.38,464.21,24.2,24.09,entsoe.eu,false,
2022-12-12 08:00:00,Italy,North Italy,IT-NO,359.16,452.48,26.56,25.98,entsoe.eu,false,
2022-12-12 09:00:00,Italy,North Italy,IT-NO,355.75,451.31,25.28,24.79,entsoe.eu,false,
2022-12-12 10:00:00,Italy,North Italy,IT-NO,350.86,446.48,25.93,25.73,entsoe.eu,false,
2022-12-12 11:00:00,Italy,North Italy,IT-NO,350.58,446.35,26.08,26.07,entsoe.eu,false,
2022-12-12 12:00:00,Italy,North Italy,IT-NO,368.18,468.21,22.04,22.03,entsoe.eu,false,
2022-12-12 13:00:00,Italy,North Italy,IT-NO,368.22,467.47,22.22,21.22,entsoe.eu,false,
2022-12-12 14:00:00,Italy,North Italy,IT-NO,372.14,469.78,22.45,20.64,entsoe.eu,false,
2022-12-12 15:00:00,Italy,North Italy,IT-NO,365.15,460.27,24.25,21.87,entsoe.eu,false,
2022-12-12 16:00:00,Italy,North Italy,IT-NO,372.22,466.89,24.57,23.96,entsoe.eu,false,
2022-12-12 17:00:00,Italy,North Italy,IT-NO,376.06,472.34,23.18,22.53,entsoe.eu,false,
2022-12-12 18:00:00,Italy,North Italy,IT-NO,377.79,477.07,20.86,20.21,entsoe.eu,false,
2022-12-12 19:00:00,Italy,North Italy,IT-NO,391.6,494.92,17.64,17.28,entsoe.eu,false,
2022-12-12 20:00:00,Italy,North Italy,IT-NO,407.21,514.79,14.14,13.82,entsoe.eu,false,
2022-12-12 21:00:00,Italy,North Italy,IT-NO,411.36,518.58,14.48,13.69,entsoe.eu,false,
2022-12-12 22:00:00,Italy,North Italy,IT-NO,410.1,515.77,15.81,14.61,entsoe.eu,false,
2022-12-12 23:00:00,Italy,North Italy,IT-NO,409.03,512.83,17.47,15.97,entsoe.eu,false,
2022-12-13 00:00:00,Italy,North Italy,IT-NO,406.38,508.07,19.5,16.98,entsoe.eu,false,
2022-12-13 01:00:00,Italy,North Italy,IT-NO,406.65,507.58,20.45,17.62,entsoe.eu,false,
2022-12-13 02:00:00,Italy,North Italy,IT-NO,407.22,507.68,20.82,17.73,entsoe.eu,false,
2022-12-13 03:00:00,Italy,North Italy,IT-NO,406.02,507.4,20.31,17.16,entsoe.eu,false,
2022-12-13 04:00:00,Italy,North Italy,IT-NO,412.54,517.74,16.54,14.77,entsoe.eu,false,
2022-12-13 05:00:00,Italy,North Italy,IT-NO,415.02,524.49,12.7,12.28,entsoe.eu,false,
2022-12-13 06:00:00,Italy,North Italy,IT-NO,378.41,477.7,21.52,19.85,entsoe.eu,false,
2022-12-13 07:00:00,Italy,North Italy,IT-NO,348.52,439.61,28.56,25.74,entsoe.eu,false,
2022-12-13 08:00:00,Italy,North Italy,IT-NO,336.93,424.52,31.64,27.73,entsoe.eu,false,
2022-12-13 09:00:00,Italy,North Italy,IT-NO,335.28,422.84,31.68,27.13,entsoe.eu,false,
2022-12-13 10:00:00,Italy,North Italy,IT-NO,339.39,426.56,31.92,27.61,entsoe.eu,false,
2022-12-13 11:00:00,Italy,North Italy,IT-NO,356.81,449.6,27.01,24.25,entsoe.eu,false,
2022-12-13 12:00:00,Italy,North Italy,IT-NO,358.97,452.71,26.17,22.6,entsoe.eu,false,
2022-12-13 13:00:00,Italy,North Italy,IT-NO,346.42,436.76,29.33,25.66,entsoe.eu,false,
2022-12-13 14:00:00,Italy,North Italy,IT-NO,350.39,438.36,30.96,28.15,entsoe.eu,false,
2022-12-13 15:00:00,Italy,North Italy,IT-NO,349.49,437.52,30.81,28.26,entsoe.eu,false,
2022-12-13 16:00:00,Italy,North Italy,IT-NO,355.2,444.53,29.59,28.63,entsoe.eu,false,
2022-12-13 17:00:00,Italy,North Italy,IT-NO,353.67,444.05,28.99,27.48,entsoe.eu,false,
2022-12-13 18:00:00,Italy,North Italy,IT-NO,360.66,455.35,25.41,23.59,entsoe.eu,false,
2022-12-13 19:00:00,Italy,North Italy,IT-NO,389.62,492.0,18.48,17.75,entsoe.eu,false,
2022-12-13 20:00:00,Italy,North Italy,IT-NO,402.31,507.46,15.78,14.8,entsoe.eu,false,
2022-12-13 21:00:00,Italy,North Italy,IT-NO,407.81,513.57,15.49,14.45,entsoe.eu,false,
2022-12-13 22:00:00,Italy,North Italy,IT-NO,407.56,512.52,16.28,15.03,entsoe.eu,false,
2022-12-13 23:00:00,Italy,North Italy,IT-NO,408.22,511.82,17.24,15.69,entsoe.eu,false,
2022-12-14 00:00:00,Italy,North Italy,IT-NO,409.66,512.2,18.2,16.47,entsoe.eu,false,
2022-12-14 01:00:00,Italy,North Italy,IT-NO,410.55,512.58,18.74,17.05,entsoe.eu,false,
2022-12-14 02:00:00,Italy,North Italy,IT-NO,406.49,506.36,20.85,18.45,entsoe.eu,false,
2022-12-14 03:00:00,Italy,North Italy,IT-NO,408.07,509.24,20.12,17.94,entsoe.eu,false,
2022-12-14 04:00:00,Italy,North Italy,IT-NO,415.53,520.51,16.27,14.88,entsoe.eu,false,
2022-12-14 05:00:00,Italy,North Italy,IT-NO,415.31,523.26,13.36,12.96,entsoe.eu,false,
2022-12-14 06:00:00,Italy,North Italy,IT-NO,388.95,490.17,19.28,16.93,entsoe.eu,false,
2022-12-14 07:00:00,Italy,North Italy,IT-NO,359.09,452.33,26.13,22.42,entsoe.eu,false,
2022-12-14 08:00:00,Italy,North Italy,IT-NO,347.02,437.29,28.8,24.1,entsoe.eu,false,
2022-12-14 09:00:00,Italy,North Italy,IT-NO,341.85,431.33,29.68,24.32,entsoe.eu,false,
2022-12-14 10:00:00,Italy,North Italy,IT-NO,346.11,436.67,28.75,24.23,entsoe.eu,false,
2022-12-14 11:00:00,Italy,North Italy,IT-NO,373.31,470.26,23.17,21.09,entsoe.eu,false,
2022-12-14 12:00:00,Italy,North Italy,IT-NO,369.51,467.22,22.81,20.14,entsoe.eu,false,
2022-12-14 13:00:00,Italy,North Italy,IT-NO,355.77,447.29,28.18,25.03,entsoe.eu,false,
2022-12-14 14:00:00,Italy,North Italy,IT-NO,367.0,460.7,25.73,23.51,entsoe.eu,false,
2022-12-14 15:00:00,Italy,North Italy,IT-NO,368.72,464.02,24.19,21.53,entsoe.eu,false,
2022-12-14 16:00:00,Italy,North Italy,IT-NO,369.39,464.44,24.3,22.21,entsoe.eu,false,
2022-12-14 17:00:00,Italy,North Italy,IT-NO,372.45,469.54,22.49,20.72,entsoe.eu,false,
2022-12-14 18:00:00,Italy,North Italy,IT-NO,380.39,480.02,20.21,18.03,entsoe.eu,false,
2022-12-14 19:00:00,Italy,North Italy,IT-NO,393.85,497.66,16.69,15.47,entsoe.eu,false,
2022-12-14 20:00:00,Italy,North Italy,IT-NO,401.43,507.64,14.92,14.52,entsoe.eu,false,
2022-12-14 21:00:00,Italy,North Italy,IT-NO,406.65,514.08,14.22,14.08,entsoe.eu,false,
2022-12-14 22:00:00,Italy,North Italy,IT-NO,403.54,507.53,17.43,16.52,entsoe.eu,false,
2022-12-14 23:00:00,Italy,North Italy,IT-NO,392.38,492.78,21.14,18.97,entsoe.eu,false,
2022-12-15 00:00:00,Italy,North Italy,IT-NO,382.14,479.54,24.43,19.83,entsoe.eu,false,
2022-12-15 01:00:00,Italy,North Italy,IT-NO,384.8,482.91,23.3,18.17,entsoe.eu,false,
2022-12-15 02:00:00,Italy,North Italy,IT-NO,373.96,468.91,26.16,17.92,entsoe.eu,false,
2022-12-15 03:00:00,Italy,North Italy,IT-NO,372.73,467.46,26.32,17.59,entsoe.eu,false,
2022-12-15 04:00:00,Italy,North Italy,IT-NO,385.35,483.85,22.61,16.34,entsoe.eu,false,
2022-12-15 05:00:00,Italy,North Italy,IT-NO,410.4,517.46,14.32,13.59,entsoe.eu,false,
2022-12-15 06:00:00,Italy,North Italy,IT-NO,388.29,490.4,18.28,16.27,entsoe.eu,false,
2022-12-15 07:00:00,Italy,North Italy,IT-NO,360.19,454.0,25.86,22.35,entsoe.eu,false,
2022-12-15 08:00:00,Italy,North Italy,IT-NO,345.73,437.86,27.71,23.36,entsoe.eu,false,
2022-12-15 09:00:00,Italy,North Italy,IT-NO,348.62,441.92,26.67,22.41,entsoe.eu,false,
2022-12-15 10:00:00,Italy,North Italy,IT-NO,351.21,444.46,26.83,23.27,entsoe.eu,false,
2022-12-15 11:00:00,Italy,North Italy,IT-NO,375.26,470.98,24.08,22.05,entsoe.eu,false,
2022-12-15 12:00:00,Italy,North Italy,IT-NO,370.9,465.64,24.99,22.47,entsoe.eu,false,
2022-12-15 13:00:00,Italy,North Italy,IT-NO,358.83,451.23,27.5,24.47,entsoe.eu,false,
2022-12-15 14:00:00,Italy,North Italy,IT-NO,359.07,452.24,26.9,23.11,entsoe.eu,false,
2022-12-15 15:00:00,Italy,North Italy,IT-NO,352.32,443.44,28.63,24.45,entsoe.eu,false,
2022-12-15 16:00:00,Italy,North Italy,IT-NO,351.39,442.36,28.69,25.49,entsoe.eu,false,
2022-12-15 17:00:00,Italy,North Italy,IT-NO,359.36,453.52,26.08,23.76,entsoe.eu,false,
2022-12-15 18:00:00,Italy,North Italy,IT-NO,371.92,470.25,22.41,19.49,entsoe.eu,false,
2022-12-15 19:00:00,Italy,North Italy,IT-NO,374.29,473.2,22.07,19.76,entsoe.eu,false,
2022-12-15 20:00:00,Italy,North Italy,IT-NO,378.33,477.48,21.83,20.77,entsoe.eu,false,
2022-12-15 21:00:00,Italy,North Italy,IT-NO,386.64,487.62,20.47,19.47,entsoe.eu,false,
2022-12-15 22:00:00,Italy,North Italy,IT-NO,380.99,479.11,23.26,21.11,entsoe.eu,false,
2022-12-15 23:00:00,Italy,North Italy,IT-NO,374.51,471.43,24.56,20.4,entsoe.eu,false,
2022-12-16 00:00:00,Italy,North Italy,IT-NO,367.83,461.76,27.68,23.19,entsoe.eu,false,
2022-12-16 01:00:00,Italy,North Italy,IT-NO,370.25,464.35,27.07,21.6,entsoe.eu,false,
2022-12-16 02:00:00,Italy,North Italy,IT-NO,357.35,447.15,30.74,21.57,entsoe.eu,false,
2022-12-16 03:00:00,Italy,North Italy,IT-NO,365.12,457.82,28.27,20.32,entsoe.eu,false,
2022-12-16 04:00:00,Italy,North Italy,IT-NO,376.65,474.7,23.51,17.42,entsoe.eu,false,
2022-12-16 05:00:00,Italy,North Italy,IT-NO,392.93,497.59,17.06,14.85,entsoe.eu,false,
2022-12-16 06:00:00,Italy,North Italy,IT-NO,380.44,481.6,19.39,16.84,entsoe.eu,false,
2022-12-16 07:00:00,Italy,North Italy,IT-NO,358.08,450.71,26.56,24.13,entsoe.eu,false,
2022-12-16 08:00:00,Italy,North Italy,IT-NO,354.25,445.91,27.3,24.82,entsoe.eu,false,
2022-12-16 09:00:00,Italy,North Italy,IT-NO,358.59,452.4,25.5,22.64,entsoe.eu,false,
2022-12-16 10:00:00,Italy,North Italy,IT-NO,357.47,451.0,25.86,22.24,entsoe.eu,false,
2022-12-16 11:00:00,Italy,North Italy,IT-NO,363.77,460.43,23.64,20.33,entsoe.eu,false,
2022-12-16 12:00:00,Italy,North Italy,IT-NO,364.24,461.81,22.88,19.02,entsoe.eu,false,
2022-12-16 13:00:00,Italy,North Italy,IT-NO,368.79,467.63,21.56,17.71,entsoe.eu,false,
2022-12-16 14:00:00,Italy,North Italy,IT-NO,372.32,471.83,20.74,17.02,entsoe.eu,false,
2022-12-16 15:00:00,Italy,North Italy,IT-NO,363.47,460.11,23.17,20.11,entsoe.eu,false,
2022-12-16 16:00:00,Italy,North Italy,IT-NO,357.79,450.85,25.86,23.26,entsoe.eu,false,
2022-12-16 17:00:00,Italy,North Italy,IT-NO,360.79,454.5,25.24,22.98,entsoe.eu,false,
2022-12-16 18:00:00,Italy,North Italy,IT-NO,374.18,471.47,22.08,20.47,entsoe.eu,false,
2022-12-16 19:00:00,Italy,North Italy,IT-NO,380.46,479.63,20.8,19.86,entsoe.eu,false,
2022-12-16 20:00:00,Italy,North Italy,IT-NO,381.22,480.35,21.08,19.69,entsoe.eu,false,
2022-12-16 21:00:00,Italy,North Italy,IT-NO,381.41,481.8,21.01,19.61,entsoe.eu,false,
2022-12-16 22:00:00,Italy,North Italy,IT-NO,379.3,477.88,22.95,21.98,entsoe.eu,false,
2022-12-16 23:00:00,Italy,North Italy,IT-NO,344.5,433.25,32.18,26.11,entsoe.eu,false,
2022-12-17 00:00:00,Italy,North Italy,IT-NO,338.13,423.87,34.94,27.44,entsoe.eu,false,
2022-12-17 01:00:00,Italy,North Italy,IT-NO,332.98,417.24,36.8,29.44,entsoe.eu,false,
2022-12-17 02:00:00,Italy,North Italy,IT-NO,326.56,410.35,38.05,29.27,entsoe.eu,false,
2022-12-17 03:00:00,Italy,North Italy,IT-NO,327.65,410.9,38.15,27.72,entsoe.eu,false,
2022-12-17 04:00:00,Italy,North Italy,IT-NO,336.51,421.07,36.72,26.6,entsoe.eu,false,
2022-12-17 05:00:00,Italy,North Italy,IT-NO,334.77,419.54,36.3,23.58,entsoe.eu,false,
2022-12-17 06:00:00,Italy,North Italy,IT-NO,330.35,415.11,35.79,21.73,entsoe.eu,false,
2022-12-17 07:00:00,Italy,North Italy,IT-NO,338.17,425.64,32.83,21.36,entsoe.eu,false,
2022-12-17 08:00:00,Italy,North Italy,IT-NO,325.54,407.48,37.66,29.17,entsoe.eu,false,
2022-12-17 09:00:00,Italy,North Italy,IT-NO,338.1,419.84,37.84,34.89,entsoe.eu,false,
2022-12-17 10:00:00,Italy,North Italy,IT-NO,348.19,436.0,33.24,29.96,entsoe.eu,false,
2022-12-17 11:00:00,Italy,North Italy,IT-NO,337.19,424.81,34.14,27.68,entsoe.eu,false,
2022-12-17 12:00:00,Italy,North Italy,IT-NO,328.22,412.29,37.31,28.12,entsoe.eu,false,
2022-12-17 13:00:00,Italy,North Italy,IT-NO,344.22,431.93,33.3,24.32,entsoe.eu,false,
2022-12-17 14:00:00,Italy,North Italy,IT-NO,368.05,462.33,26.76,19.58,entsoe.eu,false,
2022-12-17 15:00:00,Italy,North Italy,IT-NO,368.99,462.61,27.09,21.44,entsoe.eu,false,
2022-12-17 16:00:00,Italy,North Italy,IT-NO,344.38,429.35,34.14,27.85,entsoe.eu,false,
2022-12-17 17:00:00,Italy,North Italy,IT-NO,324.31,402.22,40.17,33.71,entsoe.eu,false,
2022-12-17 18:00:00,Italy,North Italy,IT-NO,318.35,396.95,40.02,30.94,entsoe.eu,false,
2022-12-17 19:00:00,Italy,North Italy,IT-NO,339.06,423.49,35.05,26.75,entsoe.eu,false,
2022-12-17 20:00:00,Italy,North Italy,IT-NO,337.46,423.86,33.8,22.91,entsoe.eu,false,
2022-12-17 21:00:00,Italy,North Italy,IT-NO,350.91,440.49,30.76,20.69,entsoe.eu,false,
2022-12-17 22:00:00,Italy,North Italy,IT-NO,354.41,445.33,29.78,22.59,entsoe.eu,false,
2022-12-17 23:00:00,Italy,North Italy,IT-NO,343.55,430.44,33.46,23.8,entsoe.eu,false,
2022-12-18 00:00:00,Italy,North Italy,IT-NO,352.07,439.75,32.94,24.06,entsoe.eu,false,
2022-12-18 01:00:00,Italy,North Italy,IT-NO,350.82,435.8,35.68,26.75,entsoe.eu,false,
2022-12-18 02:00:00,Italy,North Italy,IT-NO,345.43,428.53,37.69,27.15,entsoe.eu,false,
2022-12-18 03:00:00,Italy,North Italy,IT-NO,335.38,416.41,39.99,27.2,entsoe.eu,false,
2022-12-18 04:00:00,Italy,North Italy,IT-NO,330.87,410.86,40.92,26.54,entsoe.eu,false,
2022-12-18 05:00:00,Italy,North Italy,IT-NO,324.63,402.07,42.82,25.89,entsoe.eu,false,
2022-12-18 06:00:00,Italy,North Italy,IT-NO,315.49,390.2,45.18,27.98,entsoe.eu,false,
2022-12-18 07:00:00,Italy,North Italy,IT-NO,305.53,379.44,46.51,31.16,entsoe.eu,false,
2022-12-18 08:00:00,Italy,North Italy,IT-NO,306.46,381.62,45.14,32.1,entsoe.eu,false,
2022-12-18 09:00:00,Italy,North Italy,IT-NO,289.68,362.7,47.74,36.41,entsoe.eu,false,
2022-12-18 10:00:00,Italy,North Italy,IT-NO,289.88,364.29,46.88,39.4,entsoe.eu,false,
2022-12-18 11:00:00,Italy,North Italy,IT-NO,287.17,361.18,47.07,41.01,entsoe.eu,false,
2022-12-18 12:00:00,Italy,North Italy,IT-NO,282.98,355.36,48.33,39.97,entsoe.eu,false,
2022-12-18 13:00:00,Italy,North Italy,IT-NO,293.48,367.56,46.23,33.93,entsoe.eu,false,
2022-12-18 14:00:00,Italy,North Italy,IT-NO,296.74,370.42,46.03,29.28,entsoe.eu,false,
2022-12-18 15:00:00,Italy,North Italy,IT-NO,293.64,365.73,46.89,28.87,entsoe.eu,false,
2022-12-18 16:00:00,Italy,North Italy,IT-NO,276.29,341.28,53.02,39.21,entsoe.eu,false,
2022-12-18 17:00:00,Italy,North Italy,IT-NO,264.91,329.57,53.66,38.2,entsoe.eu,false,
2022-12-18 18:00:00,Italy,North Italy,IT-NO,271.89,337.16,52.74,36.94,entsoe.eu,false,
2022-12-18 19:00:00,Italy,North Italy,IT-NO,269.54,336.43,51.3,34.15,entsoe.eu,false,
2022-12-18 20:00:00,Italy,North Italy,IT-NO,296.26,368.53,46.42,28.05,entsoe.eu,false,
2022-12-18 21:00:00,Italy,North Italy,IT-NO,311.51,388.76,42.04,23.37,entsoe.eu,false,
2022-12-18 22:00:00,Italy,North Italy,IT-NO,312.56,388.94,42.96,23.69,entsoe.eu,false,
2022-12-18 23:00:00,Italy,North Italy,IT-NO,297.77,369.83,47.23,27.37,entsoe.eu,false,
2022-12-19 00:00:00,Italy,North Italy,IT-NO,302.73,375.38,47.51,30.04,entsoe.eu,false,
2022-12-19 01:00:00,Italy,North Italy,IT-NO,300.71,371.93,48.36,29.61,entsoe.eu,false,
2022-12-19 02:00:00,Italy,North Italy,IT-NO,306.66,379.37,46.92,29.02,entsoe.eu,false,
2022-12-19 03:00:00,Italy,North Italy,IT-NO,307.93,381.23,46.23,28.32,entsoe.eu,false,
2022-12-19 04:00:00,Italy,North Italy,IT-NO,329.15,408.4,40.3,25.42,entsoe.eu,false,
2022-12-19 05:00:00,Italy,North Italy,IT-NO,333.98,417.35,36.25,22.8,entsoe.eu,false,
2022-12-19 06:00:00,Italy,North Italy,IT-NO,331.67,417.28,33.65,21.25,entsoe.eu,false,
2022-12-19 07:00:00,Italy,North Italy,IT-NO,317.87,399.3,37.07,26.16,entsoe.eu,false,
2022-12-19 08:00:00,Italy,North Italy,IT-NO,317.97,400.36,36.39,26.0,entsoe.eu,false,
2022-12-19 09:00:00,Italy,North Italy,IT-NO,328.4,413.73,33.99,23.81,entsoe.eu,false,
2022-12-19 10:00:00,Italy,North Italy,IT-NO,331.64,416.48,34.54,24.34,entsoe.eu,false,
2022-12-19 11:00:00,Italy,North Italy,IT-NO,332.3,417.23,34.38,22.7,entsoe.eu,false,
2022-12-19 12:00:00,Italy,North Italy,IT-NO,334.19,419.86,33.56,21.56,entsoe.eu,false,
2022-12-19 13:00:00,Italy,North Italy,IT-NO,335.48,421.22,33.04,20.46,entsoe.eu,false,
2022-12-19 14:00:00,Italy,North Italy,IT-NO,324.41,408.6,34.6,21.62,entsoe.eu,false,
2022-12-19 15:00:00,Italy,North Italy,IT-NO,311.06,391.53,37.96,24.69,entsoe.eu,false,
2022-12-19 16:00:00,Italy,North Italy,IT-NO,307.64,387.86,38.3,25.89,entsoe.eu,false,
2022-12-19 17:00:00,Italy,North Italy,IT-NO,311.39,392.17,37.84,26.3,entsoe.eu,false,
2022-12-19 18:00:00,Italy,North Italy,IT-NO,315.22,396.9,36.82,24.97,entsoe.eu,false,
2022-12-19 19:00:00,Italy,North Italy,IT-NO,322.86,406.21,35.67,22.05,entsoe.eu,false,
2022-12-19 20:00:00,Italy,North Italy,IT-NO,325.93,409.36,35.52,20.18,entsoe.eu,false,
2022-12-19 21:00:00,Italy,North Italy,IT-NO,323.02,404.78,37.51,21.75,entsoe.eu,false,
2022-12-19 22:00:00,Italy,North Italy,IT-NO,317.54,396.01,40.37,22.63,entsoe.eu,false,
2022-12-19 23:00:00,Italy,North Italy,IT-NO,316.99,397.24,39.46,21.92,entsoe.eu,false,
2022-12-20 00:00:00,Italy,North Italy,IT-NO,317.16,396.01,40.62,22.6,entsoe.eu,false,
2022-12-20 01:00:00,Italy,North Italy,IT-NO,322.45,401.44,40.35,22.92,entsoe.eu,false,
2022-12-20 02:00:00,Italy,North Italy,IT-NO,321.1,399.5,40.86,23.22,entsoe.eu,false,
2022-12-20 03:00:00,Italy,North Italy,IT-NO,318.94,397.78,40.41,22.65,entsoe.eu,false,
2022-12-20 04:00:00,Italy,North Italy,IT-NO,327.74,410.17,37.09,20.62,entsoe.eu,false,
2022-12-20 05:00:00,Italy,North Italy,IT-NO,330.32,415.02,34.76,19.49,entsoe.eu,false,
2022-12-20 06:00:00,Italy,North Italy,IT-NO,327.06,412.41,33.92,20.33,entsoe.eu,false,
2022-12-20 07:00:00,Italy,North Italy,IT-NO,308.45,388.2,39.06,26.25,entsoe.eu,false,
2022-12-20 08:00:00,Italy,North Italy,IT-NO,313.09,393.68,38.4,26.56,entsoe.eu,false,
2022-12-20 09:00:00,Italy,North Italy,IT-NO,315.74,395.41,39.12,27.44,entsoe.eu,false,
2022-12-20 10:00:00,Italy,North Italy,IT-NO,320.58,403.24,36.74,25.38,entsoe.eu,false,
2022-12-20 11:00:00,Italy,North Italy,IT-NO,330.54,417.06,33.29,21.89,entsoe.eu,false,
2022-12-20 12:00:00,Italy,North Italy,IT-NO,327.69,413.56,34.05,22.4,entsoe.eu,false,
2022-12-20 13:00:00,Italy,North Italy,IT-NO,324.36,408.07,35.73,23.59,entsoe.eu,false,
2022-12-20 14:00:00,Italy,North Italy,IT-NO,319.85,402.26,36.61,23.54,entsoe.eu,false,
2022-12-20 15:00:00,Italy,North Italy,IT-NO,309.63,389.92,38.58,25.67,entsoe.eu,false,
2022-12-20 16:00:00,Italy,North Italy,IT-NO,304.66,383.14,40.08,27.46,entsoe.eu,false,
2022-12-20 17:00:00,Italy,North Italy,IT-NO,304.81,384.96,38.8,26.38,entsoe.eu,false,
2022-12-20 18:00:00,Italy,North Italy,IT-NO,310.14,391.68,37.39,24.77,entsoe.eu,false,
2022-12-20 19:00:00,Italy,North Italy,IT-NO,326.5,411.38,34.19,19.39,entsoe.eu,false,
2022-12-20 20:00:00,Italy,North Italy,IT-NO,335.71,422.1,32.61,17.06,entsoe.eu,false,
2022-12-20 21:00:00,Italy,North Italy,IT-NO,334.16,418.44,34.98,18.25,entsoe.eu,false,
2022-12-20 22:00:00,Italy,North Italy,IT-NO,329.92,411.3,37.62,18.57,entsoe.eu,false,
2022-12-20 23:00:00,Italy,North Italy,IT-NO,342.34,425.18,36.92,18.58,entsoe.eu,false,
2022-12-21 00:00:00,Italy,North Italy,IT-NO,353.57,436.81,36.4,18.85,entsoe.eu,false,
2022-12-21 01:00:00,Italy,North Italy,IT-NO,359.42,442.86,36.19,19.13,entsoe.eu,false,
2022-12-21 02:00:00,Italy,North Italy,IT-NO,347.56,428.32,38.53,19.48,entsoe.eu,false,
2022-12-21 03:00:00,Italy,North Italy,IT-NO,338.1,417.51,39.8,19.76,entsoe.eu,false,
2022-12-21 04:00:00,Italy,North Italy,IT-NO,337.09,418.75,37.81,18.12,entsoe.eu,false,
2022-12-21 05:00:00,Italy,North Italy,IT-NO,329.58,412.1,36.49,17.31,entsoe.eu,false,
2022-12-21 06:00:00,Italy,North Italy,IT-NO,328.11,411.25,35.3,18.81,entsoe.eu,false,
2022-12-21 07:00:00,Italy,North Italy,IT-NO,306.29,385.22,39.48,25.51,entsoe.eu,false,
2022-12-21 08:00:00,Italy,North Italy,IT-NO,310.95,390.26,39.12,26.21,entsoe.eu,false,
2022-12-21 09:00:00,Italy,North Italy,IT-NO,317.19,397.25,38.58,25.66,entsoe.eu,false,
2022-12-21 10:00:00,Italy,North Italy,IT-NO,320.93,401.78,37.79,24.82,entsoe.eu,false,
2022-12-21 11:00:00,Italy,North Italy,IT-NO,331.08,416.34,34.04,22.01,entsoe.eu,false,
2022-12-21 12:00:00,Italy,North Italy,IT-NO,325.38,409.29,35.28,22.05,entsoe.eu,false,
2022-12-21 13:00:00,Italy,North Italy,IT-NO,321.49,404.08,36.2,22.21,entsoe.eu,false,
2022-12-21 14:00:00,Italy,North Italy,IT-NO,321.09,402.74,36.85,22.58,entsoe.eu,false,
2022-12-21 15:00:00,Italy,North Italy,IT-NO,300.18,377.76,40.63,26.62,entsoe.eu,false,
2022-12-21 16:00:00,Italy,North Italy,IT-NO,302.69,380.31,40.59,27.78,entsoe.eu,false,
2022-12-21 17:00:00,Italy,North Italy,IT-NO,311.39,390.47,39.3,26.66,entsoe.eu,false,
2022-12-21 18:00:00,Italy,North Italy,IT-NO,319.15,398.83,38.84,25.19,entsoe.eu,false,
2022-12-21 19:00:00,Italy,North Italy,IT-NO,332.58,417.4,34.36,20.39,entsoe.eu,false,
2022-12-21 20:00:00,Italy,North Italy,IT-NO,329.68,413.08,35.76,20.08,entsoe.eu,false,
2022-12-21 21:00:00,Italy,North Italy,IT-NO,334.36,418.8,35.34,19.48,entsoe.eu,false,
2022-12-21 22:00:00,Italy,North Italy,IT-NO,341.08,425.34,35.66,19.67,entsoe.eu,false,
2022-12-21 23:00:00,Italy,North Italy,IT-NO,304.07,377.82,45.19,23.37,entsoe.eu,false,
2022-12-22 00:00:00,Italy,North Italy,IT-NO,310.26,385.14,43.71,21.65,entsoe.eu,false,
2022-12-22 01:00:00,Italy,North Italy,IT-NO,320.9,398.4,41.39,20.9,entsoe.eu,false,
2022-12-22 02:00:00,Italy,North Italy,IT-NO,317.69,395.68,41.2,21.29,entsoe.eu,false,
2022-12-22 03:00:00,Italy,North Italy,IT-NO,306.08,381.78,43.23,21.6,entsoe.eu,false,
2022-12-22 04:00:00,Italy,North Italy,IT-NO,297.83,371.66,45.14,22.53,entsoe.eu,false,
2022-12-22 05:00:00,Italy,North Italy,IT-NO,311.96,391.77,39.24,20.65,entsoe.eu,false,
2022-12-22 06:00:00,Italy,North Italy,IT-NO,307.16,381.9,43.15,27.84,entsoe.eu,false,
2022-12-22 07:00:00,Italy,North Italy,IT-NO,292.63,363.25,46.78,32.05,entsoe.eu,false,
2022-12-22 08:00:00,Italy,North Italy,IT-NO,299.21,374.01,43.55,29.71,entsoe.eu,false,
2022-12-22 09:00:00,Italy,North Italy,IT-NO,297.08,375.3,41.1,25.78,entsoe.eu,false,
2022-12-22 10:00:00,Italy,North Italy,IT-NO,301.57,380.58,40.77,25.73,entsoe.eu,false,
2022-12-22 11:00:00,Italy,North Italy,IT-NO,307.73,388.33,39.36,23.71,entsoe.eu,false,
2022-12-22 12:00:00,Italy,North Italy,IT-NO,306.81,387.09,39.59,23.62,entsoe.eu,false,
2022-12-22 13:00:00,Italy,North Italy,IT-NO,309.01,389.26,38.9,22.46,entsoe.eu,false,
2022-12-22 14:00:00,Italy,North Italy,IT-NO,298.25,376.59,40.79,24.78,entsoe.eu,false,
2022-12-22 15:00:00,Italy,North Italy,IT-NO,284.27,355.87,46.27,30.27,entsoe.eu,false,
2022-12-22 16:00:00,Italy,North Italy,IT-NO,280.67,351.76,46.96,31.92,entsoe.eu,false,
2022-12-22 17:00:00,Italy,North Italy,IT-NO,292.56,367.09,44.02,29.21,entsoe.eu,false,
2022-12-22 18:00:00,Italy,North Italy,IT-NO,300.39,376.68,42.79,27.61,entsoe.eu,false,
2022-12-22 19:00:00,Italy,North Italy,IT-NO,300.46,378.17,41.72,23.66,entsoe.eu,false,
2022-12-22 20:00:00,Italy,North Italy,IT-NO,295.22,371.76,42.87,22.07,entsoe.eu,false,
2022-12-22 21:00:00,Italy,North Italy,IT-NO,284.77,358.39,46.1,23.49,entsoe.eu,false,
2022-12-22 22:00:00,Italy,North Italy,IT-NO,285.02,358.56,46.66,23.57,entsoe.eu,false,
2022-12-22 23:00:00,Italy,North Italy,IT-NO,278.0,348.05,49.12,24.26,entsoe.eu,false,
2022-12-23 00:00:00,Italy,North Italy,IT-NO,283.76,354.11,49.22,25.65,entsoe.eu,false,
2022-12-23 01:00:00,Italy,North Italy,IT-NO,288.97,359.99,48.75,25.93,entsoe.eu,false,
2022-12-23 02:00:00,Italy,North Italy,IT-NO,285.99,357.31,48.5,25.15,entsoe.eu,false,
2022-12-23 03:00:00,Italy,North Italy,IT-NO,280.97,351.78,49.17,25.73,entsoe.eu,false,
2022-12-23 04:00:00,Italy,North Italy,IT-NO,276.39,346.69,49.31,24.21,entsoe.eu,false,
2022-12-23 05:00:00,Italy,North Italy,IT-NO,263.7,333.02,49.51,23.44,entsoe.eu,false,
2022-12-23 06:00:00,Italy,North Italy,IT-NO,267.41,338.39,47.1,25.01,entsoe.eu,false,
2022-12-23 07:00:00,Italy,North Italy,IT-NO,260.97,330.59,48.32,28.87,entsoe.eu,false,
2022-12-23 08:00:00,Italy,North Italy,IT-NO,265.16,335.76,47.68,29.78,entsoe.eu,false,
2022-12-23 09:00:00,Italy,North Italy,IT-NO,284.56,360.18,43.7,27.26,entsoe.eu,false,
2022-12-23 10:00:00,Italy,North Italy,IT-NO,284.42,360.55,43.28,27.71,entsoe.eu,false,
2022-12-23 11:00:00,Italy,North Italy,IT-NO,295.21,375.26,40.55,28.3,entsoe.eu,false,
2022-12-23 12:00:00,Italy,North Italy,IT-NO,279.24,354.95,44.43,29.17,entsoe.eu,false,
2022-12-23 13:00:00,Italy,North Italy,IT-NO,281.24,357.12,43.79,26.35,entsoe.eu,false,
2022-12-23 14:00:00,Italy,North Italy,IT-NO,269.5,343.02,45.69,27.03,entsoe.eu,false,
2022-12-23 15:00:00,Italy,North Italy,IT-NO,255.66,325.62,48.83,29.06,entsoe.eu,false,
2022-12-23 16:00:00,Italy,North Italy,IT-NO,265.11,331.77,51.45,34.13,entsoe.eu,false,
2022-12-23 17:00:00,Italy,North Italy,IT-NO,268.16,336.64,50.1,32.36,entsoe.eu,false,
2022-12-23 18:00:00,Italy,North Italy,IT-NO,265.63,336.62,48.34,29.64,entsoe.eu,false,
2022-12-23 19:00:00,Italy,North Italy,IT-NO,264.99,336.05,48.72,28.03,entsoe.eu,false,
2022-12-23 20:00:00,Italy,North Italy,IT-NO,254.26,322.72,51.3,27.38,entsoe.eu,false,
2022-12-23 21:00:00,Italy,North Italy,IT-NO,254.99,321.94,52.95,28.23,entsoe.eu,false,
2022-12-23 22:00:00,Italy,North Italy,IT-NO,265.51,333.44,52.49,29.33,entsoe.eu,false,
2022-12-23 23:00:00,Italy,North Italy,IT-NO,246.15,310.88,56.52,31.65,entsoe.eu,false,
2022-12-24 00:00:00,Italy,North Italy,IT-NO,264.4,331.25,54.83,33.03,entsoe.eu,false,
2022-12-24 01:00:00,Italy,North Italy,IT-NO,275.52,343.57,53.59,33.47,entsoe.eu,false,
2022-12-24 02:00:00,Italy,North Italy,IT-NO,278.59,346.86,53.12,33.11,entsoe.eu,false,
2022-12-24 03:00:00,Italy,North Italy,IT-NO,281.75,350.48,52.54,33.31,entsoe.eu,false,
2022-12-24 04:00:00,Italy,North Italy,IT-NO,278.7,346.94,52.85,33.09,entsoe.eu,false,
2022-12-24 05:00:00,Italy,North Italy,IT-NO,255.33,320.92,55.36,31.54,entsoe.eu,false,
2022-12-24 06:00:00,Italy,North Italy,IT-NO,230.87,292.48,59.75,33.28,entsoe.eu,false,
2022-12-24 07:00:00,Italy,North Italy,IT-NO,235.64,297.21,59.08,33.79,entsoe.eu,false,
2022-12-24 08:00:00,Italy,North Italy,IT-NO,240.37,301.69,59.29,35.74,entsoe.eu,false,
2022-12-24 09:00:00,Italy,North Italy,IT-NO,240.41,301.89,59.23,35.53,entsoe.eu,false,
2022-12-24 10:00:00,Italy,North Italy,IT-NO,250.83,314.12,57.88,36.94,entsoe.eu,false,
2022-12-24 11:00:00,Italy,North Italy,IT-NO,255.83,320.28,57.02,36.35,entsoe.eu,false,
2022-12-24 12:00:00,Italy,North Italy,IT-NO,247.87,311.48,58.09,35.92,entsoe.eu,false,
2022-12-24 13:00:00,Italy,North Italy,IT-NO,242.73,305.62,58.56,34.81,entsoe.eu,false,
2022-12-24 14:00:00,Italy,North Italy,IT-NO,238.32,298.9,60.25,36.02,entsoe.eu,false,
2022-12-24 15:00:00,Italy,North Italy,IT-NO,231.33,289.41,61.01,35.69,entsoe.eu,false,
2022-12-24 16:00:00,Italy,North Italy,IT-NO,224.46,277.78,64.86,43.42,entsoe.eu,false,
2022-12-24 17:00:00,Italy,North Italy,IT-NO,231.1,285.76,63.5,44.23,entsoe.eu,false,
2022-12-24 18:00:00,Italy,North Italy,IT-NO,238.21,293.0,63.5,43.55,entsoe.eu,false,
2022-12-24 19:00:00,Italy,North Italy,IT-NO,232.88,291.88,60.91,38.32,entsoe.eu,false,
2022-12-24 20:00:00,Italy,North Italy,IT-NO,230.71,289.17,61.99,33.87,entsoe.eu,false,
2022-12-24 21:00:00,Italy,North Italy,IT-NO,241.3,301.66,60.23,31.07,entsoe.eu,false,
2022-12-24 22:00:00,Italy,North Italy,IT-NO,263.13,328.48,55.9,30.11,entsoe.eu,false,
2022-12-24 23:00:00,Italy,North Italy,IT-NO,247.36,310.37,56.86,29.18,entsoe.eu,false,
2022-12-25 00:00:00,Italy,North Italy,IT-NO,270.87,339.98,51.59,26.61,entsoe.eu,false,
2022-12-25 01:00:00,Italy,North Italy,IT-NO,268.7,335.93,53.79,27.56,entsoe.eu,false,
2022-12-25 02:00:00,Italy,North Italy,IT-NO,276.45,345.82,51.71,26.62,entsoe.eu,false,
2022-12-25 03:00:00,Italy,North Italy,IT-NO,274.88,343.65,52.05,26.46,entsoe.eu,false,
2022-12-25 04:00:00,Italy,North Italy,IT-NO,267.04,334.71,52.86,26.08,entsoe.eu,false,
2022-12-25 05:00:00,Italy,North Italy,IT-NO,254.11,319.2,54.89,26.22,entsoe.eu,false,
2022-12-25 06:00:00,Italy,North Italy,IT-NO,252.52,318.09,54.55,26.67,entsoe.eu,false,
2022-12-25 07:00:00,Italy,North Italy,IT-NO,240.19,302.69,57.33,29.55,entsoe.eu,false,
2022-12-25 08:00:00,Italy,North Italy,IT-NO,238.11,300.58,57.5,30.35,entsoe.eu,false,
2022-12-25 09:00:00,Italy,North Italy,IT-NO,238.26,300.45,57.91,33.97,entsoe.eu,false,
2022-12-25 10:00:00,Italy,North Italy,IT-NO,254.74,321.57,53.81,31.44,entsoe.eu,false,
2022-12-25 11:00:00,Italy,North Italy,IT-NO,253.97,320.16,54.51,33.99,entsoe.eu,false,
2022-12-25 12:00:00,Italy,North Italy,IT-NO,266.03,333.46,54.09,36.33,entsoe.eu,false,
2022-12-25 13:00:00,Italy,North Italy,IT-NO,269.07,335.7,54.69,35.4,entsoe.eu,false,
2022-12-25 14:00:00,Italy,North Italy,IT-NO,260.68,328.14,52.82,30.34,entsoe.eu,false,
2022-12-25 15:00:00,Italy,North Italy,IT-NO,236.87,299.54,56.97,31.99,entsoe.eu,false,
2022-12-25 16:00:00,Italy,North Italy,IT-NO,219.34,278.39,60.54,34.73,entsoe.eu,false,
2022-12-25 17:00:00,Italy,North Italy,IT-NO,225.46,283.99,60.7,36.96,entsoe.eu,false,
2022-12-25 18:00:00,Italy,North Italy,IT-NO,228.31,282.79,64.13,41.14,entsoe.eu,false,
2022-12-25 19:00:00,Italy,North Italy,IT-NO,229.99,285.06,63.8,40.4,entsoe.eu,false,
2022-12-25 20:00:00,Italy,North Italy,IT-NO,231.92,292.88,59.33,33.94,entsoe.eu,false,
2022-12-25 21:00:00,Italy,North Italy,IT-NO,242.53,305.35,58.05,31.45,entsoe.eu,false,
2022-12-25 22:00:00,Italy,North Italy,IT-NO,246.73,310.46,57.53,30.26,entsoe.eu,false,
2022-12-25 23:00:00,Italy,North Italy,IT-NO,275.73,344.17,52.49,28.8,entsoe.eu,false,
2022-12-26 00:00:00,Italy,North Italy,IT-NO,278.45,346.27,54.15,30.96,entsoe.eu,false,
2022-12-26 01:00:00,Italy,North Italy,IT-NO,278.57,346.5,54.51,31.43,entsoe.eu,false,
2022-12-26 02:00:00,Italy,North Italy,IT-NO,275.99,343.03,54.88,32.75,entsoe.eu,false,
2022-12-26 03:00:00,Italy,North Italy,IT-NO,281.85,351.2,52.66,30.86,entsoe.eu,false,
2022-12-26 04:00:00,Italy,North Italy,IT-NO,285.11,355.45,51.76,31.06,entsoe.eu,false,
2022-12-26 05:00:00,Italy,North Italy,IT-NO,303.15,378.51,46.61,30.22,entsoe.eu,false,
2022-12-26 06:00:00,Italy,North Italy,IT-NO,297.6,370.63,48.72,33.67,entsoe.eu,false,
2022-12-26 07:00:00,Italy,North Italy,IT-NO,291.1,364.7,48.66,34.69,entsoe.eu,false,
2022-12-26 08:00:00,Italy,North Italy,IT-NO,291.69,365.59,48.52,36.72,entsoe.eu,false,
2022-12-26 09:00:00,Italy,North Italy,IT-NO,284.6,357.55,49.73,38.33,entsoe.eu,false,
2022-12-26 10:00:00,Italy,North Italy,IT-NO,292.86,367.12,48.17,36.38,entsoe.eu,false,
2022-12-26 11:00:00,Italy,North Italy,IT-NO,308.85,385.8,45.27,34.77,entsoe.eu,false,
2022-12-26 12:00:00,Italy,North Italy,IT-NO,315.14,393.53,44.01,34.51,entsoe.eu,false,
2022-12-26 13:00:00,Italy,North Italy,IT-NO,320.12,400.94,41.31,29.65,entsoe.eu,false,
2022-12-26 14:00:00,Italy,North Italy,IT-NO,321.24,399.38,42.73,30.4,entsoe.eu,false,
2022-12-26 15:00:00,Italy,North Italy,IT-NO,310.67,381.45,48.56,36.38,entsoe.eu,false,
2022-12-26 16:00:00,Italy,North Italy,IT-NO,297.3,361.24,54.23,42.25,entsoe.eu,false,
2022-12-26 17:00:00,Italy,North Italy,IT-NO,296.96,361.96,53.69,42.05,entsoe.eu,false,
2022-12-26 18:00:00,Italy,North Italy,IT-NO,291.85,355.68,55.0,44.14,entsoe.eu,false,
2022-12-26 19:00:00,Italy,North Italy,IT-NO,289.32,353.89,54.25,41.39,entsoe.eu,false,
2022-12-26 20:00:00,Italy,North Italy,IT-NO,287.72,359.73,49.11,34.29,entsoe.eu,false,
2022-12-26 21:00:00,Italy,North Italy,IT-NO,291.81,365.77,47.84,31.71,entsoe.eu,false,
2022-12-26 22:00:00,Italy,North Italy,IT-NO,290.31,361.78,50.05,29.92,entsoe.eu,false,
2022-12-26 23:00:00,Italy,North Italy,IT-NO,316.51,392.67,46.36,34.04,entsoe.eu,false,
2022-12-27 00:00:00,Italy,North Italy,IT-NO,314.72,388.86,48.32,35.31,entsoe.eu,false,
2022-12-27 01:00:00,Italy,North Italy,IT-NO,324.21,400.36,46.51,35.21,entsoe.eu,false,
2022-12-27 02:00:00,Italy,North Italy,IT-NO,325.42,401.8,46.08,34.96,entsoe.eu,false,
2022-12-27 03:00:00,Italy,North Italy,IT-NO,321.87,398.27,46.27,34.78,entsoe.eu,false,
2022-12-27 04:00:00,Italy,North Italy,IT-NO,318.03,395.87,44.48,31.23,entsoe.eu,false,
2022-12-27 05:00:00,Italy,North Italy,IT-NO,320.82,401.58,41.2,27.67,entsoe.eu,false,
2022-12-27 06:00:00,Italy,North Italy,IT-NO,320.85,402.65,39.12,27.78,entsoe.eu,false,
2022-12-27 07:00:00,Italy,North Italy,IT-NO,313.43,394.44,39.58,29.49,entsoe.eu,false,
2022-12-27 08:00:00,Italy,North Italy,IT-NO,312.72,394.26,38.97,29.85,entsoe.eu,false,
2022-12-27 09:00:00,Italy,North Italy,IT-NO,311.05,392.68,39.57,29.81,entsoe.eu,false,
2022-12-27 10:00:00,Italy,North Italy,IT-NO,299.93,378.79,42.9,33.05,entsoe.eu,false,
2022-12-27 11:00:00,Italy,North Italy,IT-NO,287.08,361.83,47.12,36.12,entsoe.eu,false,
2022-12-27 12:00:00,Italy,North Italy,IT-NO,277.4,350.1,48.89,35.39,entsoe.eu,false,
2022-12-27 13:00:00,Italy,North Italy,IT-NO,289.71,365.63,45.12,30.67,entsoe.eu,false,
2022-12-27 14:00:00,Italy,North Italy,IT-NO,300.89,379.44,41.5,26.14,entsoe.eu,false,
2022-12-27 15:00:00,Italy,North Italy,IT-NO,296.72,372.22,43.44,28.86,entsoe.eu,false,
2022-12-27 16:00:00,Italy,North Italy,IT-NO,297.8,372.46,43.72,32.03,entsoe.eu,false,
2022-12-27 17:00:00,Italy,North Italy,IT-NO,303.06,379.25,43.15,31.53,entsoe.eu,false,
2022-12-27 18:00:00,Italy,North Italy,IT-NO,303.99,380.73,43.23,32.04,entsoe.eu,false,
2022-12-27 19:00:00,Italy,North Italy,IT-NO,305.24,383.15,42.45,28.8,entsoe.eu,false,
2022-12-27 20:00:00,Italy,North Italy,IT-NO,306.63,385.59,41.61,24.72,entsoe.eu,false,
2022-12-27 21:00:00,Italy,North Italy,IT-NO,297.51,373.28,44.83,25.85,entsoe.eu,false,
2022-12-27 22:00:00,Italy,North Italy,IT-NO,299.17,375.68,44.72,26.04,entsoe.eu,false,
2022-12-27 23:00:00,Italy,North Italy,IT-NO,278.86,349.19,51.17,30.33,entsoe.eu,false,
2022-12-28 00:00:00,Italy,North Italy,IT-NO,264.85,331.96,54.84,32.14,entsoe.eu,false,
2022-12-28 01:00:00,Italy,North Italy,IT-NO,272.42,340.35,54.28,32.93,entsoe.eu,false,
2022-12-28 02:00:00,Italy,North Italy,IT-NO,268.85,335.07,54.98,31.59,entsoe.eu,false,
2022-12-28 03:00:00,Italy,North Italy,IT-NO,271.85,338.98,54.11,31.43,entsoe.eu,false,
2022-12-28 04:00:00,Italy,North Italy,IT-NO,274.33,343.44,52.09,30.11,entsoe.eu,false,
2022-12-28 05:00:00,Italy,North Italy,IT-NO,292.81,367.42,46.28,27.48,entsoe.eu,false,
2022-12-28 06:00:00,Italy,North Italy,IT-NO,301.57,377.14,44.7,29.83,entsoe.eu,false,
2022-12-28 07:00:00,Italy,North Italy,IT-NO,279.5,350.13,48.77,34.63,entsoe.eu,false,
2022-12-28 08:00:00,Italy,North Italy,IT-NO,268.43,336.52,50.68,36.65,entsoe.eu,false,
2022-12-28 09:00:00,Italy,North Italy,IT-NO,263.64,331.8,51.48,37.65,entsoe.eu,false,
2022-12-28 10:00:00,Italy,North Italy,IT-NO,260.56,329.15,51.65,37.09,entsoe.eu,false,
2022-12-28 11:00:00,Italy,North Italy,IT-NO,258.02,327.68,51.15,36.06,entsoe.eu,false,
2022-12-28 12:00:00,Italy,North Italy,IT-NO,268.19,339.93,48.6,32.29,entsoe.eu,false,
2022-12-28 13:00:00,Italy,North Italy,IT-NO,282.04,357.84,44.66,29.1,entsoe.eu,false,
2022-12-28 14:00:00,Italy,North Italy,IT-NO,284.61,359.94,44.32,28.63,entsoe.eu,false,
2022-12-28 15:00:00,Italy,North Italy,IT-NO,277.9,347.81,48.19,33.44,entsoe.eu,false,
2022-12-28 16:00:00,Italy,North Italy,IT-NO,265.15,329.93,52.54,38.87,entsoe.eu,false,
2022-12-28 17:00:00,Italy,North Italy,IT-NO,262.03,326.26,53.21,39.41,entsoe.eu,false,
2022-12-28 18:00:00,Italy,North Italy,IT-NO,267.14,332.96,51.84,37.72,entsoe.eu,false,
2022-12-28 19:00:00,Italy,North Italy,IT-NO,261.96,329.09,51.46,34.69,entsoe.eu,false,
2022-12-28 20:00:00,Italy,North Italy,IT-NO,272.64,345.13,47.08,29.16,entsoe.eu,false,
2022-12-28 21:00:00,Italy,North Italy,IT-NO,291.05,367.81,44.12,26.98,entsoe.eu,false,
2022-12-28 22:00:00,Italy,North Italy,IT-NO,289.31,363.75,46.59,27.84,entsoe.eu,false,
2022-12-28 23:00:00,Italy,North Italy,IT-NO,269.79,339.39,51.68,31.64,entsoe.eu,false,
2022-12-29 00:00:00,Italy,North Italy,IT-NO,267.57,335.67,53.25,31.15,entsoe.eu,false,
2022-12-29 01:00:00,Italy,North Italy,IT-NO,263.14,330.82,54.04,32.11,entsoe.eu,false,
2022-12-29 02:00:00,Italy,North Italy,IT-NO,264.77,333.05,53.73,31.97,entsoe.eu,false,
2022-12-29 03:00:00,Italy,North Italy,IT-NO,265.56,334.24,53.37,31.95,entsoe.eu,false,
2022-12-29 04:00:00,Italy,North Italy,IT-NO,275.54,347.32,50.34,31.09,entsoe.eu,false,
2022-12-29 05:00:00,Italy,North Italy,IT-NO,293.32,370.67,44.49,28.34,entsoe.eu,false,
2022-12-29 06:00:00,Italy,North Italy,IT-NO,293.0,368.74,44.6,31.01,entsoe.eu,false,
2022-12-29 07:00:00,Italy,North Italy,IT-NO,283.69,356.9,47.0,35.04,entsoe.eu,false,
2022-12-29 08:00:00,Italy,North Italy,IT-NO,283.87,359.51,45.49,33.81,entsoe.eu,false,
2022-12-29 09:00:00,Italy,North Italy,IT-NO,280.24,355.5,46.24,33.84,entsoe.eu,false,
2022-12-29 10:00:00,Italy,North Italy,IT-NO,271.64,345.52,48.57,36.5,entsoe.eu,false,
2022-12-29 11:00:00,Italy,North Italy,IT-NO,272.59,346.23,48.94,36.99,entsoe.eu,false,
2022-12-29 12:00:00,Italy,North Italy,IT-NO,268.0,340.98,49.45,36.48,entsoe.eu,false,
2022-12-29 13:00:00,Italy,North Italy,IT-NO,285.63,363.06,44.18,30.71,entsoe.eu,false,
2022-12-29 14:00:00,Italy,North Italy,IT-NO,289.82,368.01,42.8,28.15,entsoe.eu,false,
2022-12-29 15:00:00,Italy,North Italy,IT-NO,271.8,342.71,48.17,34.71,entsoe.eu,false,
2022-12-29 16:00:00,Italy,North Italy,IT-NO,269.13,336.06,51.16,39.06,entsoe.eu,false,
2022-12-29 17:00:00,Italy,North Italy,IT-NO,277.38,345.95,49.94,38.79,entsoe.eu,false,
2022-12-29 18:00:00,Italy,North Italy,IT-NO,286.43,358.06,47.8,36.82,entsoe.eu,false,
2022-12-29 19:00:00,Italy,North Italy,IT-NO,288.27,365.0,44.09,30.92,entsoe.eu,false,
2022-12-29 20:00:00,Italy,North Italy,IT-NO,289.22,366.77,43.79,29.05,entsoe.eu,false,
2022-12-29 21:00:00,Italy,North Italy,IT-NO,279.17,350.64,49.78,32.12,entsoe.eu,false,
2022-12-29 22:00:00,Italy,North Italy,IT-NO,287.23,357.37,51.46,34.18,entsoe.eu,false,
2022-12-29 23:00:00,Italy,North Italy,IT-NO,267.77,336.49,54.35,35.2,entsoe.eu,false,
2022-12-30 00:00:00,Italy,North Italy,IT-NO,299.18,372.14,49.66,32.87,entsoe.eu,false,
2022-12-30 01:00:00,Italy,North Italy,IT-NO,307.7,381.65,48.88,34.27,entsoe.eu,false,
2022-12-30 02:00:00,Italy,North Italy,IT-NO,295.1,367.16,50.84,33.67,entsoe.eu,false,
2022-12-30 03:00:00,Italy,North Italy,IT-NO,289.23,361.09,50.83,33.53,entsoe.eu,false,
2022-12-30 04:00:00,Italy,North Italy,IT-NO,288.9,361.98,49.22,31.45,entsoe.eu,false,
2022-12-30 05:00:00,Italy,North Italy,IT-NO,251.35,317.77,54.11,30.4,entsoe.eu,false,
2022-12-30 06:00:00,Italy,North Italy,IT-NO,247.78,313.15,54.06,34.66,entsoe.eu,false,
2022-12-30 07:00:00,Italy,North Italy,IT-NO,248.11,309.76,56.3,38.84,entsoe.eu,false,
2022-12-30 08:00:00,Italy,North Italy,IT-NO,241.56,304.07,56.22,39.47,entsoe.eu,false,
2022-12-30 09:00:00,Italy,North Italy,IT-NO,238.37,302.67,55.97,40.44,entsoe.eu,false,
2022-12-30 10:00:00,Italy,North Italy,IT-NO,232.02,294.88,58.29,43.37,entsoe.eu,false,
2022-12-30 11:00:00,Italy,North Italy,IT-NO,239.73,304.05,57.61,43.16,entsoe.eu,false,
2022-12-30 12:00:00,Italy,North Italy,IT-NO,232.67,296.7,57.95,41.95,entsoe.eu,false,
2022-12-30 13:00:00,Italy,North Italy,IT-NO,247.66,317.64,51.83,35.22,entsoe.eu,false,
2022-12-30 14:00:00,Italy,North Italy,IT-NO,246.7,314.67,52.39,36.5,entsoe.eu,false,
2022-12-30 15:00:00,Italy,North Italy,IT-NO,248.72,313.21,54.39,39.84,entsoe.eu,false,
2022-12-30 16:00:00,Italy,North Italy,IT-NO,237.54,297.11,58.11,44.78,entsoe.eu,false,
2022-12-30 17:00:00,Italy,North Italy,IT-NO,242.1,302.5,57.5,45.53,entsoe.eu,false,
2022-12-30 18:00:00,Italy,North Italy,IT-NO,246.19,307.33,57.43,46.07,entsoe.eu,false,
2022-12-30 19:00:00,Italy,North Italy,IT-NO,257.94,322.55,55.06,43.24,entsoe.eu,false,
2022-12-30 20:00:00,Italy,North Italy,IT-NO,261.71,333.44,49.98,35.21,entsoe.eu,false,
2022-12-30 21:00:00,Italy,North Italy,IT-NO,267.45,340.36,49.24,32.75,entsoe.eu,false,
2022-12-30 22:00:00,Italy,North Italy,IT-NO,263.2,335.0,50.91,33.17,entsoe.eu,false,
2022-12-30 23:00:00,Italy,North Italy,IT-NO,281.64,356.14,49.13,33.5,entsoe.eu,false,
2022-12-31 00:00:00,Italy,North Italy,IT-NO,300.54,377.99,46.51,32.71,entsoe.eu,false,
2022-12-31 01:00:00,Italy,North Italy,IT-NO,301.23,378.29,46.68,32.6,entsoe.eu,false,
2022-12-31 02:00:00,Italy,North Italy,IT-NO,307.7,386.07,45.26,32.23,entsoe.eu,false,
2022-12-31 03:00:00,Italy,North Italy,IT-NO,309.91,389.51,44.16,31.22,entsoe.eu,false,
2022-12-31 04:00:00,Italy,North Italy,IT-NO,307.17,387.81,43.05,29.69,entsoe.eu,false,
2022-12-31 05:00:00,Italy,North Italy,IT-NO,294.45,373.54,44.44,30.05,entsoe.eu,false,
2022-12-31 06:00:00,Italy,North Italy,IT-NO,290.58,369.7,43.56,30.8,entsoe.eu,false,
2022-12-31 07:00:00,Italy,North Italy,IT-NO,299.08,380.17,41.36,30.89,entsoe.eu,false,
2022-12-31 08:00:00,Italy,North Italy,IT-NO,294.21,373.71,42.67,31.16,entsoe.eu,false,
2022-12-31 09:00:00,Italy,North Italy,IT-NO,284.83,363.1,44.65,33.25,entsoe.eu,false,
2022-12-31 10:00:00,Italy,North Italy,IT-NO,266.36,340.42,49.24,37.26,entsoe.eu,false,
2022-12-31 11:00:00,Italy,North Italy,IT-NO,271.13,346.47,48.06,37.03,entsoe.eu,false,
2022-12-31 12:00:00,Italy,North Italy,IT-NO,279.44,356.38,46.08,34.72,entsoe.eu,false,
2022-12-31 13:00:00,Italy,North Italy,IT-NO,305.09,388.39,39.5,29.06,entsoe.eu,false,
2022-12-31 14:00:00,Italy,North Italy,IT-NO,324.49,412.22,34.74,25.13,entsoe.eu,false,
2022-12-31 15:00:00,Italy,North Italy,IT-NO,327.48,414.76,34.09,25.47,entsoe.eu,false,
2022-12-31 16:00:00,Italy,North Italy,IT-NO,320.59,401.38,39.09,32.16,entsoe.eu,false,
2022-12-31 17:00:00,Italy,North Italy,IT-NO,319.22,400.57,38.83,32.67,entsoe.eu,false,
2022-12-31 18:00:00,Italy,North Italy,IT-NO,322.17,406.68,36.47,29.04,entsoe.eu,false,
2022-12-31 19:00:00,Italy,North Italy,IT-NO,327.85,415.48,34.28,25.98,entsoe.eu,false,
2022-12-31 20:00:00,Italy,North Italy,IT-NO,323.11,410.7,34.85,24.94,entsoe.eu,false,
2022-12-31 21:00:00,Italy,North Italy,IT-NO,326.95,415.18,34.38,23.68,entsoe.eu,false,
2022-12-31 22:00:00,Italy,North Italy,IT-NO,326.41,413.42,35.37,24.07,entsoe.eu,false,
2022-12-31 23:00:00,Italy,North Italy,IT-NO,324.06,410.5,36.4,26.39,entsoe.eu,false,
